week_start,split,StockCode,primary_units,deduplicated_units,same_week_reversal_units,training_p99_capped_units
2009-12-07,train,15036,91,91,91,91
2009-12-07,train,16014,1510,1510,1510,1510
2009-12-07,train,17003,192,192,192,192
2009-12-07,train,20725,314,314,314,314
2009-12-07,train,21212,1075,1073,1075,1075
2009-12-07,train,21213,170,170,170,170
2009-12-07,train,21232,988,987,988,988
2009-12-07,train,21977,390,390,390,390
2009-12-07,train,21980,380,380,380,380
2009-12-07,train,21982,9,9,9,9
2009-12-07,train,21984,132,132,132,132
2009-12-07,train,22086,663,663,663,663
2009-12-07,train,22178,321,321,321,321
2009-12-07,train,22197,141,141,141,141
2009-12-07,train,22386,0,0,0,0
2009-12-07,train,71459,25,25,25,25
2009-12-07,train,84077,1204,1204,1204,1204
2009-12-07,train,84270,453,423,453,453
2009-12-07,train,84347,37,37,37,37
2009-12-07,train,84568,25,25,25,25
2009-12-07,train,84598,11,11,11,11
2009-12-07,train,84755,245,245,245,245
2009-12-07,train,84879,1189,1189,1189,1109
2009-12-07,train,84946,1241,1241,1241,1097
2009-12-07,train,84991,486,486,486,486
2009-12-07,train,84992,225,225,225,225
2009-12-07,train,85099B,1233,1233,1233,1033
2009-12-07,train,85099C,683,683,683,683
2009-12-07,train,85099F,388,388,388,388
2009-12-07,train,85123A,3046,3045,3046,1966
2009-12-14,train,15036,63,63,63,63
2009-12-14,train,16014,3010,3010,3010,3010
2009-12-14,train,17003,425,425,425,425
2009-12-14,train,20725,236,236,236,236
2009-12-14,train,21212,1567,1567,1567,1327
2009-12-14,train,21213,361,361,361,361
2009-12-14,train,21232,1240,1240,1240,1240
2009-12-14,train,21977,193,193,193,193
2009-12-14,train,21980,189,189,189,189
2009-12-14,train,21982,2,2,2,2
2009-12-14,train,21984,135,135,135,135
2009-12-14,train,22086,572,571,572,452
2009-12-14,train,22178,254,254,254,254
2009-12-14,train,22197,584,584,584,584
2009-12-14,train,22386,0,0,0,0
2009-12-14,train,71459,184,184,184,184
2009-12-14,train,84077,720,720,720,720
2009-12-14,train,84270,360,360,360,360
2009-12-14,train,84347,9,9,9,9
2009-12-14,train,84568,376,376,376,376
2009-12-14,train,84598,346,346,346,346
2009-12-14,train,84755,84,84,84,84
2009-12-14,train,84879,1308,1308,1308,1308
2009-12-14,train,84946,454,454,454,454
2009-12-14,train,84991,308,308,308,308
2009-12-14,train,84992,309,309,309,309
2009-12-14,train,85099B,1254,1254,1254,1154
2009-12-14,train,85099C,137,137,137,137
2009-12-14,train,85099F,251,251,251,251
2009-12-14,train,85123A,1258,1255,1258,1258
2009-12-21,train,15036,103,103,103,103
2009-12-21,train,16014,0,0,0,0
2009-12-21,train,17003,1,1,1,1
2009-12-21,train,20725,11,11,11,11
2009-12-21,train,21212,524,524,524,284
2009-12-21,train,21213,485,485,485,485
2009-12-21,train,21232,23,23,23,23
2009-12-21,train,21977,6,6,6,6
2009-12-21,train,21980,433,433,433,433
2009-12-21,train,21982,0,0,0,0
2009-12-21,train,21984,0,0,0,0
2009-12-21,train,22086,69,69,69,69
2009-12-21,train,22178,3,3,3,3
2009-12-21,train,22197,2,2,2,2
2009-12-21,train,22386,0,0,0,0
2009-12-21,train,71459,0,0,0,0
2009-12-21,train,84077,48,48,48,48
2009-12-21,train,84270,3,3,3,3
2009-12-21,train,84347,11,11,11,11
2009-12-21,train,84568,34,34,34,34
2009-12-21,train,84598,9,9,9,9
2009-12-21,train,84755,17,17,17,17
2009-12-21,train,84879,50,50,50,50
2009-12-21,train,84946,48,48,48,48
2009-12-21,train,84991,5,5,5,5
2009-12-21,train,84992,484,484,484,244
2009-12-21,train,85099B,16,16,16,16
2009-12-21,train,85099C,10,10,10,10
2009-12-21,train,85099F,1,1,1,1
2009-12-21,train,85123A,128,127,128,128
2009-12-28,train,15036,0,0,0,0
2009-12-28,train,16014,0,0,0,0
2009-12-28,train,17003,0,0,0,0
2009-12-28,train,20725,0,0,0,0
2009-12-28,train,21212,0,0,0,0
2009-12-28,train,21213,0,0,0,0
2009-12-28,train,21232,0,0,0,0
2009-12-28,train,21977,0,0,0,0
2009-12-28,train,21980,0,0,0,0
2009-12-28,train,21982,0,0,0,0
2009-12-28,train,21984,0,0,0,0
2009-12-28,train,22086,0,0,0,0
2009-12-28,train,22178,0,0,0,0
2009-12-28,train,22197,0,0,0,0
2009-12-28,train,22386,0,0,0,0
2009-12-28,train,71459,0,0,0,0
2009-12-28,train,84077,0,0,0,0
2009-12-28,train,84270,0,0,0,0
2009-12-28,train,84347,0,0,0,0
2009-12-28,train,84568,0,0,0,0
2009-12-28,train,84598,0,0,0,0
2009-12-28,train,84755,0,0,0,0
2009-12-28,train,84879,0,0,0,0
2009-12-28,train,84946,0,0,0,0
2009-12-28,train,84991,0,0,0,0
2009-12-28,train,84992,0,0,0,0
2009-12-28,train,85099B,0,0,0,0
2009-12-28,train,85099C,0,0,0,0
2009-12-28,train,85099F,0,0,0,0
2009-12-28,train,85123A,0,0,0,0
2010-01-04,train,15036,192,192,192,192
2010-01-04,train,16014,0,0,0,0
2010-01-04,train,17003,2,2,2,2
2010-01-04,train,20725,294,284,294,294
2010-01-04,train,21212,207,207,207,207
2010-01-04,train,21213,207,207,207,207
2010-01-04,train,21232,737,737,737,737
2010-01-04,train,21977,150,150,150,150
2010-01-04,train,21980,168,168,168,168
2010-01-04,train,21982,0,0,0,0
2010-01-04,train,21984,156,156,156,156
2010-01-04,train,22086,0,0,0,0
2010-01-04,train,22178,72,72,72,72
2010-01-04,train,22197,21,21,21,21
2010-01-04,train,22386,0,0,0,0
2010-01-04,train,71459,612,612,612,324
2010-01-04,train,84077,336,336,336,336
2010-01-04,train,84270,1140,1140,1140,300
2010-01-04,train,84347,0,0,0,0
2010-01-04,train,84568,0,0,0,0
2010-01-04,train,84598,0,0,0,0
2010-01-04,train,84755,72,72,72,72
2010-01-04,train,84879,160,160,160,160
2010-01-04,train,84946,132,132,132,132
2010-01-04,train,84991,480,480,480,480
2010-01-04,train,84992,397,397,397,397
2010-01-04,train,85099B,712,712,712,612
2010-01-04,train,85099C,184,174,184,184
2010-01-04,train,85099F,48,48,48,48
2010-01-04,train,85123A,1577,1577,1577,873
2010-01-11,train,15036,30,30,30,30
2010-01-11,train,16014,10,10,10,10
2010-01-11,train,17003,758,758,758,758
2010-01-11,train,20725,170,170,170,170
2010-01-11,train,21212,433,433,433,433
2010-01-11,train,21213,380,380,380,380
2010-01-11,train,21232,366,366,366,366
2010-01-11,train,21977,192,192,192,192
2010-01-11,train,21980,56,56,56,56
2010-01-11,train,21982,0,0,0,0
2010-01-11,train,21984,1,1,1,1
2010-01-11,train,22086,14,14,14,14
2010-01-11,train,22178,74,74,74,74
2010-01-11,train,22197,72,72,72,72
2010-01-11,train,22386,0,0,0,0
2010-01-11,train,71459,326,326,326,326
2010-01-11,train,84077,384,384,384,384
2010-01-11,train,84270,137,137,137,137
2010-01-11,train,84347,0,0,0,0
2010-01-11,train,84568,29,29,29,29
2010-01-11,train,84598,17,17,17,17
2010-01-11,train,84755,42,42,42,42
2010-01-11,train,84879,209,209,209,209
2010-01-11,train,84946,66,66,66,66
2010-01-11,train,84991,429,429,429,429
2010-01-11,train,84992,543,543,543,543
2010-01-11,train,85099B,879,879,879,879
2010-01-11,train,85099C,449,449,449,449
2010-01-11,train,85099F,246,246,246,246
2010-01-11,train,85123A,845,843,845,845
2010-01-18,train,15036,118,118,118,118
2010-01-18,train,16014,10,10,10,10
2010-01-18,train,17003,51,51,51,51
2010-01-18,train,20725,417,417,417,417
2010-01-18,train,21212,915,915,915,915
2010-01-18,train,21213,568,568,568,568
2010-01-18,train,21232,453,453,453,381
2010-01-18,train,21977,416,416,416,416
2010-01-18,train,21980,2,2,2,2
2010-01-18,train,21982,0,0,0,0
2010-01-18,train,21984,48,48,48,48
2010-01-18,train,22086,3,3,3,3
2010-01-18,train,22178,80,79,80,80
2010-01-18,train,22197,23,23,23,23
2010-01-18,train,22386,0,0,0,0
2010-01-18,train,71459,96,96,96,96
2010-01-18,train,84077,195,195,195,195
2010-01-18,train,84270,213,213,213,213
2010-01-18,train,84347,9,9,9,9
2010-01-18,train,84568,19,19,19,19
2010-01-18,train,84598,10,10,10,10
2010-01-18,train,84755,146,146,146,146
2010-01-18,train,84879,737,737,737,737
2010-01-18,train,84946,158,158,158,158
2010-01-18,train,84991,658,658,658,658
2010-01-18,train,84992,668,639,668,668
2010-01-18,train,85099B,517,517,517,517
2010-01-18,train,85099C,92,92,92,92
2010-01-18,train,85099F,273,273,273,273
2010-01-18,train,85123A,917,917,917,917
2010-01-25,train,15036,59,59,59,59
2010-01-25,train,16014,0,0,0,0
2010-01-25,train,17003,150,150,150,150
2010-01-25,train,20725,274,274,274,274
2010-01-25,train,21212,773,773,773,773
2010-01-25,train,21213,151,150,151,151
2010-01-25,train,21232,424,424,424,424
2010-01-25,train,21977,368,368,368,368
2010-01-25,train,21980,72,72,72,72
2010-01-25,train,21982,0,0,0,0
2010-01-25,train,21984,60,60,60,60
2010-01-25,train,22086,0,0,0,0
2010-01-25,train,22178,224,224,224,224
2010-01-25,train,22197,590,590,590,590
2010-01-25,train,22386,114,114,114,114
2010-01-25,train,71459,181,181,181,181
2010-01-25,train,84077,432,432,432,432
2010-01-25,train,84270,362,362,362,362
2010-01-25,train,84347,1,1,1,1
2010-01-25,train,84568,5,5,5,5
2010-01-25,train,84598,11,11,11,11
2010-01-25,train,84755,186,186,186,186
2010-01-25,train,84879,203,203,203,203
2010-01-25,train,84946,124,124,124,124
2010-01-25,train,84991,374,374,374,374
2010-01-25,train,84992,919,919,919,919
2010-01-25,train,85099B,404,404,404,404
2010-01-25,train,85099C,213,213,213,213
2010-01-25,train,85099F,120,120,120,120
2010-01-25,train,85123A,1364,1364,1364,1292
2010-02-01,train,15036,36,36,36,36
2010-02-01,train,16014,20,20,20,20
2010-02-01,train,17003,806,806,806,806
2010-02-01,train,20725,186,186,186,186
2010-02-01,train,21212,710,708,710,710
2010-02-01,train,21213,177,177,177,177
2010-02-01,train,21232,382,377,382,382
2010-02-01,train,21977,201,201,201,201
2010-02-01,train,21980,209,209,209,209
2010-02-01,train,21982,0,0,0,0
2010-02-01,train,21984,12,12,12,12
2010-02-01,train,22086,0,0,0,0
2010-02-01,train,22178,54,54,54,54
2010-02-01,train,22197,81,81,81,81
2010-02-01,train,22386,328,326,328,328
2010-02-01,train,71459,12,12,12,12
2010-02-01,train,84077,576,576,576,576
2010-02-01,train,84270,220,220,220,220
2010-02-01,train,84347,0,0,0,0
2010-02-01,train,84568,27,27,27,27
2010-02-01,train,84598,41,41,41,41
2010-02-01,train,84755,17,17,17,17
2010-02-01,train,84879,226,226,226,226
2010-02-01,train,84946,359,359,359,359
2010-02-01,train,84991,424,424,424,424
2010-02-01,train,84992,368,368,368,368
2010-02-01,train,85099B,448,438,448,448
2010-02-01,train,85099C,248,238,248,248
2010-02-01,train,85099F,147,147,147,147
2010-02-01,train,85123A,677,677,677,677
2010-02-08,train,15036,98,98,98,98
2010-02-08,train,16014,10,10,10,10
2010-02-08,train,17003,151,151,151,151
2010-02-08,train,20725,183,181,183,183
2010-02-08,train,21212,713,713,713,713
2010-02-08,train,21213,463,463,463,463
2010-02-08,train,21232,290,288,290,290
2010-02-08,train,21977,540,540,540,540
2010-02-08,train,21980,123,123,123,123
2010-02-08,train,21982,0,0,0,0
2010-02-08,train,21984,12,12,12,12
2010-02-08,train,22086,0,0,0,0
2010-02-08,train,22178,86,86,86,86
2010-02-08,train,22197,68,68,68,68
2010-02-08,train,22386,244,241,244,244
2010-02-08,train,71459,421,421,421,421
2010-02-08,train,84077,192,192,192,192
2010-02-08,train,84270,192,192,192,192
2010-02-08,train,84347,3,3,3,3
2010-02-08,train,84568,288,288,288,288
2010-02-08,train,84598,288,288,288,288
2010-02-08,train,84755,122,122,122,122
2010-02-08,train,84879,512,504,512,512
2010-02-08,train,84946,70,70,70,70
2010-02-08,train,84991,451,451,451,451
2010-02-08,train,84992,496,496,496,496
2010-02-08,train,85099B,547,547,547,547
2010-02-08,train,85099C,277,277,277,277
2010-02-08,train,85099F,167,167,167,167
2010-02-08,train,85123A,574,574,574,574
2010-02-15,train,15036,214,214,214,214
2010-02-15,train,16014,1,1,1,1
2010-02-15,train,17003,829,829,829,829
2010-02-15,train,20725,332,332,332,332
2010-02-15,train,21212,857,857,857,857
2010-02-15,train,21213,337,337,337,337
2010-02-15,train,21232,171,171,171,171
2010-02-15,train,21977,407,406,407,407
2010-02-15,train,21980,305,305,305,305
2010-02-15,train,21982,0,0,0,0
2010-02-15,train,21984,50,50,50,50
2010-02-15,train,22086,0,0,0,0
2010-02-15,train,22178,62,62,62,62
2010-02-15,train,22197,19,19,19,19
2010-02-15,train,22386,510,510,510,510
2010-02-15,train,71459,829,829,829,733
2010-02-15,train,84077,624,624,624,624
2010-02-15,train,84270,990,990,990,330
2010-02-15,train,84347,0,0,0,0
2010-02-15,train,84568,581,581,581,581
2010-02-15,train,84598,297,297,297,297
2010-02-15,train,84755,161,161,161,161
2010-02-15,train,84879,587,587,587,587
2010-02-15,train,84946,90,90,90,90
2010-02-15,train,84991,609,609,609,609
2010-02-15,train,84992,239,238,239,239
2010-02-15,train,85099B,1004,1004,1004,804
2010-02-15,train,85099C,521,521,521,521
2010-02-15,train,85099F,578,578,578,378
2010-02-15,train,85123A,669,669,669,669
2010-02-22,train,15036,103,103,103,103
2010-02-22,train,16014,3,3,3,3
2010-02-22,train,17003,109,109,109,109
2010-02-22,train,20725,262,262,262,262
2010-02-22,train,21212,1459,1459,1459,1219
2010-02-22,train,21213,165,165,165,165
2010-02-22,train,21232,531,530,531,531
2010-02-22,train,21977,907,907,907,667
2010-02-22,train,21980,350,350,350,350
2010-02-22,train,21982,0,0,0,0
2010-02-22,train,21984,0,0,0,0
2010-02-22,train,22086,0,0,0,0
2010-02-22,train,22178,139,139,139,139
2010-02-22,train,22197,1307,1307,1307,803
2010-02-22,train,22386,530,530,530,530
2010-02-22,train,71459,365,365,365,365
2010-02-22,train,84077,576,576,576,576
2010-02-22,train,84270,271,271,271,271
2010-02-22,train,84347,0,0,0,0
2010-02-22,train,84568,8,8,8,8
2010-02-22,train,84598,5,5,5,5
2010-02-22,train,84755,200,200,200,200
2010-02-22,train,84879,286,286,286,286
2010-02-22,train,84946,146,146,146,146
2010-02-22,train,84991,507,507,507,507
2010-02-22,train,84992,122,122,122,122
2010-02-22,train,85099B,613,613,613,613
2010-02-22,train,85099C,159,159,159,159
2010-02-22,train,85099F,96,96,96,96
2010-02-22,train,85123A,719,719,719,719
2010-03-01,train,15036,194,194,194,194
2010-03-01,train,16014,0,0,0,0
2010-03-01,train,17003,184,184,184,184
2010-03-01,train,20725,279,274,279,279
2010-03-01,train,21212,959,954,959,959
2010-03-01,train,21213,869,869,869,869
2010-03-01,train,21232,724,724,724,580
2010-03-01,train,21977,748,748,748,748
2010-03-01,train,21980,252,252,252,252
2010-03-01,train,21982,0,0,0,0
2010-03-01,train,21984,4,4,4,4
2010-03-01,train,22086,3,3,3,3
2010-03-01,train,22178,242,230,242,242
2010-03-01,train,22197,121,121,121,121
2010-03-01,train,22386,276,276,276,276
2010-03-01,train,71459,132,132,132,132
2010-03-01,train,84077,960,960,960,960
2010-03-01,train,84270,392,392,392,392
2010-03-01,train,84347,0,0,0,0
2010-03-01,train,84568,0,0,0,0
2010-03-01,train,84598,27,27,27,27
2010-03-01,train,84755,209,201,209,209
2010-03-01,train,84879,527,527,527,527
2010-03-01,train,84946,249,249,249,249
2010-03-01,train,84991,720,719,720,720
2010-03-01,train,84992,388,388,388,388
2010-03-01,train,85099B,724,724,724,524
2010-03-01,train,85099C,409,409,409,409
2010-03-01,train,85099F,415,415,415,315
2010-03-01,train,85123A,766,762,766,766
2010-03-08,train,15036,104,104,104,104
2010-03-08,train,16014,0,0,0,0
2010-03-08,train,17003,21,21,21,21
2010-03-08,train,20725,327,327,327,327
2010-03-08,train,21212,473,473,353,473
2010-03-08,train,21213,236,236,236,236
2010-03-08,train,21232,361,361,361,361
2010-03-08,train,21977,189,189,189,189
2010-03-08,train,21980,266,266,266,266
2010-03-08,train,21982,62,62,62,62
2010-03-08,train,21984,54,52,54,54
2010-03-08,train,22086,0,0,0,0
2010-03-08,train,22178,338,338,338,338
2010-03-08,train,22197,35,35,35,35
2010-03-08,train,22386,185,184,185,185
2010-03-08,train,71459,144,144,144,144
2010-03-08,train,84077,528,528,528,528
2010-03-08,train,84270,316,316,316,316
2010-03-08,train,84347,0,0,0,0
2010-03-08,train,84568,1780,1780,1780,1780
2010-03-08,train,84598,1456,1456,1456,1456
2010-03-08,train,84755,282,282,282,282
2010-03-08,train,84879,669,669,669,669
2010-03-08,train,84946,181,181,181,181
2010-03-08,train,84991,392,392,392,392
2010-03-08,train,84992,87,87,87,87
2010-03-08,train,85099B,760,760,760,760
2010-03-08,train,85099C,163,163,163,163
2010-03-08,train,85099F,159,159,159,159
2010-03-08,train,85123A,848,848,848,848
2010-03-15,train,15036,711,711,711,711
2010-03-15,train,16014,1010,1010,1010,1010
2010-03-15,train,17003,792,792,792,792
2010-03-15,train,20725,385,375,385,385
2010-03-15,train,21212,1254,1253,1254,1014
2010-03-15,train,21213,782,782,782,782
2010-03-15,train,21232,597,597,597,597
2010-03-15,train,21977,624,622,624,624
2010-03-15,train,21980,136,136,136,136
2010-03-15,train,21982,160,160,160,160
2010-03-15,train,21984,123,122,123,123
2010-03-15,train,22086,12,12,12,12
2010-03-15,train,22178,148,142,148,148
2010-03-15,train,22197,778,778,778,778
2010-03-15,train,22386,119,119,119,119
2010-03-15,train,71459,264,264,264,264
2010-03-15,train,84077,2592,2592,2592,2592
2010-03-15,train,84270,124,124,124,124
2010-03-15,train,84347,0,0,0,0
2010-03-15,train,84568,890,890,890,890
2010-03-15,train,84598,884,884,884,884
2010-03-15,train,84755,1664,1656,1664,1232
2010-03-15,train,84879,423,423,423,423
2010-03-15,train,84946,97,91,97,97
2010-03-15,train,84991,589,589,589,589
2010-03-15,train,84992,422,422,422,422
2010-03-15,train,85099B,465,465,465,465
2010-03-15,train,85099C,169,169,169,169
2010-03-15,train,85099F,293,293,293,293
2010-03-15,train,85123A,1478,1472,1478,966
2010-03-22,train,15036,117,117,117,117
2010-03-22,train,16014,0,0,0,0
2010-03-22,train,17003,0,0,0,0
2010-03-22,train,20725,157,156,157,157
2010-03-22,train,21212,664,664,664,664
2010-03-22,train,21213,151,151,151,151
2010-03-22,train,21232,296,296,296,296
2010-03-22,train,21977,582,582,582,582
2010-03-22,train,21980,10070,10070,10070,502
2010-03-22,train,21982,11366,11366,11366,1430
2010-03-22,train,21984,11061,11061,11061,1789
2010-03-22,train,22086,0,0,0,0
2010-03-22,train,22178,321,321,321,321
2010-03-22,train,22197,91,89,91,91
2010-03-22,train,22386,427,427,427,427
2010-03-22,train,71459,137,137,137,137
2010-03-22,train,84077,387,387,387,387
2010-03-22,train,84270,426,426,426,426
2010-03-22,train,84347,0,0,0,0
2010-03-22,train,84568,906,906,906,906
2010-03-22,train,84598,589,589,589,589
2010-03-22,train,84755,833,833,833,833
2010-03-22,train,84879,632,632,600,632
2010-03-22,train,84946,261,261,261,261
2010-03-22,train,84991,595,595,595,595
2010-03-22,train,84992,274,274,274,274
2010-03-22,train,85099B,690,689,690,690
2010-03-22,train,85099C,396,396,396,396
2010-03-22,train,85099F,256,256,256,256
2010-03-22,train,85123A,788,788,788,788
2010-03-29,train,15036,785,785,785,785
2010-03-29,train,16014,60,60,60,60
2010-03-29,train,17003,0,0,0,0
2010-03-29,train,20725,325,325,325,325
2010-03-29,train,21212,559,559,559,559
2010-03-29,train,21213,143,143,143,143
2010-03-29,train,21232,283,283,283,283
2010-03-29,train,21977,138,136,138,138
2010-03-29,train,21980,75,75,75,75
2010-03-29,train,21982,219,219,219,219
2010-03-29,train,21984,97,97,97,97
2010-03-29,train,22086,2,2,2,2
2010-03-29,train,22178,166,166,124,166
2010-03-29,train,22197,423,423,423,423
2010-03-29,train,22386,321,321,321,321
2010-03-29,train,71459,153,153,153,153
2010-03-29,train,84077,192,192,192,192
2010-03-29,train,84270,330,300,330,330
2010-03-29,train,84347,0,0,0,0
2010-03-29,train,84568,596,596,596,596
2010-03-29,train,84598,589,589,589,589
2010-03-29,train,84755,443,419,443,443
2010-03-29,train,84879,323,323,323,323
2010-03-29,train,84946,279,279,279,279
2010-03-29,train,84991,265,265,265,265
2010-03-29,train,84992,39,39,39,39
2010-03-29,train,85099B,388,388,388,388
2010-03-29,train,85099C,84,84,84,84
2010-03-29,train,85099F,334,334,334,334
2010-03-29,train,85123A,900,900,900,761
2010-04-05,train,15036,184,184,184,184
2010-04-05,train,16014,0,0,0,0
2010-04-05,train,17003,61,61,61,61
2010-04-05,train,20725,288,286,288,288
2010-04-05,train,21212,1604,1604,1604,1124
2010-04-05,train,21213,636,636,636,636
2010-04-05,train,21232,215,213,215,215
2010-04-05,train,21977,491,491,491,491
2010-04-05,train,21980,157,157,157,157
2010-04-05,train,21982,254,254,254,254
2010-04-05,train,21984,108,108,108,108
2010-04-05,train,22086,0,0,0,0
2010-04-05,train,22178,106,106,106,106
2010-04-05,train,22197,716,716,716,716
2010-04-05,train,22386,164,164,164,164
2010-04-05,train,71459,282,282,282,282
2010-04-05,train,84077,1393,1393,1393,1393
2010-04-05,train,84270,1652,1652,1652,452
2010-04-05,train,84347,6,6,6,6
2010-04-05,train,84568,600,600,600,600
2010-04-05,train,84598,3,3,3,3
2010-04-05,train,84755,893,885,893,461
2010-04-05,train,84879,736,736,736,736
2010-04-05,train,84946,252,252,252,252
2010-04-05,train,84991,747,746,747,507
2010-04-05,train,84992,295,295,295,295
2010-04-05,train,85099B,416,416,416,416
2010-04-05,train,85099C,175,175,175,175
2010-04-05,train,85099F,271,270,271,271
2010-04-05,train,85123A,909,905,909,717
2010-04-12,train,15036,96,96,96,96
2010-04-12,train,16014,10,10,10,10
2010-04-12,train,17003,0,0,0,0
2010-04-12,train,20725,357,355,357,357
2010-04-12,train,21212,460,460,460,460
2010-04-12,train,21213,291,291,291,291
2010-04-12,train,21232,212,204,212,212
2010-04-12,train,21977,481,481,481,481
2010-04-12,train,21980,108,108,108,108
2010-04-12,train,21982,183,183,183,183
2010-04-12,train,21984,228,228,228,228
2010-04-12,train,22086,0,0,0,0
2010-04-12,train,22178,177,159,177,177
2010-04-12,train,22197,224,224,224,224
2010-04-12,train,22386,198,198,198,198
2010-04-12,train,71459,336,336,336,336
2010-04-12,train,84077,431,431,431,431
2010-04-12,train,84270,270,270,270,270
2010-04-12,train,84347,0,0,0,0
2010-04-12,train,84568,0,0,0,0
2010-04-12,train,84598,0,0,0,0
2010-04-12,train,84755,376,368,376,376
2010-04-12,train,84879,453,453,453,453
2010-04-12,train,84946,87,87,87,87
2010-04-12,train,84991,374,374,374,374
2010-04-12,train,84992,49,49,49,49
2010-04-12,train,85099B,997,996,997,897
2010-04-12,train,85099C,468,468,468,468
2010-04-12,train,85099F,275,275,275,275
2010-04-12,train,85123A,848,848,848,848
2010-04-19,train,15036,195,195,195,195
2010-04-19,train,16014,50,50,50,50
2010-04-19,train,17003,119,119,119,119
2010-04-19,train,20725,267,267,267,267
2010-04-19,train,21212,672,671,672,672
2010-04-19,train,21213,222,222,222,222
2010-04-19,train,21232,455,453,455,455
2010-04-19,train,21977,541,541,541,541
2010-04-19,train,21980,63,63,63,63
2010-04-19,train,21982,149,149,149,149
2010-04-19,train,21984,445,445,445,445
2010-04-19,train,22086,1,1,1,1
2010-04-19,train,22178,263,257,263,263
2010-04-19,train,22197,154,154,154,154
2010-04-19,train,22386,188,188,188,188
2010-04-19,train,71459,413,389,413,413
2010-04-19,train,84077,576,576,576,576
2010-04-19,train,84270,167,167,167,167
2010-04-19,train,84347,0,0,0,0
2010-04-19,train,84568,21,21,21,21
2010-04-19,train,84598,43,43,43,43
2010-04-19,train,84755,487,487,487,487
2010-04-19,train,84879,480,480,480,480
2010-04-19,train,84946,436,436,436,364
2010-04-19,train,84991,644,644,644,644
2010-04-19,train,84992,374,374,374,374
2010-04-19,train,85099B,575,575,575,575
2010-04-19,train,85099C,357,357,357,357
2010-04-19,train,85099F,508,508,508,508
2010-04-19,train,85123A,696,695,696,696
2010-04-26,train,15036,832,832,832,832
2010-04-26,train,16014,0,0,0,0
2010-04-26,train,17003,721,721,721,721
2010-04-26,train,20725,304,303,304,304
2010-04-26,train,21212,1400,1400,1400,1280
2010-04-26,train,21213,354,354,354,354
2010-04-26,train,21232,386,382,386,386
2010-04-26,train,21977,986,986,986,746
2010-04-26,train,21980,101,101,101,101
2010-04-26,train,21982,690,690,690,690
2010-04-26,train,21984,953,953,953,953
2010-04-26,train,22086,0,0,0,0
2010-04-26,train,22178,134,134,134,134
2010-04-26,train,22197,476,476,476,476
2010-04-26,train,22386,326,326,326,326
2010-04-26,train,71459,1348,1336,1348,1252
2010-04-26,train,84077,672,624,672,672
2010-04-26,train,84270,1084,1084,1084,604
2010-04-26,train,84347,0,0,0,0
2010-04-26,train,84568,620,620,620,620
2010-04-26,train,84598,10,10,10,10
2010-04-26,train,84755,968,968,968,968
2010-04-26,train,84879,919,919,919,919
2010-04-26,train,84946,139,139,139,139
2010-04-26,train,84991,494,493,494,494
2010-04-26,train,84992,285,284,285,285
2010-04-26,train,85099B,1469,1469,1469,1369
2010-04-26,train,85099C,494,494,494,494
2010-04-26,train,85099F,784,784,784,684
2010-04-26,train,85123A,1050,1050,1050,1018
2010-05-03,train,15036,228,228,228,228
2010-05-03,train,16014,0,0,0,0
2010-05-03,train,17003,828,828,828,828
2010-05-03,train,20725,441,441,441,441
2010-05-03,train,21212,697,694,697,697
2010-05-03,train,21213,243,237,243,243
2010-05-03,train,21232,634,634,634,634
2010-05-03,train,21977,398,398,398,398
2010-05-03,train,21980,223,223,223,223
2010-05-03,train,21982,48,48,48,48
2010-05-03,train,21984,49,49,49,49
2010-05-03,train,22086,40,40,40,40
2010-05-03,train,22178,323,323,287,323
2010-05-03,train,22197,179,179,179,179
2010-05-03,train,22386,531,531,531,531
2010-05-03,train,71459,290,290,290,290
2010-05-03,train,84077,240,240,240,240
2010-05-03,train,84270,270,270,270,270
2010-05-03,train,84347,0,0,0,0
2010-05-03,train,84568,362,362,362,362
2010-05-03,train,84598,317,317,317,317
2010-05-03,train,84755,574,574,574,574
2010-05-03,train,84879,342,342,342,342
2010-05-03,train,84946,227,227,227,227
2010-05-03,train,84991,389,388,389,389
2010-05-03,train,84992,62,62,62,62
2010-05-03,train,85099B,822,822,822,822
2010-05-03,train,85099C,198,198,198,198
2010-05-03,train,85099F,379,379,379,379
2010-05-03,train,85123A,671,671,671,671
2010-05-10,train,15036,1179,1179,1179,1179
2010-05-10,train,16014,0,0,0,0
2010-05-10,train,17003,2342,2342,2342,2342
2010-05-10,train,20725,487,487,487,487
2010-05-10,train,21212,792,791,792,792
2010-05-10,train,21213,293,293,293,293
2010-05-10,train,21232,684,684,684,684
2010-05-10,train,21977,341,341,341,341
2010-05-10,train,21980,300,300,300,300
2010-05-10,train,21982,99,99,99,99
2010-05-10,train,21984,494,494,494,494
2010-05-10,train,22086,6,6,6,6
2010-05-10,train,22178,549,549,549,375
2010-05-10,train,22197,175,175,175,175
2010-05-10,train,22386,270,269,270,270
2010-05-10,train,71459,206,206,206,206
2010-05-10,train,84077,1824,1824,1824,1824
2010-05-10,train,84270,780,780,780,780
2010-05-10,train,84347,0,0,0,0
2010-05-10,train,84568,0,0,0,0
2010-05-10,train,84598,0,0,0,0
2010-05-10,train,84755,1736,1728,1736,584
2010-05-10,train,84879,699,691,699,699
2010-05-10,train,84946,255,255,255,255
2010-05-10,train,84991,424,424,424,424
2010-05-10,train,84992,243,243,243,243
2010-05-10,train,85099B,957,954,957,757
2010-05-10,train,85099C,387,387,387,387
2010-05-10,train,85099F,337,337,337,337
2010-05-10,train,85123A,1046,1046,1046,694
2010-05-17,train,15036,74,74,74,74
2010-05-17,train,16014,0,0,0,0
2010-05-17,train,17003,62,62,62,62
2010-05-17,train,20725,255,255,255,255
2010-05-17,train,21212,843,843,843,843
2010-05-17,train,21213,577,577,577,577
2010-05-17,train,21232,216,216,216,216
2010-05-17,train,21977,511,511,511,511
2010-05-17,train,21980,124,123,124,124
2010-05-17,train,21982,5247,5246,5247,679
2010-05-17,train,21984,125,124,125,125
2010-05-17,train,22086,6,6,6,6
2010-05-17,train,22178,225,225,225,225
2010-05-17,train,22197,192,190,192,192
2010-05-17,train,22386,512,512,512,512
2010-05-17,train,71459,783,759,783,783
2010-05-17,train,84077,528,528,528,528
2010-05-17,train,84270,340,340,340,340
2010-05-17,train,84347,0,0,0,0
2010-05-17,train,84568,7,7,7,7
2010-05-17,train,84598,3,3,3,3
2010-05-17,train,84755,535,535,519,535
2010-05-17,train,84879,283,275,283,283
2010-05-17,train,84946,597,597,597,525
2010-05-17,train,84991,658,658,658,658
2010-05-17,train,84992,126,126,126,126
2010-05-17,train,85099B,624,624,621,624
2010-05-17,train,85099C,93,93,93,93
2010-05-17,train,85099F,310,310,310,310
2010-05-17,train,85123A,1228,1223,1228,1228
2010-05-24,train,15036,882,882,882,882
2010-05-24,train,16014,0,0,0,0
2010-05-24,train,17003,738,738,738,738
2010-05-24,train,20725,664,654,664,664
2010-05-24,train,21212,1399,1399,1399,1159
2010-05-24,train,21213,549,549,549,549
2010-05-24,train,21232,515,515,515,515
2010-05-24,train,21977,995,995,995,875
2010-05-24,train,21980,97,97,97,97
2010-05-24,train,21982,159,159,159,159
2010-05-24,train,21984,26,26,26,26
2010-05-24,train,22086,0,0,0,0
2010-05-24,train,22178,318,312,318,318
2010-05-24,train,22197,218,218,218,218
2010-05-24,train,22386,259,259,259,259
2010-05-24,train,71459,322,322,322,322
2010-05-24,train,84077,592,592,592,592
2010-05-24,train,84270,723,723,723,723
2010-05-24,train,84347,0,0,0,0
2010-05-24,train,84568,289,289,289,289
2010-05-24,train,84598,290,290,290,290
2010-05-24,train,84755,469,469,469,469
2010-05-24,train,84879,552,552,552,552
2010-05-24,train,84946,285,285,285,285
2010-05-24,train,84991,1319,1317,1319,839
2010-05-24,train,84992,343,343,343,343
2010-05-24,train,85099B,740,740,740,740
2010-05-24,train,85099C,172,172,172,172
2010-05-24,train,85099F,493,493,493,493
2010-05-24,train,85123A,942,942,942,942
2010-05-31,train,15036,404,404,404,404
2010-05-31,train,16014,0,0,0,0
2010-05-31,train,17003,43,43,43,43
2010-05-31,train,20725,260,259,260,260
2010-05-31,train,21212,525,524,525,525
2010-05-31,train,21213,47,47,47,47
2010-05-31,train,21232,186,184,186,186
2010-05-31,train,21977,246,246,246,246
2010-05-31,train,21980,90,90,90,90
2010-05-31,train,21982,74,74,74,74
2010-05-31,train,21984,4,4,4,4
2010-05-31,train,22086,4,4,4,4
2010-05-31,train,22178,336,336,336,258
2010-05-31,train,22197,121,120,121,121
2010-05-31,train,22386,236,236,236,236
2010-05-31,train,71459,371,371,371,371
2010-05-31,train,84077,338,338,338,338
2010-05-31,train,84270,216,216,216,216
2010-05-31,train,84347,3,3,3,3
2010-05-31,train,84568,6,6,6,6
2010-05-31,train,84598,0,0,0,0
2010-05-31,train,84755,653,653,653,509
2010-05-31,train,84879,309,309,309,309
2010-05-31,train,84946,61,61,61,61
2010-05-31,train,84991,88,88,88,88
2010-05-31,train,84992,79,79,79,79
2010-05-31,train,85099B,608,598,608,608
2010-05-31,train,85099C,87,87,87,87
2010-05-31,train,85099F,251,251,251,251
2010-05-31,train,85123A,545,545,545,545
2010-06-07,train,15036,1094,1094,1082,1094
2010-06-07,train,16014,1000,1000,1000,1000
2010-06-07,train,17003,1289,1289,1289,1289
2010-06-07,train,20725,368,368,368,368
2010-06-07,train,21212,1291,1288,1291,1291
2010-06-07,train,21213,381,381,381,381
2010-06-07,train,21232,469,465,469,469
2010-06-07,train,21977,706,706,706,706
2010-06-07,train,21980,168,168,168,168
2010-06-07,train,21982,252,252,252,252
2010-06-07,train,21984,132,132,132,132
2010-06-07,train,22086,3,3,3,3
2010-06-07,train,22178,588,581,588,588
2010-06-07,train,22197,593,593,593,593
2010-06-07,train,22386,429,427,429,429
2010-06-07,train,71459,756,756,756,756
2010-06-07,train,84077,2208,2208,2208,2208
2010-06-07,train,84270,544,544,484,544
2010-06-07,train,84347,0,0,0,0
2010-06-07,train,84568,288,288,288,288
2010-06-07,train,84598,0,0,0,0
2010-06-07,train,84755,1742,1742,1742,1310
2010-06-07,train,84879,256,248,256,256
2010-06-07,train,84946,239,239,239,239
2010-06-07,train,84991,886,886,886,886
2010-06-07,train,84992,355,355,355,355
2010-06-07,train,85099B,943,933,943,943
2010-06-07,train,85099C,188,184,188,188
2010-06-07,train,85099F,308,308,308,308
2010-06-07,train,85123A,1589,1583,1589,1173
2010-06-14,train,15036,196,196,196,196
2010-06-14,train,16014,2005,2005,2005,2005
2010-06-14,train,17003,309,309,309,309
2010-06-14,train,20725,229,229,229,229
2010-06-14,train,21212,285,285,285,285
2010-06-14,train,21213,378,378,378,378
2010-06-14,train,21232,620,620,620,476
2010-06-14,train,21977,174,174,174,174
2010-06-14,train,21980,48,48,48,48
2010-06-14,train,21982,87,87,87,87
2010-06-14,train,21984,48,48,48,48
2010-06-14,train,22086,20,20,20,20
2010-06-14,train,22178,263,263,263,263
2010-06-14,train,22197,225,225,225,225
2010-06-14,train,22386,252,251,252,252
2010-06-14,train,71459,732,720,732,732
2010-06-14,train,84077,1066,1018,1066,1066
2010-06-14,train,84270,921,921,921,921
2010-06-14,train,84347,0,0,0,0
2010-06-14,train,84568,584,584,584,584
2010-06-14,train,84598,586,586,586,586
2010-06-14,train,84755,824,824,824,680
2010-06-14,train,84879,409,409,409,409
2010-06-14,train,84946,276,276,276,276
2010-06-14,train,84991,326,325,326,326
2010-06-14,train,84992,94,93,94,94
2010-06-14,train,85099B,486,486,486,486
2010-06-14,train,85099C,146,146,146,146
2010-06-14,train,85099F,139,139,139,139
2010-06-14,train,85123A,578,578,578,578
2010-06-21,train,15036,1559,1559,1559,1559
2010-06-21,train,16014,1000,1000,1000,1000
2010-06-21,train,17003,987,987,987,987
2010-06-21,train,20725,451,451,451,451
2010-06-21,train,21212,412,411,412,412
2010-06-21,train,21213,208,208,208,208
2010-06-21,train,21232,413,413,413,413
2010-06-21,train,21977,411,410,411,411
2010-06-21,train,21980,25,25,25,25
2010-06-21,train,21982,241,241,241,241
2010-06-21,train,21984,72,72,72,72
2010-06-21,train,22086,305,305,305,125
2010-06-21,train,22178,317,317,317,317
2010-06-21,train,22197,120,120,120,120
2010-06-21,train,22386,320,320,320,320
2010-06-21,train,71459,556,544,556,556
2010-06-21,train,84077,496,496,496,496
2010-06-21,train,84270,293,293,293,293
2010-06-21,train,84347,0,0,0,0
2010-06-21,train,84568,22,22,22,22
2010-06-21,train,84598,6,6,6,6
2010-06-21,train,84755,552,552,552,552
2010-06-21,train,84879,244,244,244,244
2010-06-21,train,84946,45,45,45,45
2010-06-21,train,84991,657,656,657,657
2010-06-21,train,84992,274,274,274,274
2010-06-21,train,85099B,620,620,620,620
2010-06-21,train,85099C,257,257,257,257
2010-06-21,train,85099F,419,419,419,419
2010-06-21,train,85123A,742,741,742,742
2010-06-28,train,15036,1309,1309,1309,1309
2010-06-28,train,16014,0,0,0,0
2010-06-28,train,17003,758,758,758,758
2010-06-28,train,20725,356,356,356,356
2010-06-28,train,21212,1113,1113,1113,1113
2010-06-28,train,21213,487,484,487,487
2010-06-28,train,21232,502,502,502,502
2010-06-28,train,21977,1346,1225,1346,1226
2010-06-28,train,21980,18,18,18,18
2010-06-28,train,21982,520,508,520,520
2010-06-28,train,21984,28,28,28,28
2010-06-28,train,22086,2,2,2,2
2010-06-28,train,22178,129,129,129,129
2010-06-28,train,22197,353,347,353,353
2010-06-28,train,22386,368,368,368,368
2010-06-28,train,71459,576,564,576,576
2010-06-28,train,84077,1448,1448,1448,1448
2010-06-28,train,84270,647,647,647,647
2010-06-28,train,84347,6,6,6,6
2010-06-28,train,84568,14,14,14,14
2010-06-28,train,84598,9,9,9,9
2010-06-28,train,84755,484,484,484,484
2010-06-28,train,84879,532,532,532,532
2010-06-28,train,84946,231,231,231,231
2010-06-28,train,84991,1021,901,1021,1021
2010-06-28,train,84992,796,552,796,796
2010-06-28,train,85099B,1145,1145,1145,945
2010-06-28,train,85099C,655,655,655,655
2010-06-28,train,85099F,744,744,744,644
2010-06-28,train,85123A,819,819,819,749
2010-07-05,train,15036,343,343,343,343
2010-07-05,train,16014,1,1,1,1
2010-07-05,train,17003,194,194,194,194
2010-07-05,train,20725,181,181,181,181
2010-07-05,train,21212,825,825,825,825
2010-07-05,train,21213,307,307,307,307
2010-07-05,train,21232,420,418,420,420
2010-07-05,train,21977,517,517,517,517
2010-07-05,train,21980,27,27,27,27
2010-07-05,train,21982,206,206,206,206
2010-07-05,train,21984,36,36,36,36
2010-07-05,train,22086,14,14,14,14
2010-07-05,train,22178,218,211,218,218
2010-07-05,train,22197,278,278,278,278
2010-07-05,train,22386,331,331,331,331
2010-07-05,train,71459,884,884,884,740
2010-07-05,train,84077,145,145,145,145
2010-07-05,train,84270,336,336,336,336
2010-07-05,train,84347,2,2,2,2
2010-07-05,train,84568,3,3,3,3
2010-07-05,train,84598,0,0,0,0
2010-07-05,train,84755,708,708,708,708
2010-07-05,train,84879,874,858,874,874
2010-07-05,train,84946,144,144,144,144
2010-07-05,train,84991,412,411,412,412
2010-07-05,train,84992,320,320,320,320
2010-07-05,train,85099B,644,644,644,644
2010-07-05,train,85099C,387,387,387,387
2010-07-05,train,85099F,595,595,595,595
2010-07-05,train,85123A,718,716,718,718
2010-07-12,train,15036,553,553,553,553
2010-07-12,train,16014,0,0,0,0
2010-07-12,train,17003,6,6,6,6
2010-07-12,train,20725,525,525,525,525
2010-07-12,train,21212,634,631,634,634
2010-07-12,train,21213,79,79,79,79
2010-07-12,train,21232,668,664,668,668
2010-07-12,train,21977,219,219,219,219
2010-07-12,train,21980,144,144,144,144
2010-07-12,train,21982,12,12,12,12
2010-07-12,train,21984,0,0,0,0
2010-07-12,train,22086,3,2,3,3
2010-07-12,train,22178,270,264,270,270
2010-07-12,train,22197,694,694,694,694
2010-07-12,train,22386,240,240,240,240
2010-07-12,train,71459,184,184,184,184
2010-07-12,train,84077,823,823,823,823
2010-07-12,train,84270,639,639,639,639
2010-07-12,train,84347,1,1,1,1
2010-07-12,train,84568,290,290,290,290
2010-07-12,train,84598,295,295,295,295
2010-07-12,train,84755,586,586,442,586
2010-07-12,train,84879,384,384,384,384
2010-07-12,train,84946,344,338,344,344
2010-07-12,train,84991,486,485,486,486
2010-07-12,train,84992,151,150,151,151
2010-07-12,train,85099B,835,835,835,835
2010-07-12,train,85099C,210,210,210,210
2010-07-12,train,85099F,359,359,359,359
2010-07-12,train,85123A,1247,1245,1247,875
2010-07-19,train,15036,1784,1784,1784,1784
2010-07-19,train,16014,500,500,500,500
2010-07-19,train,17003,775,775,775,775
2010-07-19,train,20725,467,466,467,467
2010-07-19,train,21212,905,905,905,905
2010-07-19,train,21213,175,175,175,175
2010-07-19,train,21232,419,419,419,419
2010-07-19,train,21977,326,326,326,326
2010-07-19,train,21980,606,606,606,606
2010-07-19,train,21982,179,179,179,179
2010-07-19,train,21984,168,168,168,168
2010-07-19,train,22086,10,10,10,10
2010-07-19,train,22178,88,88,88,88
2010-07-19,train,22197,679,679,679,679
2010-07-19,train,22386,719,718,719,719
2010-07-19,train,71459,648,648,648,648
2010-07-19,train,84077,481,481,481,481
2010-07-19,train,84270,611,611,611,611
2010-07-19,train,84347,35,35,35,35
2010-07-19,train,84568,3,3,3,3
2010-07-19,train,84598,3,3,3,3
2010-07-19,train,84755,328,328,328,328
2010-07-19,train,84879,1043,1043,1043,995
2010-07-19,train,84946,280,280,280,280
2010-07-19,train,84991,408,408,408,408
2010-07-19,train,84992,320,319,320,320
2010-07-19,train,85099B,1218,1216,1218,1218
2010-07-19,train,85099C,354,354,354,354
2010-07-19,train,85099F,546,544,546,546
2010-07-19,train,85123A,1159,1159,1159,967
2010-07-26,train,15036,112,112,64,112
2010-07-26,train,16014,60,60,60,60
2010-07-26,train,17003,180,180,180,180
2010-07-26,train,20725,431,431,431,431
2010-07-26,train,21212,768,768,768,768
2010-07-26,train,21213,567,567,567,567
2010-07-26,train,21232,433,431,433,433
2010-07-26,train,21977,196,196,196,196
2010-07-26,train,21980,84,84,84,84
2010-07-26,train,21982,99,99,99,99
2010-07-26,train,21984,112,112,112,112
2010-07-26,train,22086,128,128,128,128
2010-07-26,train,22178,130,130,118,130
2010-07-26,train,22197,261,261,261,261
2010-07-26,train,22386,171,171,171,171
2010-07-26,train,71459,316,316,316,316
2010-07-26,train,84077,838,838,838,838
2010-07-26,train,84270,691,691,691,691
2010-07-26,train,84347,12,12,12,12
2010-07-26,train,84568,27,27,27,27
2010-07-26,train,84598,3,3,3,3
2010-07-26,train,84755,553,553,553,553
2010-07-26,train,84879,461,461,461,461
2010-07-26,train,84946,340,340,340,340
2010-07-26,train,84991,507,507,507,507
2010-07-26,train,84992,275,275,275,275
2010-07-26,train,85099B,598,598,598,598
2010-07-26,train,85099C,232,232,232,232
2010-07-26,train,85099F,355,355,355,355
2010-07-26,train,85123A,577,577,577,577
2010-08-02,train,15036,168,168,132,168
2010-08-02,train,16014,10,10,10,10
2010-08-02,train,17003,216,216,216,216
2010-08-02,train,20725,654,654,654,554
2010-08-02,train,21212,306,305,306,306
2010-08-02,train,21213,101,101,101,101
2010-08-02,train,21232,231,231,231,231
2010-08-02,train,21977,321,319,321,321
2010-08-02,train,21980,25,25,25,25
2010-08-02,train,21982,1,1,1,1
2010-08-02,train,21984,13,13,13,13
2010-08-02,train,22086,136,136,136,136
2010-08-02,train,22178,83,83,83,83
2010-08-02,train,22197,95,95,95,95
2010-08-02,train,22386,344,344,344,344
2010-08-02,train,71459,512,512,512,512
2010-08-02,train,84077,2938,2938,2938,2650
2010-08-02,train,84270,300,300,300,300
2010-08-02,train,84347,47,47,47,47
2010-08-02,train,84568,44,44,44,44
2010-08-02,train,84598,26,26,26,26
2010-08-02,train,84755,728,720,728,728
2010-08-02,train,84879,648,640,648,648
2010-08-02,train,84946,331,331,331,331
2010-08-02,train,84991,431,431,431,431
2010-08-02,train,84992,242,240,242,242
2010-08-02,train,85099B,716,716,716,716
2010-08-02,train,85099C,140,140,140,140
2010-08-02,train,85099F,308,308,308,308
2010-08-02,train,85123A,547,543,547,547
2010-08-09,train,15036,77,77,77,77
2010-08-09,train,16014,20,20,20,20
2010-08-09,train,17003,36,36,36,36
2010-08-09,train,20725,588,585,588,488
2010-08-09,train,21212,1828,1827,1828,1108
2010-08-09,train,21213,1230,1230,1230,750
2010-08-09,train,21232,428,427,428,428
2010-08-09,train,21977,365,364,365,365
2010-08-09,train,21980,73,73,73,73
2010-08-09,train,21982,29,29,29,29
2010-08-09,train,21984,104,101,104,104
2010-08-09,train,22086,74,74,74,74
2010-08-09,train,22178,156,156,156,156
2010-08-09,train,22197,540,540,540,540
2010-08-09,train,22386,460,460,460,460
2010-08-09,train,71459,363,363,363,363
2010-08-09,train,84077,817,817,817,817
2010-08-09,train,84270,630,630,630,630
2010-08-09,train,84347,24,24,24,24
2010-08-09,train,84568,1767,1767,1767,1767
2010-08-09,train,84598,1752,1752,1752,1752
2010-08-09,train,84755,464,464,464,464
2010-08-09,train,84879,750,742,750,742
2010-08-09,train,84946,400,394,400,328
2010-08-09,train,84991,1671,1671,1671,711
2010-08-09,train,84992,456,456,456,456
2010-08-09,train,85099B,873,873,873,873
2010-08-09,train,85099C,435,425,435,435
2010-08-09,train,85099F,1254,1254,1254,1054
2010-08-09,train,85123A,714,714,714,714
2010-08-16,train,15036,0,0,0,0
2010-08-16,train,16014,0,0,0,0
2010-08-16,train,17003,828,828,828,828
2010-08-16,train,20725,780,780,780,680
2010-08-16,train,21212,1307,1305,1307,947
2010-08-16,train,21213,1155,1155,1155,1035
2010-08-16,train,21232,368,366,368,368
2010-08-16,train,21977,1123,1120,1123,1123
2010-08-16,train,21980,336,336,336,336
2010-08-16,train,21982,280,277,280,280
2010-08-16,train,21984,74,74,74,74
2010-08-16,train,22086,19,19,19,19
2010-08-16,train,22178,235,235,235,235
2010-08-16,train,22197,413,413,413,413
2010-08-16,train,22386,377,377,377,377
2010-08-16,train,71459,222,222,222,222
2010-08-16,train,84077,768,768,768,768
2010-08-16,train,84270,186,186,186,186
2010-08-16,train,84347,36,36,36,36
2010-08-16,train,84568,41,41,41,41
2010-08-16,train,84598,294,294,294,294
2010-08-16,train,84755,552,552,552,552
2010-08-16,train,84879,664,664,664,664
2010-08-16,train,84946,303,303,303,303
2010-08-16,train,84991,508,507,508,508
2010-08-16,train,84992,666,666,666,426
2010-08-16,train,85099B,159,159,159,159
2010-08-16,train,85099C,414,414,414,414
2010-08-16,train,85099F,309,309,309,309
2010-08-16,train,85123A,1668,1668,1668,1204
2010-08-23,train,15036,18,18,18,18
2010-08-23,train,16014,1010,1010,1010,1010
2010-08-23,train,17003,828,828,828,828
2010-08-23,train,20725,320,320,320,320
2010-08-23,train,21212,325,325,325,325
2010-08-23,train,21213,134,134,134,134
2010-08-23,train,21232,343,343,343,343
2010-08-23,train,21977,1133,1133,1133,533
2010-08-23,train,21980,89,89,89,89
2010-08-23,train,21982,127,127,127,127
2010-08-23,train,21984,28,28,28,28
2010-08-23,train,22086,27,27,27,27
2010-08-23,train,22178,102,102,102,102
2010-08-23,train,22197,856,856,856,856
2010-08-23,train,22386,338,338,338,338
2010-08-23,train,71459,152,152,152,152
2010-08-23,train,84077,198,198,198,198
2010-08-23,train,84270,692,692,692,692
2010-08-23,train,84347,60,60,60,60
2010-08-23,train,84568,26,26,26,26
2010-08-23,train,84598,10,10,10,10
2010-08-23,train,84755,336,336,336,336
2010-08-23,train,84879,976,976,976,640
2010-08-23,train,84946,137,131,137,137
2010-08-23,train,84991,341,341,341,341
2010-08-23,train,84992,65,65,65,65
2010-08-23,train,85099B,1,1,1,1
2010-08-23,train,85099C,372,372,372,372
2010-08-23,train,85099F,434,434,434,434
2010-08-23,train,85123A,1106,1106,1106,1106
2010-08-30,train,15036,26,26,26,26
2010-08-30,train,16014,0,0,0,0
2010-08-30,train,17003,11138,11138,11138,8762
2010-08-30,train,20725,315,315,315,312
2010-08-30,train,21212,905,905,905,905
2010-08-30,train,21213,437,437,437,437
2010-08-30,train,21232,312,312,308,312
2010-08-30,train,21977,433,433,433,433
2010-08-30,train,21980,54,54,54,54
2010-08-30,train,21982,100,100,100,100
2010-08-30,train,21984,50,50,50,50
2010-08-30,train,22086,3,3,3,3
2010-08-30,train,22178,129,129,129,129
2010-08-30,train,22197,85,85,85,85
2010-08-30,train,22386,602,602,602,502
2010-08-30,train,71459,348,348,348,348
2010-08-30,train,84077,1824,1824,1824,1824
2010-08-30,train,84270,185,185,185,185
2010-08-30,train,84347,1943,1943,1943,623
2010-08-30,train,84568,65,65,65,65
2010-08-30,train,84598,29,29,29,29
2010-08-30,train,84755,436,436,436,436
2010-08-30,train,84879,915,915,915,915
2010-08-30,train,84946,343,331,343,343
2010-08-30,train,84991,347,347,347,347
2010-08-30,train,84992,157,157,157,157
2010-08-30,train,85099B,1889,1879,1889,1389
2010-08-30,train,85099C,413,403,413,413
2010-08-30,train,85099F,820,810,820,620
2010-08-30,train,85123A,542,538,542,542
2010-09-06,train,15036,2,2,2,2
2010-09-06,train,16014,0,0,0,0
2010-09-06,train,17003,1590,1590,1590,1590
2010-09-06,train,20725,293,293,293,293
2010-09-06,train,21212,351,351,351,351
2010-09-06,train,21213,147,147,147,147
2010-09-06,train,21232,350,347,350,350
2010-09-06,train,21977,398,398,398,398
2010-09-06,train,21980,101,100,101,101
2010-09-06,train,21982,75,75,75,75
2010-09-06,train,21984,16,16,16,16
2010-09-06,train,22086,12,12,12,12
2010-09-06,train,22178,240,240,240,240
2010-09-06,train,22197,222,222,222,222
2010-09-06,train,22386,597,597,597,597
2010-09-06,train,71459,1460,1460,1460,596
2010-09-06,train,84077,289,289,289,289
2010-09-06,train,84270,150,150,150,150
2010-09-06,train,84347,156,156,156,156
2010-09-06,train,84568,369,369,369,369
2010-09-06,train,84598,336,336,336,336
2010-09-06,train,84755,336,336,336,336
2010-09-06,train,84879,355,355,355,355
2010-09-06,train,84946,457,457,385,457
2010-09-06,train,84991,529,516,529,529
2010-09-06,train,84992,121,121,121,121
2010-09-06,train,85099B,1273,1273,1273,1273
2010-09-06,train,85099C,414,414,414,414
2010-09-06,train,85099F,533,533,533,533
2010-09-06,train,85123A,850,848,850,850
2010-09-13,train,15036,3,3,3,3
2010-09-13,train,16014,500,500,500,500
2010-09-13,train,17003,74,74,74,74
2010-09-13,train,20725,134,134,134,134
2010-09-13,train,21212,526,526,526,526
2010-09-13,train,21213,1046,1046,1046,806
2010-09-13,train,21232,393,391,393,393
2010-09-13,train,21977,303,303,303,303
2010-09-13,train,21980,52,52,52,52
2010-09-13,train,21982,86,86,86,86
2010-09-13,train,21984,37,37,37,37
2010-09-13,train,22086,344,344,344,344
2010-09-13,train,22178,83,83,83,83
2010-09-13,train,22197,504,502,504,504
2010-09-13,train,22386,285,285,285,285
2010-09-13,train,71459,40,40,40,40
2010-09-13,train,84077,211,211,211,211
2010-09-13,train,84270,330,330,330,330
2010-09-13,train,84347,61,61,61,61
2010-09-13,train,84568,343,343,343,343
2010-09-13,train,84598,306,306,306,306
2010-09-13,train,84755,136,136,136,136
2010-09-13,train,84879,587,587,587,587
2010-09-13,train,84946,258,252,258,258
2010-09-13,train,84991,556,556,556,556
2010-09-13,train,84992,139,139,139,139
2010-09-13,train,85099B,918,918,918,918
2010-09-13,train,85099C,430,430,430,430
2010-09-13,train,85099F,198,198,198,198
2010-09-13,train,85123A,1042,1042,1042,870
2010-09-20,train,15036,21,21,21,21
2010-09-20,train,16014,0,0,0,0
2010-09-20,train,17003,922,922,922,922
2010-09-20,train,20725,475,475,475,475
2010-09-20,train,21212,894,870,894,894
2010-09-20,train,21213,626,602,626,626
2010-09-20,train,21232,468,466,468,468
2010-09-20,train,21977,497,497,497,497
2010-09-20,train,21980,520,520,520,520
2010-09-20,train,21982,155,155,155,155
2010-09-20,train,21984,487,487,487,487
2010-09-20,train,22086,359,359,359,359
2010-09-20,train,22178,446,446,446,446
2010-09-20,train,22197,1685,1685,1685,677
2010-09-20,train,22386,254,254,254,254
2010-09-20,train,71459,136,136,136,136
2010-09-20,train,84077,917,917,917,917
2010-09-20,train,84270,217,217,217,217
2010-09-20,train,84347,274,274,274,274
2010-09-20,train,84568,36,36,36,36
2010-09-20,train,84598,0,0,0,0
2010-09-20,train,84755,144,144,144,144
2010-09-20,train,84879,1506,1498,1506,1138
2010-09-20,train,84946,414,414,414,414
2010-09-20,train,84991,317,315,317,317
2010-09-20,train,84992,311,311,311,311
2010-09-20,train,85099B,1281,1281,1281,1281
2010-09-20,train,85099C,456,456,456,456
2010-09-20,train,85099F,352,352,352,352
2010-09-20,train,85123A,904,904,904,904
2010-09-27,train,15036,23,23,23,23
2010-09-27,train,16014,0,0,0,0
2010-09-27,train,17003,149,149,149,149
2010-09-27,train,20725,309,307,309,309
2010-09-27,train,21212,1059,1056,1059,1059
2010-09-27,train,21213,260,260,260,260
2010-09-27,train,21232,409,409,409,409
2010-09-27,train,21977,482,482,482,482
2010-09-27,train,21980,102,102,102,102
2010-09-27,train,21982,90,90,90,90
2010-09-27,train,21984,78,78,78,78
2010-09-27,train,22086,495,494,495,495
2010-09-27,train,22178,608,608,608,242
2010-09-27,train,22197,272,272,272,272
2010-09-27,train,22386,498,498,498,498
2010-09-27,train,71459,108,108,108,108
2010-09-27,train,84077,770,770,770,770
2010-09-27,train,84270,210,210,210,210
2010-09-27,train,84347,264,264,264,264
2010-09-27,train,84568,2044,2044,2044,2044
2010-09-27,train,84598,593,593,593,593
2010-09-27,train,84755,272,272,272,272
2010-09-27,train,84879,605,605,605,605
2010-09-27,train,84946,420,420,420,420
2010-09-27,train,84991,520,520,520,520
2010-09-27,train,84992,83,83,83,83
2010-09-27,train,85099B,1547,1547,1547,1547
2010-09-27,train,85099C,405,405,405,405
2010-09-27,train,85099F,98,98,98,98
2010-09-27,train,85123A,602,600,602,602
2010-10-04,train,15036,0,0,0,0
2010-10-04,train,16014,0,0,0,0
2010-10-04,train,17003,5632,5632,5632,5632
2010-10-04,train,20725,220,220,220,220
2010-10-04,train,21212,2083,2083,2083,1123
2010-10-04,train,21213,1823,1823,1823,1103
2010-10-04,train,21232,968,966,968,824
2010-10-04,train,21977,760,760,760,640
2010-10-04,train,21980,78,78,78,78
2010-10-04,train,21982,163,163,163,163
2010-10-04,train,21984,168,168,168,168
2010-10-04,train,22086,1516,1516,1516,820
2010-10-04,train,22178,529,529,529,529
2010-10-04,train,22197,895,895,895,895
2010-10-04,train,22386,218,218,218,218
2010-10-04,train,71459,64,64,64,64
2010-10-04,train,84077,3504,3504,3504,2640
2010-10-04,train,84270,794,794,794,794
2010-10-04,train,84347,3376,3376,3376,856
2010-10-04,train,84568,322,322,322,322
2010-10-04,train,84598,2,2,2,2
2010-10-04,train,84755,296,296,296,296
2010-10-04,train,84879,753,753,753,689
2010-10-04,train,84946,584,584,584,512
2010-10-04,train,84991,986,984,986,746
2010-10-04,train,84992,453,452,453,453
2010-10-04,train,85099B,906,906,906,906
2010-10-04,train,85099C,454,454,454,454
2010-10-04,train,85099F,436,436,436,436
2010-10-04,train,85123A,991,990,991,799
2010-10-11,train,15036,831,831,831,831
2010-10-11,train,16014,20,20,20,20
2010-10-11,train,17003,925,925,925,925
2010-10-11,train,20725,514,514,514,514
2010-10-11,train,21212,1177,1177,1177,1177
2010-10-11,train,21213,480,478,480,480
2010-10-11,train,21232,410,410,410,410
2010-10-11,train,21977,721,721,721,721
2010-10-11,train,21980,135,135,135,135
2010-10-11,train,21982,191,191,191,191
2010-10-11,train,21984,154,154,154,154
2010-10-11,train,22086,529,528,529,529
2010-10-11,train,22178,455,455,455,455
2010-10-11,train,22197,285,285,285,285
2010-10-11,train,22386,907,907,907,707
2010-10-11,train,71459,123,123,123,123
2010-10-11,train,84077,624,624,624,624
2010-10-11,train,84270,606,606,606,606
2010-10-11,train,84347,211,211,211,211
2010-10-11,train,84568,1443,1443,1443,1443
2010-10-11,train,84598,1153,1153,1153,1153
2010-10-11,train,84755,56,56,56,56
2010-10-11,train,84879,2269,2269,2269,1709
2010-10-11,train,84946,241,241,241,241
2010-10-11,train,84991,625,625,625,625
2010-10-11,train,84992,193,193,193,193
2010-10-11,train,85099B,1627,1626,1627,1327
2010-10-11,train,85099C,636,636,636,636
2010-10-11,train,85099F,496,494,496,496
2010-10-11,train,85123A,937,936,937,937
2010-10-18,train,15036,160,160,160,160
2010-10-18,train,16014,40,40,40,40
2010-10-18,train,17003,150,150,150,150
2010-10-18,train,20725,131,129,131,131
2010-10-18,train,21212,1168,1166,1168,1048
2010-10-18,train,21213,516,514,516,516
2010-10-18,train,21232,440,439,440,440
2010-10-18,train,21977,704,703,704,704
2010-10-18,train,21980,160,160,160,160
2010-10-18,train,21982,654,654,654,654
2010-10-18,train,21984,18,18,18,18
2010-10-18,train,22086,400,400,400,400
2010-10-18,train,22178,285,285,285,285
2010-10-18,train,22197,1203,1203,1203,1203
2010-10-18,train,22386,144,144,144,144
2010-10-18,train,71459,72,72,72,72
2010-10-18,train,84077,385,385,385,385
2010-10-18,train,84270,820,820,820,820
2010-10-18,train,84347,731,730,731,731
2010-10-18,train,84568,2899,2899,2899,1459
2010-10-18,train,84598,2884,2884,2884,1444
2010-10-18,train,84755,16,16,16,16
2010-10-18,train,84879,1736,1736,1736,736
2010-10-18,train,84946,378,372,378,378
2010-10-18,train,84991,466,464,466,466
2010-10-18,train,84992,321,319,321,321
2010-10-18,train,85099B,543,543,543,543
2010-10-18,train,85099C,282,282,282,282
2010-10-18,train,85099F,154,154,154,154
2010-10-18,train,85123A,702,702,702,702
2010-10-25,train,15036,1398,1398,1398,798
2010-10-25,train,16014,4100,4100,4100,4100
2010-10-25,train,17003,36,36,36,36
2010-10-25,train,20725,196,195,196,196
2010-10-25,train,21212,348,348,348,348
2010-10-25,train,21213,630,630,630,630
2010-10-25,train,21232,439,439,439,439
2010-10-25,train,21977,424,423,424,424
2010-10-25,train,21980,125,124,125,125
2010-10-25,train,21982,70,70,70,70
2010-10-25,train,21984,6,6,6,6
2010-10-25,train,22086,457,454,457,457
2010-10-25,train,22178,531,525,435,531
2010-10-25,train,22197,2545,2545,2545,1153
2010-10-25,train,22386,137,137,137,137
2010-10-25,train,71459,136,136,40,136
2010-10-25,train,84077,682,682,682,682
2010-10-25,train,84270,272,272,272,272
2010-10-25,train,84347,166,166,166,166
2010-10-25,train,84568,5,5,5,5
2010-10-25,train,84598,3,3,3,3
2010-10-25,train,84755,136,128,136,136
2010-10-25,train,84879,951,943,951,951
2010-10-25,train,84946,397,391,397,397
2010-10-25,train,84991,407,406,407,407
2010-10-25,train,84992,290,290,290,290
2010-10-25,train,85099B,495,495,495,495
2010-10-25,train,85099C,243,243,243,243
2010-10-25,train,85099F,156,156,156,156
2010-10-25,train,85123A,1380,1378,1060,956
2010-11-01,train,15036,205,205,205,205
2010-11-01,train,16014,10,10,10,10
2010-11-01,train,17003,6780,6780,6780,5196
2010-11-01,train,20725,410,409,410,410
2010-11-01,train,21212,953,951,953,833
2010-11-01,train,21213,556,556,556,556
2010-11-01,train,21232,520,520,520,520
2010-11-01,train,21977,490,490,490,490
2010-11-01,train,21980,197,197,197,197
2010-11-01,train,21982,139,139,139,139
2010-11-01,train,21984,16,16,16,16
2010-11-01,train,22086,1525,1519,1525,829
2010-11-01,train,22178,1086,1050,1086,624
2010-11-01,train,22197,694,692,694,694
2010-11-01,train,22386,327,326,327,327
2010-11-01,train,71459,84,72,84,84
2010-11-01,train,84077,5301,5253,5301,2997
2010-11-01,train,84270,60,60,60,60
2010-11-01,train,84347,9679,9679,9679,919
2010-11-01,train,84568,32,32,32,32
2010-11-01,train,84598,7,7,7,7
2010-11-01,train,84755,178,178,178,178
2010-11-01,train,84879,936,936,936,936
2010-11-01,train,84946,511,511,511,511
2010-11-01,train,84991,600,600,600,480
2010-11-01,train,84992,410,410,410,290
2010-11-01,train,85099B,753,753,753,753
2010-11-01,train,85099C,181,181,181,181
2010-11-01,train,85099F,199,199,199,199
2010-11-01,train,85123A,994,989,994,994
2010-11-08,train,15036,130,130,130,130
2010-11-08,train,16014,6,6,6,6
2010-11-08,train,17003,548,548,548,548
2010-11-08,train,20725,254,253,254,254
2010-11-08,train,21212,800,794,800,800
2010-11-08,train,21213,186,185,186,186
2010-11-08,train,21232,958,958,958,886
2010-11-08,train,21977,491,491,491,491
2010-11-08,train,21980,211,211,211,211
2010-11-08,train,21982,356,356,356,356
2010-11-08,train,21984,205,205,205,205
2010-11-08,train,22086,1657,1656,1657,1173
2010-11-08,train,22178,1009,1003,1009,451
2010-11-08,train,22197,4087,4087,4087,2555
2010-11-08,train,22386,659,659,659,559
2010-11-08,train,71459,295,283,295,295
2010-11-08,train,84077,2556,2556,2556,2556
2010-11-08,train,84270,120,120,120,120
2010-11-08,train,84347,411,410,411,411
2010-11-08,train,84568,309,309,309,309
2010-11-08,train,84598,1748,1748,1748,1748
2010-11-08,train,84755,152,152,152,152
2010-11-08,train,84879,5584,5584,5584,1888
2010-11-08,train,84946,1297,1285,1297,937
2010-11-08,train,84991,490,489,490,490
2010-11-08,train,84992,113,109,113,113
2010-11-08,train,85099B,2103,2100,2101,1403
2010-11-08,train,85099C,676,676,676,576
2010-11-08,train,85099F,1171,1170,1171,771
2010-11-08,train,85123A,1604,1602,1604,1084
2010-11-15,train,15036,331,331,331,331
2010-11-15,train,16014,0,0,0,0
2010-11-15,train,17003,1522,1522,1522,1522
2010-11-15,train,20725,529,526,529,379
2010-11-15,train,21212,1495,1494,1495,1375
2010-11-15,train,21213,675,673,675,675
2010-11-15,train,21232,359,359,359,359
2010-11-15,train,21977,705,705,705,705
2010-11-15,train,21980,169,169,169,169
2010-11-15,train,21982,293,293,293,293
2010-11-15,train,21984,110,110,110,110
2010-11-15,train,22086,1772,1772,1772,1057
2010-11-15,train,22178,442,442,442,442
2010-11-15,train,22197,1722,1722,1722,1324
2010-11-15,train,22386,689,689,689,589
2010-11-15,train,71459,81,81,81,81
2010-11-15,train,84077,730,730,730,730
2010-11-15,train,84270,0,0,0,0
2010-11-15,train,84347,1414,1411,1414,1414
2010-11-15,train,84568,637,637,637,637
2010-11-15,train,84598,604,604,604,604
2010-11-15,train,84755,170,162,170,170
2010-11-15,train,84879,1404,1388,1404,1404
2010-11-15,train,84946,855,831,855,836
2010-11-15,train,84991,743,743,743,743
2010-11-15,train,84992,2094,2094,2094,654
2010-11-15,train,85099B,954,954,954,854
2010-11-15,train,85099C,438,438,438,438
2010-11-15,train,85099F,320,320,320,320
2010-11-15,train,85123A,819,816,819,819
2010-11-22,train,15036,903,903,903,903
2010-11-22,train,16014,0,0,0,0
2010-11-22,train,17003,1757,1757,1757,1757
2010-11-22,train,20725,287,287,287,287
2010-11-22,train,21212,1043,1043,1043,683
2010-11-22,train,21213,569,569,569,569
2010-11-22,train,21232,518,512,518,518
2010-11-22,train,21977,847,847,847,607
2010-11-22,train,21980,596,596,584,596
2010-11-22,train,21982,1004,1004,1004,1004
2010-11-22,train,21984,62,62,62,62
2010-11-22,train,22086,1744,1744,1744,1584
2010-11-22,train,22178,1857,1827,1569,837
2010-11-22,train,22197,2207,2207,2207,1711
2010-11-22,train,22386,253,252,253,253
2010-11-22,train,71459,136,136,136,136
2010-11-22,train,84077,629,629,629,629
2010-11-22,train,84270,0,0,0,0
2010-11-22,train,84347,647,647,647,647
2010-11-22,train,84568,1452,1452,1452,1452
2010-11-22,train,84598,5,5,5,5
2010-11-22,train,84755,80,80,80,80
2010-11-22,train,84879,867,859,707,867
2010-11-22,train,84946,1036,1024,1036,1036
2010-11-22,train,84991,214,214,214,214
2010-11-22,train,84992,233,233,233,233
2010-11-22,train,85099B,1192,1192,1192,1192
2010-11-22,train,85099C,216,216,216,216
2010-11-22,train,85099F,164,164,164,164
2010-11-22,train,85123A,2083,2080,1987,1679
2010-11-29,train,15036,130,130,130,130
2010-11-29,train,16014,14,14,14,14
2010-11-29,train,17003,798,798,798,798
2010-11-29,train,20725,203,203,203,203
2010-11-29,train,21212,1167,1167,1167,1167
2010-11-29,train,21213,161,161,161,161
2010-11-29,train,21232,882,878,882,810
2010-11-29,train,21977,356,356,356,356
2010-11-29,train,21980,109,109,109,109
2010-11-29,train,21982,213,212,213,213
2010-11-29,train,21984,44,44,44,44
2010-11-29,train,22086,1143,1138,1143,1143
2010-11-29,train,22178,218,218,218,218
2010-11-29,train,22197,575,575,575,575
2010-11-29,train,22386,252,251,252,252
2010-11-29,train,71459,332,332,332,332
2010-11-29,train,84077,3654,3654,3654,2790
2010-11-29,train,84270,33,33,33,33
2010-11-29,train,84347,908,901,908,908
2010-11-29,train,84568,0,0,0,0
2010-11-29,train,84598,3,3,3,3
2010-11-29,train,84755,284,284,284,284
2010-11-29,train,84879,1184,1176,1184,1104
2010-11-29,train,84946,683,683,683,611
2010-11-29,train,84991,334,332,334,334
2010-11-29,train,84992,162,162,162,162
2010-11-29,train,85099B,1417,1397,1417,1417
2010-11-29,train,85099C,290,280,290,290
2010-11-29,train,85099F,120,120,120,120
2010-11-29,train,85123A,1369,1369,1369,1337
2010-12-06,train,15036,21,21,21,21
2010-12-06,train,16014,1001,1001,1001,1001
2010-12-06,train,17003,227,227,227,227
2010-12-06,train,20725,233,232,233,233
2010-12-06,train,21212,1008,1008,1008,1008
2010-12-06,train,21213,214,214,214,214
2010-12-06,train,21232,377,377,377,377
2010-12-06,train,21977,208,208,208,208
2010-12-06,train,21980,22,22,22,22
2010-12-06,train,21982,116,116,116,116
2010-12-06,train,21984,18,16,18,18
2010-12-06,train,22086,1049,1047,1049,1049
2010-12-06,train,22178,525,525,525,525
2010-12-06,train,22197,892,892,892,892
2010-12-06,train,22386,260,260,260,260
2010-12-06,train,71459,340,340,340,340
2010-12-06,train,84077,513,513,513,513
2010-12-06,train,84270,14,14,14,14
2010-12-06,train,84347,661,661,661,661
2010-12-06,train,84568,68,68,68,68
2010-12-06,train,84598,21,21,21,21
2010-12-06,train,84755,144,144,144,144
2010-12-06,train,84879,669,661,669,669
2010-12-06,train,84946,857,851,857,857
2010-12-06,train,84991,218,218,218,218
2010-12-06,train,84992,99,99,99,99
2010-12-06,train,85099B,842,842,842,742
2010-12-06,train,85099C,449,449,449,449
2010-12-06,train,85099F,151,151,151,151
2010-12-06,train,85123A,1044,1044,1044,1044
2010-12-13,train,15036,35,35,35,35
2010-12-13,train,16014,14,14,14,14
2010-12-13,train,17003,90,90,90,90
2010-12-13,train,20725,177,177,177,177
2010-12-13,train,21212,424,424,424,424
2010-12-13,train,21213,131,131,131,131
2010-12-13,train,21232,312,310,312,312
2010-12-13,train,21977,141,141,141,141
2010-12-13,train,21980,77,77,77,77
2010-12-13,train,21982,44,44,44,44
2010-12-13,train,21984,95,95,95,95
2010-12-13,train,22086,597,597,597,597
2010-12-13,train,22178,593,593,593,515
2010-12-13,train,22197,981,980,981,981
2010-12-13,train,22386,97,97,97,97
2010-12-13,train,71459,32,32,32,32
2010-12-13,train,84077,549,549,549,549
2010-12-13,train,84270,0,0,0,0
2010-12-13,train,84347,765,765,765,765
2010-12-13,train,84568,57,57,57,57
2010-12-13,train,84598,24,24,24,24
2010-12-13,train,84755,160,160,160,160
2010-12-13,train,84879,614,614,614,614
2010-12-13,train,84946,646,646,646,646
2010-12-13,train,84991,285,284,285,285
2010-12-13,train,84992,95,95,95,95
2010-12-13,train,85099B,407,407,407,407
2010-12-13,train,85099C,127,127,127,127
2010-12-13,train,85099F,228,228,228,228
2010-12-13,train,85123A,1430,1430,930,1058
2010-12-20,train,15036,18,18,18,18
2010-12-20,train,16014,0,0,0,0
2010-12-20,train,17003,0,0,0,0
2010-12-20,train,20725,44,44,44,44
2010-12-20,train,21212,1027,1027,1027,307
2010-12-20,train,21213,513,513,513,513
2010-12-20,train,21232,47,47,47,47
2010-12-20,train,21977,510,510,510,390
2010-12-20,train,21980,0,0,0,0
2010-12-20,train,21982,51,51,51,51
2010-12-20,train,21984,5,5,5,5
2010-12-20,train,22086,125,125,125,125
2010-12-20,train,22178,130,130,130,130
2010-12-20,train,22197,204,204,204,204
2010-12-20,train,22386,9,9,9,9
2010-12-20,train,71459,60,60,60,60
2010-12-20,train,84077,100,100,100,100
2010-12-20,train,84270,0,0,0,0
2010-12-20,train,84347,184,184,184,184
2010-12-20,train,84568,0,0,0,0
2010-12-20,train,84598,13,13,13,13
2010-12-20,train,84755,8,8,8,8
2010-12-20,train,84879,16,16,16,16
2010-12-20,train,84946,85,85,85,85
2010-12-20,train,84991,511,511,511,271
2010-12-20,train,84992,723,723,723,243
2010-12-20,train,85099B,170,170,170,170
2010-12-20,train,85099C,117,117,117,117
2010-12-20,train,85099F,8,8,8,8
2010-12-20,train,85123A,173,173,173,173
2010-12-27,validation,15036,0,0,0,0
2010-12-27,validation,16014,0,0,0,0
2010-12-27,validation,17003,0,0,0,0
2010-12-27,validation,20725,0,0,0,0
2010-12-27,validation,21212,0,0,0,0
2010-12-27,validation,21213,0,0,0,0
2010-12-27,validation,21232,0,0,0,0
2010-12-27,validation,21977,0,0,0,0
2010-12-27,validation,21980,0,0,0,0
2010-12-27,validation,21982,0,0,0,0
2010-12-27,validation,21984,0,0,0,0
2010-12-27,validation,22086,0,0,0,0
2010-12-27,validation,22178,0,0,0,0
2010-12-27,validation,22197,0,0,0,0
2010-12-27,validation,22386,0,0,0,0
2010-12-27,validation,71459,0,0,0,0
2010-12-27,validation,84077,0,0,0,0
2010-12-27,validation,84270,0,0,0,0
2010-12-27,validation,84347,0,0,0,0
2010-12-27,validation,84568,0,0,0,0
2010-12-27,validation,84598,0,0,0,0
2010-12-27,validation,84755,0,0,0,0
2010-12-27,validation,84879,0,0,0,0
2010-12-27,validation,84946,0,0,0,0
2010-12-27,validation,84991,0,0,0,0
2010-12-27,validation,84992,0,0,0,0
2010-12-27,validation,85099B,0,0,0,0
2010-12-27,validation,85099C,0,0,0,0
2010-12-27,validation,85099F,0,0,0,0
2010-12-27,validation,85123A,0,0,0,0
2011-01-03,validation,15036,18,18,18,18
2011-01-03,validation,16014,0,0,0,0
2011-01-03,validation,17003,864,864,864,864
2011-01-03,validation,20725,418,418,318,418
2011-01-03,validation,21212,252,252,252,252
2011-01-03,validation,21213,127,127,127,127
2011-01-03,validation,21232,124,124,124,124
2011-01-03,validation,21977,155,155,155,155
2011-01-03,validation,21980,85,85,85,85
2011-01-03,validation,21982,205,205,205,205
2011-01-03,validation,21984,24,24,24,24
2011-01-03,validation,22086,16,16,16,16
2011-01-03,validation,22178,372,372,372,372
2011-01-03,validation,22197,795,795,785,699
2011-01-03,validation,22386,533,533,513,533
2011-01-03,validation,71459,108,108,108,108
2011-01-03,validation,84077,625,625,625,625
2011-01-03,validation,84270,0,0,0,0
2011-01-03,validation,84347,9,9,9,9
2011-01-03,validation,84568,0,0,0,0
2011-01-03,validation,84598,0,0,0,0
2011-01-03,validation,84755,224,200,224,224
2011-01-03,validation,84879,480,472,480,480
2011-01-03,validation,84946,328,328,328,328
2011-01-03,validation,84991,170,170,146,170
2011-01-03,validation,84992,237,237,237,237
2011-01-03,validation,85099B,1354,1354,1254,1154
2011-01-03,validation,85099C,507,507,477,507
2011-01-03,validation,85099F,684,684,684,584
2011-01-03,validation,85123A,967,967,967,845
2011-01-10,validation,15036,159,159,159,159
2011-01-10,validation,16014,0,0,0,0
2011-01-10,validation,17003,8,8,8,8
2011-01-10,validation,20725,282,282,282,282
2011-01-10,validation,21212,331,330,331,331
2011-01-10,validation,21213,132,132,132,132
2011-01-10,validation,21232,28,28,28,28
2011-01-10,validation,21977,83,83,83,83
2011-01-10,validation,21980,26,26,26,26
2011-01-10,validation,21982,15,15,15,15
2011-01-10,validation,21984,16,16,16,16
2011-01-10,validation,22086,6,6,6,6
2011-01-10,validation,22178,204,204,156,204
2011-01-10,validation,22197,344,344,344,344
2011-01-10,validation,22386,323,323,323,323
2011-01-10,validation,71459,348,348,348,348
2011-01-10,validation,84077,193,193,193,193
2011-01-10,validation,84270,0,0,0,0
2011-01-10,validation,84347,13,13,13,13
2011-01-10,validation,84568,24,24,24,24
2011-01-10,validation,84598,6,6,6,6
2011-01-10,validation,84755,56,56,56,56
2011-01-10,validation,84879,402,394,402,402
2011-01-10,validation,84946,97,97,97,97
2011-01-10,validation,84991,294,293,294,294
2011-01-10,validation,84992,122,121,122,122
2011-01-10,validation,85099B,185,185,185,185
2011-01-10,validation,85099C,76,76,76,76
2011-01-10,validation,85099F,341,341,341,341
2011-01-10,validation,85123A,3329,3328,3329,645
2011-01-17,validation,15036,39,39,39,39
2011-01-17,validation,16014,0,0,0,0
2011-01-17,validation,17003,831,831,831,831
2011-01-17,validation,20725,128,128,128,128
2011-01-17,validation,21212,145,145,145,145
2011-01-17,validation,21213,79,79,79,79
2011-01-17,validation,21232,124,124,124,124
2011-01-17,validation,21977,34,34,34,34
2011-01-17,validation,21980,62,62,62,62
2011-01-17,validation,21982,16,16,16,16
2011-01-17,validation,21984,3,3,3,3
2011-01-17,validation,22086,2,2,2,2
2011-01-17,validation,22178,327,327,327,327
2011-01-17,validation,22197,251,251,251,251
2011-01-17,validation,22386,73,73,73,73
2011-01-17,validation,71459,188,188,188,188
2011-01-17,validation,84077,0,0,0,0
2011-01-17,validation,84270,0,0,0,0
2011-01-17,validation,84347,11,11,11,11
2011-01-17,validation,84568,32,32,32,32
2011-01-17,validation,84598,40,40,40,40
2011-01-17,validation,84755,216,216,216,216
2011-01-17,validation,84879,139,139,139,139
2011-01-17,validation,84946,237,231,237,237
2011-01-17,validation,84991,34,34,34,34
2011-01-17,validation,84992,168,166,168,168
2011-01-17,validation,85099B,274,274,274,274
2011-01-17,validation,85099C,58,58,48,58
2011-01-17,validation,85099F,139,139,139,139
2011-01-17,validation,85123A,399,396,399,399
2011-01-24,validation,15036,112,112,112,112
2011-01-24,validation,16014,10,10,10,10
2011-01-24,validation,17003,1440,1440,1440,1440
2011-01-24,validation,20725,161,161,161,161
2011-01-24,validation,21212,533,531,533,533
2011-01-24,validation,21213,184,184,184,184
2011-01-24,validation,21232,158,158,158,158
2011-01-24,validation,21977,96,96,96,96
2011-01-24,validation,21980,66,66,66,66
2011-01-24,validation,21982,54,54,54,54
2011-01-24,validation,21984,4,4,4,4
2011-01-24,validation,22086,0,0,0,0
2011-01-24,validation,22178,333,327,333,255
2011-01-24,validation,22197,239,239,239,239
2011-01-24,validation,22386,189,189,189,189
2011-01-24,validation,71459,112,112,112,112
2011-01-24,validation,84077,530,530,530,530
2011-01-24,validation,84270,0,0,0,0
2011-01-24,validation,84347,1,1,1,1
2011-01-24,validation,84568,16,16,16,16
2011-01-24,validation,84598,4,4,4,4
2011-01-24,validation,84755,92,84,92,92
2011-01-24,validation,84879,344,336,344,344
2011-01-24,validation,84946,129,129,129,129
2011-01-24,validation,84991,124,124,124,124
2011-01-24,validation,84992,352,327,352,352
2011-01-24,validation,85099B,482,482,482,482
2011-01-24,validation,85099C,211,211,211,211
2011-01-24,validation,85099F,93,93,93,93
2011-01-24,validation,85123A,517,515,517,517
2011-01-31,validation,15036,1901,1901,1901,1301
2011-01-31,validation,16014,0,0,0,0
2011-01-31,validation,17003,110,110,110,110
2011-01-31,validation,20725,347,347,347,347
2011-01-31,validation,21212,486,486,486,486
2011-01-31,validation,21213,195,195,195,195
2011-01-31,validation,21232,154,154,154,154
2011-01-31,validation,21977,811,811,811,691
2011-01-31,validation,21980,546,546,546,546
2011-01-31,validation,21982,2,2,2,2
2011-01-31,validation,21984,487,487,487,487
2011-01-31,validation,22086,0,0,0,0
2011-01-31,validation,22178,470,470,470,470
2011-01-31,validation,22197,107,107,107,107
2011-01-31,validation,22386,225,225,225,225
2011-01-31,validation,71459,12,12,12,12
2011-01-31,validation,84077,2788,2788,2788,2212
2011-01-31,validation,84270,0,0,0,0
2011-01-31,validation,84347,12,12,12,12
2011-01-31,validation,84568,96,96,96,96
2011-01-31,validation,84598,101,101,101,101
2011-01-31,validation,84755,48,48,48,48
2011-01-31,validation,84879,705,705,705,705
2011-01-31,validation,84946,160,160,160,160
2011-01-31,validation,84991,337,337,337,337
2011-01-31,validation,84992,350,350,350,350
2011-01-31,validation,85099B,945,945,945,945
2011-01-31,validation,85099C,226,226,226,226
2011-01-31,validation,85099F,381,381,381,381
2011-01-31,validation,85123A,548,548,548,548
2011-02-07,validation,15036,68,68,68,68
2011-02-07,validation,16014,0,0,0,0
2011-02-07,validation,17003,0,0,0,0
2011-02-07,validation,20725,155,155,155,155
2011-02-07,validation,21212,299,299,299,299
2011-02-07,validation,21213,38,38,38,38
2011-02-07,validation,21232,101,101,101,101
2011-02-07,validation,21977,75,75,75,75
2011-02-07,validation,21980,13,13,13,13
2011-02-07,validation,21982,1297,1297,1297,433
2011-02-07,validation,21984,22,22,22,22
2011-02-07,validation,22086,0,0,0,0
2011-02-07,validation,22178,230,224,230,230
2011-02-07,validation,22197,227,227,227,227
2011-02-07,validation,22386,95,95,95,95
2011-02-07,validation,71459,205,205,205,205
2011-02-07,validation,84077,48,48,48,48
2011-02-07,validation,84270,0,0,0,0
2011-02-07,validation,84347,11,11,11,11
2011-02-07,validation,84568,0,0,0,0
2011-02-07,validation,84598,13,13,13,13
2011-02-07,validation,84755,208,208,208,208
2011-02-07,validation,84879,160,160,160,160
2011-02-07,validation,84946,413,413,413,341
2011-02-07,validation,84991,83,83,83,83
2011-02-07,validation,84992,172,172,172,172
2011-02-07,validation,85099B,278,278,278,278
2011-02-07,validation,85099C,69,69,69,69
2011-02-07,validation,85099F,70,70,70,70
2011-02-07,validation,85123A,503,503,503,481
2011-02-14,validation,15036,762,762,762,762
2011-02-14,validation,16014,1500,1500,1500,1500
2011-02-14,validation,17003,254,254,254,254
2011-02-14,validation,20725,249,249,249,249
2011-02-14,validation,21212,334,334,334,334
2011-02-14,validation,21213,179,179,179,179
2011-02-14,validation,21232,110,110,110,110
2011-02-14,validation,21977,320,320,320,320
2011-02-14,validation,21980,70,70,70,70
2011-02-14,validation,21982,43,43,43,43
2011-02-14,validation,21984,54,54,54,54
2011-02-14,validation,22086,2,2,2,2
2011-02-14,validation,22178,133,133,133,133
2011-02-14,validation,22197,1040,1038,1040,944
2011-02-14,validation,22386,409,409,409,309
2011-02-14,validation,71459,48,48,48,48
2011-02-14,validation,84077,424,424,424,424
2011-02-14,validation,84270,0,0,0,0
2011-02-14,validation,84347,5,5,5,5
2011-02-14,validation,84568,300,300,300,300
2011-02-14,validation,84598,311,311,311,311
2011-02-14,validation,84755,96,96,96,96
2011-02-14,validation,84879,564,564,564,564
2011-02-14,validation,84946,225,224,225,225
2011-02-14,validation,84991,235,235,235,235
2011-02-14,validation,84992,102,102,102,102
2011-02-14,validation,85099B,973,973,973,773
2011-02-14,validation,85099C,448,448,448,448
2011-02-14,validation,85099F,236,236,236,236
2011-02-14,validation,85123A,327,327,327,327
2011-02-21,validation,15036,128,128,128,128
2011-02-21,validation,16014,1,1,1,1
2011-02-21,validation,17003,0,0,0,0
2011-02-21,validation,20725,259,259,259,259
2011-02-21,validation,21212,550,550,550,550
2011-02-21,validation,21213,184,184,184,184
2011-02-21,validation,21232,439,439,439,439
2011-02-21,validation,21977,215,215,215,215
2011-02-21,validation,21980,144,144,144,144
2011-02-21,validation,21982,84,84,84,84
2011-02-21,validation,21984,25,25,25,25
2011-02-21,validation,22086,2,2,2,2
2011-02-21,validation,22178,510,510,510,348
2011-02-21,validation,22197,900,900,900,900
2011-02-21,validation,22386,160,160,160,160
2011-02-21,validation,71459,240,240,240,240
2011-02-21,validation,84077,257,257,257,257
2011-02-21,validation,84270,0,0,0,0
2011-02-21,validation,84347,6,6,6,6
2011-02-21,validation,84568,295,295,295,295
2011-02-21,validation,84598,11,11,11,11
2011-02-21,validation,84755,297,297,297,297
2011-02-21,validation,84879,328,328,328,328
2011-02-21,validation,84946,160,160,160,160
2011-02-21,validation,84991,170,170,170,170
2011-02-21,validation,84992,225,225,225,225
2011-02-21,validation,85099B,600,600,600,600
2011-02-21,validation,85099C,84,84,84,84
2011-02-21,validation,85099F,76,76,76,76
2011-02-21,validation,85123A,327,327,327,327
2011-02-28,validation,15036,91,91,91,91
2011-02-28,validation,16014,0,0,0,0
2011-02-28,validation,17003,144,144,144,144
2011-02-28,validation,20725,155,155,155,155
2011-02-28,validation,21212,521,521,521,521
2011-02-28,validation,21213,292,292,292,292
2011-02-28,validation,21232,306,306,306,306
2011-02-28,validation,21977,228,228,228,228
2011-02-28,validation,21980,6,6,6,6
2011-02-28,validation,21982,37,37,37,37
2011-02-28,validation,21984,24,24,24,24
2011-02-28,validation,22086,45,45,45,45
2011-02-28,validation,22178,394,394,394,394
2011-02-28,validation,22197,298,298,298,298
2011-02-28,validation,22386,154,154,154,154
2011-02-28,validation,71459,184,184,184,184
2011-02-28,validation,84077,1584,1584,1584,1584
2011-02-28,validation,84270,0,0,0,0
2011-02-28,validation,84347,3,3,3,3
2011-02-28,validation,84568,337,337,337,337
2011-02-28,validation,84598,18,18,18,18
2011-02-28,validation,84755,116,116,116,116
2011-02-28,validation,84879,181,181,181,181
2011-02-28,validation,84946,231,231,231,231
2011-02-28,validation,84991,134,134,134,134
2011-02-28,validation,84992,147,147,147,147
2011-02-28,validation,85099B,574,574,574,574
2011-02-28,validation,85099C,98,98,98,98
2011-02-28,validation,85099F,265,265,265,265
2011-02-28,validation,85123A,368,368,368,368
2011-03-07,validation,15036,369,369,369,369
2011-03-07,validation,16014,0,0,0,0
2011-03-07,validation,17003,252,252,252,252
2011-03-07,validation,20725,98,98,98,98
2011-03-07,validation,21212,526,525,526,526
2011-03-07,validation,21213,128,128,128,128
2011-03-07,validation,21232,304,304,304,304
2011-03-07,validation,21977,396,396,396,396
2011-03-07,validation,21980,40,40,40,40
2011-03-07,validation,21982,37,37,37,37
2011-03-07,validation,21984,12,12,12,12
2011-03-07,validation,22086,1,1,1,1
2011-03-07,validation,22178,290,290,290,290
2011-03-07,validation,22197,731,731,731,731
2011-03-07,validation,22386,354,354,354,354
2011-03-07,validation,71459,192,192,192,192
2011-03-07,validation,84077,1200,1200,1200,1200
2011-03-07,validation,84270,0,0,0,0
2011-03-07,validation,84347,2,2,2,2
2011-03-07,validation,84568,3,3,3,3
2011-03-07,validation,84598,0,0,0,0
2011-03-07,validation,84755,472,472,472,472
2011-03-07,validation,84879,610,610,610,610
2011-03-07,validation,84946,91,91,91,91
2011-03-07,validation,84991,334,334,334,334
2011-03-07,validation,84992,105,104,105,105
2011-03-07,validation,85099B,698,698,698,498
2011-03-07,validation,85099C,265,265,265,265
2011-03-07,validation,85099F,381,381,381,381
2011-03-07,validation,85123A,430,430,430,430
2011-03-14,validation,15036,1330,1330,1330,1330
2011-03-14,validation,16014,60,60,60,60
2011-03-14,validation,17003,2196,2196,2196,2196
2011-03-14,validation,20725,268,267,268,268
2011-03-14,validation,21212,799,799,799,799
2011-03-14,validation,21213,100,100,100,100
2011-03-14,validation,21232,74,74,74,74
2011-03-14,validation,21977,623,599,623,623
2011-03-14,validation,21980,48,48,48,48
2011-03-14,validation,21982,99,99,99,99
2011-03-14,validation,21984,24,24,24,24
2011-03-14,validation,22086,0,0,0,0
2011-03-14,validation,22178,642,642,642,564
2011-03-14,validation,22197,435,435,435,435
2011-03-14,validation,22386,1083,1083,1083,483
2011-03-14,validation,71459,392,392,392,392
2011-03-14,validation,84077,480,480,480,480
2011-03-14,validation,84270,0,0,0,0
2011-03-14,validation,84347,5,5,5,5
2011-03-14,validation,84568,47,47,47,47
2011-03-14,validation,84598,23,23,23,23
2011-03-14,validation,84755,156,148,156,156
2011-03-14,validation,84879,960,960,955,960
2011-03-14,validation,84946,396,396,396,396
2011-03-14,validation,84991,514,514,514,514
2011-03-14,validation,84992,616,616,616,376
2011-03-14,validation,85099B,1546,1546,1546,546
2011-03-14,validation,85099C,697,697,697,397
2011-03-14,validation,85099F,1012,1012,1012,312
2011-03-14,validation,85123A,446,446,446,446
2011-03-21,validation,15036,99,99,99,99
2011-03-21,validation,16014,1000,1000,1000,1000
2011-03-21,validation,17003,48,48,48,48
2011-03-21,validation,20725,336,336,336,336
2011-03-21,validation,21212,383,383,383,383
2011-03-21,validation,21213,160,160,160,160
2011-03-21,validation,21232,271,271,271,271
2011-03-21,validation,21977,384,384,384,384
2011-03-21,validation,21980,90,90,90,90
2011-03-21,validation,21982,102,102,102,102
2011-03-21,validation,21984,28,28,28,28
2011-03-21,validation,22086,42,42,42,42
2011-03-21,validation,22178,526,526,526,526
2011-03-21,validation,22197,225,225,225,225
2011-03-21,validation,22386,576,576,576,576
2011-03-21,validation,71459,232,232,232,232
2011-03-21,validation,84077,144,144,144,144
2011-03-21,validation,84270,0,0,0,0
2011-03-21,validation,84347,0,0,0,0
2011-03-21,validation,84568,81,81,81,81
2011-03-21,validation,84598,2,2,2,2
2011-03-21,validation,84755,264,264,264,264
2011-03-21,validation,84879,351,351,351,351
2011-03-21,validation,84946,367,367,367,367
2011-03-21,validation,84991,167,166,167,167
2011-03-21,validation,84992,39,39,39,39
2011-03-21,validation,85099B,1348,1348,1348,1248
2011-03-21,validation,85099C,437,437,437,437
2011-03-21,validation,85099F,666,666,666,666
2011-03-21,validation,85123A,353,353,353,353
2011-03-28,validation,15036,1229,1229,1229,1229
2011-03-28,validation,16014,0,0,0,0
2011-03-28,validation,17003,769,769,769,769
2011-03-28,validation,20725,517,517,517,517
2011-03-28,validation,21212,497,497,497,497
2011-03-28,validation,21213,204,204,204,204
2011-03-28,validation,21232,248,248,248,248
2011-03-28,validation,21977,338,338,338,338
2011-03-28,validation,21980,185,184,185,185
2011-03-28,validation,21982,197,196,197,197
2011-03-28,validation,21984,52,51,52,52
2011-03-28,validation,22086,3,3,3,3
2011-03-28,validation,22178,916,916,916,760
2011-03-28,validation,22197,1018,1018,1018,885
2011-03-28,validation,22386,375,375,375,375
2011-03-28,validation,71459,148,148,148,148
2011-03-28,validation,84077,3216,3216,3216,3216
2011-03-28,validation,84270,0,0,0,0
2011-03-28,validation,84347,3,3,3,3
2011-03-28,validation,84568,1740,1740,1740,1740
2011-03-28,validation,84598,288,288,288,288
2011-03-28,validation,84755,150,150,150,150
2011-03-28,validation,84879,401,401,401,401
2011-03-28,validation,84946,161,161,161,161
2011-03-28,validation,84991,448,447,448,448
2011-03-28,validation,84992,225,224,225,225
2011-03-28,validation,85099B,993,993,993,982
2011-03-28,validation,85099C,357,357,357,357
2011-03-28,validation,85099F,522,522,522,522
2011-03-28,validation,85123A,570,570,570,570
2011-04-04,validation,15036,111,111,111,111
2011-04-04,validation,16014,0,0,0,0
2011-04-04,validation,17003,146,146,146,146
2011-04-04,validation,20725,187,187,187,187
2011-04-04,validation,21212,597,595,573,597
2011-04-04,validation,21213,184,184,184,184
2011-04-04,validation,21232,128,128,128,128
2011-04-04,validation,21977,159,158,159,159
2011-04-04,validation,21980,72,72,72,72
2011-04-04,validation,21982,948,516,948,948
2011-04-04,validation,21984,36,36,36,36
2011-04-04,validation,22086,9,8,9,9
2011-04-04,validation,22178,469,469,457,469
2011-04-04,validation,22197,416,416,416,416
2011-04-04,validation,22386,105,105,105,105
2011-04-04,validation,71459,816,816,816,816
2011-04-04,validation,84077,392,392,392,392
2011-04-04,validation,84270,0,0,0,0
2011-04-04,validation,84347,0,0,0,0
2011-04-04,validation,84568,30,30,30,30
2011-04-04,validation,84598,13,13,13,13
2011-04-04,validation,84755,236,236,220,236
2011-04-04,validation,84879,753,753,753,753
2011-04-04,validation,84946,196,196,196,196
2011-04-04,validation,84991,223,221,223,223
2011-04-04,validation,84992,128,128,128,128
2011-04-04,validation,85099B,725,725,725,725
2011-04-04,validation,85099C,78,78,78,78
2011-04-04,validation,85099F,166,165,166,166
2011-04-04,validation,85123A,374,374,374,374
2011-04-11,validation,15036,864,864,864,864
2011-04-11,validation,16014,10,10,10,10
2011-04-11,validation,17003,73,73,73,73
2011-04-11,validation,20725,275,275,275,275
2011-04-11,validation,21212,552,550,552,552
2011-04-11,validation,21213,339,339,339,339
2011-04-11,validation,21232,142,142,142,142
2011-04-11,validation,21977,727,727,727,727
2011-04-11,validation,21980,98,98,98,98
2011-04-11,validation,21982,66,66,66,66
2011-04-11,validation,21984,0,0,0,0
2011-04-11,validation,22086,0,0,0,0
2011-04-11,validation,22178,626,626,626,626
2011-04-11,validation,22197,748,748,748,652
2011-04-11,validation,22386,119,119,119,119
2011-04-11,validation,71459,408,408,408,408
2011-04-11,validation,84077,2352,2352,2352,2352
2011-04-11,validation,84270,0,0,0,0
2011-04-11,validation,84347,0,0,0,0
2011-04-11,validation,84568,288,288,288,288
2011-04-11,validation,84598,0,0,0,0
2011-04-11,validation,84755,632,632,632,632
2011-04-11,validation,84879,815,815,815,815
2011-04-11,validation,84946,240,240,240,240
2011-04-11,validation,84991,453,451,453,453
2011-04-11,validation,84992,55,55,55,55
2011-04-11,validation,85099B,606,606,606,606
2011-04-11,validation,85099C,178,178,178,178
2011-04-11,validation,85099F,166,166,166,166
2011-04-11,validation,85123A,468,468,468,468
2011-04-18,validation,15036,174,174,174,174
2011-04-18,validation,16014,3,3,3,3
2011-04-18,validation,17003,11,11,11,11
2011-04-18,validation,20725,318,318,318,318
2011-04-18,validation,21212,1349,1349,1349,629
2011-04-18,validation,21213,1023,1023,1023,543
2011-04-18,validation,21232,139,139,139,139
2011-04-18,validation,21977,1249,1249,1249,649
2011-04-18,validation,21980,72,72,72,72
2011-04-18,validation,21982,26,26,26,26
2011-04-18,validation,21984,25,25,25,25
2011-04-18,validation,22086,1,1,1,1
2011-04-18,validation,22178,645,645,645,567
2011-04-18,validation,22197,220,220,220,220
2011-04-18,validation,22386,155,155,155,155
2011-04-18,validation,71459,262,262,262,262
2011-04-18,validation,84077,1351,1351,1351,1351
2011-04-18,validation,84270,0,0,0,0
2011-04-18,validation,84347,6,6,6,6
2011-04-18,validation,84568,36,36,36,36
2011-04-18,validation,84598,35,35,35,35
2011-04-18,validation,84755,604,604,604,604
2011-04-18,validation,84879,540,540,540,540
2011-04-18,validation,84946,259,259,259,259
2011-04-18,validation,84991,1182,1182,1182,462
2011-04-18,validation,84992,562,561,562,322
2011-04-18,validation,85099B,519,519,519,519
2011-04-18,validation,85099C,147,147,147,147
2011-04-18,validation,85099F,6,6,6,6
2011-04-18,validation,85123A,2422,2422,2422,620
2011-04-25,validation,15036,793,793,793,793
2011-04-25,validation,16014,10,10,10,10
2011-04-25,validation,17003,267,267,267,267
2011-04-25,validation,20725,154,154,154,154
2011-04-25,validation,21212,243,243,243,243
2011-04-25,validation,21213,152,152,152,152
2011-04-25,validation,21232,214,214,214,214
2011-04-25,validation,21977,183,183,183,183
2011-04-25,validation,21980,144,144,144,144
2011-04-25,validation,21982,144,144,144,144
2011-04-25,validation,21984,24,24,24,24
2011-04-25,validation,22086,0,0,0,0
2011-04-25,validation,22178,83,83,83,83
2011-04-25,validation,22197,310,310,310,310
2011-04-25,validation,22386,272,272,272,272
2011-04-25,validation,71459,233,233,233,233
2011-04-25,validation,84077,2592,2592,2592,2592
2011-04-25,validation,84270,0,0,0,0
2011-04-25,validation,84347,0,0,0,0
2011-04-25,validation,84568,0,0,0,0
2011-04-25,validation,84598,0,0,0,0
2011-04-25,validation,84755,298,298,298,298
2011-04-25,validation,84879,244,244,244,244
2011-04-25,validation,84946,161,161,161,161
2011-04-25,validation,84991,222,222,222,222
2011-04-25,validation,84992,43,43,43,43
2011-04-25,validation,85099B,375,375,375,375
2011-04-25,validation,85099C,278,278,278,278
2011-04-25,validation,85099F,100,100,100,100
2011-04-25,validation,85123A,366,366,366,366
2011-05-02,validation,15036,972,972,972,972
2011-05-02,validation,16014,2601,2601,2601,2601
2011-05-02,validation,17003,78,78,78,78
2011-05-02,validation,20725,219,219,219,219
2011-05-02,validation,21212,428,427,428,428
2011-05-02,validation,21213,266,265,266,266
2011-05-02,validation,21232,238,238,238,238
2011-05-02,validation,21977,291,291,291,291
2011-05-02,validation,21980,230,230,230,230
2011-05-02,validation,21982,84,84,84,84
2011-05-02,validation,21984,50,50,50,50
2011-05-02,validation,22086,4,4,4,4
2011-05-02,validation,22178,588,588,588,510
2011-05-02,validation,22197,372,372,372,372
2011-05-02,validation,22386,154,154,154,154
2011-05-02,validation,71459,776,776,776,776
2011-05-02,validation,84077,869,869,869,869
2011-05-02,validation,84270,0,0,0,0
2011-05-02,validation,84347,0,0,0,0
2011-05-02,validation,84568,19,19,19,19
2011-05-02,validation,84598,15,15,15,15
2011-05-02,validation,84755,792,792,792,792
2011-05-02,validation,84879,522,522,522,522
2011-05-02,validation,84946,380,380,380,380
2011-05-02,validation,84991,265,264,265,265
2011-05-02,validation,84992,183,182,183,183
2011-05-02,validation,85099B,320,320,320,320
2011-05-02,validation,85099C,248,248,248,248
2011-05-02,validation,85099F,0,0,0,0
2011-05-02,validation,85123A,1132,1132,1132,1004
2011-05-09,validation,15036,898,898,898,898
2011-05-09,validation,16014,110,110,110,110
2011-05-09,validation,17003,510,510,510,510
2011-05-09,validation,20725,470,470,470,470
2011-05-09,validation,21212,349,349,349,349
2011-05-09,validation,21213,104,104,104,104
2011-05-09,validation,21232,136,136,136,136
2011-05-09,validation,21977,448,448,448,448
2011-05-09,validation,21980,84,84,84,84
2011-05-09,validation,21982,93,93,93,93
2011-05-09,validation,21984,48,48,48,48
2011-05-09,validation,22086,13,13,13,13
2011-05-09,validation,22178,566,562,566,566
2011-05-09,validation,22197,381,375,381,381
2011-05-09,validation,22386,371,371,371,371
2011-05-09,validation,71459,580,580,580,580
2011-05-09,validation,84077,672,672,672,672
2011-05-09,validation,84270,0,0,0,0
2011-05-09,validation,84347,48,48,48,48
2011-05-09,validation,84568,308,308,308,308
2011-05-09,validation,84598,3,3,3,3
2011-05-09,validation,84755,724,724,724,724
2011-05-09,validation,84879,905,905,905,905
2011-05-09,validation,84946,242,242,242,242
2011-05-09,validation,84991,218,218,218,218
2011-05-09,validation,84992,87,86,87,87
2011-05-09,validation,85099B,1076,1076,1076,1076
2011-05-09,validation,85099C,246,246,246,246
2011-05-09,validation,85099F,428,418,428,428
2011-05-09,validation,85123A,837,837,825,837
2011-05-16,validation,15036,1031,1031,1031,1031
2011-05-16,validation,16014,0,0,0,0
2011-05-16,validation,17003,792,792,792,792
2011-05-16,validation,20725,335,335,335,335
2011-05-16,validation,21212,527,526,527,527
2011-05-16,validation,21213,34,34,34,34
2011-05-16,validation,21232,233,233,233,233
2011-05-16,validation,21977,149,149,149,149
2011-05-16,validation,21980,557,557,557,557
2011-05-16,validation,21982,555,555,555,555
2011-05-16,validation,21984,1,1,1,1
2011-05-16,validation,22086,0,0,0,0
2011-05-16,validation,22178,727,727,727,553
2011-05-16,validation,22197,1228,1226,1228,1228
2011-05-16,validation,22386,179,179,179,179
2011-05-16,validation,71459,168,168,168,168
2011-05-16,validation,84077,960,960,960,960
2011-05-16,validation,84270,0,0,0,0
2011-05-16,validation,84347,0,0,0,0
2011-05-16,validation,84568,288,288,288,288
2011-05-16,validation,84598,0,0,0,0
2011-05-16,validation,84755,578,578,578,578
2011-05-16,validation,84879,563,563,563,563
2011-05-16,validation,84946,411,411,411,411
2011-05-16,validation,84991,208,207,208,208
2011-05-16,validation,84992,88,88,88,88
2011-05-16,validation,85099B,868,868,868,868
2011-05-16,validation,85099C,302,302,302,302
2011-05-16,validation,85099F,142,142,142,142
2011-05-16,validation,85123A,751,751,751,751
2011-05-23,validation,15036,397,397,397,397
2011-05-23,validation,16014,0,0,0,0
2011-05-23,validation,17003,793,793,793,793
2011-05-23,validation,20725,424,424,424,424
2011-05-23,validation,21212,288,288,288,288
2011-05-23,validation,21213,146,146,146,146
2011-05-23,validation,21232,126,126,126,126
2011-05-23,validation,21977,2825,2825,2825,485
2011-05-23,validation,21980,24,24,24,24
2011-05-23,validation,21982,24,24,24,24
2011-05-23,validation,21984,72,72,72,72
2011-05-23,validation,22086,0,0,0,0
2011-05-23,validation,22178,596,596,596,596
2011-05-23,validation,22197,4538,4538,4538,742
2011-05-23,validation,22386,560,556,560,460
2011-05-23,validation,71459,412,412,412,412
2011-05-23,validation,84077,480,480,480,480
2011-05-23,validation,84270,0,0,0,0
2011-05-23,validation,84347,12,12,12,12
2011-05-23,validation,84568,4,4,4,4
2011-05-23,validation,84598,20,20,20,20
2011-05-23,validation,84755,660,660,660,660
2011-05-23,validation,84879,381,381,381,381
2011-05-23,validation,84946,595,595,595,595
2011-05-23,validation,84991,133,133,133,133
2011-05-23,validation,84992,63,63,63,63
2011-05-23,validation,85099B,923,923,923,923
2011-05-23,validation,85099C,387,387,387,387
2011-05-23,validation,85099F,413,413,413,413
2011-05-23,validation,85123A,1020,1020,1020,540
2011-05-30,validation,15036,193,193,193,193
2011-05-30,validation,16014,0,0,0,0
2011-05-30,validation,17003,324,324,324,324
2011-05-30,validation,20725,171,170,171,171
2011-05-30,validation,21212,199,199,199,199
2011-05-30,validation,21213,252,252,252,252
2011-05-30,validation,21232,110,110,110,110
2011-05-30,validation,21977,15,15,15,15
2011-05-30,validation,21980,120,120,120,120
2011-05-30,validation,21982,79,79,79,79
2011-05-30,validation,21984,1,1,1,1
2011-05-30,validation,22086,0,0,0,0
2011-05-30,validation,22178,739,739,739,565
2011-05-30,validation,22197,492,492,492,492
2011-05-30,validation,22386,407,407,407,407
2011-05-30,validation,71459,176,176,176,176
2011-05-30,validation,84077,1349,1349,1349,1349
2011-05-30,validation,84270,0,0,0,0
2011-05-30,validation,84347,1,1,1,1
2011-05-30,validation,84568,297,297,297,297
2011-05-30,validation,84598,9,9,9,9
2011-05-30,validation,84755,480,480,480,480
2011-05-30,validation,84879,328,328,328,328
2011-05-30,validation,84946,269,269,269,269
2011-05-30,validation,84991,56,56,56,56
2011-05-30,validation,84992,28,28,28,28
2011-05-30,validation,85099B,261,261,261,261
2011-05-30,validation,85099C,200,200,200,200
2011-05-30,validation,85099F,403,403,403,403
2011-05-30,validation,85123A,628,628,628,414
2011-06-06,validation,15036,1562,1562,1562,1562
2011-06-06,validation,16014,20,20,20,20
2011-06-06,validation,17003,913,913,913,913
2011-06-06,validation,20725,565,564,565,565
2011-06-06,validation,21212,427,427,427,427
2011-06-06,validation,21213,130,130,130,130
2011-06-06,validation,21232,171,171,171,171
2011-06-06,validation,21977,313,313,313,313
2011-06-06,validation,21980,0,0,0,0
2011-06-06,validation,21982,30,30,30,30
2011-06-06,validation,21984,12,12,12,12
2011-06-06,validation,22086,2,2,2,2
2011-06-06,validation,22178,543,543,543,543
2011-06-06,validation,22197,374,374,374,374
2011-06-06,validation,22386,408,398,408,408
2011-06-06,validation,71459,164,164,164,164
2011-06-06,validation,84077,432,432,432,432
2011-06-06,validation,84270,0,0,0,0
2011-06-06,validation,84347,0,0,0,0
2011-06-06,validation,84568,288,288,288,288
2011-06-06,validation,84598,0,0,0,0
2011-06-06,validation,84755,460,460,460,460
2011-06-06,validation,84879,292,292,292,292
2011-06-06,validation,84946,576,576,576,504
2011-06-06,validation,84991,90,90,90,90
2011-06-06,validation,84992,90,90,90,90
2011-06-06,validation,85099B,773,773,773,773
2011-06-06,validation,85099C,141,141,141,141
2011-06-06,validation,85099F,423,422,423,423
2011-06-06,validation,85123A,351,351,351,351
2011-06-13,validation,15036,973,973,973,973
2011-06-13,validation,16014,12,12,12,12
2011-06-13,validation,17003,837,837,837,837
2011-06-13,validation,20725,186,185,186,186
2011-06-13,validation,21212,424,424,424,424
2011-06-13,validation,21213,239,239,239,239
2011-06-13,validation,21232,74,74,74,74
2011-06-13,validation,21977,207,207,207,207
2011-06-13,validation,21980,52,52,52,52
2011-06-13,validation,21982,52,52,52,52
2011-06-13,validation,21984,88,88,88,88
2011-06-13,validation,22086,1,1,1,1
2011-06-13,validation,22178,276,276,276,276
2011-06-13,validation,22197,408,408,408,408
2011-06-13,validation,22386,233,233,233,233
2011-06-13,validation,71459,422,422,422,422
2011-06-13,validation,84077,145,145,145,145
2011-06-13,validation,84270,0,0,0,0
2011-06-13,validation,84347,2,2,2,2
2011-06-13,validation,84568,13,13,13,13
2011-06-13,validation,84598,24,24,24,24
2011-06-13,validation,84755,624,624,624,624
2011-06-13,validation,84879,270,270,270,270
2011-06-13,validation,84946,294,294,294,294
2011-06-13,validation,84991,160,160,160,160
2011-06-13,validation,84992,49,49,49,49
2011-06-13,validation,85099B,829,829,829,829
2011-06-13,validation,85099C,265,265,265,265
2011-06-13,validation,85099F,224,224,224,224
2011-06-13,validation,85123A,389,389,389,389
2011-06-20,validation,15036,145,145,145,145
2011-06-20,validation,16014,0,0,0,0
2011-06-20,validation,17003,864,864,864,864
2011-06-20,validation,20725,218,218,218,218
2011-06-20,validation,21212,109,109,109,109
2011-06-20,validation,21213,236,235,236,236
2011-06-20,validation,21232,117,109,117,117
2011-06-20,validation,21977,497,497,497,437
2011-06-20,validation,21980,58,58,58,58
2011-06-20,validation,21982,10,10,10,10
2011-06-20,validation,21984,30,18,30,30
2011-06-20,validation,22086,6,6,6,6
2011-06-20,validation,22178,110,110,110,110
2011-06-20,validation,22197,333,333,333,333
2011-06-20,validation,22386,551,551,551,451
2011-06-20,validation,71459,400,400,328,400
2011-06-20,validation,84077,385,385,385,385
2011-06-20,validation,84270,0,0,0,0
2011-06-20,validation,84347,1,1,1,1
2011-06-20,validation,84568,40,40,40,40
2011-06-20,validation,84598,0,0,0,0
2011-06-20,validation,84755,180,180,180,180
2011-06-20,validation,84879,262,262,262,262
2011-06-20,validation,84946,156,156,156,156
2011-06-20,validation,84991,94,94,94,94
2011-06-20,validation,84992,66,66,66,66
2011-06-20,validation,85099B,791,791,791,691
2011-06-20,validation,85099C,83,83,83,83
2011-06-20,validation,85099F,605,604,605,405
2011-06-20,validation,85123A,224,224,224,224
2011-06-27,test,15036,131,131,131,131
2011-06-27,test,16014,0,0,0,0
2011-06-27,test,17003,88,88,88,88
2011-06-27,test,20725,183,183,183,183
2011-06-27,test,21212,123,123,123,123
2011-06-27,test,21213,101,101,101,101
2011-06-27,test,21232,104,104,104,104
2011-06-27,test,21977,136,136,136,136
2011-06-27,test,21980,6,6,6,6
2011-06-27,test,21982,12,12,12,12
2011-06-27,test,21984,36,36,36,36
2011-06-27,test,22086,365,365,365,165
2011-06-27,test,22178,349,349,349,271
2011-06-27,test,22197,394,394,394,394
2011-06-27,test,22386,356,356,356,356
2011-06-27,test,71459,216,216,216,216
2011-06-27,test,84077,243,243,243,243
2011-06-27,test,84270,0,0,0,0
2011-06-27,test,84347,3,3,3,3
2011-06-27,test,84568,288,288,288,288
2011-06-27,test,84598,0,0,0,0
2011-06-27,test,84755,360,360,360,360
2011-06-27,test,84879,276,276,276,276
2011-06-27,test,84946,372,372,372,300
2011-06-27,test,84991,65,65,65,65
2011-06-27,test,84992,0,0,0,0
2011-06-27,test,85099B,595,595,595,595
2011-06-27,test,85099C,181,181,181,181
2011-06-27,test,85099F,251,251,251,251
2011-06-27,test,85123A,252,252,252,252
2011-07-04,test,15036,1938,1938,1938,1338
2011-07-04,test,16014,20,20,20,20
2011-07-04,test,17003,318,318,318,318
2011-07-04,test,20725,293,293,293,293
2011-07-04,test,21212,1075,1072,1075,835
2011-07-04,test,21213,537,537,537,537
2011-07-04,test,21232,65,65,65,65
2011-07-04,test,21977,93,93,93,93
2011-07-04,test,21980,85,85,85,85
2011-07-04,test,21982,24,24,24,24
2011-07-04,test,21984,80,80,80,80
2011-07-04,test,22086,18,18,18,18
2011-07-04,test,22178,590,590,590,590
2011-07-04,test,22197,621,621,621,621
2011-07-04,test,22386,444,444,444,444
2011-07-04,test,71459,382,382,382,382
2011-07-04,test,84077,485,485,485,485
2011-07-04,test,84270,0,0,0,0
2011-07-04,test,84347,120,120,120,120
2011-07-04,test,84568,8,8,8,8
2011-07-04,test,84598,10,10,10,10
2011-07-04,test,84755,480,480,480,480
2011-07-04,test,84879,444,444,444,444
2011-07-04,test,84946,463,463,463,463
2011-07-04,test,84991,621,621,621,381
2011-07-04,test,84992,1537,1537,1537,337
2011-07-04,test,85099B,1324,1324,1324,1224
2011-07-04,test,85099C,324,324,324,324
2011-07-04,test,85099F,513,513,513,513
2011-07-04,test,85123A,258,258,258,258
2011-07-11,test,15036,328,328,328,328
2011-07-11,test,16014,0,0,0,0
2011-07-11,test,17003,1012,1012,1012,1012
2011-07-11,test,20725,201,201,201,201
2011-07-11,test,21212,205,205,205,205
2011-07-11,test,21213,206,206,206,206
2011-07-11,test,21232,121,121,121,121
2011-07-11,test,21977,118,118,118,118
2011-07-11,test,21980,41,41,41,41
2011-07-11,test,21982,7,7,7,7
2011-07-11,test,21984,26,26,26,26
2011-07-11,test,22086,10,10,4,10
2011-07-11,test,22178,154,154,154,154
2011-07-11,test,22197,105,105,105,105
2011-07-11,test,22386,315,315,315,315
2011-07-11,test,71459,376,376,376,376
2011-07-11,test,84077,1056,1056,1056,1056
2011-07-11,test,84270,0,0,0,0
2011-07-11,test,84347,0,0,0,0
2011-07-11,test,84568,583,583,583,583
2011-07-11,test,84598,0,0,0,0
2011-07-11,test,84755,324,324,324,324
2011-07-11,test,84879,362,362,362,362
2011-07-11,test,84946,96,96,96,96
2011-07-11,test,84991,85,85,85,85
2011-07-11,test,84992,55,55,55,55
2011-07-11,test,85099B,411,411,411,411
2011-07-11,test,85099C,93,93,93,93
2011-07-11,test,85099F,29,29,29,29
2011-07-11,test,85123A,1169,1169,1169,785
2011-07-18,test,15036,510,510,510,510
2011-07-18,test,16014,0,0,0,0
2011-07-18,test,17003,289,289,289,289
2011-07-18,test,20725,415,415,315,415
2011-07-18,test,21212,311,311,311,311
2011-07-18,test,21213,160,160,160,160
2011-07-18,test,21232,141,141,141,141
2011-07-18,test,21977,1331,1331,1331,851
2011-07-18,test,21980,121,121,121,121
2011-07-18,test,21982,153,153,153,153
2011-07-18,test,21984,31,31,31,31
2011-07-18,test,22086,14,14,14,14
2011-07-18,test,22178,496,496,496,470
2011-07-18,test,22197,609,609,609,609
2011-07-18,test,22386,287,287,287,287
2011-07-18,test,71459,236,236,236,236
2011-07-18,test,84077,630,630,630,630
2011-07-18,test,84270,0,0,0,0
2011-07-18,test,84347,1,1,1,1
2011-07-18,test,84568,44,44,44,44
2011-07-18,test,84598,4,4,4,4
2011-07-18,test,84755,472,472,472,472
2011-07-18,test,84879,511,511,511,511
2011-07-18,test,84946,507,507,507,363
2011-07-18,test,84991,124,124,124,124
2011-07-18,test,84992,157,157,157,157
2011-07-18,test,85099B,712,712,712,712
2011-07-18,test,85099C,210,210,210,210
2011-07-18,test,85099F,120,120,120,120
2011-07-18,test,85123A,687,684,687,687
2011-07-25,test,15036,638,638,638,638
2011-07-25,test,16014,0,0,0,0
2011-07-25,test,17003,149,149,149,149
2011-07-25,test,20725,345,345,345,345
2011-07-25,test,21212,531,531,531,531
2011-07-25,test,21213,207,207,207,207
2011-07-25,test,21232,95,95,95,95
2011-07-25,test,21977,406,406,406,406
2011-07-25,test,21980,97,97,97,97
2011-07-25,test,21982,62,62,62,62
2011-07-25,test,21984,37,37,37,37
2011-07-25,test,22086,167,167,167,167
2011-07-25,test,22178,236,236,236,236
2011-07-25,test,22197,388,388,388,388
2011-07-25,test,22386,403,403,403,403
2011-07-25,test,71459,96,96,96,96
2011-07-25,test,84077,727,727,679,727
2011-07-25,test,84270,0,0,0,0
2011-07-25,test,84347,6,6,6,6
2011-07-25,test,84568,4384,2944,4384,4384
2011-07-25,test,84598,22,22,22,22
2011-07-25,test,84755,306,306,306,306
2011-07-25,test,84879,400,392,400,400
2011-07-25,test,84946,159,159,159,159
2011-07-25,test,84991,234,234,234,234
2011-07-25,test,84992,12,12,12,12
2011-07-25,test,85099B,540,540,540,540
2011-07-25,test,85099C,164,164,164,164
2011-07-25,test,85099F,434,433,434,434
2011-07-25,test,85123A,756,756,756,404
2011-08-01,test,15036,223,223,223,223
2011-08-01,test,16014,0,0,0,0
2011-08-01,test,17003,146,110,146,146
2011-08-01,test,20725,583,582,583,533
2011-08-01,test,21212,301,301,301,301
2011-08-01,test,21213,121,121,121,121
2011-08-01,test,21232,141,141,141,141
2011-08-01,test,21977,223,223,223,223
2011-08-01,test,21980,9,9,9,9
2011-08-01,test,21982,87,83,87,87
2011-08-01,test,21984,28,28,28,28
2011-08-01,test,22086,155,155,155,155
2011-08-01,test,22178,800,800,800,722
2011-08-01,test,22197,2178,2178,2178,782
2011-08-01,test,22386,362,362,362,362
2011-08-01,test,71459,264,264,264,264
2011-08-01,test,84077,98,98,98,98
2011-08-01,test,84270,0,0,0,0
2011-08-01,test,84347,12,12,12,12
2011-08-01,test,84568,52,52,52,52
2011-08-01,test,84598,36,36,36,36
2011-08-01,test,84755,228,228,228,228
2011-08-01,test,84879,3792,3792,3792,1152
2011-08-01,test,84946,577,577,577,433
2011-08-01,test,84991,200,197,200,200
2011-08-01,test,84992,249,249,249,249
2011-08-01,test,85099B,1026,1026,1026,926
2011-08-01,test,85099C,264,264,264,264
2011-08-01,test,85099F,537,537,537,537
2011-08-01,test,85123A,423,423,423,423
2011-08-08,test,15036,268,268,268,268
2011-08-08,test,16014,10,10,10,10
2011-08-08,test,17003,144,144,144,144
2011-08-08,test,20725,575,575,575,575
2011-08-08,test,21212,263,263,263,263
2011-08-08,test,21213,64,64,64,64
2011-08-08,test,21232,119,119,119,119
2011-08-08,test,21977,224,224,224,224
2011-08-08,test,21980,38,38,38,38
2011-08-08,test,21982,53,53,53,53
2011-08-08,test,21984,60,60,60,60
2011-08-08,test,22086,22,22,22,22
2011-08-08,test,22178,308,308,308,308
2011-08-08,test,22197,1663,1663,1663,1471
2011-08-08,test,22386,361,361,361,361
2011-08-08,test,71459,176,176,176,176
2011-08-08,test,84077,577,577,577,577
2011-08-08,test,84270,0,0,0,0
2011-08-08,test,84347,0,0,0,0
2011-08-08,test,84568,35,35,35,35
2011-08-08,test,84598,21,21,21,21
2011-08-08,test,84755,544,544,544,544
2011-08-08,test,84879,1315,1315,1315,587
2011-08-08,test,84946,163,163,163,163
2011-08-08,test,84991,316,316,316,316
2011-08-08,test,84992,83,83,83,83
2011-08-08,test,85099B,1123,1123,1123,1023
2011-08-08,test,85099C,252,252,252,252
2011-08-08,test,85099F,310,300,310,310
2011-08-08,test,85123A,390,390,390,390
2011-08-15,test,15036,60,60,60,60
2011-08-15,test,16014,1,1,1,1
2011-08-15,test,17003,78,78,78,78
2011-08-15,test,20725,373,372,373,373
2011-08-15,test,21212,1554,1554,1554,594
2011-08-15,test,21213,804,804,804,564
2011-08-15,test,21232,76,76,76,76
2011-08-15,test,21977,807,806,807,447
2011-08-15,test,21980,88,88,88,88
2011-08-15,test,21982,79,79,79,79
2011-08-15,test,21984,62,62,62,62
2011-08-15,test,22086,24,22,24,24
2011-08-15,test,22178,294,288,294,294
2011-08-15,test,22197,446,446,446,446
2011-08-15,test,22386,366,366,366,366
2011-08-15,test,71459,120,120,120,120
2011-08-15,test,84077,432,432,432,432
2011-08-15,test,84270,0,0,0,0
2011-08-15,test,84347,17,17,17,17
2011-08-15,test,84568,0,0,0,0
2011-08-15,test,84598,0,0,0,0
2011-08-15,test,84755,204,204,204,204
2011-08-15,test,84879,556,548,556,556
2011-08-15,test,84946,540,540,540,396
2011-08-15,test,84991,552,552,552,312
2011-08-15,test,84992,89,89,89,89
2011-08-15,test,85099B,976,976,976,976
2011-08-15,test,85099C,113,113,113,113
2011-08-15,test,85099F,328,328,328,328
2011-08-15,test,85123A,264,264,264,264
2011-08-22,test,15036,60,60,60,60
2011-08-22,test,16014,2034,2034,2034,2034
2011-08-22,test,17003,940,940,940,940
2011-08-22,test,20725,281,281,281,281
2011-08-22,test,21212,244,243,244,244
2011-08-22,test,21213,159,159,159,159
2011-08-22,test,21232,101,101,101,101
2011-08-22,test,21977,828,828,828,588
2011-08-22,test,21980,5,4,5,5
2011-08-22,test,21982,113,113,113,113
2011-08-22,test,21984,54,54,54,54
2011-08-22,test,22086,28,28,28,28
2011-08-22,test,22178,396,396,396,396
2011-08-22,test,22197,784,784,784,688
2011-08-22,test,22386,609,609,609,609
2011-08-22,test,71459,120,120,120,120
2011-08-22,test,84077,960,960,960,960
2011-08-22,test,84270,0,0,0,0
2011-08-22,test,84347,18,18,18,18
2011-08-22,test,84568,0,0,0,0
2011-08-22,test,84598,0,0,0,0
2011-08-22,test,84755,464,464,464,464
2011-08-22,test,84879,810,810,810,810
2011-08-22,test,84946,264,264,264,264
2011-08-22,test,84991,107,105,107,107
2011-08-22,test,84992,30,30,30,30
2011-08-22,test,85099B,1458,1358,1458,1358
2011-08-22,test,85099C,132,130,132,132
2011-08-22,test,85099F,862,862,862,762
2011-08-22,test,85123A,760,760,760,488
2011-08-29,test,15036,157,157,157,157
2011-08-29,test,16014,0,0,0,0
2011-08-29,test,17003,291,291,291,291
2011-08-29,test,20725,192,191,192,192
2011-08-29,test,21212,411,410,411,411
2011-08-29,test,21213,195,195,195,195
2011-08-29,test,21232,74,74,74,74
2011-08-29,test,21977,203,203,203,203
2011-08-29,test,21980,60,60,60,60
2011-08-29,test,21982,28,28,28,28
2011-08-29,test,21984,39,39,39,39
2011-08-29,test,22086,192,191,192,192
2011-08-29,test,22178,493,493,493,415
2011-08-29,test,22197,944,944,944,944
2011-08-29,test,22386,238,238,238,238
2011-08-29,test,71459,100,100,100,100
2011-08-29,test,84077,242,242,242,242
2011-08-29,test,84270,0,0,0,0
2011-08-29,test,84347,4,4,4,4
2011-08-29,test,84568,1532,1532,1532,1532
2011-08-29,test,84598,42,42,42,42
2011-08-29,test,84755,272,272,272,272
2011-08-29,test,84879,200,200,200,200
2011-08-29,test,84946,184,184,184,184
2011-08-29,test,84991,115,115,115,115
2011-08-29,test,84992,168,168,168,168
2011-08-29,test,85099B,677,677,677,677
2011-08-29,test,85099C,264,264,264,264
2011-08-29,test,85099F,278,278,278,278
2011-08-29,test,85123A,392,392,392,392
2011-09-05,test,15036,155,155,155,155
2011-09-05,test,16014,1000,1000,1000,1000
2011-09-05,test,17003,180,180,180,180
2011-09-05,test,20725,304,303,304,304
2011-09-05,test,21212,352,352,352,352
2011-09-05,test,21213,776,775,776,776
2011-09-05,test,21232,287,287,287,287
2011-09-05,test,21977,520,520,520,520
2011-09-05,test,21980,218,218,218,218
2011-09-05,test,21982,186,186,186,186
2011-09-05,test,21984,74,74,74,74
2011-09-05,test,22086,495,495,495,495
2011-09-05,test,22178,218,218,218,218
2011-09-05,test,22197,344,344,344,344
2011-09-05,test,22386,617,617,617,617
2011-09-05,test,71459,244,244,244,244
2011-09-05,test,84077,336,336,336,336
2011-09-05,test,84270,0,0,0,0
2011-09-05,test,84347,38,38,38,38
2011-09-05,test,84568,45,45,45,45
2011-09-05,test,84598,21,21,21,21
2011-09-05,test,84755,284,284,284,284
2011-09-05,test,84879,384,384,384,384
2011-09-05,test,84946,247,247,247,247
2011-09-05,test,84991,550,549,550,550
2011-09-05,test,84992,87,87,87,87
2011-09-05,test,85099B,536,536,536,536
2011-09-05,test,85099C,439,439,439,439
2011-09-05,test,85099F,189,189,189,189
2011-09-05,test,85123A,398,398,398,398
2011-09-12,test,15036,52,52,52,52
2011-09-12,test,16014,0,0,0,0
2011-09-12,test,17003,109,109,109,109
2011-09-12,test,20725,299,299,299,299
2011-09-12,test,21212,931,931,931,571
2011-09-12,test,21213,865,865,865,745
2011-09-12,test,21232,133,133,133,133
2011-09-12,test,21977,718,718,718,478
2011-09-12,test,21980,89,89,89,89
2011-09-12,test,21982,92,92,92,92
2011-09-12,test,21984,90,90,90,90
2011-09-12,test,22086,481,479,481,481
2011-09-12,test,22178,242,242,242,242
2011-09-12,test,22197,546,546,546,546
2011-09-12,test,22386,478,478,478,478
2011-09-12,test,71459,604,604,604,604
2011-09-12,test,84077,960,960,960,960
2011-09-12,test,84270,0,0,0,0
2011-09-12,test,84347,294,294,294,294
2011-09-12,test,84568,32,32,32,32
2011-09-12,test,84598,12,12,12,12
2011-09-12,test,84755,392,392,392,320
2011-09-12,test,84879,740,740,740,740
2011-09-12,test,84946,115,115,115,115
2011-09-12,test,84991,733,733,733,373
2011-09-12,test,84992,655,655,655,295
2011-09-12,test,85099B,743,741,743,743
2011-09-12,test,85099C,109,109,109,109
2011-09-12,test,85099F,302,302,302,302
2011-09-12,test,85123A,652,652,652,652
2011-09-19,test,15036,93,93,93,93
2011-09-19,test,16014,0,0,0,0
2011-09-19,test,17003,857,857,857,857
2011-09-19,test,20725,212,211,212,212
2011-09-19,test,21212,404,404,404,404
2011-09-19,test,21213,252,251,252,252
2011-09-19,test,21232,207,207,207,207
2011-09-19,test,21977,330,326,330,330
2011-09-19,test,21980,63,63,63,63
2011-09-19,test,21982,62,62,62,62
2011-09-19,test,21984,62,62,62,62
2011-09-19,test,22086,584,584,584,584
2011-09-19,test,22178,419,419,419,419
2011-09-19,test,22197,562,562,562,562
2011-09-19,test,22386,599,599,599,599
2011-09-19,test,71459,120,120,120,120
2011-09-19,test,84077,539,539,539,539
2011-09-19,test,84270,0,0,0,0
2011-09-19,test,84347,367,367,367,367
2011-09-19,test,84568,24,24,24,24
2011-09-19,test,84598,20,20,20,20
2011-09-19,test,84755,228,228,228,228
2011-09-19,test,84879,637,637,629,637
2011-09-19,test,84946,477,477,477,477
2011-09-19,test,84991,306,306,306,306
2011-09-19,test,84992,216,216,216,216
2011-09-19,test,85099B,1387,1387,1387,1387
2011-09-19,test,85099C,440,440,440,440
2011-09-19,test,85099F,509,509,509,509
2011-09-19,test,85123A,655,655,655,559
2011-09-26,test,15036,30,30,30,30
2011-09-26,test,16014,1,1,1,1
2011-09-26,test,17003,895,895,895,895
2011-09-26,test,20725,228,228,228,228
2011-09-26,test,21212,311,311,311,311
2011-09-26,test,21213,194,194,194,194
2011-09-26,test,21232,214,214,214,214
2011-09-26,test,21977,189,189,189,189
2011-09-26,test,21980,73,73,73,73
2011-09-26,test,21982,35,35,35,35
2011-09-26,test,21984,78,78,78,78
2011-09-26,test,22086,347,347,347,347
2011-09-26,test,22178,84,84,84,84
2011-09-26,test,22197,1663,1663,1663,1167
2011-09-26,test,22386,665,665,665,665
2011-09-26,test,71459,276,276,276,276
2011-09-26,test,84077,768,768,768,768
2011-09-26,test,84270,0,0,0,0
2011-09-26,test,84347,40,40,40,40
2011-09-26,test,84568,9,9,9,9
2011-09-26,test,84598,12,12,12,12
2011-09-26,test,84755,48,48,48,48
2011-09-26,test,84879,799,791,799,799
2011-09-26,test,84946,378,378,378,378
2011-09-26,test,84991,220,220,220,220
2011-09-26,test,84992,111,110,111,111
2011-09-26,test,85099B,889,889,889,889
2011-09-26,test,85099C,398,398,398,398
2011-09-26,test,85099F,206,204,206,206
2011-09-26,test,85123A,402,398,402,402
2011-10-03,test,15036,721,721,721,721
2011-10-03,test,16014,0,0,0,0
2011-10-03,test,17003,376,376,376,376
2011-10-03,test,20725,278,278,278,278
2011-10-03,test,21212,405,405,405,405
2011-10-03,test,21213,202,202,202,202
2011-10-03,test,21232,67,67,67,67
2011-10-03,test,21977,829,829,829,589
2011-10-03,test,21980,528,528,528,528
2011-10-03,test,21982,8,8,8,8
2011-10-03,test,21984,76,76,76,76
2011-10-03,test,22086,953,953,953,461
2011-10-03,test,22178,1459,1459,1459,613
2011-10-03,test,22197,799,799,799,799
2011-10-03,test,22386,1539,1539,1539,1039
2011-10-03,test,71459,168,168,168,168
2011-10-03,test,84077,989,893,989,989
2011-10-03,test,84270,0,0,0,0
2011-10-03,test,84347,178,178,178,178
2011-10-03,test,84568,0,0,0,0
2011-10-03,test,84598,20,20,20,20
2011-10-03,test,84755,288,288,288,288
2011-10-03,test,84879,573,573,573,573
2011-10-03,test,84946,342,342,342,342
2011-10-03,test,84991,157,157,157,157
2011-10-03,test,84992,161,161,161,161
2011-10-03,test,85099B,2636,2636,2496,1736
2011-10-03,test,85099C,276,276,146,276
2011-10-03,test,85099F,1172,1172,1052,772
2011-10-03,test,85123A,157,156,157,157
2011-10-10,test,15036,224,224,224,224
2011-10-10,test,16014,20,20,20,20
2011-10-10,test,17003,72,72,72,72
2011-10-10,test,20725,383,373,383,383
2011-10-10,test,21212,163,163,163,163
2011-10-10,test,21213,128,125,128,128
2011-10-10,test,21232,370,370,358,226
2011-10-10,test,21977,150,150,150,150
2011-10-10,test,21980,60,60,60,60
2011-10-10,test,21982,112,112,112,112
2011-10-10,test,21984,85,85,85,85
2011-10-10,test,22086,819,816,819,779
2011-10-10,test,22178,297,297,297,297
2011-10-10,test,22197,748,748,748,748
2011-10-10,test,22386,397,397,197,397
2011-10-10,test,71459,129,129,129,129
2011-10-10,test,84077,634,634,634,634
2011-10-10,test,84270,0,0,0,0
2011-10-10,test,84347,469,469,469,469
2011-10-10,test,84568,18,18,18,18
2011-10-10,test,84598,6,6,6,6
2011-10-10,test,84755,48,48,48,48
2011-10-10,test,84879,412,412,412,412
2011-10-10,test,84946,475,475,475,475
2011-10-10,test,84991,73,73,73,73
2011-10-10,test,84992,33,33,33,33
2011-10-10,test,85099B,847,847,547,747
2011-10-10,test,85099C,210,210,210,210
2011-10-10,test,85099F,151,151,51,151
2011-10-10,test,85123A,595,595,595,531
2011-10-17,test,15036,122,122,122,122
2011-10-17,test,16014,20,20,20,20
2011-10-17,test,17003,204,204,204,204
2011-10-17,test,20725,146,146,146,146
2011-10-17,test,21212,147,143,147,147
2011-10-17,test,21213,336,336,288,336
2011-10-17,test,21232,139,139,139,139
2011-10-17,test,21977,112,112,112,112
2011-10-17,test,21980,84,84,84,84
2011-10-17,test,21982,41,41,41,41
2011-10-17,test,21984,2,2,2,2
2011-10-17,test,22086,698,698,698,578
2011-10-17,test,22178,199,199,199,199
2011-10-17,test,22197,613,613,613,613
2011-10-17,test,22386,334,334,334,334
2011-10-17,test,71459,52,52,52,52
2011-10-17,test,84077,975,975,975,975
2011-10-17,test,84270,0,0,0,0
2011-10-17,test,84347,400,400,400,400
2011-10-17,test,84568,24,24,24,24
2011-10-17,test,84598,16,16,16,16
2011-10-17,test,84755,196,196,196,196
2011-10-17,test,84879,740,732,740,740
2011-10-17,test,84946,412,412,412,412
2011-10-17,test,84991,129,129,129,129
2011-10-17,test,84992,108,104,84,108
2011-10-17,test,85099B,725,725,725,625
2011-10-17,test,85099C,200,200,200,200
2011-10-17,test,85099F,433,433,433,433
2011-10-17,test,85123A,149,149,149,149
2011-10-24,test,15036,101,101,101,101
2011-10-24,test,16014,0,0,0,0
2011-10-24,test,17003,1684,1684,1684,1684
2011-10-24,test,20725,234,234,234,234
2011-10-24,test,21212,449,449,449,449
2011-10-24,test,21213,361,361,361,361
2011-10-24,test,21232,137,137,137,137
2011-10-24,test,21977,98,97,98,98
2011-10-24,test,21980,110,110,110,110
2011-10-24,test,21982,107,107,107,107
2011-10-24,test,21984,38,38,38,38
2011-10-24,test,22086,752,752,632,752
2011-10-24,test,22178,1240,1240,1240,394
2011-10-24,test,22197,2775,2771,2775,1287
2011-10-24,test,22386,443,443,343,443
2011-10-24,test,71459,96,96,96,96
2011-10-24,test,84077,5328,5328,5328,2544
2011-10-24,test,84270,0,0,0,0
2011-10-24,test,84347,677,669,677,677
2011-10-24,test,84568,0,0,0,0
2011-10-24,test,84598,0,0,0,0
2011-10-24,test,84755,112,112,112,112
2011-10-24,test,84879,745,745,745,745
2011-10-24,test,84946,216,216,216,216
2011-10-24,test,84991,344,341,344,344
2011-10-24,test,84992,275,275,275,275
2011-10-24,test,85099B,590,590,490,590
2011-10-24,test,85099C,391,391,391,391
2011-10-24,test,85099F,30,30,30,30
2011-10-24,test,85123A,366,366,366,366
2011-10-31,test,15036,83,83,83,83
2011-10-31,test,16014,3021,3021,3021,3021
2011-10-31,test,17003,100,100,100,100
2011-10-31,test,20725,223,223,223,223
2011-10-31,test,21212,778,777,778,538
2011-10-31,test,21213,131,131,131,131
2011-10-31,test,21232,201,201,201,201
2011-10-31,test,21977,62,61,62,62
2011-10-31,test,21980,112,112,112,112
2011-10-31,test,21982,613,613,613,613
2011-10-31,test,21984,51,51,51,51
2011-10-31,test,22086,1717,1717,1717,817
2011-10-31,test,22178,353,353,353,353
2011-10-31,test,22197,1030,1029,1030,1030
2011-10-31,test,22386,293,292,293,293
2011-10-31,test,71459,100,100,100,100
2011-10-31,test,84077,974,974,974,974
2011-10-31,test,84270,0,0,0,0
2011-10-31,test,84347,319,319,319,319
2011-10-31,test,84568,30,30,30,30
2011-10-31,test,84598,32,32,32,32
2011-10-31,test,84755,108,108,108,108
2011-10-31,test,84879,912,912,912,912
2011-10-31,test,84946,841,823,841,841
2011-10-31,test,84991,215,215,215,215
2011-10-31,test,84992,42,42,42,42
2011-10-31,test,85099B,823,823,823,723
2011-10-31,test,85099C,90,80,90,90
2011-10-31,test,85099F,193,193,193,193
2011-10-31,test,85123A,1688,1686,1688,728
2011-11-07,test,15036,107,107,107,107
2011-11-07,test,16014,10,10,10,10
2011-11-07,test,17003,109,109,109,109
2011-11-07,test,20725,526,526,526,526
2011-11-07,test,21212,326,326,326,326
2011-11-07,test,21213,111,111,111,111
2011-11-07,test,21232,135,134,135,135
2011-11-07,test,21977,153,152,153,153
2011-11-07,test,21980,46,46,46,46
2011-11-07,test,21982,71,71,71,71
2011-11-07,test,21984,24,24,24,24
2011-11-07,test,22086,1273,1273,1273,915
2011-11-07,test,22178,192,192,192,192
2011-11-07,test,22197,3828,3828,3828,2316
2011-11-07,test,22386,516,516,516,516
2011-11-07,test,71459,232,232,232,232
2011-11-07,test,84077,1119,1119,1119,1119
2011-11-07,test,84270,0,0,0,0
2011-11-07,test,84347,584,582,584,584
2011-11-07,test,84568,43,43,43,43
2011-11-07,test,84598,24,24,24,24
2011-11-07,test,84755,308,308,308,308
2011-11-07,test,84879,1740,1732,1740,780
2011-11-07,test,84946,1043,1043,1043,1019
2011-11-07,test,84991,191,190,167,191
2011-11-07,test,84992,135,135,111,135
2011-11-07,test,85099B,2160,2159,2160,1360
2011-11-07,test,85099C,353,353,253,353
2011-11-07,test,85099F,301,301,301,301
2011-11-07,test,85123A,505,505,505,505
2011-11-14,test,15036,104,104,104,104
2011-11-14,test,16014,0,0,0,0
2011-11-14,test,17003,315,315,315,315
2011-11-14,test,20725,449,448,449,449
2011-11-14,test,21212,398,396,398,398
2011-11-14,test,21213,163,163,163,163
2011-11-14,test,21232,733,732,733,373
2011-11-14,test,21977,127,127,127,127
2011-11-14,test,21980,50,50,50,50
2011-11-14,test,21982,166,166,166,166
2011-11-14,test,21984,12,12,12,12
2011-11-14,test,22086,2149,2147,2149,1581
2011-11-14,test,22178,449,449,449,449
2011-11-14,test,22197,3121,3118,3121,2495
2011-11-14,test,22386,472,471,472,472
2011-11-14,test,71459,360,360,360,360
2011-11-14,test,84077,834,834,834,834
2011-11-14,test,84270,0,0,0,0
2011-11-14,test,84347,735,735,735,735
2011-11-14,test,84568,319,319,319,319
2011-11-14,test,84598,26,26,26,26
2011-11-14,test,84755,152,144,152,152
2011-11-14,test,84879,1102,1086,1102,1102
2011-11-14,test,84946,815,809,815,815
2011-11-14,test,84991,283,283,283,283
2011-11-14,test,84992,64,64,64,64
2011-11-14,test,85099B,1562,1562,1562,1292
2011-11-14,test,85099C,620,620,620,620
2011-11-14,test,85099F,196,196,196,196
2011-11-14,test,85123A,1168,1168,1168,804
2011-11-21,test,15036,237,237,237,237
2011-11-21,test,16014,514,514,514,514
2011-11-21,test,17003,474,474,474,474
2011-11-21,test,20725,256,256,256,256
2011-11-21,test,21212,270,269,270,270
2011-11-21,test,21213,64,64,64,64
2011-11-21,test,21232,165,165,165,165
2011-11-21,test,21977,365,365,365,365
2011-11-21,test,21980,43,43,43,43
2011-11-21,test,21982,97,96,97,97
2011-11-21,test,21984,55,55,55,55
2011-11-21,test,22086,1660,1659,1660,1500
2011-11-21,test,22178,343,342,343,265
2011-11-21,test,22197,2855,2855,2655,2359
2011-11-21,test,22386,253,253,253,253
2011-11-21,test,71459,60,60,60,60
2011-11-21,test,84077,867,867,867,867
2011-11-21,test,84270,0,0,0,0
2011-11-21,test,84347,1144,1144,1144,1144
2011-11-21,test,84568,362,362,362,362
2011-11-21,test,84598,21,21,21,21
2011-11-21,test,84755,348,348,348,348
2011-11-21,test,84879,957,946,957,957
2011-11-21,test,84946,541,541,541,541
2011-11-21,test,84991,336,333,336,336
2011-11-21,test,84992,57,55,57,57
2011-11-21,test,85099B,727,727,727,727
2011-11-21,test,85099C,203,203,203,203
2011-11-21,test,85099F,52,42,52,52
2011-11-21,test,85123A,552,551,552,552
2011-11-28,test,15036,143,143,143,143
2011-11-28,test,16014,11,11,11,11
2011-11-28,test,17003,130,130,130,130
2011-11-28,test,20725,321,321,321,321
2011-11-28,test,21212,426,426,426,426
2011-11-28,test,21213,186,186,186,186
2011-11-28,test,21232,379,379,379,299
2011-11-28,test,21977,239,239,239,239
2011-11-28,test,21980,30,30,30,30
2011-11-28,test,21982,27,27,27,27
2011-11-28,test,21984,14,14,14,14
2011-11-28,test,22086,1518,1516,1518,1518
2011-11-28,test,22178,755,749,755,755
2011-11-28,test,22197,3163,3159,3163,2667
2011-11-28,test,22386,416,416,416,316
2011-11-28,test,71459,124,124,124,124
2011-11-28,test,84077,689,689,689,689
2011-11-28,test,84270,0,0,0,0
2011-11-28,test,84347,687,686,687,687
2011-11-28,test,84568,354,354,354,354
2011-11-28,test,84598,41,41,41,41
2011-11-28,test,84755,40,40,40,40
2011-11-28,test,84879,953,953,953,953
2011-11-28,test,84946,489,489,489,489
2011-11-28,test,84991,112,112,112,112
2011-11-28,test,84992,161,161,161,161
2011-11-28,test,85099B,1009,1009,1009,809
2011-11-28,test,85099C,384,384,384,384
2011-11-28,test,85099F,426,426,426,426
2011-11-28,test,85123A,650,649,650,650
