week,factor,priority,budget,policy,allocated,shortfall,leftover,loss,coverage,unused,expected_loss
2011-06-27,0.5,0.5,5158,scenario,5158,1399,1071,1235.0,0.7449872402479037,0,2823.75
2011-06-27,0.5,0.5,5158,mean,5158,1646,1318,1482.0,0.6999635435654393,0,3122.2115384615386
2011-06-27,0.5,0.5,5158,seasonal,5158,2483,2155,2319.0,0.54739336492891,0,3403.75
2011-06-27,0.5,0.5,5158,equal,5158,2103,1775,1939.0,0.6166605905942398,0,3764.1346153846152
2011-06-27,0.5,0.5,5158,hindsight,5158,328,0,164.0,0.940211447320452,0,3446.0576923076924
2011-06-27,0.5,0.8,5158,scenario,5158,1399,1071,1333.4,0.7449872402479037,0,4036.0615384615385
2011-06-27,0.5,0.8,5158,mean,5158,1646,1318,1580.4,0.6999635435654393,0,4334.523076923077
2011-06-27,0.5,0.8,5158,seasonal,5158,2483,2155,2417.4,0.54739336492891,0,4616.0615384615385
2011-06-27,0.5,0.8,5158,equal,5158,2103,1775,2037.4,0.6166605905942398,0,4976.446153846154
2011-06-27,0.5,0.8,5158,hindsight,5158,328,0,262.4,0.940211447320452,0,4658.369230769231
2011-06-27,0.5,0.95,5158,scenario,5158,1399,1071,1382.6,0.7449872402479037,0,4642.217307692307
2011-06-27,0.5,0.95,5158,mean,5158,1646,1318,1629.6,0.6999635435654393,0,4940.678846153846
2011-06-27,0.5,0.95,5158,seasonal,5158,2483,2155,2466.6,0.54739336492891,0,5222.217307692307
2011-06-27,0.5,0.95,5158,equal,5158,2103,1775,2086.6,0.6166605905942398,0,5582.601923076923
2011-06-27,0.5,0.95,5158,hindsight,5158,328,0,311.6,0.940211447320452,0,5264.525
2011-06-27,0.75,0.5,7736,scenario,6321,1057,1892,1474.5,0.8073277433467007,1415,2739.903846153846
2011-06-27,0.75,0.5,7736,mean,7736,783,3033,1908.0,0.8572730586948596,0,3057.2115384615386
2011-06-27,0.75,0.5,7736,seasonal,7736,1857,4107,2982.0,0.6615020051039009,0,3510.1346153846152
2011-06-27,0.75,0.5,7736,equal,7736,1034,3284,2159.0,0.8115202333211812,0,3885.7115384615386
2011-06-27,0.75,0.5,7736,hindsight,5486,0,0,0.0,1.0,2250,3326.596153846154
2011-06-27,0.75,0.8,7736,scenario,7736,841,3091,1291.0,0.8467006926722567,0,3216.2
2011-06-27,0.75,0.8,7736,mean,7736,783,3033,1233.0,0.8572730586948596,0,3496.123076923077
2011-06-27,0.75,0.8,7736,seasonal,7736,1857,4107,2307.0,0.6615020051039009,0,3949.0461538461536
2011-06-27,0.75,0.8,7736,equal,7736,1034,3284,1484.0,0.8115202333211812,0,4324.623076923077
2011-06-27,0.75,0.8,7736,hindsight,5486,0,0,0.0,1.0,2250,4440.507692307692
2011-06-27,0.75,0.95,7736,scenario,7736,841,3091,953.5,0.8467006926722567,0,3435.6557692307692
2011-06-27,0.75,0.95,7736,mean,7736,783,3033,895.5,0.8572730586948596,0,3715.5788461538464
2011-06-27,0.75,0.95,7736,seasonal,7736,1857,4107,1969.5,0.6615020051039009,0,4168.501923076923
2011-06-27,0.75,0.95,7736,equal,7736,1034,3284,1146.5,0.8115202333211812,0,4544.078846153846
2011-06-27,0.75,0.95,7736,hindsight,5486,0,0,0.0,1.0,2250,4997.463461538461
2011-06-27,1.0,0.5,10315,scenario,6321,1057,1892,1474.5,0.8073277433467007,3994,2739.903846153846
2011-06-27,1.0,0.5,10315,mean,10315,500,5329,2914.5,0.9088589135982501,0,3333.326923076923
2011-06-27,1.0,0.5,10315,seasonal,10315,1509,6338,3923.5,0.7249362012395187,0,3954.903846153846
2011-06-27,1.0,0.5,10315,equal,10315,384,5213,2798.5,0.9300036456434561,0,4276.75
2011-06-27,1.0,0.5,10315,hindsight,5486,0,0,0.0,1.0,4829,3326.596153846154
2011-06-27,1.0,0.8,10315,scenario,10315,446,5275,1411.8,0.918702150929639,0,2740.8846153846152
2011-06-27,1.0,0.8,10315,mean,10315,500,5329,1465.8,0.9088589135982501,0,2998.5384615384614
2011-06-27,1.0,0.8,10315,seasonal,10315,1509,6338,2474.8,0.7249362012395187,0,3620.1153846153848
2011-06-27,1.0,0.8,10315,equal,10315,384,5213,1349.8,0.9300036456434561,0,3941.9615384615386
2011-06-27,1.0,0.8,10315,hindsight,5486,0,0,0.0,1.0,4829,4440.507692307692
2011-06-27,1.0,0.95,10315,scenario,10315,446,5275,687.45,0.918702150929639,0,2573.4903846153848
2011-06-27,1.0,0.95,10315,mean,10315,500,5329,741.45,0.9088589135982501,0,2831.144230769231
2011-06-27,1.0,0.95,10315,seasonal,10315,1509,6338,1750.45,0.7249362012395187,0,3452.721153846154
2011-06-27,1.0,0.95,10315,equal,10315,384,5213,625.45,0.9300036456434561,0,3774.5673076923076
2011-06-27,1.0,0.95,10315,hindsight,5486,0,0,0.0,1.0,4829,4997.463461538461
2011-06-27,1.25,0.5,12894,scenario,6321,1057,1892,1474.5,0.8073277433467007,6573,2739.903846153846
2011-06-27,1.25,0.5,12894,mean,10317,500,5331,2915.5,0.9088589135982501,2577,3333.7884615384614
2011-06-27,1.25,0.5,12894,seasonal,12894,1276,8684,4980.0,0.7674079475027342,0,4626.634615384615
2011-06-27,1.25,0.5,12894,equal,10317,383,5214,2798.5,0.9301859278162595,2577,4276.826923076923
2011-06-27,1.25,0.5,12894,hindsight,5486,0,0,0.0,1.0,7408,3326.596153846154
2011-06-27,1.25,0.8,12894,scenario,12695,359,7568,1800.8,0.9345606999635435,199,2558.230769230769
2011-06-27,1.25,0.8,12894,mean,10317,500,5331,1466.2,0.9088589135982501,2577,2998.4
2011-06-27,1.25,0.8,12894,seasonal,12894,1276,8684,2757.6,0.7674079475027342,0,3518.146153846154
2011-06-27,1.25,0.8,12894,equal,10317,383,5214,1349.2,0.9301859278162595,2577,3941.4384615384615
2011-06-27,1.25,0.8,12894,hindsight,5486,0,0,0.0,1.0,7408,4440.507692307692
2011-06-27,1.25,0.95,12894,scenario,12894,359,7767,729.4,0.9345606999635435,0,2005.5173076923077
2011-06-27,1.25,0.95,12894,mean,10317,500,5331,741.55,0.9088589135982501,2577,2830.7057692307694
2011-06-27,1.25,0.95,12894,seasonal,12894,1276,8684,1646.4,0.7674079475027342,0,2963.901923076923
2011-06-27,1.25,0.95,12894,equal,10317,383,5214,624.55,0.9301859278162595,2577,3773.744230769231
2011-06-27,1.25,0.95,12894,hindsight,5486,0,0,0.0,1.0,7408,4997.463461538461
2011-07-04,0.5,0.5,4745,scenario,4745,8689,264,4476.5,0.3402429764616553,0,2841.1346153846152
2011-07-04,0.5,0.5,4745,mean,4745,8766,341,4553.5,0.33439635535307516,0,3101.2884615384614
2011-07-04,0.5,0.5,4745,seasonal,4745,9055,630,4842.5,0.31245254365983294,0,3323.4423076923076
2011-07-04,0.5,0.5,4745,equal,4745,9641,1216,5428.5,0.2679574791192103,0,3754.480769230769
2011-07-04,0.5,0.5,4745,hindsight,4745,8425,0,4212.5,0.36028853454821563,0,5018.442307692308
2011-07-04,0.5,0.8,4745,scenario,4745,8689,264,7004.0,0.3402429764616553,0,4240.6461538461535
2011-07-04,0.5,0.8,4745,mean,4745,8766,341,7081.0,0.33439635535307516,0,4500.8
2011-07-04,0.5,0.8,4745,seasonal,4745,9055,630,7370.0,0.31245254365983294,0,4722.953846153846
2011-07-04,0.5,0.8,4745,equal,4745,9641,1216,7956.0,0.2679574791192103,0,5153.992307692308
2011-07-04,0.5,0.8,4745,hindsight,4745,8425,0,6740.0,0.36028853454821563,0,6417.953846153846
2011-07-04,0.5,0.95,4745,scenario,4745,8689,264,8267.75,0.3402429764616553,0,4940.401923076923
2011-07-04,0.5,0.95,4745,mean,4745,8766,341,8344.75,0.33439635535307516,0,5200.555769230769
2011-07-04,0.5,0.95,4745,seasonal,4745,9055,630,8633.75,0.31245254365983294,0,5422.709615384615
2011-07-04,0.5,0.95,4745,equal,4745,9641,1216,9219.75,0.2679574791192103,0,5853.748076923077
2011-07-04,0.5,0.95,4745,hindsight,4745,8425,0,8003.75,0.36028853454821563,0,7117.709615384615
2011-07-04,0.75,0.5,7117,scenario,6430,7196,456,3826.0,0.45360668185269554,687,2670.8653846153848
2011-07-04,0.75,0.5,7117,mean,7117,7100,1047,4073.5,0.46089597570235386,0,2915.25
2011-07-04,0.75,0.5,7117,seasonal,7117,7602,1549,4575.5,0.42277904328018223,0,3442.173076923077
2011-07-04,0.75,0.5,7117,equal,7117,8139,2086,5112.5,0.38200455580865605,0,3769.326923076923
2011-07-04,0.75,0.5,7117,hindsight,7117,6053,0,3026.5,0.5403948367501898,0,4646.596153846154
2011-07-04,0.75,0.8,7117,scenario,7117,6662,609,5451.4,0.4941533788914199,0,3360.9692307692308
2011-07-04,0.75,0.8,7117,mean,7117,7100,1047,5889.4,0.46089597570235386,0,3603.1615384615384
2011-07-04,0.75,0.8,7117,seasonal,7117,7602,1549,6391.4,0.42277904328018223,0,4130.084615384615
2011-07-04,0.75,0.8,7117,equal,7117,8139,2086,6928.4,0.38200455580865605,0,4457.238461538462
2011-07-04,0.75,0.8,7117,hindsight,7117,6053,0,4842.4,0.5403948367501898,0,5334.507692307692
2011-07-04,0.75,0.95,7117,scenario,7117,6662,609,6359.35,0.4941533788914199,0,3704.925
2011-07-04,0.75,0.95,7117,mean,7117,7100,1047,6797.35,0.46089597570235386,0,3947.117307692308
2011-07-04,0.75,0.95,7117,seasonal,7117,7602,1549,7299.35,0.42277904328018223,0,4474.040384615385
2011-07-04,0.75,0.95,7117,equal,7117,8139,2086,7836.35,0.38200455580865605,0,4801.194230769231
2011-07-04,0.75,0.95,7117,hindsight,7117,6053,0,5750.35,0.5403948367501898,0,5678.463461538461
2011-07-04,1.0,0.5,9489,scenario,6430,7196,456,3826.0,0.45360668185269554,3059,2670.8653846153848
2011-07-04,1.0,0.5,9489,mean,9489,5725,2044,3884.5,0.5652999240698557,0,3089.7884615384614
2011-07-04,1.0,0.5,9489,seasonal,9489,6419,2738,4578.5,0.5126044039483675,0,3912.403846153846
2011-07-04,1.0,0.5,9489,equal,9489,6720,3039,4879.5,0.489749430523918,0,4044.3653846153848
2011-07-04,1.0,0.5,9489,hindsight,9489,3681,0,1840.5,0.720501138952164,0,4539.673076923077
2011-07-04,1.0,0.8,9489,scenario,9489,5494,1813,4757.8,0.582839787395596,0,2845.1
2011-07-04,1.0,0.8,9489,mean,9489,5725,2044,4988.8,0.5652999240698557,0,3066.1
2011-07-04,1.0,0.8,9489,seasonal,9489,6419,2738,5682.8,0.5126044039483675,0,3888.7153846153847
2011-07-04,1.0,0.8,9489,equal,9489,6720,3039,5983.8,0.489749430523918,0,4020.6769230769232
2011-07-04,1.0,0.8,9489,hindsight,9489,3681,0,2944.8,0.720501138952164,0,4515.984615384616
2011-07-04,1.0,0.95,9489,scenario,9489,5494,1813,5309.95,0.582839787395596,0,2833.255769230769
2011-07-04,1.0,0.95,9489,mean,9489,5725,2044,5540.95,0.5652999240698557,0,3054.255769230769
2011-07-04,1.0,0.95,9489,seasonal,9489,6419,2738,6234.95,0.5126044039483675,0,3876.871153846154
2011-07-04,1.0,0.95,9489,equal,9489,6720,3039,6535.95,0.489749430523918,0,4008.8326923076925
2011-07-04,1.0,0.95,9489,hindsight,9489,3681,0,3496.95,0.720501138952164,0,4504.140384615384
2011-07-04,1.25,0.5,11861,scenario,6430,7196,456,3826.0,0.45360668185269554,5431,2670.8653846153848
2011-07-04,1.25,0.5,11861,mean,9490,5725,2045,3885.0,0.5652999240698557,2371,3090.173076923077
2011-07-04,1.25,0.5,11861,seasonal,10070,6162,3062,4612.0,0.532118451025057,1791,4061.903846153846
2011-07-04,1.25,0.5,11861,equal,9490,6720,3040,4880.0,0.489749430523918,2371,4044.75
2011-07-04,1.25,0.5,11861,hindsight,11861,1309,0,654.5,0.9006074411541382,0,5003.634615384615
2011-07-04,1.25,0.8,11861,scenario,11861,4367,3058,4105.2,0.6684130599848139,0,2566.4615384615386
2011-07-04,1.25,0.8,11861,mean,9490,5725,2045,4989.0,0.5652999240698557,2371,3066.1846153846154
2011-07-04,1.25,0.8,11861,seasonal,10070,6162,3062,5542.0,0.532118451025057,1791,3863.9153846153845
2011-07-04,1.25,0.8,11861,equal,9490,6720,3040,5984.0,0.489749430523918,2371,4020.7615384615383
2011-07-04,1.25,0.8,11861,hindsight,11861,1309,0,1047.2,0.9006074411541382,0,4268.346153846154
2011-07-04,1.25,0.95,11861,scenario,11861,4367,3058,4301.55,0.6684130599848139,0,2198.8173076923076
2011-07-04,1.25,0.95,11861,mean,9490,5725,2045,5541.0,0.5652999240698557,2371,3054.1903846153846
2011-07-04,1.25,0.95,11861,seasonal,10070,6162,3062,6007.0,0.532118451025057,1791,3764.9211538461536
2011-07-04,1.25,0.95,11861,equal,9490,6720,3040,6536.0,0.489749430523918,2371,4008.767307692308
2011-07-04,1.25,0.95,11861,hindsight,11861,1309,0,1243.55,0.9006074411541382,0,3900.701923076923
2011-07-11,0.5,0.5,4883,scenario,4883,3692,1087,2389.5,0.5069444444444444,0,2879.730769230769
2011-07-11,0.5,0.5,4883,mean,4883,3770,1165,2467.5,0.4965277777777778,0,3131.923076923077
2011-07-11,0.5,0.5,4883,seasonal,4883,3885,1280,2582.5,0.4811698717948718,0,3446.8076923076924
2011-07-11,0.5,0.5,4883,equal,4883,4431,1826,3128.5,0.4082532051282051,0,3809.730769230769
2011-07-11,0.5,0.5,4883,hindsight,4883,2605,0,1302.5,0.6521100427350427,0,4258.2692307692305
2011-07-11,0.5,0.8,4883,scenario,4883,3692,1087,3171.0,0.5069444444444444,0,4278.1
2011-07-11,0.5,0.8,4883,mean,4883,3770,1165,3249.0,0.4965277777777778,0,4530.292307692308
2011-07-11,0.5,0.8,4883,seasonal,4883,3885,1280,3364.0,0.4811698717948718,0,4845.176923076923
2011-07-11,0.5,0.8,4883,equal,4883,4431,1826,3910.0,0.4082532051282051,0,5208.1
2011-07-11,0.5,0.8,4883,hindsight,4883,2605,0,2084.0,0.6521100427350427,0,5656.638461538461
2011-07-11,0.5,0.95,4883,scenario,4883,3692,1087,3561.75,0.5069444444444444,0,4977.284615384616
2011-07-11,0.5,0.95,4883,mean,4883,3770,1165,3639.75,0.4965277777777778,0,5229.476923076923
2011-07-11,0.5,0.95,4883,seasonal,4883,3885,1280,3754.75,0.4811698717948718,0,5544.361538461539
2011-07-11,0.5,0.95,4883,equal,4883,4431,1826,4300.75,0.4082532051282051,0,5907.284615384616
2011-07-11,0.5,0.95,4883,hindsight,4883,2605,0,2474.75,0.6521100427350427,0,6355.823076923077
2011-07-11,0.75,0.5,7324,scenario,6700,2866,2078,2472.0,0.6172542735042735,624,2715.230769230769
2011-07-11,0.75,0.5,7324,mean,7324,2811,2647,2729.0,0.6245993589743589,0,2946.846153846154
2011-07-11,0.75,0.5,7324,seasonal,7324,2924,2760,2842.0,0.6095085470085471,0,3505.3076923076924
2011-07-11,0.75,0.5,7324,equal,7324,3494,3330,3412.0,0.5333867521367521,0,3832.346153846154
2011-07-11,0.75,0.5,7324,hindsight,7324,164,0,82.0,0.9780982905982906,0,3686.769230769231
2011-07-11,0.75,0.8,7324,scenario,7324,2775,2611,2742.2,0.6294070512820513,0,3391.146153846154
2011-07-11,0.75,0.8,7324,mean,7324,2811,2647,2778.2,0.6245993589743589,0,3612.9153846153845
2011-07-11,0.75,0.8,7324,seasonal,7324,2924,2760,2891.2,0.6095085470085471,0,4171.376923076923
2011-07-11,0.75,0.8,7324,equal,7324,3494,3330,3461.2,0.5333867521367521,0,4498.415384615385
2011-07-11,0.75,0.8,7324,hindsight,7324,164,0,131.2,0.9780982905982906,0,4352.838461538461
2011-07-11,0.75,0.95,7324,scenario,7324,2775,2611,2766.8,0.6294070512820513,0,3724.1807692307693
2011-07-11,0.75,0.95,7324,mean,7324,2811,2647,2802.8,0.6245993589743589,0,3945.95
2011-07-11,0.75,0.95,7324,seasonal,7324,2924,2760,2915.8,0.6095085470085471,0,4504.411538461539
2011-07-11,0.75,0.95,7324,equal,7324,3494,3330,3485.8,0.5333867521367521,0,4831.45
2011-07-11,0.75,0.95,7324,hindsight,7324,164,0,155.8,0.9780982905982906,0,4685.873076923077
2011-07-11,1.0,0.5,9766,scenario,6700,2866,2078,2472.0,0.6172542735042735,3066,2715.230769230769
2011-07-11,1.0,0.5,9766,mean,9766,2100,4378,3239.0,0.719551282051282,0,3126.4615384615386
2011-07-11,1.0,0.5,9766,seasonal,9766,2193,4471,3332.0,0.7071314102564102,0,3872.730769230769
2011-07-11,1.0,0.5,9766,equal,9766,2694,4972,3833.0,0.6402243589743589,0,4119.538461538462
2011-07-11,1.0,0.5,9766,hindsight,7488,0,0,0.0,1.0,2278,3750.6923076923076
2011-07-11,1.0,0.8,9766,scenario,9766,1616,3894,2071.6,0.7841880341880342,0,2869.892307692308
2011-07-11,1.0,0.8,9766,mean,9766,2100,4378,2555.6,0.719551282051282,0,3059.9307692307693
2011-07-11,1.0,0.8,9766,seasonal,9766,2193,4471,2648.6,0.7071314102564102,0,3806.2
2011-07-11,1.0,0.8,9766,equal,9766,2694,4972,3149.6,0.6402243589743589,0,4053.007692307692
2011-07-11,1.0,0.8,9766,hindsight,7488,0,0,0.0,1.0,2278,4367.5615384615385
2011-07-11,1.0,0.95,9766,scenario,9766,1616,3894,1729.9,0.7841880341880342,0,2836.626923076923
2011-07-11,1.0,0.95,9766,mean,9766,2100,4378,2213.9,0.719551282051282,0,3026.6653846153845
2011-07-11,1.0,0.95,9766,seasonal,9766,2193,4471,2306.9,0.7071314102564102,0,3772.9346153846154
2011-07-11,1.0,0.95,9766,equal,9766,2694,4972,2807.9,0.6402243589743589,0,4019.742307692308
2011-07-11,1.0,0.95,9766,hindsight,7488,0,0,0.0,1.0,2278,4675.996153846154
2011-07-11,1.25,0.5,12207,scenario,6700,2866,2078,2472.0,0.6172542735042735,5507,2715.230769230769
2011-07-11,1.25,0.5,12207,mean,9766,2100,4378,3239.0,0.719551282051282,2441,3126.4615384615386
2011-07-11,1.25,0.5,12207,seasonal,10881,1959,5352,3655.5,0.7383814102564102,1326,4113.038461538462
2011-07-11,1.25,0.5,12207,equal,9766,2694,4972,3833.0,0.6402243589743589,2441,4119.538461538462
2011-07-11,1.25,0.5,12207,hindsight,7488,0,0,0.0,1.0,4719,3750.6923076923076
2011-07-11,1.25,0.8,12207,scenario,12207,1021,5740,1964.8,0.8636485042735043,0,2620.4
2011-07-11,1.25,0.8,12207,mean,9766,2100,4378,2555.6,0.719551282051282,2441,3059.9307692307693
2011-07-11,1.25,0.8,12207,seasonal,10881,1959,5352,2637.6,0.7383814102564102,1326,3712.007692307692
2011-07-11,1.25,0.8,12207,equal,9766,2694,4972,3149.6,0.6402243589743589,2441,4053.007692307692
2011-07-11,1.25,0.8,12207,hindsight,7488,0,0,0.0,1.0,4719,4367.5615384615385
2011-07-11,1.25,0.95,12207,scenario,12207,1021,5740,1256.95,0.8636485042735043,0,2220.9846153846156
2011-07-11,1.25,0.95,12207,mean,9766,2100,4378,2213.9,0.719551282051282,2441,3026.6653846153845
2011-07-11,1.25,0.95,12207,seasonal,10881,1959,5352,2128.65,0.7383814102564102,1326,3511.492307692308
2011-07-11,1.25,0.95,12207,equal,9766,2694,4972,2807.9,0.6402243589743589,2441,4019.742307692308
2011-07-11,1.25,0.95,12207,hindsight,7488,0,0,0.0,1.0,4719,4675.996153846154
2011-07-18,0.5,0.5,4621,scenario,4621,4681,19,2350.0,0.4957449100506302,0,2920.3653846153848
2011-07-18,0.5,0.5,4621,mean,4621,4828,166,2497.0,0.4799095120112033,0,3146.8653846153848
2011-07-18,0.5,0.5,4621,seasonal,4621,5169,507,2838.0,0.4431756975115803,0,3427.596153846154
2011-07-18,0.5,0.5,4621,equal,4621,5757,1095,3426.0,0.3798341053538727,0,3814.403846153846
2011-07-18,0.5,0.5,4621,hindsight,4621,4662,0,2331.0,0.49779166217817516,0,4408.673076923077
2011-07-18,0.5,0.8,4621,scenario,4621,4681,19,3748.6,0.4957449100506302,0,4397.8538461538465
2011-07-18,0.5,0.8,4621,mean,4621,4828,166,3895.6,0.4799095120112033,0,4624.3538461538465
2011-07-18,0.5,0.8,4621,seasonal,4621,5169,507,4236.6,0.4431756975115803,0,4905.084615384615
2011-07-18,0.5,0.8,4621,equal,4621,5757,1095,4824.6,0.3798341053538727,0,5291.892307692307
2011-07-18,0.5,0.8,4621,hindsight,4621,4662,0,3729.6,0.49779166217817516,0,5886.161538461539
2011-07-18,0.5,0.95,4621,scenario,4621,4681,19,4447.9,0.4957449100506302,0,5136.598076923077
2011-07-18,0.5,0.95,4621,mean,4621,4828,166,4594.9,0.4799095120112033,0,5363.098076923077
2011-07-18,0.5,0.95,4621,seasonal,4621,5169,507,4935.9,0.4431756975115803,0,5643.828846153846
2011-07-18,0.5,0.95,4621,equal,4621,5757,1095,5523.9,0.3798341053538727,0,6030.636538461538
2011-07-18,0.5,0.95,4621,hindsight,4621,4662,0,4428.9,0.49779166217817516,0,6624.905769230769
2011-07-18,0.75,0.5,6932,scenario,6625,2971,313,1642.0,0.679952601529678,307,2695.4423076923076
2011-07-18,0.75,0.5,6932,mean,6932,2986,635,1810.5,0.6783367445868792,0,2924.4423076923076
2011-07-18,0.75,0.5,6932,seasonal,6932,3877,1526,2701.5,0.5823548421846386,0,3348.326923076923
2011-07-18,0.75,0.5,6932,equal,6932,4537,2186,3361.5,0.5112571367014973,0,3798.096153846154
2011-07-18,0.75,0.5,6932,hindsight,6932,2351,0,1175.5,0.746741355165356,0,3832.673076923077
2011-07-18,0.75,0.8,6932,scenario,6932,2737,386,2266.8,0.7051599698373371,0,3479.630769230769
2011-07-18,0.75,0.8,6932,mean,6932,2986,635,2515.8,0.6783367445868792,0,3708.630769230769
2011-07-18,0.75,0.8,6932,seasonal,6932,3877,1526,3406.8,0.5823548421846386,0,4132.515384615384
2011-07-18,0.75,0.8,6932,equal,6932,4537,2186,4066.8,0.5112571367014973,0,4582.284615384616
2011-07-18,0.75,0.8,6932,hindsight,6932,2351,0,1880.8,0.746741355165356,0,4616.861538461539
2011-07-18,0.75,0.95,6932,scenario,6932,2737,386,2619.45,0.7051599698373371,0,3871.725
2011-07-18,0.75,0.95,6932,mean,6932,2986,635,2868.45,0.6783367445868792,0,4100.725
2011-07-18,0.75,0.95,6932,seasonal,6932,3877,1526,3759.45,0.5823548421846386,0,4524.609615384616
2011-07-18,0.75,0.95,6932,equal,6932,4537,2186,4419.45,0.5112571367014973,0,4974.378846153846
2011-07-18,0.75,0.95,6932,hindsight,6932,2351,0,2233.45,0.746741355165356,0,5008.955769230769
2011-07-18,1.0,0.5,9243,scenario,6625,2971,313,1642.0,0.679952601529678,2618,2695.4423076923076
2011-07-18,1.0,0.5,9243,mean,9243,1816,1776,1796.0,0.8043735861251751,0,3042.8653846153848
2011-07-18,1.0,0.5,9243,seasonal,9243,3003,2963,2983.0,0.6765054400517074,0,3603.4423076923076
2011-07-18,1.0,0.5,9243,equal,9243,3494,3454,3474.0,0.6236130561240978,0,4023.2884615384614
2011-07-18,1.0,0.5,9243,hindsight,9243,40,0,20.0,0.995691048152537,0,3340.7884615384614
2011-07-18,1.0,0.8,9243,scenario,9243,1986,1946,1978.0,0.7860605407734569,0,2915.369230769231
2011-07-18,1.0,0.8,9243,mean,9243,1816,1776,1808.0,0.8043735861251751,0,3133.753846153846
2011-07-18,1.0,0.8,9243,seasonal,9243,3003,2963,2995.0,0.6765054400517074,0,3694.3307692307694
2011-07-18,1.0,0.8,9243,equal,9243,3494,3454,3486.0,0.6236130561240978,0,4114.176923076923
2011-07-18,1.0,0.8,9243,hindsight,9243,40,0,32.0,0.995691048152537,0,3431.6769230769232
2011-07-18,1.0,0.95,9243,scenario,9243,1986,1946,1984.0,0.7860605407734569,0,2960.8134615384615
2011-07-18,1.0,0.95,9243,mean,9243,1816,1776,1814.0,0.8043735861251751,0,3179.1980769230768
2011-07-18,1.0,0.95,9243,seasonal,9243,3003,2963,3001.0,0.6765054400517074,0,3739.775
2011-07-18,1.0,0.95,9243,equal,9243,3494,3454,3492.0,0.6236130561240978,0,4159.621153846154
2011-07-18,1.0,0.95,9243,hindsight,9243,40,0,38.0,0.995691048152537,0,3477.121153846154
2011-07-18,1.25,0.5,11553,scenario,6625,2971,313,1642.0,0.679952601529678,4928,2695.4423076923076
2011-07-18,1.25,0.5,11553,mean,9243,1816,1776,1796.0,0.8043735861251751,2310,3042.8653846153848
2011-07-18,1.25,0.5,11553,seasonal,11553,2545,4815,3680.0,0.7258429387051599,0,4139.942307692308
2011-07-18,1.25,0.5,11553,equal,9243,3494,3454,3474.0,0.6236130561240978,2310,4023.2884615384614
2011-07-18,1.25,0.5,11553,hindsight,9283,0,0,0.0,1.0,2270,3351.5576923076924
2011-07-18,1.25,0.8,11553,scenario,11553,1275,3545,1729.0,0.8626521598621135,0,2595.253846153846
2011-07-18,1.25,0.8,11553,mean,9243,1816,1776,1808.0,0.8043735861251751,2310,3133.753846153846
2011-07-18,1.25,0.8,11553,seasonal,11553,2545,4815,2999.0,0.7258429387051599,0,3537.8307692307694
2011-07-18,1.25,0.8,11553,equal,9243,3494,3454,3486.0,0.6236130561240978,2310,4114.176923076923
2011-07-18,1.25,0.8,11553,hindsight,9283,0,0,0.0,1.0,2270,3430.4461538461537
2011-07-18,1.25,0.95,11553,scenario,11553,1275,3545,1388.5,0.8626521598621135,0,2294.1980769230768
2011-07-18,1.25,0.95,11553,mean,9243,1816,1776,1814.0,0.8043735861251751,2310,3179.1980769230768
2011-07-18,1.25,0.95,11553,seasonal,11553,2545,4815,2658.5,0.7258429387051599,0,3236.775
2011-07-18,1.25,0.95,11553,equal,9243,3494,3454,3492.0,0.6236130561240978,2310,4159.621153846154
2011-07-18,1.25,0.95,11553,hindsight,9283,0,0,0.0,1.0,2270,3469.8903846153844
2011-07-25,0.5,0.5,4182,scenario,4182,7992,173,4082.5,0.33405549537538537,0,3070.326923076923
2011-07-25,0.5,0.5,4182,mean,4182,8143,324,4233.5,0.3214732105657862,0,3256.7115384615386
2011-07-25,0.5,0.5,4182,seasonal,4182,8450,631,4540.5,0.29589200899925006,0,3583.7884615384614
2011-07-25,0.5,0.5,4182,equal,4182,8787,968,4877.5,0.2678110157486876,0,3919.596153846154
2011-07-25,0.5,0.5,4182,hindsight,4182,7819,0,3909.5,0.34847096075327055,0,3903.6346153846152
2011-07-25,0.5,0.8,4182,scenario,4182,7992,173,6428.2,0.33405549537538537,0,4739.907692307693
2011-07-25,0.5,0.8,4182,mean,4182,8143,324,6579.2,0.3214732105657862,0,4926.292307692308
2011-07-25,0.5,0.8,4182,seasonal,4182,8450,631,6886.2,0.29589200899925006,0,5253.369230769231
2011-07-25,0.5,0.8,4182,equal,4182,8787,968,7223.2,0.2678110157486876,0,5589.176923076923
2011-07-25,0.5,0.8,4182,hindsight,4182,7819,0,6255.2,0.34847096075327055,0,5573.215384615384
2011-07-25,0.5,0.95,4182,scenario,4182,7992,173,7601.05,0.33405549537538537,0,5574.698076923077
2011-07-25,0.5,0.95,4182,mean,4182,8143,324,7752.05,0.3214732105657862,0,5761.082692307692
2011-07-25,0.5,0.95,4182,seasonal,4182,8450,631,8059.05,0.29589200899925006,0,6088.159615384616
2011-07-25,0.5,0.95,4182,equal,4182,8787,968,8396.05,0.2678110157486876,0,6423.967307692307
2011-07-25,0.5,0.95,4182,hindsight,4182,7819,0,7428.05,0.34847096075327055,0,6408.005769230769
2011-07-25,0.75,0.5,6273,scenario,6273,6478,750,3614.0,0.46021164902924755,0,2708.0576923076924
2011-07-25,0.75,0.5,6273,mean,6273,6504,776,3640.0,0.4580451629030914,0,2879.75
2011-07-25,0.75,0.5,6273,seasonal,6273,7128,1400,4264.0,0.4060494958753437,0,3467.0576923076924
2011-07-25,0.75,0.5,6273,equal,6273,7592,1864,4728.0,0.36738605116240314,0,3826.0576923076924
2011-07-25,0.75,0.5,6273,hindsight,6273,5728,0,2864.0,0.5227064411299058,0,4505.173076923077
2011-07-25,0.75,0.8,6273,scenario,6273,6478,750,5332.4,0.46021164902924755,0,3750.3384615384616
2011-07-25,0.75,0.8,6273,mean,6273,6504,776,5358.4,0.4580451629030914,0,3922.0307692307692
2011-07-25,0.75,0.8,6273,seasonal,6273,7128,1400,5982.4,0.4060494958753437,0,4509.338461538461
2011-07-25,0.75,0.8,6273,equal,6273,7592,1864,6446.4,0.36738605116240314,0,4868.338461538461
2011-07-25,0.75,0.8,6273,hindsight,6273,5728,0,4582.4,0.5227064411299058,0,5547.453846153846
2011-07-25,0.75,0.95,6273,scenario,6273,6478,750,6191.6,0.46021164902924755,0,4271.4788461538465
2011-07-25,0.75,0.95,6273,mean,6273,6504,776,6217.6,0.4580451629030914,0,4443.171153846154
2011-07-25,0.75,0.95,6273,seasonal,6273,7128,1400,6841.6,0.4060494958753437,0,5030.4788461538465
2011-07-25,0.75,0.95,6273,equal,6273,7592,1864,7305.6,0.36738605116240314,0,5389.4788461538465
2011-07-25,0.75,0.95,6273,hindsight,6273,5728,0,5441.6,0.5227064411299058,0,6068.594230769231
2011-07-25,1.0,0.5,8363,scenario,6930,6046,975,3510.5,0.49620864927922675,1433,2671.5576923076924
2011-07-25,1.0,0.5,8363,mean,8363,5346,1708,3527.0,0.5545371219065078,0,2831.326923076923
2011-07-25,1.0,0.5,8363,seasonal,8363,6151,2513,4332.0,0.4874593783851346,0,3671.75
2011-07-25,1.0,0.5,8363,equal,8363,6634,2996,4815.0,0.4472127322723106,0,3933.326923076923
2011-07-25,1.0,0.5,8363,hindsight,8363,3638,0,1819.0,0.6968585951170736,0,5547.9807692307695
2011-07-25,1.0,0.8,8363,scenario,8363,5243,1605,4515.4,0.5631197400216649,0,3122.8384615384616
2011-07-25,1.0,0.8,8363,mean,8363,5346,1708,4618.4,0.5545371219065078,0,3246.607692307692
2011-07-25,1.0,0.8,8363,seasonal,8363,6151,2513,5423.4,0.4874593783851346,0,4087.0307692307692
2011-07-25,1.0,0.8,8363,equal,8363,6634,2996,5906.4,0.4472127322723106,0,4348.607692307693
2011-07-25,1.0,0.8,8363,hindsight,8363,3638,0,2910.4,0.6968585951170736,0,5963.261538461538
2011-07-25,1.0,0.95,8363,scenario,8363,5243,1605,5061.1,0.5631197400216649,0,3330.478846153846
2011-07-25,1.0,0.95,8363,mean,8363,5346,1708,5164.1,0.5545371219065078,0,3454.248076923077
2011-07-25,1.0,0.95,8363,seasonal,8363,6151,2513,5969.1,0.4874593783851346,0,4294.671153846154
2011-07-25,1.0,0.95,8363,equal,8363,6634,2996,6452.1,0.4472127322723106,0,4556.248076923077
2011-07-25,1.0,0.95,8363,hindsight,8363,3638,0,3456.1,0.6968585951170736,0,6170.901923076923
2011-07-25,1.25,0.5,10454,scenario,6930,6046,975,3510.5,0.49620864927922675,3524,2671.5576923076924
2011-07-25,1.25,0.5,10454,mean,8367,5345,1711,3528.0,0.5546204482959753,2087,2831.480769230769
2011-07-25,1.25,0.5,10454,seasonal,9517,5887,3403,4645.0,0.5094575452045663,937,3870.25
2011-07-25,1.25,0.5,10454,equal,8367,6633,2999,4816.0,0.4472960586617782,2087,3933.519230769231
2011-07-25,1.25,0.5,10454,hindsight,10454,1547,0,773.5,0.8710940754937089,0,5315.403846153846
2011-07-25,1.25,0.8,10454,scenario,10454,4617,3070,4307.6,0.6152820598283476,0,2724.6923076923076
2011-07-25,1.25,0.8,10454,mean,8367,5345,1711,4618.2,0.5546204482959753,2087,3245.5615384615385
2011-07-25,1.25,0.8,10454,seasonal,9517,5887,3403,5390.2,0.5094575452045663,937,3939.3307692307694
2011-07-25,1.25,0.8,10454,equal,8367,6633,2999,5906.2,0.4472960586617782,2087,4347.6
2011-07-25,1.25,0.8,10454,hindsight,10454,1547,0,1237.6,0.8710940754937089,0,5103.384615384615
2011-07-25,1.25,0.95,10454,scenario,10454,4617,3070,4539.65,0.6152820598283476,0,2618.6826923076924
2011-07-25,1.25,0.95,10454,mean,8367,5345,1711,5163.3,0.5546204482959753,2087,3452.601923076923
2011-07-25,1.25,0.95,10454,seasonal,9517,5887,3403,5762.8,0.5094575452045663,937,3973.871153846154
2011-07-25,1.25,0.95,10454,equal,8367,6633,2999,6451.3,0.4472960586617782,2087,4554.640384615384
2011-07-25,1.25,0.95,10454,hindsight,10454,1547,0,1469.65,0.8710940754937089,0,4997.375
2011-08-01,0.5,0.5,4458,scenario,4458,8992,335,4663.5,0.3143728555089592,0,3091.730769230769
2011-08-01,0.5,0.5,4458,mean,4458,9439,782,5110.5,0.2802897445672894,0,3373.769230769231
2011-08-01,0.5,0.5,4458,seasonal,4458,10003,1346,5674.5,0.2372855508959207,0,3701.076923076923
2011-08-01,0.5,0.5,4458,equal,4458,9712,1055,5383.5,0.2594738848646588,0,3980.269230769231
2011-08-01,0.5,0.5,4458,hindsight,4458,8657,0,4328.5,0.33991612657262676,0,4819.0
2011-08-01,0.5,0.8,4458,scenario,4458,8992,335,7260.6,0.3143728555089592,0,4740.992307692308
2011-08-01,0.5,0.8,4458,mean,4458,9439,782,7707.6,0.2802897445672894,0,5023.030769230769
2011-08-01,0.5,0.8,4458,seasonal,4458,10003,1346,8271.6,0.2372855508959207,0,5350.338461538461
2011-08-01,0.5,0.8,4458,equal,4458,9712,1055,7980.6,0.2594738848646588,0,5629.530769230769
2011-08-01,0.5,0.8,4458,hindsight,4458,8657,0,6925.6,0.33991612657262676,0,6468.261538461538
2011-08-01,0.5,0.95,4458,scenario,4458,8992,335,8559.15,0.3143728555089592,0,5565.623076923077
2011-08-01,0.5,0.95,4458,mean,4458,9439,782,9006.15,0.2802897445672894,0,5847.661538461539
2011-08-01,0.5,0.95,4458,seasonal,4458,10003,1346,9570.15,0.2372855508959207,0,6174.969230769231
2011-08-01,0.5,0.95,4458,equal,4458,9712,1055,9279.15,0.2594738848646588,0,6454.161538461539
2011-08-01,0.5,0.95,4458,hindsight,4458,8657,0,8224.15,0.33991612657262676,0,7292.892307692307
2011-08-01,0.75,0.5,6686,scenario,6686,7486,1057,4271.5,0.42920320243995425,0,2747.6923076923076
2011-08-01,0.75,0.5,6686,mean,6686,8058,1629,4843.5,0.38558902020587116,0,3049.8076923076924
2011-08-01,0.75,0.5,6686,seasonal,6686,8752,2323,5537.5,0.3326725123903927,0,3703.6923076923076
2011-08-01,0.75,0.5,6686,equal,6686,8466,2037,5251.5,0.35447960350743424,0,3904.230769230769
2011-08-01,0.75,0.5,6686,hindsight,6686,6429,0,3214.5,0.5097979412886008,0,4644.2307692307695
2011-08-01,0.75,0.8,6686,scenario,6686,7486,1057,6200.2,0.42920320243995425,0,3728.5538461538463
2011-08-01,0.75,0.8,6686,mean,6686,8058,1629,6772.2,0.38558902020587116,0,4030.6692307692306
2011-08-01,0.75,0.8,6686,seasonal,6686,8752,2323,7466.2,0.3326725123903927,0,4684.553846153846
2011-08-01,0.75,0.8,6686,equal,6686,8466,2037,7180.2,0.35447960350743424,0,4885.092307692307
2011-08-01,0.75,0.8,6686,hindsight,6686,6429,0,5143.2,0.5097979412886008,0,5625.092307692307
2011-08-01,0.75,0.95,6686,scenario,6686,7486,1057,7164.55,0.42920320243995425,0,4218.984615384616
2011-08-01,0.75,0.95,6686,mean,6686,8058,1629,7736.55,0.38558902020587116,0,4521.1
2011-08-01,0.75,0.95,6686,seasonal,6686,8752,2323,8430.55,0.3326725123903927,0,5174.984615384616
2011-08-01,0.75,0.95,6686,equal,6686,8466,2037,8144.55,0.35447960350743424,0,5375.523076923077
2011-08-01,0.75,0.95,6686,hindsight,6686,6429,0,6107.55,0.5097979412886008,0,6115.523076923077
2011-08-01,1.0,0.5,8915,scenario,7291,7249,1425,4337.0,0.4472741136103698,1624,2722.3076923076924
2011-08-01,1.0,0.5,8915,mean,8915,6976,2776,4876.0,0.4680899733130004,0,3066.8076923076924
2011-08-01,1.0,0.5,8915,seasonal,8915,7728,3528,5628.0,0.41075104841784216,0,3977.153846153846
2011-08-01,1.0,0.5,8915,equal,8915,7607,3407,5507.0,0.4199771254288982,0,4049.923076923077
2011-08-01,1.0,0.5,8915,hindsight,8915,4200,0,2100.0,0.6797560045749143,0,5722.461538461538
2011-08-01,1.0,0.8,8915,scenario,8915,6705,2505,5865.0,0.48875333587495234,0,3089.5846153846155
2011-08-01,1.0,0.8,8915,mean,8915,6976,2776,6136.0,0.4680899733130004,0,3378.9692307692308
2011-08-01,1.0,0.8,8915,seasonal,8915,7728,3528,6888.0,0.41075104841784216,0,4289.315384615385
2011-08-01,1.0,0.8,8915,equal,8915,7607,3407,6767.0,0.4199771254288982,0,4362.084615384615
2011-08-01,1.0,0.8,8915,hindsight,8915,4200,0,3360.0,0.6797560045749143,0,6034.623076923077
2011-08-01,1.0,0.95,8915,scenario,8915,6705,2505,6495.0,0.48875333587495234,0,3245.6653846153845
2011-08-01,1.0,0.95,8915,mean,8915,6976,2776,6766.0,0.4680899733130004,0,3535.05
2011-08-01,1.0,0.95,8915,seasonal,8915,7728,3528,7518.0,0.41075104841784216,0,4445.3961538461535
2011-08-01,1.0,0.95,8915,equal,8915,7607,3407,7397.0,0.4199771254288982,0,4518.165384615385
2011-08-01,1.0,0.95,8915,hindsight,8915,4200,0,3990.0,0.6797560045749143,0,6190.703846153846
2011-08-01,1.25,0.5,11144,scenario,7291,7249,1425,4337.0,0.4472741136103698,3853,2722.3076923076924
2011-08-01,1.25,0.5,11144,mean,8921,6975,2781,4878.0,0.4681662218833397,2223,3067.576923076923
2011-08-01,1.25,0.5,11144,seasonal,10662,7091,4638,5864.5,0.4593213877239802,482,4367.153846153846
2011-08-01,1.25,0.5,11144,equal,8921,7607,3413,5510.0,0.4199771254288982,2223,4051.923076923077
2011-08-01,1.25,0.5,11144,hindsight,11144,1971,0,985.5,0.8497140678612276,0,5988.0
2011-08-01,1.25,0.8,11144,scenario,11144,6015,4044,5620.8,0.5413648494090736,0,2734.4615384615386
2011-08-01,1.25,0.8,11144,mean,8921,6975,2781,6136.2,0.4681662218833397,2223,3377.9384615384615
2011-08-01,1.25,0.8,11144,seasonal,10662,7091,4638,6600.4,0.4593213877239802,482,4155.215384615384
2011-08-01,1.25,0.8,11144,equal,8921,7607,3413,6768.2,0.4199771254288982,2223,4362.284615384616
2011-08-01,1.25,0.8,11144,hindsight,11144,1971,0,1576.8,0.8497140678612276,0,5631.461538461538
2011-08-01,1.25,0.95,11144,scenario,11144,6015,4044,5916.45,0.5413648494090736,0,2556.1923076923076
2011-08-01,1.25,0.95,11144,mean,8921,6975,2781,6765.3,0.4681662218833397,2223,3533.119230769231
2011-08-01,1.25,0.95,11144,seasonal,10662,7091,4638,6968.35,0.4593213877239802,482,4049.246153846154
2011-08-01,1.25,0.95,11144,equal,8921,7607,3413,7397.3,0.4199771254288982,2223,4517.465384615384
2011-08-01,1.25,0.95,11144,hindsight,11144,1971,0,1872.45,0.8497140678612276,0,5453.192307692308
2011-08-08,0.5,0.5,4680,scenario,4680,4911,114,2512.5,0.4817980373535929,0,3037.9423076923076
2011-08-08,0.5,0.5,4680,mean,4680,5357,560,2958.5,0.43473673103302735,0,3279.6346153846152
2011-08-08,0.5,0.5,4680,seasonal,4680,6407,1610,4008.5,0.3239421757940276,0,4139.057692307692
2011-08-08,0.5,0.5,4680,equal,4680,6176,1379,3777.5,0.3483169779466076,0,3967.673076923077
2011-08-08,0.5,0.5,4680,hindsight,4680,4797,0,2398.5,0.49382716049382713,0,4370.442307692308
2011-08-08,0.5,0.8,4680,scenario,4680,4911,114,3951.6,0.4817980373535929,0,4627.123076923077
2011-08-08,0.5,0.8,4680,mean,4680,5357,560,4397.6,0.43473673103302735,0,4868.815384615385
2011-08-08,0.5,0.8,4680,seasonal,4680,6407,1610,5447.6,0.3239421757940276,0,5728.238461538462
2011-08-08,0.5,0.8,4680,equal,4680,6176,1379,5216.6,0.3483169779466076,0,5556.8538461538465
2011-08-08,0.5,0.8,4680,hindsight,4680,4797,0,3837.6,0.49382716049382713,0,5959.623076923077
2011-08-08,0.5,0.95,4680,scenario,4680,4911,114,4671.15,0.4817980373535929,0,5421.713461538461
2011-08-08,0.5,0.95,4680,mean,4680,5357,560,5117.15,0.43473673103302735,0,5663.405769230769
2011-08-08,0.5,0.95,4680,seasonal,4680,6407,1610,6167.15,0.3239421757940276,0,6522.828846153846
2011-08-08,0.5,0.95,4680,equal,4680,6176,1379,5936.15,0.3483169779466076,0,6351.444230769231
2011-08-08,0.5,0.95,4680,hindsight,4680,4797,0,4557.15,0.49382716049382713,0,6754.213461538461
2011-08-08,0.75,0.5,7021,scenario,7021,3519,1063,2291.0,0.6286799620132953,0,2739.5576923076924
2011-08-08,0.75,0.5,7021,mean,7021,3825,1369,2597.0,0.5963912630579298,0,3028.019230769231
2011-08-08,0.75,0.5,7021,seasonal,7021,5467,3011,4239.0,0.42312968238894166,0,4287.9807692307695
2011-08-08,0.75,0.5,7021,equal,7021,4988,2532,3760.0,0.47367310330273293,0,3917.7884615384614
2011-08-08,0.75,0.5,7021,hindsight,7021,2456,0,1228.0,0.7408462593647779,0,4325.9807692307695
2011-08-08,0.75,0.8,7021,scenario,7021,3519,1063,3027.8,0.6286799620132953,0,3626.4384615384615
2011-08-08,0.75,0.8,7021,mean,7021,3825,1369,3333.8,0.5963912630579298,0,3914.9
2011-08-08,0.75,0.8,7021,seasonal,7021,5467,3011,4975.8,0.42312968238894166,0,5174.861538461539
2011-08-08,0.75,0.8,7021,equal,7021,4988,2532,4496.8,0.47367310330273293,0,4804.669230769231
2011-08-08,0.75,0.8,7021,hindsight,7021,2456,0,1964.8,0.7408462593647779,0,5212.861538461539
2011-08-08,0.75,0.95,7021,scenario,7021,3519,1063,3396.2,0.6286799620132953,0,4069.878846153846
2011-08-08,0.75,0.95,7021,mean,7021,3825,1369,3702.2,0.5963912630579298,0,4358.340384615384
2011-08-08,0.75,0.95,7021,seasonal,7021,5467,3011,5344.2,0.42312968238894166,0,5618.301923076923
2011-08-08,0.75,0.95,7021,equal,7021,4988,2532,4865.2,0.47367310330273293,0,5248.109615384616
2011-08-08,0.75,0.95,7021,hindsight,7021,2456,0,2333.2,0.7408462593647779,0,5656.301923076923
2011-08-08,1.0,0.5,9361,scenario,7041,3506,1070,2288.0,0.6300517041257782,2320,2738.7884615384614
2011-08-08,1.0,0.5,9361,mean,9361,2670,2554,2612.0,0.7182652738208294,0,3163.6346153846152
2011-08-08,1.0,0.5,9361,seasonal,9361,4594,4478,4536.0,0.5152474411733671,0,4658.596153846154
2011-08-08,1.0,0.5,9361,equal,9361,4056,3940,3998.0,0.5720164609053497,0,4121.942307692308
2011-08-08,1.0,0.5,9361,hindsight,9361,116,0,58.0,0.9877598396116914,0,3851.1346153846152
2011-08-08,1.0,0.8,9361,scenario,9361,2741,2625,2717.8,0.7107734515141922,0,3035.746153846154
2011-08-08,1.0,0.8,9361,mean,9361,2670,2554,2646.8,0.7182652738208294,0,3348.5153846153844
2011-08-08,1.0,0.8,9361,seasonal,9361,4594,4478,4570.8,0.5152474411733671,0,4843.476923076923
2011-08-08,1.0,0.8,9361,equal,9361,4056,3940,4032.8,0.5720164609053497,0,4306.823076923077
2011-08-08,1.0,0.8,9361,hindsight,9361,116,0,92.8,0.9877598396116914,0,4036.0153846153844
2011-08-08,1.0,0.95,9361,scenario,9361,2741,2625,2735.2,0.7107734515141922,0,3128.1865384615385
2011-08-08,1.0,0.95,9361,mean,9361,2670,2554,2664.2,0.7182652738208294,0,3440.9557692307694
2011-08-08,1.0,0.95,9361,seasonal,9361,4594,4478,4588.2,0.5152474411733671,0,4935.917307692308
2011-08-08,1.0,0.95,9361,equal,9361,4056,3940,4050.2,0.5720164609053497,0,4399.263461538461
2011-08-08,1.0,0.95,9361,hindsight,9361,116,0,110.2,0.9877598396116914,0,4128.455769230769
2011-08-08,1.25,0.5,11701,scenario,7041,3506,1070,2288.0,0.6300517041257782,4660,2738.7884615384614
2011-08-08,1.25,0.5,11701,mean,9364,2668,2555,2611.5,0.7184763110689036,2337,3164.480769230769
2011-08-08,1.25,0.5,11701,seasonal,11701,3882,6106,4994.0,0.5903767014878126,0,5194.865384615385
2011-08-08,1.25,0.5,11701,equal,9364,4055,3942,3998.5,0.5721219795293869,2337,4122.5192307692305
2011-08-08,1.25,0.5,11701,hindsight,9477,0,0,0.0,1.0,2224,3816.7115384615386
2011-08-08,1.25,0.8,11701,scenario,11701,2263,4487,2707.8,0.7612113538039464,0,2735.976923076923
2011-08-08,1.25,0.8,11701,mean,9364,2668,2555,2645.4,0.7184763110689036,2337,3348.4615384615386
2011-08-08,1.25,0.8,11701,seasonal,11701,3882,6106,4326.8,0.5903767014878126,0,4677.746153846154
2011-08-08,1.25,0.8,11701,equal,9364,4055,3942,4032.4,0.5721219795293869,2337,4306.5
2011-08-08,1.25,0.8,11701,hindsight,9477,0,0,0.0,1.0,2224,3966.7923076923075
2011-08-08,1.25,0.95,11701,scenario,11701,2263,4487,2374.2,0.7612113538039464,0,2477.4173076923075
2011-08-08,1.25,0.95,11701,mean,9364,2668,2555,2662.35,0.7184763110689036,2337,3440.451923076923
2011-08-08,1.25,0.95,11701,seasonal,11701,3882,6106,3993.2,0.5903767014878126,0,4419.1865384615385
2011-08-08,1.25,0.95,11701,equal,9364,4055,3942,4049.35,0.5721219795293869,2337,4398.490384615385
2011-08-08,1.25,0.95,11701,hindsight,9477,0,0,0.0,1.0,2224,4041.8326923076925
2011-08-15,0.5,0.5,4787,scenario,4787,4963,447,2705.0,0.46651617757712566,0,3037.7884615384614
2011-08-15,0.5,0.5,4787,mean,4787,5257,741,2999.0,0.43491346877351394,0,3292.519230769231
2011-08-15,0.5,0.5,4787,seasonal,4787,5455,939,3197.0,0.4136300118241428,0,3772.3653846153848
2011-08-15,0.5,0.5,4787,equal,4787,6103,1587,3845.0,0.3439750618080189,0,4020.25
2011-08-15,0.5,0.5,4787,hindsight,4787,4516,0,2258.0,0.5145651940234333,0,5123.5192307692305
2011-08-15,0.5,0.8,4787,scenario,4787,4963,447,4059.8,0.46651617757712566,0,4648.223076923077
2011-08-15,0.5,0.8,4787,mean,4787,5257,741,4353.8,0.43491346877351394,0,4902.953846153846
2011-08-15,0.5,0.8,4787,seasonal,4787,5455,939,4551.8,0.4136300118241428,0,5382.8
2011-08-15,0.5,0.8,4787,equal,4787,6103,1587,5199.8,0.3439750618080189,0,5630.684615384615
2011-08-15,0.5,0.8,4787,hindsight,4787,4516,0,3612.8,0.5145651940234333,0,6733.953846153846
2011-08-15,0.5,0.95,4787,scenario,4787,4963,447,4737.2,0.46651617757712566,0,5453.440384615385
2011-08-15,0.5,0.95,4787,mean,4787,5257,741,5031.2,0.43491346877351394,0,5708.171153846154
2011-08-15,0.5,0.95,4787,seasonal,4787,5455,939,5229.2,0.4136300118241428,0,6188.017307692307
2011-08-15,0.5,0.95,4787,equal,4787,6103,1587,5877.2,0.3439750618080189,0,6435.901923076923
2011-08-15,0.5,0.95,4787,hindsight,4787,4516,0,4290.2,0.5145651940234333,0,7539.171153846154
2011-08-15,0.75,0.5,7180,scenario,7180,3646,1523,2584.5,0.6080834139524884,0,2718.519230769231
2011-08-15,0.75,0.5,7180,mean,7180,3933,1810,2871.5,0.5772331505965818,0,3037.75
2011-08-15,0.75,0.5,7180,seasonal,7180,4030,1907,2968.5,0.5668064065355262,0,3941.480769230769
2011-08-15,0.75,0.5,7180,equal,7180,4942,2819,3880.5,0.4687735139202408,0,3963.7115384615386
2011-08-15,0.75,0.5,7180,hindsight,7180,2123,0,1061.5,0.7717940449317424,0,4493.9807692307695
2011-08-15,0.75,0.8,7180,scenario,7180,3646,1523,3221.4,0.6080834139524884,0,3611.0538461538463
2011-08-15,0.75,0.8,7180,mean,7180,3933,1810,3508.4,0.5772331505965818,0,3930.2846153846153
2011-08-15,0.75,0.8,7180,seasonal,7180,4030,1907,3605.4,0.5668064065355262,0,4834.015384615384
2011-08-15,0.75,0.8,7180,equal,7180,4942,2819,4517.4,0.4687735139202408,0,4856.246153846154
2011-08-15,0.75,0.8,7180,hindsight,7180,2123,0,1698.4,0.7717940449317424,0,5386.515384615384
2011-08-15,0.75,0.95,7180,scenario,7180,3646,1523,3539.85,0.6080834139524884,0,4057.3211538461537
2011-08-15,0.75,0.95,7180,mean,7180,3933,1810,3826.85,0.5772331505965818,0,4376.551923076923
2011-08-15,0.75,0.95,7180,seasonal,7180,4030,1907,3923.85,0.5668064065355262,0,5280.282692307693
2011-08-15,0.75,0.95,7180,equal,7180,4942,2819,4835.85,0.4687735139202408,0,5302.513461538461
2011-08-15,0.75,0.95,7180,hindsight,7180,2123,0,2016.85,0.7717940449317424,0,5832.782692307693
2011-08-15,1.0,0.5,9574,scenario,7231,3632,1560,2596.0,0.6095883048478985,2343,2716.5576923076924
2011-08-15,1.0,0.5,9574,mean,9574,3042,3313,3177.5,0.673008706868752,0,3183.019230769231
2011-08-15,1.0,0.5,9574,seasonal,9574,2854,3125,2989.5,0.6932172417499731,0,4379.903846153846
2011-08-15,1.0,0.5,9574,equal,9574,3905,4176,4040.5,0.5802429323874019,0,4168.0192307692305
2011-08-15,1.0,0.5,9574,hindsight,9303,0,0,0.0,1.0,271,4079.2884615384614
2011-08-15,1.0,0.8,9574,scenario,9574,2902,3173,2956.2,0.6880576158228529,0,3010.6615384615384
2011-08-15,1.0,0.8,9574,mean,9574,3042,3313,3096.2,0.673008706868752,0,3357.353846153846
2011-08-15,1.0,0.8,9574,seasonal,9574,2854,3125,2908.2,0.6932172417499731,0,4554.238461538462
2011-08-15,1.0,0.8,9574,equal,9574,3905,4176,3959.2,0.5802429323874019,0,4342.3538461538465
2011-08-15,1.0,0.8,9574,hindsight,9303,0,0,0.0,1.0,271,4334.923076923077
2011-08-15,1.0,0.95,9574,scenario,9574,2902,3173,2915.55,0.6880576158228529,0,3097.8288461538464
2011-08-15,1.0,0.95,9574,mean,9574,3042,3313,3055.55,0.673008706868752,0,3444.521153846154
2011-08-15,1.0,0.95,9574,seasonal,9574,2854,3125,2867.55,0.6932172417499731,0,4641.405769230769
2011-08-15,1.0,0.95,9574,equal,9574,3905,4176,3918.55,0.5802429323874019,0,4429.5211538461535
2011-08-15,1.0,0.95,9574,hindsight,9303,0,0,0.0,1.0,271,4462.740384615385
2011-08-15,1.25,0.5,11967,scenario,7231,3632,1560,2596.0,0.6095883048478985,4736,2716.5576923076924
2011-08-15,1.25,0.5,11967,mean,9575,3042,3314,3178.0,0.673008706868752,2392,3183.403846153846
2011-08-15,1.25,0.5,11967,seasonal,11967,2057,4721,3389.0,0.7788885305815328,0,4986.942307692308
2011-08-15,1.25,0.5,11967,equal,9575,3904,4176,4040.0,0.5803504245942169,2392,4167.865384615385
2011-08-15,1.25,0.5,11967,hindsight,9303,0,0,0.0,1.0,2664,4079.2884615384614
2011-08-15,1.25,0.8,11967,scenario,11967,2427,5091,2959.8,0.7391164140599806,0,2716.492307692308
2011-08-15,1.25,0.8,11967,mean,9575,3042,3314,3096.4,0.673008706868752,2392,3357.4384615384615
2011-08-15,1.25,0.8,11967,seasonal,11967,2057,4721,2589.8,0.7788885305815328,0,4443.376923076923
2011-08-15,1.25,0.8,11967,equal,9575,3904,4176,3958.4,0.5803504245942169,2392,4341.9
2011-08-15,1.25,0.8,11967,hindsight,9303,0,0,0.0,1.0,2664,4334.923076923077
2011-08-15,1.25,0.95,11967,scenario,11967,2427,5091,2560.2,0.7391164140599806,0,2444.7096153846155
2011-08-15,1.25,0.95,11967,mean,9575,3042,3314,3055.6,0.673008706868752,2392,3444.4557692307694
2011-08-15,1.25,0.95,11967,seasonal,11967,2057,4721,2190.2,0.7788885305815328,0,4171.594230769231
2011-08-15,1.25,0.95,11967,equal,9575,3904,4176,3917.6,0.5803504245942169,2392,4428.917307692308
2011-08-15,1.25,0.95,11967,hindsight,9303,0,0,0.0,1.0,2664,4462.740384615385
2011-08-22,0.5,0.5,4958,scenario,4958,8021,358,4189.5,0.364471911892877,0,2986.2115384615386
2011-08-22,0.5,0.5,4958,mean,4958,8415,752,4583.5,0.3332541003090088,0,3242.096153846154
2011-08-22,0.5,0.5,4958,seasonal,4958,8206,543,4374.5,0.3498138023928373,0,4102.865384615385
2011-08-22,0.5,0.5,4958,equal,4958,9214,1551,5382.5,0.26994691387370257,0,4019.173076923077
2011-08-22,0.5,0.5,4958,hindsight,4958,7663,0,3831.5,0.39283733460106174,0,5679.788461538462
2011-08-22,0.5,0.8,4958,scenario,4958,8021,358,6488.4,0.364471911892877,0,4540.153846153846
2011-08-22,0.5,0.8,4958,mean,4958,8415,752,6882.4,0.3332541003090088,0,4796.038461538462
2011-08-22,0.5,0.8,4958,seasonal,4958,8206,543,6673.4,0.3498138023928373,0,5656.807692307692
2011-08-22,0.5,0.8,4958,equal,4958,9214,1551,7681.4,0.26994691387370257,0,5573.115384615385
2011-08-22,0.5,0.8,4958,hindsight,4958,7663,0,6130.4,0.39283733460106174,0,7233.7307692307695
2011-08-22,0.5,0.95,4958,scenario,4958,8021,358,7637.85,0.364471911892877,0,5317.125
2011-08-22,0.5,0.95,4958,mean,4958,8415,752,8031.85,0.3332541003090088,0,5573.009615384615
2011-08-22,0.5,0.95,4958,seasonal,4958,8206,543,7822.85,0.3498138023928373,0,6433.778846153846
2011-08-22,0.5,0.95,4958,equal,4958,9214,1551,8830.85,0.26994691387370257,0,6350.086538461538
2011-08-22,0.5,0.95,4958,hindsight,4958,7663,0,7279.85,0.39283733460106174,0,8010.701923076923
2011-08-22,0.75,0.5,7437,scenario,7241,6522,1142,3832.0,0.4832422153553601,196,2715.480769230769
2011-08-22,0.75,0.5,7437,mean,7437,6673,1489,4081.0,0.4712780286823548,0,3040.173076923077
2011-08-22,0.75,0.5,7437,seasonal,7437,6212,1028,3620.0,0.507804452895967,0,4322.673076923077
2011-08-22,0.75,0.5,7437,equal,7437,7980,2796,5388.0,0.36772046589018303,0,3994.403846153846
2011-08-22,0.75,0.5,7437,hindsight,7437,5184,0,2592.0,0.5892560019015926,0,5224.75
2011-08-22,0.75,0.8,7437,scenario,7437,6402,1218,5365.2,0.49275017827430473,0,3525.723076923077
2011-08-22,0.75,0.8,7437,mean,7437,6673,1489,5636.2,0.4712780286823548,0,3850.4153846153845
2011-08-22,0.75,0.8,7437,seasonal,7437,6212,1028,5175.2,0.507804452895967,0,5132.915384615385
2011-08-22,0.75,0.8,7437,equal,7437,7980,2796,6943.2,0.36772046589018303,0,4804.6461538461535
2011-08-22,0.75,0.8,7437,hindsight,7437,5184,0,4147.2,0.5892560019015926,0,6034.992307692308
2011-08-22,0.75,0.95,7437,scenario,7437,6402,1218,6142.8,0.49275017827430473,0,3930.8442307692308
2011-08-22,0.75,0.95,7437,mean,7437,6673,1489,6413.8,0.4712780286823548,0,4255.536538461539
2011-08-22,0.75,0.95,7437,seasonal,7437,6212,1028,5952.8,0.507804452895967,0,5538.036538461539
2011-08-22,0.75,0.95,7437,equal,7437,7980,2796,7720.8,0.36772046589018303,0,5209.767307692307
2011-08-22,0.75,0.95,7437,hindsight,7437,5184,0,4924.8,0.5892560019015926,0,6440.113461538462
2011-08-22,1.0,0.5,9915,scenario,7241,6522,1142,3832.0,0.4832422153553601,2674,2715.480769230769
2011-08-22,1.0,0.5,9915,mean,9915,5343,2637,3990.0,0.576657951033991,0,3242.7884615384614
2011-08-22,1.0,0.5,9915,seasonal,9915,4922,2216,3569.0,0.6100150542746217,0,4802.673076923077
2011-08-22,1.0,0.5,9915,equal,9915,6939,4233,5586.0,0.4502020442120276,0,4236.326923076923
2011-08-22,1.0,0.5,9915,hindsight,9915,2706,0,1353.0,0.7855954361777989,0,4685.057692307692
2011-08-22,1.0,0.8,9915,scenario,9915,5182,2476,4640.8,0.5894144679502417,0,2957.3230769230768
2011-08-22,1.0,0.8,9915,mean,9915,5343,2637,4801.8,0.576657951033991,0,3309.630769230769
2011-08-22,1.0,0.8,9915,seasonal,9915,4922,2216,4380.8,0.6100150542746217,0,4869.515384615384
2011-08-22,1.0,0.8,9915,equal,9915,6939,4233,6397.8,0.4502020442120276,0,4303.169230769231
2011-08-22,1.0,0.8,9915,hindsight,9915,2706,0,2164.8,0.7855954361777989,0,4751.9
2011-08-22,1.0,0.95,9915,scenario,9915,5182,2476,5046.7,0.5894144679502417,0,2990.744230769231
2011-08-22,1.0,0.95,9915,mean,9915,5343,2637,5207.7,0.576657951033991,0,3343.0519230769232
2011-08-22,1.0,0.95,9915,seasonal,9915,4922,2216,4786.7,0.6100150542746217,0,4902.9365384615385
2011-08-22,1.0,0.95,9915,equal,9915,6939,4233,6803.7,0.4502020442120276,0,4336.590384615384
2011-08-22,1.0,0.95,9915,hindsight,9915,2706,0,2570.7,0.7855954361777989,0,4785.321153846154
2011-08-22,1.25,0.5,12394,scenario,7241,6522,1142,3832.0,0.4832422153553601,5153,2715.480769230769
2011-08-22,1.25,0.5,12394,mean,9917,5342,2638,3990.0,0.5767371840583155,2477,3243.2884615384614
2011-08-22,1.25,0.5,12394,seasonal,10584,4697,2660,3678.5,0.6278424847476428,1810,4970.326923076923
2011-08-22,1.25,0.5,12394,equal,9917,6938,4234,5586.0,0.4502812772363521,2477,4236.134615384615
2011-08-22,1.25,0.5,12394,hindsight,12394,227,0,113.5,0.9820141034783297,0,4750.826923076923
2011-08-22,1.25,0.8,12394,scenario,12394,3803,3576,3757.6,0.6986768084937802,0,2698.4692307692308
2011-08-22,1.25,0.8,12394,mean,9917,5342,2638,4801.2,0.5767371840583155,2477,3309.5307692307692
2011-08-22,1.25,0.8,12394,seasonal,10584,4697,2660,4289.6,0.6278424847476428,1810,4836.469230769231
2011-08-22,1.25,0.8,12394,equal,9917,6938,4234,6397.2,0.4502812772363521,2477,4302.376923076923
2011-08-22,1.25,0.8,12394,hindsight,12394,227,0,181.6,0.9820141034783297,0,4073.9692307692308
2011-08-22,1.25,0.95,12394,scenario,12394,3803,3576,3791.65,0.6986768084937802,0,2360.0403846153845
2011-08-22,1.25,0.95,12394,mean,9917,5342,2638,5206.8,0.5767371840583155,2477,3342.651923076923
2011-08-22,1.25,0.95,12394,seasonal,10584,4697,2660,4595.15,0.6278424847476428,1810,4769.540384615385
2011-08-22,1.25,0.95,12394,equal,9917,6938,4234,6802.8,0.4502812772363521,2477,4335.498076923077
2011-08-22,1.25,0.95,12394,hindsight,12394,227,0,215.65,0.9820141034783297,0,3735.5403846153845
2011-08-29,0.5,0.5,5404,scenario,5404,3250,667,1958.5,0.5930887692500313,0,2993.826923076923
2011-08-29,0.5,0.5,5404,mean,5404,3286,703,1994.5,0.5885814448478778,0,3314.173076923077
2011-08-29,0.5,0.5,5404,seasonal,5404,5329,2746,4037.5,0.3327907850256667,0,4992.596153846154
2011-08-29,0.5,0.5,5404,equal,5404,3958,1375,2666.5,0.5044447226743458,0,4115.9807692307695
2011-08-29,0.5,0.5,5404,hindsight,5404,2583,0,1291.5,0.6765994741454864,0,4760.903846153846
2011-08-29,0.5,0.8,5404,scenario,5404,3250,667,2733.4,0.5930887692500313,0,4482.553846153846
2011-08-29,0.5,0.8,5404,mean,5404,3286,703,2769.4,0.5885814448478778,0,4802.9
2011-08-29,0.5,0.8,5404,seasonal,5404,5329,2746,4812.4,0.3327907850256667,0,6481.323076923077
2011-08-29,0.5,0.8,5404,equal,5404,3958,1375,3441.4,0.5044447226743458,0,5604.707692307692
2011-08-29,0.5,0.8,5404,hindsight,5404,2583,0,2066.4,0.6765994741454864,0,6249.630769230769
2011-08-29,0.5,0.95,5404,scenario,5404,3250,667,3120.85,0.5930887692500313,0,5226.917307692308
2011-08-29,0.5,0.95,5404,mean,5404,3286,703,3156.85,0.5885814448478778,0,5547.263461538461
2011-08-29,0.5,0.95,5404,seasonal,5404,5329,2746,5199.85,0.3327907850256667,0,7225.6865384615385
2011-08-29,0.5,0.95,5404,equal,5404,3958,1375,3828.85,0.5044447226743458,0,6349.071153846154
2011-08-29,0.5,0.95,5404,hindsight,5404,2583,0,2453.85,0.6765994741454864,0,6993.994230769231
2011-08-29,0.75,0.5,8105,scenario,7506,2445,1964,2204.5,0.6938775510204082,599,2785.7884615384614
2011-08-29,0.75,0.5,8105,mean,8105,1869,1987,1928.0,0.7659947414548641,0,3152.326923076923
2011-08-29,0.75,0.5,8105,seasonal,8105,4413,4531,4472.0,0.4474771503693502,0,5314.288461538462
2011-08-29,0.75,0.5,8105,equal,8105,2858,2976,2917.0,0.6421685238512583,0,4144.057692307692
2011-08-29,0.75,0.5,8105,hindsight,7987,0,0,0.0,1.0,118,3840.6346153846152
2011-08-29,0.75,0.8,8105,scenario,8105,2329,2447,2352.6,0.7084011518717916,0,3469.8307692307694
2011-08-29,0.75,0.8,8105,mean,8105,1869,1987,1892.6,0.7659947414548641,0,3830.753846153846
2011-08-29,0.75,0.8,8105,seasonal,8105,4413,4531,4436.6,0.4474771503693502,0,5992.715384615384
2011-08-29,0.75,0.8,8105,equal,8105,2858,2976,2881.6,0.6421685238512583,0,4822.484615384616
2011-08-29,0.75,0.8,8105,hindsight,7987,0,0,0.0,1.0,118,4554.461538461538
2011-08-29,0.75,0.95,8105,scenario,8105,2329,2447,2334.9,0.7084011518717916,0,3809.0442307692306
2011-08-29,0.75,0.95,8105,mean,8105,1869,1987,1874.9,0.7659947414548641,0,4169.967307692307
2011-08-29,0.75,0.95,8105,seasonal,8105,4413,4531,4418.9,0.4474771503693502,0,6331.928846153846
2011-08-29,0.75,0.95,8105,equal,8105,2858,2976,2863.9,0.6421685238512583,0,5161.698076923077
2011-08-29,0.75,0.95,8105,hindsight,7987,0,0,0.0,1.0,118,4911.375
2011-08-29,1.0,0.5,10807,scenario,7506,2445,1964,2204.5,0.6938775510204082,3301,2785.7884615384614
2011-08-29,1.0,0.5,10807,mean,10807,1310,4130,2720.0,0.8359834731438588,0,3462.2115384615386
2011-08-29,1.0,0.5,10807,seasonal,10807,3817,6637,5227.0,0.5220984099161137,0,5822.557692307692
2011-08-29,1.0,0.5,10807,equal,10807,2288,5108,3698.0,0.713534493552022,0,4467.788461538462
2011-08-29,1.0,0.5,10807,hindsight,7987,0,0,0.0,1.0,2820,3840.6346153846152
2011-08-29,1.0,0.8,10807,scenario,10807,1832,4652,2396.0,0.770627269312633,0,2931.769230769231
2011-08-29,1.0,0.8,10807,mean,10807,1310,4130,1874.0,0.8359834731438588,0,3330.0384615384614
2011-08-29,1.0,0.8,10807,seasonal,10807,3817,6637,4381.0,0.5220984099161137,0,5690.384615384615
2011-08-29,1.0,0.8,10807,equal,10807,2288,5108,2852.0,0.713534493552022,0,4335.615384615385
2011-08-29,1.0,0.8,10807,hindsight,7987,0,0,0.0,1.0,2820,4554.461538461538
2011-08-29,1.0,0.95,10807,scenario,10807,1832,4652,1973.0,0.770627269312633,0,2865.6826923076924
2011-08-29,1.0,0.95,10807,mean,10807,1310,4130,1451.0,0.8359834731438588,0,3263.951923076923
2011-08-29,1.0,0.95,10807,seasonal,10807,3817,6637,3958.0,0.5220984099161137,0,5624.298076923077
2011-08-29,1.0,0.95,10807,equal,10807,2288,5108,2429.0,0.713534493552022,0,4269.528846153846
2011-08-29,1.0,0.95,10807,hindsight,7987,0,0,0.0,1.0,2820,4911.375
2011-08-29,1.25,0.5,13509,scenario,7506,2445,1964,2204.5,0.6938775510204082,6003,2785.7884615384614
2011-08-29,1.25,0.5,13509,mean,10808,1310,4131,2720.5,0.8359834731438588,2701,3462.6346153846152
2011-08-29,1.25,0.5,13509,seasonal,13509,3495,9017,6256.0,0.5624139226242645,0,6498.5192307692305
2011-08-29,1.25,0.5,13509,equal,10808,2288,5109,3698.5,0.713534493552022,2701,4467.826923076923
2011-08-29,1.25,0.5,13509,hindsight,7987,0,0,0.0,1.0,5522,3840.6346153846152
2011-08-29,1.25,0.8,13509,scenario,13473,1579,7065,2676.2,0.8023037435833229,36,2736.853846153846
2011-08-29,1.25,0.8,13509,mean,10808,1310,4131,1874.2,0.8359834731438588,2701,3330.1615384615384
2011-08-29,1.25,0.8,13509,seasonal,13509,3495,9017,4599.4,0.5624139226242645,0,5555.746153846154
2011-08-29,1.25,0.8,13509,equal,10808,2288,5109,2852.2,0.713534493552022,2701,4335.3538461538465
2011-08-29,1.25,0.8,13509,hindsight,7987,0,0,0.0,1.0,5522,4554.461538461538
2011-08-29,1.25,0.95,13509,scenario,13509,1579,7101,1855.1,0.8023037435833229,0,2265.744230769231
2011-08-29,1.25,0.95,13509,mean,10808,1310,4131,1451.05,0.8359834731438588,2701,3263.925
2011-08-29,1.25,0.95,13509,seasonal,13509,3495,9017,3771.1,0.5624139226242645,0,5084.359615384616
2011-08-29,1.25,0.95,13509,equal,10808,2288,5109,2429.05,0.713534493552022,2701,4269.117307692308
2011-08-29,1.25,0.95,13509,hindsight,7987,0,0,0.0,1.0,5522,4911.375
2011-09-05,0.5,0.5,5080,scenario,5080,4707,263,2485.0,0.50577488450231,0,3072.7115384615386
2011-09-05,0.5,0.5,5080,mean,5080,5036,592,2814.0,0.4712305753884922,0,3442.1346153846152
2011-09-05,0.5,0.5,5080,seasonal,5080,5670,1226,3448.0,0.40466190676186475,0,3895.019230769231
2011-09-05,0.5,0.5,5080,equal,5080,5208,764,2986.0,0.4531709365812684,0,4141.173076923077
2011-09-05,0.5,0.5,5080,hindsight,5080,4444,0,2222.0,0.5333893322133557,0,5332.096153846154
2011-09-05,0.5,0.8,5080,scenario,5080,4707,263,3818.2,0.50577488450231,0,4670.776923076923
2011-09-05,0.5,0.8,5080,mean,5080,5036,592,4147.2,0.4712305753884922,0,5040.2
2011-09-05,0.5,0.8,5080,seasonal,5080,5670,1226,4781.2,0.40466190676186475,0,5493.084615384615
2011-09-05,0.5,0.8,5080,equal,5080,5208,764,4319.2,0.4531709365812684,0,5739.238461538462
2011-09-05,0.5,0.8,5080,hindsight,5080,4444,0,3555.2,0.5333893322133557,0,6930.161538461539
2011-09-05,0.5,0.95,5080,scenario,5080,4707,263,4484.8,0.50577488450231,0,5469.809615384615
2011-09-05,0.5,0.95,5080,mean,5080,5036,592,4813.8,0.4712305753884922,0,5839.232692307693
2011-09-05,0.5,0.95,5080,seasonal,5080,5670,1226,5447.8,0.40466190676186475,0,6292.117307692308
2011-09-05,0.5,0.95,5080,equal,5080,5208,764,4985.8,0.4531709365812684,0,6538.2711538461535
2011-09-05,0.5,0.95,5080,hindsight,5080,4444,0,4221.8,0.5333893322133557,0,7729.194230769231
2011-09-05,0.75,0.5,7620,scenario,7516,3661,1653,2657.0,0.6156026879462411,104,2788.596153846154
2011-09-05,0.75,0.5,7620,mean,7620,3769,1865,2817.0,0.6042629147417051,0,3224.0576923076924
2011-09-05,0.75,0.5,7620,seasonal,7620,4554,2650,3602.0,0.5218395632087358,0,3934.75
2011-09-05,0.75,0.5,7620,equal,7620,3558,1654,2606.0,0.6264174716505669,0,4119.596153846154
2011-09-05,0.75,0.5,7620,hindsight,7620,1904,0,952.0,0.8000839983200336,0,4645.9807692307695
2011-09-05,0.75,0.8,7620,scenario,7620,3600,1696,3219.2,0.6220075598488031,0,3624.6615384615384
2011-09-05,0.75,0.8,7620,mean,7620,3769,1865,3388.2,0.6042629147417051,0,4060.123076923077
2011-09-05,0.75,0.8,7620,seasonal,7620,4554,2650,4173.2,0.5218395632087358,0,4770.815384615385
2011-09-05,0.75,0.8,7620,equal,7620,3558,1654,3177.2,0.6264174716505669,0,4955.661538461539
2011-09-05,0.75,0.8,7620,hindsight,7620,1904,0,1523.2,0.8000839983200336,0,5482.046153846154
2011-09-05,0.75,0.95,7620,scenario,7620,3600,1696,3504.8,0.6220075598488031,0,4042.6942307692307
2011-09-05,0.75,0.95,7620,mean,7620,3769,1865,3673.8,0.6042629147417051,0,4478.155769230769
2011-09-05,0.75,0.95,7620,seasonal,7620,4554,2650,4458.8,0.5218395632087358,0,5188.848076923077
2011-09-05,0.75,0.95,7620,equal,7620,3558,1654,3462.8,0.6264174716505669,0,5373.694230769231
2011-09-05,0.75,0.95,7620,hindsight,7620,1904,0,1808.8,0.8000839983200336,0,5900.078846153846
2011-09-05,1.0,0.5,10159,scenario,7516,3661,1653,2657.0,0.6156026879462411,2643,2788.596153846154
2011-09-05,1.0,0.5,10159,mean,10159,3112,3747,3429.5,0.6732465350692987,0,3426.9423076923076
2011-09-05,1.0,0.5,10159,seasonal,10159,3554,4189,3871.5,0.626837463250735,0,4365.365384615385
2011-09-05,1.0,0.5,10159,equal,10159,2348,2983,2665.5,0.753464930701386,0,4376.826923076923
2011-09-05,1.0,0.5,10159,hindsight,9524,0,0,0.0,1.0,635,4213.365384615385
2011-09-05,1.0,0.8,10159,scenario,10159,3338,3973,3465.0,0.6495170096598069,0,3053.9615384615386
2011-09-05,1.0,0.8,10159,mean,10159,3112,3747,3239.0,0.6732465350692987,0,3501.3076923076924
2011-09-05,1.0,0.8,10159,seasonal,10159,3554,4189,3681.0,0.626837463250735,0,4439.7307692307695
2011-09-05,1.0,0.8,10159,equal,10159,2348,2983,2475.0,0.753464930701386,0,4451.192307692308
2011-09-05,1.0,0.8,10159,hindsight,9524,0,0,0.0,1.0,635,4478.2307692307695
2011-09-05,1.0,0.95,10159,scenario,10159,3338,3973,3369.75,0.6495170096598069,0,3091.144230769231
2011-09-05,1.0,0.95,10159,mean,10159,3112,3747,3143.75,0.6732465350692987,0,3538.4903846153848
2011-09-05,1.0,0.95,10159,seasonal,10159,3554,4189,3585.75,0.626837463250735,0,4476.913461538462
2011-09-05,1.0,0.95,10159,equal,10159,2348,2983,2379.75,0.753464930701386,0,4488.375
2011-09-05,1.0,0.95,10159,hindsight,9524,0,0,0.0,1.0,635,4610.663461538462
2011-09-05,1.25,0.5,12699,scenario,7516,3661,1653,2657.0,0.6156026879462411,5183,2788.596153846154
2011-09-05,1.25,0.5,12699,mean,10163,3112,3751,3431.5,0.6732465350692987,2536,3428.096153846154
2011-09-05,1.25,0.5,12699,seasonal,12022,2949,5447,4198.0,0.6903611927761445,677,4844.75
2011-09-05,1.25,0.5,12699,equal,10163,2347,2986,2666.5,0.753569928601428,2536,4377.365384615385
2011-09-05,1.25,0.5,12699,hindsight,9524,0,0,0.0,1.0,3175,4213.365384615385
2011-09-05,1.25,0.8,12699,scenario,12699,2875,6050,3510.0,0.6981310373792524,0,2791.269230769231
2011-09-05,1.25,0.8,12699,mean,10163,3112,3751,3239.8,0.6732465350692987,2536,3501.2615384615383
2011-09-05,1.25,0.8,12699,seasonal,12022,2949,5447,3448.6,0.6903611927761445,677,4360.215384615384
2011-09-05,1.25,0.8,12699,equal,10163,2347,2986,2474.8,0.753569928601428,2536,4450.530769230769
2011-09-05,1.25,0.8,12699,hindsight,9524,0,0,0.0,1.0,3175,4478.2307692307695
2011-09-05,1.25,0.95,12699,scenario,12699,2875,6050,3033.75,0.6981310373792524,0,2447.451923076923
2011-09-05,1.25,0.95,12699,mean,10163,3112,3751,3143.95,0.6732465350692987,2536,3537.8442307692308
2011-09-05,1.25,0.95,12699,seasonal,12022,2949,5447,3073.9,0.6903611927761445,677,4117.948076923077
2011-09-05,1.25,0.95,12699,equal,10163,2347,2986,2378.95,0.753569928601428,2536,4487.113461538462
2011-09-05,1.25,0.95,12699,hindsight,9524,0,0,0.0,1.0,3175,4610.663461538462
2011-09-12,0.5,0.5,5207,scenario,5207,6604,343,3473.5,0.42413672828740845,0,3066.1923076923076
2011-09-12,0.5,0.5,5207,mean,5207,6963,702,3832.5,0.3928322288106034,0,3469.423076923077
2011-09-12,0.5,0.5,5207,seasonal,5207,7203,942,4072.5,0.3719044297174747,0,4163.307692307692
2011-09-12,0.5,0.5,5207,equal,5207,7511,1250,4380.5,0.34504708754795954,0,4120.346153846154
2011-09-12,0.5,0.5,5207,hindsight,5207,6261,0,3130.5,0.4540460411580049,0,4934.538461538462
2011-09-12,0.5,0.8,5207,scenario,5207,6604,343,5351.8,0.42413672828740845,0,4640.038461538462
2011-09-12,0.5,0.8,5207,mean,5207,6963,702,5710.8,0.3928322288106034,0,5043.2692307692305
2011-09-12,0.5,0.8,5207,seasonal,5207,7203,942,5950.8,0.3719044297174747,0,5737.153846153846
2011-09-12,0.5,0.8,5207,equal,5207,7511,1250,6258.8,0.34504708754795954,0,5694.192307692308
2011-09-12,0.5,0.8,5207,hindsight,5207,6261,0,5008.8,0.4540460411580049,0,6508.384615384615
2011-09-12,0.5,0.95,5207,scenario,5207,6604,343,6290.95,0.42413672828740845,0,5426.961538461538
2011-09-12,0.5,0.95,5207,mean,5207,6963,702,6649.95,0.3928322288106034,0,5830.192307692308
2011-09-12,0.5,0.95,5207,seasonal,5207,7203,942,6889.95,0.3719044297174747,0,6524.076923076923
2011-09-12,0.5,0.95,5207,equal,5207,7511,1250,7197.95,0.34504708754795954,0,6481.115384615385
2011-09-12,0.5,0.95,5207,hindsight,5207,6261,0,5947.95,0.4540460411580049,0,7295.307692307692
2011-09-12,0.75,0.5,7810,scenario,7236,5280,1048,3164.0,0.5395884199511685,574,2838.6923076923076
2011-09-12,0.75,0.5,7810,mean,7810,5133,1475,3304.0,0.5524066968957098,0,3299.153846153846
2011-09-12,0.75,0.5,7810,seasonal,7810,5440,1782,3611.0,0.5256365538890827,0,4307.2692307692305
2011-09-12,0.75,0.5,7810,equal,7810,5969,2311,4140.0,0.47950819672131145,0,4106.692307692308
2011-09-12,0.75,0.5,7810,hindsight,7810,3658,0,1829.0,0.6810254621555633,0,4715.115384615385
2011-09-12,0.75,0.8,7810,scenario,7810,4962,1304,4230.4,0.5673177537495641,0,3632.9846153846156
2011-09-12,0.75,0.8,7810,mean,7810,5133,1475,4401.4,0.5524066968957098,0,4092.1
2011-09-12,0.75,0.8,7810,seasonal,7810,5440,1782,4708.4,0.5256365538890827,0,5100.215384615384
2011-09-12,0.75,0.8,7810,equal,7810,5969,2311,5237.4,0.47950819672131145,0,4899.638461538461
2011-09-12,0.75,0.8,7810,hindsight,7810,3658,0,2926.4,0.6810254621555633,0,5508.0615384615385
2011-09-12,0.75,0.95,7810,scenario,7810,4962,1304,4779.1,0.5673177537495641,0,4029.4576923076925
2011-09-12,0.75,0.95,7810,mean,7810,5133,1475,4950.1,0.5524066968957098,0,4488.573076923077
2011-09-12,0.75,0.95,7810,seasonal,7810,5440,1782,5257.1,0.5256365538890827,0,5496.6884615384615
2011-09-12,0.75,0.95,7810,equal,7810,5969,2311,5786.1,0.47950819672131145,0,5296.111538461539
2011-09-12,0.75,0.95,7810,hindsight,7810,3658,0,3475.1,0.6810254621555633,0,5904.534615384616
2011-09-12,1.0,0.5,10414,scenario,7236,5280,1048,3164.0,0.5395884199511685,3178,2838.6923076923076
2011-09-12,1.0,0.5,10414,mean,10414,3979,2925,3452.0,0.6530345308685037,0,3557.923076923077
2011-09-12,1.0,0.5,10414,seasonal,9925,4448,2905,3676.5,0.6121381234740146,489,4702.2692307692305
2011-09-12,1.0,0.5,10414,equal,10414,4640,3586,4113.0,0.5953958841995117,0,4385.884615384615
2011-09-12,1.0,0.5,10414,hindsight,10414,1054,0,527.0,0.9080920823160098,0,4709.576923076923
2011-09-12,1.0,0.8,10414,scenario,10414,4049,2995,3838.2,0.6469305894663411,0,3098.3230769230768
2011-09-12,1.0,0.8,10414,mean,10414,3979,2925,3768.2,0.6530345308685037,0,3569.6692307692306
2011-09-12,1.0,0.8,10414,seasonal,9925,4448,2905,4139.4,0.6121381234740146,489,4860.715384615384
2011-09-12,1.0,0.8,10414,equal,10414,4640,3586,4429.2,0.5953958841995117,0,4397.630769230769
2011-09-12,1.0,0.8,10414,hindsight,10414,1054,0,843.2,0.9080920823160098,0,4721.323076923077
2011-09-12,1.0,0.95,10414,scenario,10414,4049,2995,3996.3,0.6469305894663411,0,3104.1961538461537
2011-09-12,1.0,0.95,10414,mean,10414,3979,2925,3926.3,0.6530345308685037,0,3575.5423076923075
2011-09-12,1.0,0.95,10414,seasonal,9925,4448,2905,4370.85,0.6121381234740146,489,4939.9384615384615
2011-09-12,1.0,0.95,10414,equal,10414,4640,3586,4587.3,0.5953958841995117,0,4403.503846153846
2011-09-12,1.0,0.95,10414,hindsight,10414,1054,0,1001.3,0.9080920823160098,0,4727.196153846154
2011-09-12,1.25,0.5,13017,scenario,7236,5280,1048,3164.0,0.5395884199511685,5781,2838.6923076923076
2011-09-12,1.25,0.5,13017,mean,10416,3979,2927,3453.0,0.6530345308685037,2601,3558.6153846153848
2011-09-12,1.25,0.5,13017,seasonal,9925,4448,2905,3676.5,0.6121381234740146,3092,4702.2692307692305
2011-09-12,1.25,0.5,13017,equal,10416,4638,3586,4112.0,0.5955702825252878,2601,4386.115384615385
2011-09-12,1.25,0.5,13017,hindsight,11468,0,0,0.0,1.0,1549,4435.038461538462
2011-09-12,1.25,0.8,13017,scenario,13017,2739,4288,3048.8,0.7611614928496686,0,2866.0384615384614
2011-09-12,1.25,0.8,13017,mean,10416,3979,2927,3768.6,0.6530345308685037,2601,3569.7615384615383
2011-09-12,1.25,0.8,13017,seasonal,9925,4448,2905,4139.4,0.6121381234740146,3092,4860.715384615384
2011-09-12,1.25,0.8,13017,equal,10416,4638,3586,4427.6,0.5955702825252878,2601,4397.261538461538
2011-09-12,1.25,0.8,13017,hindsight,11468,0,0,0.0,1.0,1549,4130.584615384615
2011-09-12,1.25,0.95,13017,scenario,13017,2739,4288,2816.45,0.7611614928496686,0,2481.4615384615386
2011-09-12,1.25,0.95,13017,mean,10416,3979,2927,3926.4,0.6530345308685037,2601,3575.3346153846155
2011-09-12,1.25,0.95,13017,seasonal,9925,4448,2905,4370.85,0.6121381234740146,3092,4939.9384615384615
2011-09-12,1.25,0.95,13017,equal,10416,4638,3586,4585.4,0.5955702825252878,2601,4402.834615384615
2011-09-12,1.25,0.95,13017,hindsight,11468,0,0,0.0,1.0,1549,3978.357692307692
2011-09-19,0.5,0.5,5344,scenario,5344,5479,192,2835.5,0.48462044962844514,0,2974.75
2011-09-19,0.5,0.5,5344,mean,5344,5841,554,3197.5,0.4505690903960117,0,3410.3653846153848
2011-09-19,0.5,0.5,5344,seasonal,5344,5631,344,2987.5,0.47032264133195373,0,3618.019230769231
2011-09-19,0.5,0.5,5344,equal,5344,6447,1160,3803.5,0.39356598626657885,0,4035.173076923077
2011-09-19,0.5,0.5,5344,hindsight,5344,5287,0,2643.5,0.5026808390555921,0,4351.557692307692
2011-09-19,0.5,0.8,5344,scenario,5344,5479,192,4421.6,0.48462044962844514,0,4465.923076923077
2011-09-19,0.5,0.8,5344,mean,5344,5841,554,4783.6,0.4505690903960117,0,4901.538461538462
2011-09-19,0.5,0.8,5344,seasonal,5344,5631,344,4573.6,0.47032264133195373,0,5109.192307692308
2011-09-19,0.5,0.8,5344,equal,5344,6447,1160,5389.6,0.39356598626657885,0,5526.346153846154
2011-09-19,0.5,0.8,5344,hindsight,5344,5287,0,4229.6,0.5026808390555921,0,5842.7307692307695
2011-09-19,0.5,0.95,5344,scenario,5344,5479,192,5214.65,0.48462044962844514,0,5211.509615384615
2011-09-19,0.5,0.95,5344,mean,5344,5841,554,5576.65,0.4505690903960117,0,5647.125
2011-09-19,0.5,0.95,5344,seasonal,5344,5631,344,5366.65,0.47032264133195373,0,5854.778846153846
2011-09-19,0.5,0.95,5344,equal,5344,6447,1160,6182.65,0.39356598626657885,0,6271.932692307692
2011-09-19,0.5,0.95,5344,hindsight,5344,5287,0,5022.65,0.5026808390555921,0,6588.317307692308
2011-09-19,0.75,0.5,8015,scenario,7226,4117,712,2414.5,0.6127363371272693,789,2787.75
2011-09-19,0.75,0.5,8015,mean,8015,4005,1389,2697.0,0.623271564293105,0,3282.7884615384614
2011-09-19,0.75,0.5,8015,seasonal,8015,3895,1279,2587.0,0.633618662402408,0,3710.6346153846152
2011-09-19,0.75,0.5,8015,equal,8015,4798,2182,3490.0,0.5486783933778572,0,4041.596153846154
2011-09-19,0.75,0.5,8015,hindsight,8015,2616,0,1308.0,0.7539271940551218,0,3986.6346153846152
2011-09-19,0.75,0.8,8015,scenario,8015,3765,1149,3241.8,0.6458470510770389,0,3488.507692307692
2011-09-19,0.75,0.8,8015,mean,8015,4005,1389,3481.8,0.623271564293105,0,3972.6615384615384
2011-09-19,0.75,0.8,8015,seasonal,8015,3895,1279,3371.8,0.633618662402408,0,4400.507692307692
2011-09-19,0.75,0.8,8015,equal,8015,4798,2182,4274.8,0.5486783933778572,0,4731.469230769231
2011-09-19,0.75,0.8,8015,hindsight,8015,2616,0,2092.8,0.7539271940551218,0,4676.507692307692
2011-09-19,0.75,0.95,8015,scenario,8015,3765,1149,3634.2,0.6458470510770389,0,3833.4442307692307
2011-09-19,0.75,0.95,8015,mean,8015,4005,1389,3874.2,0.623271564293105,0,4317.598076923077
2011-09-19,0.75,0.95,8015,seasonal,8015,3895,1279,3764.2,0.633618662402408,0,4745.444230769231
2011-09-19,0.75,0.95,8015,equal,8015,4798,2182,4667.2,0.5486783933778572,0,5076.405769230769
2011-09-19,0.75,0.95,8015,hindsight,8015,2616,0,2485.2,0.7539271940551218,0,5021.444230769231
2011-09-19,1.0,0.5,10687,scenario,7226,4117,712,2414.5,0.6127363371272693,3461,2787.75
2011-09-19,1.0,0.5,10687,mean,10687,2831,2887,2859.0,0.7337033204778478,0,3603.673076923077
2011-09-19,1.0,0.5,10687,seasonal,10687,2610,2666,2638.0,0.7544915812247202,0,4185.057692307692
2011-09-19,1.0,0.5,10687,equal,10687,3450,3506,3478.0,0.6754773774809519,0,4357.826923076923
2011-09-19,1.0,0.5,10687,hindsight,10631,0,0,0.0,1.0,56,3864.596153846154
2011-09-19,1.0,0.8,10687,scenario,10687,2590,2646,2601.2,0.756372871790048,0,2985.869230769231
2011-09-19,1.0,0.8,10687,mean,10687,2831,2887,2842.2,0.7337033204778478,0,3491.9461538461537
2011-09-19,1.0,0.8,10687,seasonal,10687,2610,2666,2621.2,0.7544915812247202,0,4073.3307692307694
2011-09-19,1.0,0.8,10687,equal,10687,3450,3506,3461.2,0.6754773774809519,0,4246.1
2011-09-19,1.0,0.8,10687,hindsight,10631,0,0,0.0,1.0,56,3769.6692307692306
2011-09-19,1.0,0.95,10687,scenario,10687,2590,2646,2592.8,0.756372871790048,0,2930.005769230769
2011-09-19,1.0,0.95,10687,mean,10687,2831,2887,2833.8,0.7337033204778478,0,3436.0826923076925
2011-09-19,1.0,0.95,10687,seasonal,10687,2610,2666,2612.8,0.7544915812247202,0,4017.4673076923077
2011-09-19,1.0,0.95,10687,equal,10687,3450,3506,3452.8,0.6754773774809519,0,4190.236538461539
2011-09-19,1.0,0.95,10687,hindsight,10631,0,0,0.0,1.0,56,3722.2057692307694
2011-09-19,1.25,0.5,13359,scenario,7226,4117,712,2414.5,0.6127363371272693,6133,2787.75
2011-09-19,1.25,0.5,13359,mean,10691,2830,2890,2860.0,0.7337973850061142,2668,3604.903846153846
2011-09-19,1.25,0.5,13359,seasonal,13359,1642,4370,3006.0,0.8455460445865864,0,4886.942307692308
2011-09-19,1.25,0.5,13359,equal,10691,3450,3510,3480.0,0.6754773774809519,2668,4359.25
2011-09-19,1.25,0.5,13359,hindsight,10631,0,0,0.0,1.0,2728,3864.596153846154
2011-09-19,1.25,0.8,13359,scenario,13359,1575,4303,2120.6,0.8518483679804346,0,2802.153846153846
2011-09-19,1.25,0.8,13359,mean,10691,2830,2890,2842.0,0.7337973850061142,2668,3491.976923076923
2011-09-19,1.25,0.8,13359,seasonal,13359,1642,4370,2187.6,0.8455460445865864,0,3973.6153846153848
2011-09-19,1.25,0.8,13359,equal,10691,3450,3510,3462.0,0.6754773774809519,2668,4246.323076923077
2011-09-19,1.25,0.8,13359,hindsight,10631,0,0,0.0,1.0,2728,3769.6692307692306
2011-09-19,1.25,0.95,13359,scenario,13359,1575,4303,1711.4,0.8518483679804346,0,2345.4903846153848
2011-09-19,1.25,0.95,13359,mean,10691,2830,2890,2833.0,0.7337973850061142,2668,3435.5134615384613
2011-09-19,1.25,0.95,13359,seasonal,13359,1642,4370,1778.4,0.8455460445865864,0,3516.951923076923
2011-09-19,1.25,0.95,13359,equal,10691,3450,3510,3453.0,0.6754773774809519,2668,4189.859615384616
2011-09-19,1.25,0.95,13359,hindsight,10631,0,0,0.0,1.0,2728,3722.2057692307694
2011-09-26,0.5,0.5,5258,scenario,5258,4907,602,2754.5,0.4868765031893757,0,3008.980769230769
2011-09-26,0.5,0.5,5258,mean,5258,4936,631,2783.5,0.48384398201401235,0,3365.1346153846152
2011-09-26,0.5,0.5,5258,seasonal,5258,5787,1482,3634.5,0.39485517097145245,0,4005.173076923077
2011-09-26,0.5,0.5,5258,equal,5258,5886,1581,3733.5,0.3845027710969361,0,4064.5576923076924
2011-09-26,0.5,0.5,5258,hindsight,5258,4305,0,2152.5,0.5498274600020914,0,4900.673076923077
2011-09-26,0.5,0.8,5258,scenario,5258,4907,602,4046.0,0.4868765031893757,0,4547.992307692308
2011-09-26,0.5,0.8,5258,mean,5258,4936,631,4075.0,0.48384398201401235,0,4904.1461538461535
2011-09-26,0.5,0.8,5258,seasonal,5258,5787,1482,4926.0,0.39485517097145245,0,5544.184615384615
2011-09-26,0.5,0.8,5258,equal,5258,5886,1581,5025.0,0.3845027710969361,0,5603.569230769231
2011-09-26,0.5,0.8,5258,hindsight,5258,4305,0,3444.0,0.5498274600020914,0,6439.684615384615
2011-09-26,0.5,0.95,5258,scenario,5258,4907,602,4691.75,0.4868765031893757,0,5317.498076923077
2011-09-26,0.5,0.95,5258,mean,5258,4936,631,4720.75,0.48384398201401235,0,5673.651923076923
2011-09-26,0.5,0.95,5258,seasonal,5258,5787,1482,5571.75,0.39485517097145245,0,6313.690384615385
2011-09-26,0.5,0.95,5258,equal,5258,5886,1581,5670.75,0.3845027710969361,0,6373.075
2011-09-26,0.5,0.95,5258,hindsight,5258,4305,0,4089.75,0.5498274600020914,0,7209.190384615385
2011-09-26,0.75,0.5,7887,scenario,7350,3696,1483,2589.5,0.6135104046847224,537,2790.7884615384614
2011-09-26,0.75,0.5,7887,mean,7887,3274,1598,2436.0,0.6576388162710447,0,3202.75
2011-09-26,0.75,0.5,7887,seasonal,7887,4399,2723,3561.0,0.539997908606086,0,4028.9423076923076
2011-09-26,0.75,0.5,7887,equal,7887,4637,2961,3799.0,0.5151103210289658,0,4047.019230769231
2011-09-26,0.75,0.5,7887,hindsight,7887,1676,0,838.0,0.8247411900031371,0,4331.75
2011-09-26,0.75,0.8,7887,scenario,7887,3429,1753,3093.8,0.6414305134372059,0,3541.1
2011-09-26,0.75,0.8,7887,mean,7887,3274,1598,2938.8,0.6576388162710447,0,3953.0615384615385
2011-09-26,0.75,0.8,7887,seasonal,7887,4399,2723,4063.8,0.539997908606086,0,4779.253846153846
2011-09-26,0.75,0.8,7887,equal,7887,4637,2961,4301.8,0.5151103210289658,0,4797.330769230769
2011-09-26,0.75,0.8,7887,hindsight,7887,1676,0,1340.8,0.8247411900031371,0,5082.0615384615385
2011-09-26,0.75,0.95,7887,scenario,7887,3429,1753,3345.2,0.6414305134372059,0,3916.255769230769
2011-09-26,0.75,0.95,7887,mean,7887,3274,1598,3190.2,0.6576388162710447,0,4328.217307692307
2011-09-26,0.75,0.95,7887,seasonal,7887,4399,2723,4315.2,0.539997908606086,0,5154.409615384616
2011-09-26,0.75,0.95,7887,equal,7887,4637,2961,4553.2,0.5151103210289658,0,5172.486538461539
2011-09-26,0.75,0.95,7887,hindsight,7887,1676,0,1592.2,0.8247411900031371,0,5457.217307692307
2011-09-26,1.0,0.5,10516,scenario,7350,3696,1483,2589.5,0.6135104046847224,3166,2790.7884615384614
2011-09-26,1.0,0.5,10516,mean,10516,2196,3149,2672.5,0.7703649482380006,0,3515.980769230769
2011-09-26,1.0,0.5,10516,seasonal,10516,3509,4462,3985.5,0.633064937781031,0,4427.365384615385
2011-09-26,1.0,0.5,10516,equal,10516,3704,4657,4180.5,0.6126738471191049,0,4332.826923076923
2011-09-26,1.0,0.5,10516,hindsight,9563,0,0,0.0,1.0,953,3919.4423076923076
2011-09-26,1.0,0.8,10516,scenario,10516,2339,3292,2529.6,0.7554114817525881,0,3012.0538461538463
2011-09-26,1.0,0.8,10516,mean,10516,2196,3149,2386.6,0.7703649482380006,0,3477.5923076923077
2011-09-26,1.0,0.8,10516,seasonal,10516,3509,4462,3699.6,0.633064937781031,0,4388.976923076923
2011-09-26,1.0,0.8,10516,equal,10516,3704,4657,3894.6,0.6126738471191049,0,4294.4384615384615
2011-09-26,1.0,0.8,10516,hindsight,9563,0,0,0.0,1.0,953,4166.953846153846
2011-09-26,1.0,0.95,10516,scenario,10516,2339,3292,2386.65,0.7554114817525881,0,2992.8596153846156
2011-09-26,1.0,0.95,10516,mean,10516,2196,3149,2243.65,0.7703649482380006,0,3458.398076923077
2011-09-26,1.0,0.95,10516,seasonal,10516,3509,4462,3556.65,0.633064937781031,0,4369.782692307693
2011-09-26,1.0,0.95,10516,equal,10516,3704,4657,3751.65,0.6126738471191049,0,4275.244230769231
2011-09-26,1.0,0.95,10516,hindsight,9563,0,0,0.0,1.0,953,4290.709615384615
2011-09-26,1.25,0.5,13145,scenario,7350,3696,1483,2589.5,0.6135104046847224,5795,2790.7884615384614
2011-09-26,1.25,0.5,13145,mean,10519,2195,3151,2673.0,0.7704695179337028,2626,3516.903846153846
2011-09-26,1.25,0.5,13145,seasonal,13145,2854,6436,4645.0,0.7015580884659626,0,5072.0192307692305
2011-09-26,1.25,0.5,13145,equal,10519,3703,4659,4181.0,0.612778416814807,2626,4333.4807692307695
2011-09-26,1.25,0.5,13145,hindsight,9563,0,0,0.0,1.0,3582,3919.4423076923076
2011-09-26,1.25,0.8,13145,scenario,13145,1411,4993,2127.4,0.8524521593642163,0,2784.5846153846155
2011-09-26,1.25,0.8,13145,mean,10519,2195,3151,2386.2,0.7704695179337028,2626,3477.6153846153848
2011-09-26,1.25,0.8,13145,seasonal,13145,2854,6436,3570.4,0.7015580884659626,0,4244.930769230769
2011-09-26,1.25,0.8,13145,equal,10519,3703,4659,3894.2,0.612778416814807,2626,4294.192307692308
2011-09-26,1.25,0.8,13145,hindsight,9563,0,0,0.0,1.0,3582,4166.953846153846
2011-09-26,1.25,0.95,13145,scenario,13145,1411,4993,1590.1,0.8524521593642163,0,2371.0403846153845
2011-09-26,1.25,0.95,13145,mean,10519,2195,3151,2242.8,0.7704695179337028,2626,3457.971153846154
2011-09-26,1.25,0.95,13145,seasonal,13145,2854,6436,3033.1,0.7015580884659626,0,3831.3865384615383
2011-09-26,1.25,0.95,13145,equal,10519,3703,4659,3750.8,0.612778416814807,2626,4274.548076923077
2011-09-26,1.25,0.95,13145,hindsight,9563,0,0,0.0,1.0,3582,4290.709615384615
2011-10-03,0.5,0.5,5036,scenario,5036,10621,300,5460.5,0.30839356645178095,0,2955.1923076923076
2011-10-03,0.5,0.5,5036,mean,5036,10774,453,5613.5,0.29843068307612164,0,3287.0384615384614
2011-10-03,0.5,0.5,5036,seasonal,5036,11792,1471,6631.5,0.2321416943413427,0,4400.346153846154
2011-10-03,0.5,0.5,5036,equal,5036,11354,1033,6193.5,0.2606628898873478,0,3987.769230769231
2011-10-03,0.5,0.5,5036,hindsight,5036,10321,0,5160.5,0.3279286318942502,0,5115.384615384615
2011-10-03,0.5,0.8,5036,scenario,5036,10621,300,8556.8,0.30839356645178095,0,4489.184615384615
2011-10-03,0.5,0.8,5036,mean,5036,10774,453,8709.8,0.29843068307612164,0,4821.030769230769
2011-10-03,0.5,0.8,5036,seasonal,5036,11792,1471,9727.8,0.2321416943413427,0,5934.338461538461
2011-10-03,0.5,0.8,5036,equal,5036,11354,1033,9289.8,0.2606628898873478,0,5521.761538461538
2011-10-03,0.5,0.8,5036,hindsight,5036,10321,0,8256.8,0.3279286318942502,0,6649.376923076923
2011-10-03,0.5,0.95,5036,scenario,5036,10621,300,10104.95,0.30839356645178095,0,5256.180769230769
2011-10-03,0.5,0.95,5036,mean,5036,10774,453,10257.95,0.29843068307612164,0,5588.026923076923
2011-10-03,0.5,0.95,5036,seasonal,5036,11792,1471,11275.95,0.2321416943413427,0,6701.334615384615
2011-10-03,0.5,0.95,5036,equal,5036,11354,1033,10837.95,0.2606628898873478,0,6288.757692307692
2011-10-03,0.5,0.95,5036,hindsight,5036,10321,0,9804.95,0.3279286318942502,0,7416.373076923077
2011-10-03,0.75,0.5,7554,scenario,7166,8852,661,4756.5,0.4235853356775412,388,2706.8846153846152
2011-10-03,0.75,0.5,7554,mean,7554,8791,988,4889.5,0.42755746565084324,0,3060.1923076923076
2011-10-03,0.75,0.5,7554,seasonal,7554,10722,2919,6820.5,0.30181676108614963,0,4735.538461538462
2011-10-03,0.75,0.5,7554,equal,7554,9882,2079,5980.5,0.3565149443250635,0,3952.8846153846152
2011-10-03,0.75,0.5,7554,hindsight,7554,7803,0,3901.5,0.49189294784137527,0,5457.615384615385
2011-10-03,0.75,0.8,7554,scenario,7554,8564,761,7003.4,0.4423389985023117,0,3485.476923076923
2011-10-03,0.75,0.8,7554,mean,7554,8791,988,7230.4,0.42755746565084324,0,3838.7846153846153
2011-10-03,0.75,0.8,7554,seasonal,7554,10722,2919,9161.4,0.30181676108614963,0,5514.130769230769
2011-10-03,0.75,0.8,7554,equal,7554,9882,2079,8321.4,0.3565149443250635,0,4731.476923076923
2011-10-03,0.75,0.8,7554,hindsight,7554,7803,0,6242.4,0.49189294784137527,0,6236.207692307692
2011-10-03,0.75,0.95,7554,scenario,7554,8564,761,8173.85,0.4423389985023117,0,3874.773076923077
2011-10-03,0.75,0.95,7554,mean,7554,8791,988,8400.85,0.42755746565084324,0,4228.080769230769
2011-10-03,0.75,0.95,7554,seasonal,7554,10722,2919,10331.85,0.30181676108614963,0,5903.426923076923
2011-10-03,0.75,0.95,7554,equal,7554,9882,2079,9491.85,0.3565149443250635,0,5120.773076923077
2011-10-03,0.75,0.95,7554,hindsight,7554,7803,0,7412.85,0.49189294784137527,0,6625.503846153846
2011-10-03,1.0,0.5,10072,scenario,7166,8852,661,4756.5,0.4235853356775412,2906,2706.8846153846152
2011-10-03,1.0,0.5,10072,mean,10072,7292,2007,4649.5,0.5251676759783812,0,3309.730769230769
2011-10-03,1.0,0.5,10072,seasonal,10072,9922,4637,7279.5,0.35391026893273425,0,5270.038461538462
2011-10-03,1.0,0.5,10072,equal,10072,8621,3336,5978.5,0.4386273360682425,0,4208.846153846154
2011-10-03,1.0,0.5,10072,hindsight,10072,5285,0,2642.5,0.6558572637885004,0,5444.384615384615
2011-10-03,1.0,0.8,10072,scenario,10072,7054,1769,5997.0,0.5406654945627402,0,2958.8846153846152
2011-10-03,1.0,0.8,10072,mean,10072,7292,2007,6235.0,0.5251676759783812,0,3332.923076923077
2011-10-03,1.0,0.8,10072,seasonal,10072,9922,4637,8865.0,0.35391026893273425,0,5293.2307692307695
2011-10-03,1.0,0.8,10072,equal,10072,8621,3336,7564.0,0.4386273360682425,0,4232.038461538462
2011-10-03,1.0,0.8,10072,hindsight,10072,5285,0,4228.0,0.6558572637885004,0,5467.576923076923
2011-10-03,1.0,0.95,10072,scenario,10072,7054,1769,6789.75,0.5406654945627402,0,2970.480769230769
2011-10-03,1.0,0.95,10072,mean,10072,7292,2007,7027.75,0.5251676759783812,0,3344.519230769231
2011-10-03,1.0,0.95,10072,seasonal,10072,9922,4637,9657.75,0.35391026893273425,0,5304.826923076923
2011-10-03,1.0,0.95,10072,equal,10072,8621,3336,8356.75,0.4386273360682425,0,4243.634615384615
2011-10-03,1.0,0.95,10072,hindsight,10072,5285,0,5020.75,0.6558572637885004,0,5479.173076923077
2011-10-03,1.25,0.5,12590,scenario,7166,8852,661,4756.5,0.4235853356775412,5424,2706.8846153846152
2011-10-03,1.25,0.5,12590,mean,10073,7291,2007,4649.0,0.5252327928631895,2517,3309.9615384615386
2011-10-03,1.25,0.5,12590,seasonal,12590,9233,6466,7849.5,0.39877580256560524,0,5914.346153846154
2011-10-03,1.25,0.5,12590,equal,10073,8620,3336,5978.0,0.4386924529530507,2517,4208.615384615385
2011-10-03,1.25,0.5,12590,hindsight,12590,2767,0,1383.5,0.8198215797356254,0,5163.615384615385
2011-10-03,1.25,0.8,12590,scenario,12590,5879,3112,5325.6,0.6171778342124112,0,2701.4846153846156
2011-10-03,1.25,0.8,12590,mean,10073,7291,2007,6234.2,0.5252327928631895,2517,3332.853846153846
2011-10-03,1.25,0.8,12590,seasonal,12590,9233,6466,8679.6,0.39877580256560524,0,5182.138461538461
2011-10-03,1.25,0.8,12590,equal,10073,8620,3336,7563.2,0.4386924529530507,2517,4231.507692307692
2011-10-03,1.25,0.8,12590,hindsight,12590,2767,0,2213.6,0.8198215797356254,0,4431.407692307693
2011-10-03,1.25,0.95,12590,scenario,12590,5879,3112,5740.65,0.6171778342124112,0,2335.380769230769
2011-10-03,1.25,0.95,12590,mean,10073,7291,2007,7026.8,0.5252327928631895,2517,3344.3
2011-10-03,1.25,0.95,12590,seasonal,12590,9233,6466,9094.65,0.39877580256560524,0,4816.034615384616
2011-10-03,1.25,0.95,12590,equal,10073,8620,3336,8355.8,0.4386924529530507,2517,4242.953846153846
2011-10-03,1.25,0.95,12590,hindsight,12590,2767,0,2628.65,0.8198215797356254,0,4065.3038461538463
2011-10-10,0.5,0.5,5403,scenario,5403,3418,693,2055.5,0.5794783464566929,0,3015.3846153846152
2011-10-10,0.5,0.5,5403,mean,5403,3829,1104,2466.5,0.5289124015748031,0,3366.076923076923
2011-10-10,0.5,0.5,5403,seasonal,5403,4414,1689,3051.5,0.4569389763779528,0,3955.8076923076924
2011-10-10,0.5,0.5,5403,equal,5403,4359,1634,2996.5,0.4637057086614173,0,4090.8076923076924
2011-10-10,0.5,0.5,5403,hindsight,5403,2725,0,1362.5,0.6647391732283464,0,4599.423076923077
2011-10-10,0.5,0.8,5403,scenario,5403,3418,693,2873.0,0.5794783464566929,0,4527.661538461539
2011-10-10,0.5,0.8,5403,mean,5403,3829,1104,3284.0,0.5289124015748031,0,4878.3538461538465
2011-10-10,0.5,0.8,5403,seasonal,5403,4414,1689,3869.0,0.4569389763779528,0,5468.084615384615
2011-10-10,0.5,0.8,5403,equal,5403,4359,1634,3814.0,0.4637057086614173,0,5603.084615384615
2011-10-10,0.5,0.8,5403,hindsight,5403,2725,0,2180.0,0.6647391732283464,0,6111.7
2011-10-10,0.5,0.95,5403,scenario,5403,3418,693,3281.75,0.5794783464566929,0,5283.8
2011-10-10,0.5,0.95,5403,mean,5403,3829,1104,3692.75,0.5289124015748031,0,5634.492307692308
2011-10-10,0.5,0.95,5403,seasonal,5403,4414,1689,4277.75,0.4569389763779528,0,6224.223076923077
2011-10-10,0.5,0.95,5403,equal,5403,4359,1634,4222.75,0.4637057086614173,0,6359.223076923077
2011-10-10,0.5,0.95,5403,hindsight,5403,2725,0,2588.75,0.6647391732283464,0,6867.838461538461
2011-10-10,0.75,0.5,8105,scenario,7425,2475,1772,2123.5,0.6954970472440944,680,2810.6923076923076
2011-10-10,0.75,0.5,8105,mean,8105,2354,2331,2342.5,0.7103838582677166,0,3193.846153846154
2011-10-10,0.75,0.5,8105,seasonal,8105,3318,3295,3306.5,0.5917814960629921,0,4043.6153846153848
2011-10-10,0.75,0.5,8105,equal,8105,3205,3182,3193.5,0.6056840551181102,0,4088.076923076923
2011-10-10,0.75,0.5,8105,hindsight,8105,23,0,11.5,0.9971702755905512,0,3790.5
2011-10-10,0.75,0.8,8105,scenario,8105,2280,2257,2275.4,0.719488188976378,0,3516.1
2011-10-10,0.75,0.8,8105,mean,8105,2354,2331,2349.4,0.7103838582677166,0,3895.523076923077
2011-10-10,0.75,0.8,8105,seasonal,8105,3318,3295,3313.4,0.5917814960629921,0,4745.292307692308
2011-10-10,0.75,0.8,8105,equal,8105,3205,3182,3200.4,0.6056840551181102,0,4789.753846153846
2011-10-10,0.75,0.8,8105,hindsight,8105,23,0,18.4,0.9971702755905512,0,4492.176923076923
2011-10-10,0.75,0.95,8105,scenario,8105,2280,2257,2278.85,0.719488188976378,0,3866.9384615384615
2011-10-10,0.75,0.95,8105,mean,8105,2354,2331,2352.85,0.7103838582677166,0,4246.361538461539
2011-10-10,0.75,0.95,8105,seasonal,8105,3318,3295,3316.85,0.5917814960629921,0,5096.130769230769
2011-10-10,0.75,0.95,8105,equal,8105,3205,3182,3203.85,0.6056840551181102,0,5140.592307692307
2011-10-10,0.75,0.95,8105,hindsight,8105,23,0,21.85,0.9971702755905512,0,4843.015384615384
2011-10-10,1.0,0.5,10807,scenario,7425,2475,1772,2123.5,0.6954970472440944,3382,2810.6923076923076
2011-10-10,1.0,0.5,10807,mean,10807,1522,4201,2861.5,0.812746062992126,0,3506.346153846154
2011-10-10,1.0,0.5,10807,seasonal,10807,2482,5161,3821.5,0.6946358267716536,0,4517.307692307692
2011-10-10,1.0,0.5,10807,equal,10807,2187,4866,3526.5,0.7309301181102362,0,4406.2307692307695
2011-10-10,1.0,0.5,10807,hindsight,8128,0,0,0.0,1.0,2679,3791.3846153846152
2011-10-10,1.0,0.8,10807,scenario,10807,1551,4230,2086.8,0.8091781496062992,0,2991.769230769231
2011-10-10,1.0,0.8,10807,mean,10807,1522,4201,2057.8,0.812746062992126,0,3397.423076923077
2011-10-10,1.0,0.8,10807,seasonal,10807,2482,5161,3017.8,0.6946358267716536,0,4408.384615384615
2011-10-10,1.0,0.8,10807,equal,10807,2187,4866,2722.8,0.7309301181102362,0,4297.307692307692
2011-10-10,1.0,0.8,10807,hindsight,8128,0,0,0.0,1.0,2679,4486.161538461539
2011-10-10,1.0,0.95,10807,scenario,10807,1551,4230,1684.95,0.8091781496062992,0,2937.3076923076924
2011-10-10,1.0,0.95,10807,mean,10807,1522,4201,1655.95,0.812746062992126,0,3342.9615384615386
2011-10-10,1.0,0.95,10807,seasonal,10807,2482,5161,2615.95,0.6946358267716536,0,4353.923076923077
2011-10-10,1.0,0.95,10807,equal,10807,2187,4866,2320.95,0.7309301181102362,0,4242.846153846154
2011-10-10,1.0,0.95,10807,hindsight,8128,0,0,0.0,1.0,2679,4833.55
2011-10-10,1.25,0.5,13508,scenario,7425,2475,1772,2123.5,0.6954970472440944,6083,2810.6923076923076
2011-10-10,1.25,0.5,13508,mean,10810,1522,4204,2863.0,0.812746062992126,2698,3506.8846153846152
2011-10-10,1.25,0.5,13508,seasonal,13508,1949,7329,4639.0,0.7602116141732284,0,5188.346153846154
2011-10-10,1.25,0.5,13508,equal,10810,2187,4869,3528.0,0.7309301181102362,2698,4407.153846153846
2011-10-10,1.25,0.5,13508,hindsight,8128,0,0,0.0,1.0,5380,3791.3846153846152
2011-10-10,1.25,0.8,13508,scenario,13508,1094,6474,2170.0,0.8654035433070866,0,2780.2384615384617
2011-10-10,1.25,0.8,13508,mean,10810,1522,4204,2058.4,0.812746062992126,2698,3397.0615384615385
2011-10-10,1.25,0.8,13508,seasonal,13508,1949,7329,3025.0,0.7602116141732284,0,4269.123076923077
2011-10-10,1.25,0.8,13508,equal,10810,2187,4869,2723.4,0.7309301181102362,2698,4297.330769230769
2011-10-10,1.25,0.8,13508,hindsight,8128,0,0,0.0,1.0,5380,4486.161538461539
2011-10-10,1.25,0.95,13508,scenario,13508,1094,6474,1363.0,0.8654035433070866,0,2320.626923076923
2011-10-10,1.25,0.95,13508,mean,10810,1522,4204,1656.1,0.812746062992126,2698,3342.15
2011-10-10,1.25,0.95,13508,seasonal,13508,1949,7329,2218.0,0.7602116141732284,0,3809.5115384615383
2011-10-10,1.25,0.95,13508,equal,10810,2187,4869,2321.1,0.7309301181102362,2698,4242.419230769231
2011-10-10,1.25,0.95,13508,hindsight,8128,0,0,0.0,1.0,5380,4833.55
2011-10-17,0.5,0.5,5330,scenario,5330,3284,858,2071.0,0.5765858690046416,0,2981.3846153846152
2011-10-17,0.5,0.5,5330,mean,5330,3114,688,1901.0,0.5985043837029397,0,3341.153846153846
2011-10-17,0.5,0.5,5330,seasonal,5330,4767,2341,3554.0,0.38537906137184114,0,4830.923076923077
2011-10-17,0.5,0.5,5330,equal,5330,3979,1553,2766.0,0.4869778236204229,0,4035.8846153846152
2011-10-17,0.5,0.5,5330,hindsight,5330,2426,0,1213.0,0.687209902011346,0,4246.884615384615
2011-10-17,0.5,0.8,5330,scenario,5330,3284,858,2798.8,0.5765858690046416,0,4478.961538461538
2011-10-17,0.5,0.8,5330,mean,5330,3114,688,2628.8,0.5985043837029397,0,4838.7307692307695
2011-10-17,0.5,0.8,5330,seasonal,5330,4767,2341,4281.8,0.38537906137184114,0,6328.5
2011-10-17,0.5,0.8,5330,equal,5330,3979,1553,3493.8,0.4869778236204229,0,5533.461538461538
2011-10-17,0.5,0.8,5330,hindsight,5330,2426,0,1940.8,0.687209902011346,0,5744.461538461538
2011-10-17,0.5,0.95,5330,scenario,5330,3284,858,3162.7,0.5765858690046416,0,5227.75
2011-10-17,0.5,0.95,5330,mean,5330,3114,688,2992.7,0.5985043837029397,0,5587.5192307692305
2011-10-17,0.5,0.95,5330,seasonal,5330,4767,2341,4645.7,0.38537906137184114,0,7077.288461538462
2011-10-17,0.5,0.95,5330,equal,5330,3979,1553,3857.7,0.4869778236204229,0,6282.25
2011-10-17,0.5,0.95,5330,hindsight,5330,2426,0,2304.7,0.687209902011346,0,6493.25
2011-10-17,0.75,0.5,7995,scenario,7289,2298,1831,2064.5,0.7037132542547705,706,2777.653846153846
2011-10-17,0.75,0.5,7995,mean,7995,1752,1991,1871.5,0.7741103661681279,0,3132.6923076923076
2011-10-17,0.75,0.5,7995,seasonal,7995,3673,3912,3792.5,0.5264311500773594,0,5213.153846153846
2011-10-17,0.75,0.5,7995,equal,7995,3002,3241,3121.5,0.612944816915936,0,4031.076923076923
2011-10-17,0.75,0.5,7995,hindsight,7756,0,0,0.0,1.0,239,3639.8076923076924
2011-10-17,0.75,0.8,7995,scenario,7995,2094,2333,2141.8,0.7300154718927282,0,3479.3076923076924
2011-10-17,0.75,0.8,7995,mean,7995,1752,1991,1799.8,0.7741103661681279,0,3830.769230769231
2011-10-17,0.75,0.8,7995,seasonal,7995,3673,3912,3720.8,0.5264311500773594,0,5911.2307692307695
2011-10-17,0.75,0.8,7995,equal,7995,3002,3241,3049.8,0.612944816915936,0,4729.153846153846
2011-10-17,0.75,0.8,7995,hindsight,7756,0,0,0.0,1.0,239,4409.584615384615
2011-10-17,0.75,0.95,7995,scenario,7995,2094,2333,2105.95,0.7300154718927282,0,3828.346153846154
2011-10-17,0.75,0.95,7995,mean,7995,1752,1991,1763.95,0.7741103661681279,0,4179.807692307692
2011-10-17,0.75,0.95,7995,seasonal,7995,3673,3912,3684.95,0.5264311500773594,0,6260.2692307692305
2011-10-17,0.75,0.95,7995,equal,7995,3002,3241,3013.95,0.612944816915936,0,5078.192307692308
2011-10-17,0.75,0.95,7995,hindsight,7756,0,0,0.0,1.0,239,4794.473076923077
2011-10-17,1.0,0.5,10660,scenario,7289,2298,1831,2064.5,0.7037132542547705,3371,2777.653846153846
2011-10-17,1.0,0.5,10660,mean,10660,1005,3909,2457.0,0.8704228984012378,0,3433.3846153846152
2011-10-17,1.0,0.5,10660,seasonal,10660,2956,5860,4408.0,0.6188757091284167,0,5818.538461538462
2011-10-17,1.0,0.5,10660,equal,10660,2156,5060,3608.0,0.7220216606498195,0,4339.5
2011-10-17,1.0,0.5,10660,hindsight,7756,0,0,0.0,1.0,2904,3639.8076923076924
2011-10-17,1.0,0.8,10660,scenario,10660,1314,4218,1894.8,0.830582774626096,0,2974.346153846154
2011-10-17,1.0,0.8,10660,mean,10660,1005,3909,1585.8,0.8704228984012378,0,3331.9615384615386
2011-10-17,1.0,0.8,10660,seasonal,10660,2956,5860,3536.8,0.6188757091284167,0,5717.115384615385
2011-10-17,1.0,0.8,10660,equal,10660,2156,5060,2736.8,0.7220216606498195,0,4238.076923076923
2011-10-17,1.0,0.8,10660,hindsight,7756,0,0,0.0,1.0,2904,4409.584615384615
2011-10-17,1.0,0.95,10660,scenario,10660,1314,4218,1459.2,0.830582774626096,0,2923.6346153846152
2011-10-17,1.0,0.95,10660,mean,10660,1005,3909,1150.2,0.8704228984012378,0,3281.25
2011-10-17,1.0,0.95,10660,seasonal,10660,2956,5860,3101.2,0.6188757091284167,0,5666.403846153846
2011-10-17,1.0,0.95,10660,equal,10660,2156,5060,2301.2,0.7220216606498195,0,4187.365384615385
2011-10-17,1.0,0.95,10660,hindsight,7756,0,0,0.0,1.0,2904,4794.473076923077
2011-10-17,1.25,0.5,13325,scenario,7289,2298,1831,2064.5,0.7037132542547705,6036,2777.653846153846
2011-10-17,1.25,0.5,13325,mean,10664,1004,3912,2458.0,0.8705518308406395,2661,3434.4615384615386
2011-10-17,1.25,0.5,13325,seasonal,13325,2478,8047,5262.5,0.6805054151624549,0,6551.846153846154
2011-10-17,1.25,0.5,13325,equal,10664,2154,5062,3608.0,0.722279525528623,2661,4339.923076923077
2011-10-17,1.25,0.5,13325,hindsight,7756,0,0,0.0,1.0,5569,3639.8076923076924
2011-10-17,1.25,0.8,13325,scenario,13325,770,6339,1883.8,0.9007220216606499,0,2783.346153846154
2011-10-17,1.25,0.8,13325,mean,10664,1004,3912,1585.6,0.8705518308406395,2661,3331.8384615384616
2011-10-17,1.25,0.8,13325,seasonal,13325,2478,8047,3591.8,0.6805054151624549,0,5650.923076923077
2011-10-17,1.25,0.8,13325,equal,10664,2154,5062,2735.6,0.722279525528623,2661,4237.3
2011-10-17,1.25,0.8,13325,hindsight,7756,0,0,0.0,1.0,5569,4409.584615384615
2011-10-17,1.25,0.95,13325,scenario,13325,770,6339,1048.45,0.9007220216606499,0,2332.8846153846152
2011-10-17,1.25,0.95,13325,mean,10664,1004,3912,1149.4,0.8705518308406395,2661,3280.526923076923
2011-10-17,1.25,0.95,13325,seasonal,13325,2478,8047,2756.45,0.6805054151624549,0,5200.461538461538
2011-10-17,1.25,0.95,13325,equal,10664,2154,5062,2299.4,0.722279525528623,2661,4185.988461538462
2011-10-17,1.25,0.95,13325,hindsight,7756,0,0,0.0,1.0,5569,4794.473076923077
2011-10-24,0.5,0.5,5026,scenario,5026,13124,451,6787.5,0.25848918017967115,0,2943.25
2011-10-24,0.5,0.5,5026,mean,5026,13127,454,6790.5,0.25831967907791403,0,3235.6346153846152
2011-10-24,0.5,0.5,5026,seasonal,5026,14344,1671,8007.5,0.18955873213175886,0,4297.4807692307695
2011-10-24,0.5,0.5,5026,equal,5026,14023,1350,7686.5,0.20769535001977513,0,3936.5576923076924
2011-10-24,0.5,0.5,5026,hindsight,5026,12673,0,6336.5,0.28397084581049775,0,5304.903846153846
2011-10-24,0.5,0.8,5026,scenario,5026,13124,451,10589.4,0.25848918017967115,0,4467.584615384615
2011-10-24,0.5,0.8,5026,mean,5026,13127,454,10592.4,0.25831967907791403,0,4759.969230769231
2011-10-24,0.5,0.8,5026,seasonal,5026,14344,1671,11809.4,0.18955873213175886,0,5821.815384615385
2011-10-24,0.5,0.8,5026,equal,5026,14023,1350,11488.4,0.20769535001977513,0,5460.892307692307
2011-10-24,0.5,0.8,5026,hindsight,5026,12673,0,10138.4,0.28397084581049775,0,6829.238461538462
2011-10-24,0.5,0.95,5026,scenario,5026,13124,451,12490.35,0.25848918017967115,0,5229.751923076923
2011-10-24,0.5,0.95,5026,mean,5026,13127,454,12493.35,0.25831967907791403,0,5522.136538461538
2011-10-24,0.5,0.95,5026,seasonal,5026,14344,1671,13710.35,0.18955873213175886,0,6583.982692307693
2011-10-24,0.5,0.95,5026,equal,5026,14023,1350,13389.35,0.20769535001977513,0,6223.059615384615
2011-10-24,0.5,0.95,5026,hindsight,5026,12673,0,12039.35,0.28397084581049775,0,7591.405769230769
2011-10-24,0.75,0.5,7539,scenario,7123,11899,1323,6611.0,0.3277021300638454,416,2674.8653846153848
2011-10-24,0.75,0.5,7539,mean,7539,11309,1149,6229.0,0.36103734674275384,0,2972.519230769231
2011-10-24,0.75,0.5,7539,seasonal,7539,13019,2859,7939.0,0.2644217187411718,0,4480.9807692307695
2011-10-24,0.75,0.5,7539,equal,7539,12652,2492,7572.0,0.2851573535227979,0,3899.980769230769
2011-10-24,0.75,0.5,7539,hindsight,7539,10160,0,5080.0,0.42595626871574666,0,5799.173076923077
2011-10-24,0.75,0.8,7539,scenario,7539,11667,1507,9635.0,0.3408102152663992,0,3445.3
2011-10-24,0.75,0.8,7539,mean,7539,11309,1149,9277.0,0.36103734674275384,0,3742.9538461538464
2011-10-24,0.75,0.8,7539,seasonal,7539,13019,2859,10987.0,0.2644217187411718,0,5251.415384615385
2011-10-24,0.75,0.8,7539,equal,7539,12652,2492,10620.0,0.2851573535227979,0,4670.415384615385
2011-10-24,0.75,0.8,7539,hindsight,7539,10160,0,8128.0,0.42595626871574666,0,6569.607692307693
2011-10-24,0.75,0.95,7539,scenario,7539,11667,1507,11159.0,0.3408102152663992,0,3830.517307692308
2011-10-24,0.75,0.95,7539,mean,7539,11309,1149,10801.0,0.36103734674275384,0,4128.171153846154
2011-10-24,0.75,0.95,7539,seasonal,7539,13019,2859,12511.0,0.2644217187411718,0,5636.632692307692
2011-10-24,0.75,0.95,7539,equal,7539,12652,2492,12144.0,0.2851573535227979,0,5055.632692307692
2011-10-24,0.75,0.95,7539,hindsight,7539,10160,0,9652.0,0.42595626871574666,0,6954.825
2011-10-24,1.0,0.5,10052,scenario,7123,11899,1323,6611.0,0.3277021300638454,2929,2674.8653846153848
2011-10-24,1.0,0.5,10052,mean,10052,9924,2277,6100.5,0.43929035538731004,0,3198.5576923076924
2011-10-24,1.0,0.5,10052,seasonal,10052,11729,4082,7905.5,0.33730719249675123,0,4883.442307692308
2011-10-24,1.0,0.5,10052,equal,10052,11455,3808,7631.5,0.3527882931239053,0,4147.0192307692305
2011-10-24,1.0,0.5,10052,hindsight,10052,7647,0,3823.5,0.5679416916209955,0,5909.557692307692
2011-10-24,1.0,0.8,10052,scenario,10052,10434,2787,8904.6,0.4104751680885926,0,2908.0538461538463
2011-10-24,1.0,0.8,10052,mean,10052,9924,2277,8394.6,0.43929035538731004,0,3215.0923076923077
2011-10-24,1.0,0.8,10052,seasonal,10052,11729,4082,10199.6,0.33730719249675123,0,4899.976923076923
2011-10-24,1.0,0.8,10052,equal,10052,11455,3808,9925.6,0.3527882931239053,0,4163.553846153846
2011-10-24,1.0,0.8,10052,hindsight,10052,7647,0,6117.6,0.5679416916209955,0,5926.092307692307
2011-10-24,1.0,0.95,10052,scenario,10052,10434,2787,10051.65,0.4104751680885926,0,2916.3211538461537
2011-10-24,1.0,0.95,10052,mean,10052,9924,2277,9541.65,0.43929035538731004,0,3223.3596153846156
2011-10-24,1.0,0.95,10052,seasonal,10052,11729,4082,11346.65,0.33730719249675123,0,4908.244230769231
2011-10-24,1.0,0.95,10052,equal,10052,11455,3808,11072.65,0.3527882931239053,0,4171.821153846154
2011-10-24,1.0,0.95,10052,hindsight,10052,7647,0,7264.65,0.5679416916209955,0,5934.359615384616
2011-10-24,1.25,0.5,12565,scenario,7123,11899,1323,6611.0,0.3277021300638454,5442,2674.8653846153848
2011-10-24,1.25,0.5,12565,mean,10052,9924,2277,6100.5,0.43929035538731004,2513,3198.5576923076924
2011-10-24,1.25,0.5,12565,seasonal,12565,10568,5434,8001.0,0.4029041188767727,0,5480.903846153846
2011-10-24,1.25,0.5,12565,equal,10052,11455,3808,7631.5,0.3527882931239053,2513,4147.0192307692305
2011-10-24,1.25,0.5,12565,hindsight,12565,5134,0,2567.0,0.7099271145262445,0,7121.25
2011-10-24,1.25,0.8,12565,scenario,12565,9280,4146,8253.2,0.47567659189784733,0,2661.423076923077
2011-10-24,1.25,0.8,12565,mean,10052,9924,2277,8394.6,0.43929035538731004,2513,3215.0923076923077
2011-10-24,1.25,0.8,12565,seasonal,12565,10568,5434,9541.2,0.4029041188767727,0,4743.538461538462
2011-10-24,1.25,0.8,12565,equal,10052,11455,3808,9925.6,0.3527882931239053,2513,4163.553846153846
2011-10-24,1.25,0.8,12565,hindsight,12565,5134,0,4107.2,0.7099271145262445,0,6383.884615384615
2011-10-24,1.25,0.95,12565,scenario,12565,9280,4146,9023.3,0.47567659189784733,0,2292.7403846153848
2011-10-24,1.25,0.95,12565,mean,10052,9924,2277,9541.65,0.43929035538731004,2513,3223.3596153846156
2011-10-24,1.25,0.95,12565,seasonal,12565,10568,5434,10311.3,0.4029041188767727,0,4374.8557692307695
2011-10-24,1.25,0.95,12565,equal,10052,11455,3808,11072.65,0.3527882931239053,2513,4171.821153846154
2011-10-24,1.25,0.95,12565,hindsight,12565,5134,0,4877.3,0.7099271145262445,0,6015.201923076923
2011-10-31,0.5,0.5,5633,scenario,5633,10188,686,5437.0,0.32685827552031715,0,2984.5576923076924
2011-10-31,0.5,0.5,5633,mean,5633,10026,524,5275.0,0.3375619425173439,0,3305.519230769231
2011-10-31,0.5,0.5,5633,seasonal,5633,11879,2377,7128.0,0.21513049223653782,0,5060.942307692308
2011-10-31,0.5,0.5,5633,equal,5633,11003,1501,6252.0,0.27300958044268253,0,4082.2115384615386
2011-10-31,0.5,0.5,5633,hindsight,5633,9502,0,4751.0,0.37218368021143045,0,6452.211538461538
2011-10-31,0.5,0.8,5633,scenario,5633,10188,686,8287.6,0.32685827552031715,0,4439.8
2011-10-31,0.5,0.8,5633,mean,5633,10026,524,8125.6,0.3375619425173439,0,4760.761538461538
2011-10-31,0.5,0.8,5633,seasonal,5633,11879,2377,9978.6,0.21513049223653782,0,6516.184615384615
2011-10-31,0.5,0.8,5633,equal,5633,11003,1501,9102.6,0.27300958044268253,0,5537.453846153846
2011-10-31,0.5,0.8,5633,hindsight,5633,9502,0,7601.6,0.37218368021143045,0,7907.453846153846
2011-10-31,0.5,0.95,5633,scenario,5633,10188,686,9712.9,0.32685827552031715,0,5167.421153846154
2011-10-31,0.5,0.95,5633,mean,5633,10026,524,9550.9,0.3375619425173439,0,5488.382692307692
2011-10-31,0.5,0.95,5633,seasonal,5633,11879,2377,11403.9,0.21513049223653782,0,7243.805769230769
2011-10-31,0.5,0.95,5633,equal,5633,11003,1501,10527.9,0.27300958044268253,0,6265.075
2011-10-31,0.5,0.95,5633,hindsight,5633,9502,0,9026.9,0.37218368021143045,0,8635.075
2011-10-31,0.75,0.5,8449,scenario,7319,9225,1409,5317.0,0.3904856293359762,1130,2823.7884615384614
2011-10-31,0.75,0.5,8449,mean,8449,8125,1439,4782.0,0.4631648496861579,0,3181.9423076923076
2011-10-31,0.75,0.5,8449,seasonal,8449,10870,4184,7527.0,0.2817971589032045,0,5589.673076923077
2011-10-31,0.75,0.5,8449,equal,8449,9700,3014,6357.0,0.3591014205483978,0,4122.942307692308
2011-10-31,0.75,0.5,8449,hindsight,8449,6686,0,3343.0,0.5582424843078956,0,6815.288461538462
2011-10-31,0.75,0.8,8449,scenario,8449,8681,1995,7343.8,0.42642880740006606,0,3460.8076923076924
2011-10-31,0.75,0.8,8449,mean,8449,8125,1439,6787.8,0.4631648496861579,0,3792.3846153846152
2011-10-31,0.75,0.8,8449,seasonal,8449,10870,4184,9532.8,0.2817971589032045,0,6200.115384615385
2011-10-31,0.75,0.8,8449,equal,8449,9700,3014,8362.8,0.3591014205483978,0,4733.384615384615
2011-10-31,0.75,0.8,8449,hindsight,8449,6686,0,5348.8,0.5582424843078956,0,7425.7307692307695
2011-10-31,0.75,0.95,8449,scenario,8449,8681,1995,8346.7,0.42642880740006606,0,3766.028846153846
2011-10-31,0.75,0.95,8449,mean,8449,8125,1439,7790.7,0.4631648496861579,0,4097.6057692307695
2011-10-31,0.75,0.95,8449,seasonal,8449,10870,4184,10535.7,0.2817971589032045,0,6505.336538461538
2011-10-31,0.75,0.95,8449,equal,8449,9700,3014,9365.7,0.3591014205483978,0,5038.6057692307695
2011-10-31,0.75,0.95,8449,hindsight,8449,6686,0,6351.7,0.5582424843078956,0,7730.951923076923
2011-10-31,1.0,0.5,11266,scenario,7319,9225,1409,5317.0,0.3904856293359762,3947,2823.7884615384614
2011-10-31,1.0,0.5,11266,mean,11265,7012,3142,5077.0,0.5367030062768418,1,3613.75
2011-10-31,1.0,0.5,11266,seasonal,11266,10001,6132,8066.5,0.339213742979848,0,6286.403846153846
2011-10-31,1.0,0.5,11266,equal,11265,8642,4772,6707.0,0.4290056161215725,1,4471.25
2011-10-31,1.0,0.5,11266,hindsight,11266,3869,0,1934.5,0.7443673604228609,0,6434.596153846154
2011-10-31,1.0,0.8,11266,scenario,11266,7614,3745,6840.2,0.4969276511397423,0,2977.476923076923
2011-10-31,1.0,0.8,11266,mean,11265,7012,3142,6238.0,0.5367030062768418,1,3379.392307692308
2011-10-31,1.0,0.8,11266,seasonal,11266,10001,6132,9227.2,0.339213742979848,0,6051.746153846154
2011-10-31,1.0,0.8,11266,equal,11265,8642,4772,7868.0,0.4290056161215725,1,4236.892307692307
2011-10-31,1.0,0.8,11266,hindsight,11266,3869,0,3095.2,0.7443673604228609,0,6199.9384615384615
2011-10-31,1.0,0.95,11266,scenario,11266,7614,3745,7420.55,0.4969276511397423,0,2860.148076923077
2011-10-31,1.0,0.95,11266,mean,11265,7012,3142,6818.5,0.5367030062768418,1,3262.2134615384616
2011-10-31,1.0,0.95,11266,seasonal,11266,10001,6132,9807.55,0.339213742979848,0,5934.417307692308
2011-10-31,1.0,0.95,11266,equal,11265,8642,4772,8448.5,0.4290056161215725,1,4119.713461538461
2011-10-31,1.0,0.95,11266,hindsight,11266,3869,0,3675.55,0.7443673604228609,0,6082.609615384616
2011-10-31,1.25,0.5,14082,scenario,7319,9225,1409,5317.0,0.3904856293359762,6763,2823.7884615384614
2011-10-31,1.25,0.5,14082,mean,11265,7012,3142,5077.0,0.5367030062768418,2817,3613.75
2011-10-31,1.25,0.5,14082,seasonal,14082,9264,8211,8737.5,0.3879088206144698,0,7073.173076923077
2011-10-31,1.25,0.5,14082,equal,11265,8642,4772,6707.0,0.4290056161215725,2817,4471.25
2011-10-31,1.25,0.5,14082,hindsight,14082,1053,0,526.5,0.930426164519326,0,5901.057692307692
2011-10-31,1.25,0.8,14082,scenario,13866,6687,5418,6433.2,0.5581764122893954,216,2821.4
2011-10-31,1.25,0.8,14082,mean,11265,7012,3142,6238.0,0.5367030062768418,2817,3379.392307692308
2011-10-31,1.25,0.8,14082,seasonal,14082,9264,8211,9053.4,0.3879088206144698,0,5993.715384615384
2011-10-31,1.25,0.8,14082,equal,11265,8642,4772,7868.0,0.4290056161215725,2817,4236.892307692307
2011-10-31,1.25,0.8,14082,hindsight,14082,1053,0,842.4,0.930426164519326,0,4821.6
2011-10-31,1.25,0.95,14082,scenario,14082,6609,5556,6556.35,0.5633300297324083,0,2283.3326923076925
2011-10-31,1.25,0.95,14082,mean,11265,7012,3142,6818.5,0.5367030062768418,2817,3262.2134615384616
2011-10-31,1.25,0.95,14082,seasonal,14082,9264,8211,9211.35,0.3879088206144698,0,5453.986538461539
2011-10-31,1.25,0.95,14082,equal,11265,8642,4772,8448.5,0.4290056161215725,2817,4119.713461538461
2011-10-31,1.25,0.95,14082,hindsight,14082,1053,0,1000.35,0.930426164519326,0,4281.871153846154
2011-11-07,0.5,0.5,5984,scenario,5984,10530,349,5439.5,0.3485926384163316,0,2972.923076923077
2011-11-07,0.5,0.5,5984,mean,5984,10674,493,5583.5,0.33968450355706775,0,3361.769230769231
2011-11-07,0.5,0.5,5984,seasonal,5984,10626,445,5535.5,0.342653881843489,0,3965.730769230769
2011-11-07,0.5,0.5,5984,equal,5984,11825,1644,6734.5,0.2684812867305908,0,4126.692307692308
2011-11-07,0.5,0.5,5984,hindsight,5984,10181,0,5090.5,0.37018249304051964,0,5669.884615384615
2011-11-07,0.5,0.8,5984,scenario,5984,10530,349,8493.8,0.3485926384163316,0,4357.930769230769
2011-11-07,0.5,0.8,5984,mean,5984,10674,493,8637.8,0.33968450355706775,0,4746.776923076923
2011-11-07,0.5,0.8,5984,seasonal,5984,10626,445,8589.8,0.342653881843489,0,5350.738461538462
2011-11-07,0.5,0.8,5984,equal,5984,11825,1644,9788.8,0.2684812867305908,0,5511.7
2011-11-07,0.5,0.8,5984,hindsight,5984,10181,0,8144.8,0.37018249304051964,0,7054.892307692307
2011-11-07,0.5,0.95,5984,scenario,5984,10530,349,10020.95,0.3485926384163316,0,5050.434615384615
2011-11-07,0.5,0.95,5984,mean,5984,10674,493,10164.95,0.33968450355706775,0,5439.280769230769
2011-11-07,0.5,0.95,5984,seasonal,5984,10626,445,10116.95,0.342653881843489,0,6043.242307692308
2011-11-07,0.5,0.95,5984,equal,5984,11825,1644,11315.95,0.2684812867305908,0,6204.203846153846
2011-11-07,0.5,0.95,5984,hindsight,5984,10181,0,9671.95,0.37018249304051964,0,7747.3961538461535
2011-11-07,0.75,0.5,8975,scenario,7266,9592,693,5142.5,0.4066192390968141,1709,2873.1923076923076
2011-11-07,0.75,0.5,8975,mean,8975,8351,1161,4756.0,0.48339004021033094,0,3295.269230769231
2011-11-07,0.75,0.5,8975,seasonal,8975,8219,1029,4624.0,0.4915558304979895,0,4191.7692307692305
2011-11-07,0.75,0.5,8975,equal,8975,10394,3204,6799.0,0.35700587689452523,0,4236.423076923077
2011-11-07,0.75,0.5,8975,hindsight,8975,7190,0,3595.0,0.5552118775131457,0,5842.807692307692
2011-11-07,0.75,0.8,8975,scenario,8975,8755,1565,7317.0,0.4583977729662852,0,3428.2846153846153
2011-11-07,0.75,0.8,8975,mean,8975,8351,1161,6913.0,0.48339004021033094,0,3782.976923076923
2011-11-07,0.75,0.8,8975,seasonal,8975,8219,1029,6781.0,0.4915558304979895,0,4679.476923076923
2011-11-07,0.75,0.8,8975,equal,8975,10394,3204,8956.0,0.35700587689452523,0,4724.130769230769
2011-11-07,0.75,0.8,8975,hindsight,8975,7190,0,5752.0,0.5552118775131457,0,6330.515384615384
2011-11-07,0.75,0.95,8975,scenario,8975,8755,1565,8395.5,0.4583977729662852,0,3672.1384615384613
2011-11-07,0.75,0.95,8975,mean,8975,8351,1161,7991.5,0.48339004021033094,0,4026.8307692307694
2011-11-07,0.75,0.95,8975,seasonal,8975,8219,1029,7859.5,0.4915558304979895,0,4923.330769230769
2011-11-07,0.75,0.95,8975,equal,8975,10394,3204,10034.5,0.35700587689452523,0,4967.984615384616
2011-11-07,0.75,0.95,8975,hindsight,8975,7190,0,6830.5,0.5552118775131457,0,6574.369230769231
2011-11-07,1.0,0.5,11967,scenario,7266,9592,693,5142.5,0.4066192390968141,4701,2873.1923076923076
2011-11-07,1.0,0.5,11967,mean,11967,6788,2590,4689.0,0.5800804206619239,0,3819.923076923077
2011-11-07,1.0,0.5,11967,seasonal,11967,6533,2335,4434.0,0.595855242808537,0,4736.576923076923
2011-11-07,1.0,0.5,11967,equal,11967,9305,5107,7206.0,0.424373646767708,0,4667.076923076923
2011-11-07,1.0,0.5,11967,hindsight,11967,4198,0,2099.0,0.7403031240334055,0,6069.923076923077
2011-11-07,1.0,0.8,11967,scenario,11967,7323,3125,6483.4,0.5469842251778534,0,2986.7615384615383
2011-11-07,1.0,0.8,11967,mean,11967,6788,2590,5948.4,0.5800804206619239,0,3410.0307692307692
2011-11-07,1.0,0.8,11967,seasonal,11967,6533,2335,5693.4,0.595855242808537,0,4326.684615384615
2011-11-07,1.0,0.8,11967,equal,11967,9305,5107,8465.4,0.424373646767708,0,4257.184615384615
2011-11-07,1.0,0.8,11967,hindsight,11967,4198,0,3358.4,0.7403031240334055,0,5660.030769230769
2011-11-07,1.0,0.95,11967,scenario,11967,7323,3125,7113.1,0.5469842251778534,0,2781.8153846153846
2011-11-07,1.0,0.95,11967,mean,11967,6788,2590,6578.1,0.5800804206619239,0,3205.0846153846155
2011-11-07,1.0,0.95,11967,seasonal,11967,6533,2335,6323.1,0.595855242808537,0,4121.738461538462
2011-11-07,1.0,0.95,11967,equal,11967,9305,5107,9095.1,0.424373646767708,0,4052.2384615384617
2011-11-07,1.0,0.95,11967,hindsight,11967,4198,0,3988.1,0.7403031240334055,0,5455.084615384615
2011-11-07,1.25,0.5,14959,scenario,7266,9592,693,5142.5,0.4066192390968141,7693,2873.1923076923076
2011-11-07,1.25,0.5,14959,mean,11970,6786,2591,4688.5,0.5802041447571915,2989,3820.9615384615386
2011-11-07,1.25,0.5,14959,seasonal,14959,5227,4021,4624.0,0.6766470770182493,0,5616.038461538462
2011-11-07,1.25,0.5,14959,equal,11970,9304,5109,7206.5,0.4244355088153418,2989,4667.5
2011-11-07,1.25,0.5,14959,hindsight,14959,1206,0,603.0,0.9253943705536654,0,6420.384615384615
2011-11-07,1.25,0.8,14959,scenario,13964,6428,4227,5987.8,0.6023507578100835,995,2895.123076923077
2011-11-07,1.25,0.8,14959,mean,11970,6786,2591,5947.0,0.5802041447571915,2989,3410.1692307692306
2011-11-07,1.25,0.8,14959,seasonal,14959,5227,4021,4985.8,0.6766470770182493,0,4308.546153846154
2011-11-07,1.25,0.8,14959,equal,11970,9304,5109,8465.0,0.4244355088153418,2989,4256.707692307692
2011-11-07,1.25,0.8,14959,hindsight,14959,1206,0,964.8,0.9253943705536654,0,5112.892307692307
2011-11-07,1.25,0.95,14959,scenario,14959,5907,4701,5846.7,0.6345808846272811,0,2249.0307692307692
2011-11-07,1.25,0.95,14959,mean,11970,6786,2591,6576.25,0.5802041447571915,2989,3204.773076923077
2011-11-07,1.25,0.95,14959,seasonal,14959,5227,4021,5166.7,0.6766470770182493,0,3654.8
2011-11-07,1.25,0.95,14959,equal,11970,9304,5109,9094.25,0.4244355088153418,2989,4051.3115384615385
2011-11-07,1.25,0.95,14959,hindsight,14959,1206,0,1145.7,0.9253943705536654,0,4459.1461538461535
2011-11-14,0.5,0.5,6277,scenario,6277,10994,327,5660.5,0.3511567516525024,0,3040.3846153846152
2011-11-14,0.5,0.5,6277,mean,6277,10894,227,5560.5,0.35705854579792257,0,3449.423076923077
2011-11-14,0.5,0.5,6277,seasonal,6277,11611,944,6277.5,0.31474268177525966,0,4113.615384615385
2011-11-14,0.5,0.5,6277,equal,6277,12118,1451,6784.5,0.2848205854579792,0,4228.038461538462
2011-11-14,0.5,0.5,6277,hindsight,6277,10667,0,5333.5,0.37045561850802644,0,5674.615384615385
2011-11-14,0.5,0.8,6277,scenario,6277,10994,327,8860.6,0.3511567516525024,0,4397.607692307693
2011-11-14,0.5,0.8,6277,mean,6277,10894,227,8760.6,0.35705854579792257,0,4806.6461538461535
2011-11-14,0.5,0.8,6277,seasonal,6277,11611,944,9477.6,0.31474268177525966,0,5470.838461538461
2011-11-14,0.5,0.8,6277,equal,6277,12118,1451,9984.6,0.2848205854579792,0,5585.261538461538
2011-11-14,0.5,0.8,6277,hindsight,6277,10667,0,8533.6,0.37045561850802644,0,7031.838461538461
2011-11-14,0.5,0.95,6277,scenario,6277,10994,327,10460.65,0.3511567516525024,0,5076.219230769231
2011-11-14,0.5,0.95,6277,mean,6277,10894,227,10360.65,0.35705854579792257,0,5485.257692307692
2011-11-14,0.5,0.95,6277,seasonal,6277,11611,944,11077.65,0.31474268177525966,0,6149.45
2011-11-14,0.5,0.95,6277,equal,6277,12118,1451,11584.65,0.2848205854579792,0,6263.873076923077
2011-11-14,0.5,0.95,6277,hindsight,6277,10667,0,10133.65,0.37045561850802644,0,7710.45
2011-11-14,0.75,0.5,9416,scenario,7303,10130,489,5309.5,0.402148253068933,2113,2975.5384615384614
2011-11-14,0.75,0.5,9416,mean,9416,8420,892,4656.0,0.5030689329556185,0,3461.769230769231
2011-11-14,0.75,0.5,9416,seasonal,9416,9590,2062,5826.0,0.4340179414542021,0,4296.807692307692
2011-11-14,0.75,0.5,9416,equal,9416,10266,2738,6502.0,0.39412181303116145,0,4403.2692307692305
2011-11-14,0.75,0.5,9416,hindsight,9416,7528,0,3764.0,0.5557129367327668,0,6033.576923076923
2011-11-14,0.75,0.8,9416,scenario,9416,8829,1301,7323.4,0.4789305949008499,0,3513.9846153846156
2011-11-14,0.75,0.8,9416,mean,9416,8420,892,6914.4,0.5030689329556185,0,3877.2923076923075
2011-11-14,0.75,0.8,9416,seasonal,9416,9590,2062,8084.4,0.4340179414542021,0,4712.330769230769
2011-11-14,0.75,0.8,9416,equal,9416,10266,2738,8760.4,0.39412181303116145,0,4818.792307692308
2011-11-14,0.75,0.8,9416,hindsight,9416,7528,0,6022.4,0.5557129367327668,0,6449.1
2011-11-14,0.75,0.95,9416,scenario,9416,8829,1301,8452.6,0.4789305949008499,0,3721.746153846154
2011-11-14,0.75,0.95,9416,mean,9416,8420,892,8043.6,0.5030689329556185,0,4085.0538461538463
2011-11-14,0.75,0.95,9416,seasonal,9416,9590,2062,9213.6,0.4340179414542021,0,4920.092307692307
2011-11-14,0.75,0.95,9416,equal,9416,10266,2738,9889.6,0.39412181303116145,0,5026.553846153846
2011-11-14,0.75,0.95,9416,hindsight,9416,7528,0,7151.6,0.5557129367327668,0,6656.861538461539
2011-11-14,1.0,0.5,12554,scenario,7303,10130,489,5309.5,0.402148253068933,5251,2975.5384615384614
2011-11-14,1.0,0.5,12554,mean,12554,6419,2029,4224.0,0.6211638338054769,0,4075.8076923076924
2011-11-14,1.0,0.5,12554,seasonal,12554,7766,3376,5571.0,0.5416666666666666,0,4828.153846153846
2011-11-14,1.0,0.5,12554,equal,12554,8770,4380,6575.0,0.4824126534466478,0,4921.692307692308
2011-11-14,1.0,0.5,12554,hindsight,12554,4390,0,2195.0,0.7409112370160529,0,6101.115384615385
2011-11-14,1.0,0.8,12554,scenario,12554,7015,2625,6137.0,0.5859891406987724,0,3118.8153846153846
2011-11-14,1.0,0.8,12554,mean,12554,6419,2029,5541.0,0.6211638338054769,0,3549.9307692307693
2011-11-14,1.0,0.8,12554,seasonal,12554,7766,3376,6888.0,0.5416666666666666,0,4302.276923076923
2011-11-14,1.0,0.8,12554,equal,12554,8770,4380,7892.0,0.4824126534466478,0,4395.815384615385
2011-11-14,1.0,0.8,12554,hindsight,12554,4390,0,3512.0,0.7409112370160529,0,5575.238461538462
2011-11-14,1.0,0.95,12554,scenario,12554,7015,2625,6795.5,0.5859891406987724,0,2855.876923076923
2011-11-14,1.0,0.95,12554,mean,12554,6419,2029,6199.5,0.6211638338054769,0,3286.992307692308
2011-11-14,1.0,0.95,12554,seasonal,12554,7766,3376,7546.5,0.5416666666666666,0,4039.3384615384616
2011-11-14,1.0,0.95,12554,equal,12554,8770,4380,8550.5,0.4824126534466478,0,4132.876923076923
2011-11-14,1.0,0.95,12554,hindsight,12554,4390,0,4170.5,0.7409112370160529,0,5312.3
2011-11-14,1.25,0.5,15693,scenario,7303,10130,489,5309.5,0.402148253068933,8390,2975.5384615384614
2011-11-14,1.25,0.5,15693,mean,12554,6419,2029,4224.0,0.6211638338054769,3139,4075.8076923076924
2011-11-14,1.25,0.5,15693,seasonal,15693,6210,4959,5584.5,0.6334985835694051,0,5672.307692307692
2011-11-14,1.25,0.5,15693,equal,12554,8770,4380,6575.0,0.4824126534466478,3139,4921.692307692308
2011-11-14,1.25,0.5,15693,hindsight,15693,1251,0,625.5,0.9261685552407932,0,6092.7307692307695
2011-11-14,1.25,0.8,15693,scenario,14555,5681,3292,5203.2,0.664719074598678,1138,3043.130769230769
2011-11-14,1.25,0.8,15693,mean,12554,6419,2029,5541.0,0.6211638338054769,3139,3549.9307692307693
2011-11-14,1.25,0.8,15693,seasonal,15693,6210,4959,5959.8,0.6334985835694051,0,4204.7307692307695
2011-11-14,1.25,0.8,15693,equal,12554,8770,4380,7892.0,0.4824126534466478,3139,4395.815384615385
2011-11-14,1.25,0.8,15693,hindsight,15693,1251,0,1000.8,0.9261685552407932,0,4625.153846153846
2011-11-14,1.25,0.95,15693,scenario,15693,5274,4023,5211.45,0.6887393767705382,0,2326.519230769231
2011-11-14,1.25,0.95,15693,mean,12554,6419,2029,6199.5,0.6211638338054769,3139,3286.992307692308
2011-11-14,1.25,0.95,15693,seasonal,15693,6210,4959,6147.45,0.6334985835694051,0,3470.9423076923076
2011-11-14,1.25,0.95,15693,equal,12554,8770,4380,8550.5,0.4824126534466478,3139,4132.876923076923
2011-11-14,1.25,0.95,15693,hindsight,15693,1251,0,1188.45,0.9261685552407932,0,3891.3653846153848
2011-11-21,0.5,0.5,6672,scenario,6672,7949,743,4346.0,0.4272229427871451,0,3099.173076923077
2011-11-21,0.5,0.5,6672,mean,6672,7451,245,3848.0,0.46310707594754286,0,3540.173076923077
2011-11-21,0.5,0.5,6672,seasonal,6672,8101,895,4498.0,0.4162703559590719,0,4186.134615384615
2011-11-21,0.5,0.5,6672,equal,6672,8836,1630,5233.0,0.36330883412595477,0,4319.057692307692
2011-11-21,0.5,0.5,6672,hindsight,6672,7206,0,3603.0,0.48076091655858194,0,5652.634615384615
2011-11-21,0.5,0.8,6672,scenario,6672,7949,743,6507.8,0.4272229427871451,0,4398.692307692308
2011-11-21,0.5,0.8,6672,mean,6672,7451,245,6009.8,0.46310707594754286,0,4839.692307692308
2011-11-21,0.5,0.8,6672,seasonal,6672,8101,895,6659.8,0.4162703559590719,0,5485.653846153846
2011-11-21,0.5,0.8,6672,equal,6672,8836,1630,7394.8,0.36330883412595477,0,5618.576923076923
2011-11-21,0.5,0.8,6672,hindsight,6672,7206,0,5764.8,0.48076091655858194,0,6952.153846153846
2011-11-21,0.5,0.95,6672,scenario,6672,7949,743,7588.7,0.4272229427871451,0,5048.451923076923
2011-11-21,0.5,0.95,6672,mean,6672,7451,245,7090.7,0.46310707594754286,0,5489.451923076923
2011-11-21,0.5,0.95,6672,seasonal,6672,8101,895,7740.7,0.4162703559590719,0,6135.413461538462
2011-11-21,0.5,0.95,6672,equal,6672,8836,1630,8475.7,0.36330883412595477,0,6268.336538461538
2011-11-21,0.5,0.95,6672,hindsight,6672,7206,0,6845.7,0.48076091655858194,0,7601.913461538462
2011-11-21,0.75,0.5,10008,scenario,7300,7466,888,4177.0,0.46202622856319353,2708,3063.019230769231
2011-11-21,0.75,0.5,10008,mean,10008,5091,1221,3156.0,0.6331603977518374,0,3645.326923076923
2011-11-21,0.75,0.5,10008,seasonal,10008,6557,2687,4622.0,0.5275255800547629,0,4555.557692307692
2011-11-21,0.75,0.5,10008,equal,10008,7043,3173,5108.0,0.49250612480184464,0,4558.673076923077
2011-11-21,0.75,0.5,10008,hindsight,10008,3870,0,1935.0,0.7211413748378729,0,6032.9807692307695
2011-11-21,0.75,0.8,10008,scenario,10008,5616,1746,4842.0,0.5953307392996109,0,3547.2
2011-11-21,0.75,0.8,10008,mean,10008,5091,1221,4317.0,0.6331603977518374,0,3944.0461538461536
2011-11-21,0.75,0.8,10008,seasonal,10008,6557,2687,5783.0,0.5275255800547629,0,4854.276923076923
2011-11-21,0.75,0.8,10008,equal,10008,7043,3173,6269.0,0.49250612480184464,0,4857.392307692307
2011-11-21,0.75,0.8,10008,hindsight,10008,3870,0,3096.0,0.7211413748378729,0,6331.7
2011-11-21,0.75,0.95,10008,scenario,10008,5616,1746,5422.5,0.5953307392996109,0,3696.5596153846154
2011-11-21,0.75,0.95,10008,mean,10008,5091,1221,4897.5,0.6331603977518374,0,4093.4057692307692
2011-11-21,0.75,0.95,10008,seasonal,10008,6557,2687,6363.5,0.5275255800547629,0,5003.636538461538
2011-11-21,0.75,0.95,10008,equal,10008,7043,3173,6849.5,0.49250612480184464,0,5006.751923076923
2011-11-21,0.75,0.95,10008,hindsight,10008,3870,0,3676.5,0.7211413748378729,0,6481.059615384615
2011-11-21,1.0,0.5,13343,scenario,7300,7466,888,4177.0,0.46202622856319353,6043,3063.019230769231
2011-11-21,1.0,0.5,13343,mean,13343,3382,2847,3114.5,0.7563049430753711,0,4335.442307692308
2011-11-21,1.0,0.5,13343,seasonal,13343,5236,4701,4968.5,0.622712206369794,0,5295.211538461538
2011-11-21,1.0,0.5,13343,equal,13343,5844,5309,5576.5,0.5789018590575011,0,5182.596153846154
2011-11-21,1.0,0.5,13343,hindsight,13343,535,0,267.5,0.9614497766248739,0,5330.826923076923
2011-11-21,1.0,0.8,13343,scenario,13343,3847,3312,3740.0,0.7227986741605419,0,3201.276923076923
2011-11-21,1.0,0.8,13343,mean,13343,3382,2847,3275.0,0.7563049430753711,0,3633.6615384615384
2011-11-21,1.0,0.8,13343,seasonal,13343,5236,4701,5129.0,0.622712206369794,0,4593.430769230769
2011-11-21,1.0,0.8,13343,equal,13343,5844,5309,5737.0,0.5789018590575011,0,4480.815384615385
2011-11-21,1.0,0.8,13343,hindsight,13343,535,0,428.0,0.9614497766248739,0,4629.046153846154
2011-11-21,1.0,0.95,13343,scenario,13343,3847,3312,3820.25,0.7227986741605419,0,2850.3865384615383
2011-11-21,1.0,0.95,13343,mean,13343,3382,2847,3355.25,0.7563049430753711,0,3282.771153846154
2011-11-21,1.0,0.95,13343,seasonal,13343,5236,4701,5209.25,0.622712206369794,0,4242.540384615385
2011-11-21,1.0,0.95,13343,equal,13343,5844,5309,5817.25,0.5789018590575011,0,4129.925
2011-11-21,1.0,0.95,13343,hindsight,13343,535,0,508.25,0.9614497766248739,0,4278.155769230769
2011-11-21,1.25,0.5,16679,scenario,7300,7466,888,4177.0,0.46202622856319353,9379,3063.019230769231
2011-11-21,1.25,0.5,16679,mean,13344,3381,2847,3114.0,0.756376999567661,3335,4335.75
2011-11-21,1.25,0.5,16679,seasonal,16679,4147,6948,5547.5,0.7011817264735553,0,6248.211538461538
2011-11-21,1.25,0.5,16679,equal,13344,5843,5309,5576.0,0.578973915549791,3335,5182.673076923077
2011-11-21,1.25,0.5,16679,hindsight,13878,0,0,0.0,1.0,2801,5192.557692307692
2011-11-21,1.25,0.8,16679,scenario,14733,3612,4467,3783.0,0.7397319498486814,1946,3147.776923076923
2011-11-21,1.25,0.8,16679,mean,13344,3381,2847,3274.2,0.756376999567661,3335,3633.6692307692306
2011-11-21,1.25,0.8,16679,seasonal,16679,4147,6948,4707.2,0.7011817264735553,0,4545.630769230769
2011-11-21,1.25,0.8,16679,equal,13344,5843,5309,5736.2,0.578973915549791,3335,4480.592307692307
2011-11-21,1.25,0.8,16679,hindsight,13878,0,0,0.0,1.0,2801,4330.276923076923
2011-11-21,1.25,0.95,16679,scenario,16679,2866,5667,3006.05,0.793486093096988,0,2334.6865384615385
2011-11-21,1.25,0.95,16679,mean,13344,3381,2847,3354.3,0.756376999567661,3335,3282.628846153846
2011-11-21,1.25,0.95,16679,seasonal,16679,4147,6948,4287.05,0.7011817264735553,0,3694.3403846153847
2011-11-21,1.25,0.95,16679,equal,13344,5843,5309,5816.3,0.578973915549791,3335,4129.551923076923
2011-11-21,1.25,0.95,16679,hindsight,13878,0,0,0.0,1.0,2801,3899.1365384615383
2011-11-28,0.5,0.5,6941,scenario,6941,7527,591,4059.0,0.4575916984939108,0,3039.9423076923076
2011-11-28,0.5,0.5,6941,mean,6941,7420,484,3952.0,0.4653022987677452,0,3506.326923076923
2011-11-28,0.5,0.5,6941,seasonal,6941,8182,1246,4714.0,0.41039129494847587,0,4039.3653846153848
2011-11-28,0.5,0.5,6941,equal,6941,8927,1991,5459.0,0.35670533977084384,0,4251.211538461538
2011-11-28,0.5,0.5,6941,hindsight,6941,6936,0,3468.0,0.5001801542120055,0,5654.288461538462
2011-11-28,0.5,0.8,6941,scenario,6941,7527,591,6139.8,0.4575916984939108,0,4230.630769230769
2011-11-28,0.5,0.8,6941,mean,6941,7420,484,6032.8,0.4653022987677452,0,4697.015384615384
2011-11-28,0.5,0.8,6941,seasonal,6941,8182,1246,6794.8,0.41039129494847587,0,5230.053846153846
2011-11-28,0.5,0.8,6941,equal,6941,8927,1991,7539.8,0.35670533977084384,0,5441.9
2011-11-28,0.5,0.8,6941,hindsight,6941,6936,0,5548.8,0.5001801542120055,0,6844.976923076923
2011-11-28,0.5,0.95,6941,scenario,6941,7527,591,7180.2,0.4575916984939108,0,4825.975
2011-11-28,0.5,0.95,6941,mean,6941,7420,484,7073.2,0.4653022987677452,0,5292.359615384616
2011-11-28,0.5,0.95,6941,seasonal,6941,8182,1246,7835.2,0.41039129494847587,0,5825.398076923077
2011-11-28,0.5,0.95,6941,equal,6941,8927,1991,8580.2,0.35670533977084384,0,6037.244230769231
2011-11-28,0.5,0.95,6941,hindsight,6941,6936,0,6589.2,0.5001801542120055,0,7440.321153846154
2011-11-28,0.75,0.5,10412,scenario,7370,7158,651,3904.5,0.48418246018591915,3042,3019.2115384615386
2011-11-28,0.75,0.5,10412,mean,10412,4727,1262,2994.5,0.6593644159400447,0,3651.8653846153848
2011-11-28,0.75,0.5,10412,seasonal,10412,6479,3014,4746.5,0.5331123441666066,0,4513.4807692307695
2011-11-28,0.75,0.5,10412,equal,10412,7093,3628,5360.5,0.4888664696980615,0,4545.9807692307695
2011-11-28,0.75,0.5,10412,hindsight,10412,3465,0,1732.5,0.7503062621604093,0,5438.057692307692
2011-11-28,0.75,0.8,10412,scenario,10412,5145,1680,4452.0,0.629242631692729,0,3403.9461538461537
2011-11-28,0.75,0.8,10412,mean,10412,4727,1262,4034.0,0.6593644159400447,0,3801.253846153846
2011-11-28,0.75,0.8,10412,seasonal,10412,6479,3014,5786.0,0.5331123441666066,0,4662.869230769231
2011-11-28,0.75,0.8,10412,equal,10412,7093,3628,6400.0,0.4888664696980615,0,4695.369230769231
2011-11-28,0.75,0.8,10412,hindsight,10412,3465,0,2772.0,0.7503062621604093,0,5587.446153846154
2011-11-28,0.75,0.95,10412,scenario,10412,5145,1680,4971.75,0.629242631692729,0,3478.6403846153844
2011-11-28,0.75,0.95,10412,mean,10412,4727,1262,4553.75,0.6593644159400447,0,3875.9480769230768
2011-11-28,0.75,0.95,10412,seasonal,10412,6479,3014,6305.75,0.5331123441666066,0,4737.5634615384615
2011-11-28,0.75,0.95,10412,equal,10412,7093,3628,6919.75,0.4888664696980615,0,4770.0634615384615
2011-11-28,0.75,0.95,10412,hindsight,10412,3465,0,3291.75,0.7503062621604093,0,5662.140384615384
2011-11-28,1.0,0.5,13883,scenario,7370,7158,651,3904.5,0.48418246018591915,6513,3019.2115384615386
2011-11-28,1.0,0.5,13883,mean,13883,2563,2569,2566.0,0.8153059018519853,0,4396.903846153846
2011-11-28,1.0,0.5,13883,seasonal,13883,5215,5221,5218.0,0.6241983137565756,0,5350.826923076923
2011-11-28,1.0,0.5,13883,equal,13883,5749,5755,5752.0,0.5857173740722058,0,5258.903846153846
2011-11-28,1.0,0.5,13883,hindsight,13877,0,0,0.0,1.0,6,4802.4807692307695
2011-11-28,1.0,0.8,13883,scenario,13883,3218,3224,3219.2,0.7681054983065504,0,3103.9153846153845
2011-11-28,1.0,0.8,13883,mean,13883,2563,2569,2564.2,0.8153059018519853,0,3504.992307692308
2011-11-28,1.0,0.8,13883,seasonal,13883,5215,5221,5216.2,0.6241983137565756,0,4458.915384615385
2011-11-28,1.0,0.8,13883,equal,13883,5749,5755,5750.2,0.5857173740722058,0,4366.992307692308
2011-11-28,1.0,0.8,13883,hindsight,13877,0,0,0.0,1.0,6,3912.369230769231
2011-11-28,1.0,0.95,13883,scenario,13883,3218,3224,3218.3,0.7681054983065504,0,2657.9596153846155
2011-11-28,1.0,0.95,13883,mean,13883,2563,2569,2563.3,0.8153059018519853,0,3059.0365384615384
2011-11-28,1.0,0.95,13883,seasonal,13883,5215,5221,5215.3,0.6241983137565756,0,4012.9596153846155
2011-11-28,1.0,0.95,13883,equal,13883,5749,5755,5749.3,0.5857173740722058,0,3921.0365384615384
2011-11-28,1.0,0.95,13883,hindsight,13877,0,0,0.0,1.0,6,3467.3134615384615
2011-11-28,1.25,0.5,17353,scenario,7370,7158,651,3904.5,0.48418246018591915,9983,3019.2115384615386
2011-11-28,1.25,0.5,17353,mean,13885,2562,2570,2566.0,0.8153779635367875,3468,4397.673076923077
2011-11-28,1.25,0.5,17353,seasonal,17038,4612,7773,6192.5,0.6676515096922966,315,6318.826923076923
2011-11-28,1.25,0.5,17353,equal,13885,5748,5756,5752.0,0.585789435757008,3468,5259.326923076923
2011-11-28,1.25,0.5,17353,hindsight,13877,0,0,0.0,1.0,3476,4802.4807692307695
2011-11-28,1.25,0.8,17353,scenario,14539,3022,3684,3154.4,0.7822295885277798,2814,3083.730769230769
2011-11-28,1.25,0.8,17353,mean,13885,2562,2570,2563.6,0.8153779635367875,3468,3505.1615384615384
2011-11-28,1.25,0.8,17353,seasonal,17038,4612,7773,5244.2,0.6676515096922966,315,4480.415384615385
2011-11-28,1.25,0.8,17353,equal,13885,5748,5756,5749.6,0.585789435757008,3468,4366.815384615385
2011-11-28,1.25,0.8,17353,hindsight,13877,0,0,0.0,1.0,3476,3912.369230769231
2011-11-28,1.25,0.95,17353,scenario,17353,2150,5626,2323.8,0.84506737767529,0,2182.075
2011-11-28,1.25,0.95,17353,mean,13885,2562,2570,2562.4,0.8153779635367875,3468,3058.9057692307692
2011-11-28,1.25,0.95,17353,seasonal,17038,4612,7773,4770.05,0.6676515096922966,315,3561.2096153846155
2011-11-28,1.25,0.95,17353,equal,13885,5748,5756,5748.4,0.585789435757008,3468,3920.5596153846154
2011-11-28,1.25,0.95,17353,hindsight,13877,0,0,0.0,1.0,3476,3467.3134615384615
