scenario_id,policy,week_start_utc,queue,dedicated_staff,flex_staff,actual_intake,opening_backlog,capacity,processed,ending_backlog,older_backlog,unprocessed_share
0-0-75,fixed,2025-06-23,billing,0,0,1510,0,0,0,1510,0,1.0
0-0-75,fixed,2025-06-23,technical,0,0,1591,0,0,0,1591,0,1.0
0-0-75,fixed,2025-06-23,privacy,0,0,152,0,0,0,152,0,1.0
0-0-75,fixed,2025-06-30,billing,0,0,1238,1510,0,0,2748,1510,1.0
0-0-75,fixed,2025-06-30,technical,0,0,1356,1591,0,0,2947,1591,1.0
0-0-75,fixed,2025-06-30,privacy,0,0,123,152,0,0,275,152,1.0
0-0-75,fixed,2025-07-07,billing,0,0,1572,2748,0,0,4320,2748,1.0
0-0-75,fixed,2025-07-07,technical,0,0,1490,2947,0,0,4437,2947,1.0
0-0-75,fixed,2025-07-07,privacy,0,0,128,275,0,0,403,275,1.0
0-0-75,fixed,2025-07-14,billing,0,0,1393,4320,0,0,5713,4320,1.0
0-0-75,fixed,2025-07-14,technical,0,0,1449,4437,0,0,5886,4437,1.0
0-0-75,fixed,2025-07-14,privacy,0,0,134,403,0,0,537,403,1.0
0-0-75,fixed,2025-07-21,billing,0,0,1441,5713,0,0,7154,5713,1.0
0-0-75,fixed,2025-07-21,technical,0,0,1416,5886,0,0,7302,5886,1.0
0-0-75,fixed,2025-07-21,privacy,0,0,146,537,0,0,683,537,1.0
0-0-75,fixed,2025-07-28,billing,0,0,1549,7154,0,0,8703,7154,1.0
0-0-75,fixed,2025-07-28,technical,0,0,1452,7302,0,0,8754,7302,1.0
0-0-75,fixed,2025-07-28,privacy,0,0,158,683,0,0,841,683,1.0
0-0-75,fixed,2025-08-04,billing,0,0,1592,8703,0,0,10295,8703,1.0
0-0-75,fixed,2025-08-04,technical,0,0,1516,8754,0,0,10270,8754,1.0
0-0-75,fixed,2025-08-04,privacy,0,0,172,841,0,0,1013,841,1.0
0-0-75,fixed,2025-08-11,billing,0,0,1442,10295,0,0,11737,10295,1.0
0-0-75,fixed,2025-08-11,technical,0,0,1502,10270,0,0,11772,10270,1.0
0-0-75,fixed,2025-08-11,privacy,0,0,151,1013,0,0,1164,1013,1.0
0-0-75,fixed,2025-08-18,billing,0,0,1442,11737,0,0,13179,11737,1.0
0-0-75,fixed,2025-08-18,technical,0,0,1369,11772,0,0,13141,11772,1.0
0-0-75,fixed,2025-08-18,privacy,0,0,165,1164,0,0,1329,1164,1.0
0-0-75,fixed,2025-08-25,billing,0,0,1489,13179,0,0,14668,13179,1.0
0-0-75,fixed,2025-08-25,technical,0,0,1275,13141,0,0,14416,13141,1.0
0-0-75,fixed,2025-08-25,privacy,0,0,130,1329,0,0,1459,1329,1.0
0-0-75,fixed,2025-09-01,billing,0,0,1465,14668,0,0,16133,14668,1.0
0-0-75,fixed,2025-09-01,technical,0,0,1258,14416,0,0,15674,14416,1.0
0-0-75,fixed,2025-09-01,privacy,0,0,106,1459,0,0,1565,1459,1.0
0-0-75,fixed,2025-09-08,billing,0,0,1506,16133,0,0,17639,16133,1.0
0-0-75,fixed,2025-09-08,technical,0,0,1327,15674,0,0,17001,15674,1.0
0-0-75,fixed,2025-09-08,privacy,0,0,114,1565,0,0,1679,1565,1.0
0-0-75,adaptive,2025-06-23,billing,0,0,1510,0,0,0,1510,0,1.0
0-0-75,adaptive,2025-06-23,technical,0,0,1591,0,0,0,1591,0,1.0
0-0-75,adaptive,2025-06-23,privacy,0,0,152,0,0,0,152,0,1.0
0-0-75,adaptive,2025-06-30,billing,0,0,1238,1510,0,0,2748,1510,1.0
0-0-75,adaptive,2025-06-30,technical,0,0,1356,1591,0,0,2947,1591,1.0
0-0-75,adaptive,2025-06-30,privacy,0,0,123,152,0,0,275,152,1.0
0-0-75,adaptive,2025-07-07,billing,0,0,1572,2748,0,0,4320,2748,1.0
0-0-75,adaptive,2025-07-07,technical,0,0,1490,2947,0,0,4437,2947,1.0
0-0-75,adaptive,2025-07-07,privacy,0,0,128,275,0,0,403,275,1.0
0-0-75,adaptive,2025-07-14,billing,0,0,1393,4320,0,0,5713,4320,1.0
0-0-75,adaptive,2025-07-14,technical,0,0,1449,4437,0,0,5886,4437,1.0
0-0-75,adaptive,2025-07-14,privacy,0,0,134,403,0,0,537,403,1.0
0-0-75,adaptive,2025-07-21,billing,0,0,1441,5713,0,0,7154,5713,1.0
0-0-75,adaptive,2025-07-21,technical,0,0,1416,5886,0,0,7302,5886,1.0
0-0-75,adaptive,2025-07-21,privacy,0,0,146,537,0,0,683,537,1.0
0-0-75,adaptive,2025-07-28,billing,0,0,1549,7154,0,0,8703,7154,1.0
0-0-75,adaptive,2025-07-28,technical,0,0,1452,7302,0,0,8754,7302,1.0
0-0-75,adaptive,2025-07-28,privacy,0,0,158,683,0,0,841,683,1.0
0-0-75,adaptive,2025-08-04,billing,0,0,1592,8703,0,0,10295,8703,1.0
0-0-75,adaptive,2025-08-04,technical,0,0,1516,8754,0,0,10270,8754,1.0
0-0-75,adaptive,2025-08-04,privacy,0,0,172,841,0,0,1013,841,1.0
0-0-75,adaptive,2025-08-11,billing,0,0,1442,10295,0,0,11737,10295,1.0
0-0-75,adaptive,2025-08-11,technical,0,0,1502,10270,0,0,11772,10270,1.0
0-0-75,adaptive,2025-08-11,privacy,0,0,151,1013,0,0,1164,1013,1.0
0-0-75,adaptive,2025-08-18,billing,0,0,1442,11737,0,0,13179,11737,1.0
0-0-75,adaptive,2025-08-18,technical,0,0,1369,11772,0,0,13141,11772,1.0
0-0-75,adaptive,2025-08-18,privacy,0,0,165,1164,0,0,1329,1164,1.0
0-0-75,adaptive,2025-08-25,billing,0,0,1489,13179,0,0,14668,13179,1.0
0-0-75,adaptive,2025-08-25,technical,0,0,1275,13141,0,0,14416,13141,1.0
0-0-75,adaptive,2025-08-25,privacy,0,0,130,1329,0,0,1459,1329,1.0
0-0-75,adaptive,2025-09-01,billing,0,0,1465,14668,0,0,16133,14668,1.0
0-0-75,adaptive,2025-09-01,technical,0,0,1258,14416,0,0,15674,14416,1.0
0-0-75,adaptive,2025-09-01,privacy,0,0,106,1459,0,0,1565,1459,1.0
0-0-75,adaptive,2025-09-08,billing,0,0,1506,16133,0,0,17639,16133,1.0
0-0-75,adaptive,2025-09-08,technical,0,0,1327,15674,0,0,17001,15674,1.0
0-0-75,adaptive,2025-09-08,privacy,0,0,114,1565,0,0,1679,1565,1.0
0-0-75,optimized,2025-06-23,billing,0,0,1510,0,0,0,1510,0,1.0
0-0-75,optimized,2025-06-23,technical,0,0,1591,0,0,0,1591,0,1.0
0-0-75,optimized,2025-06-23,privacy,0,0,152,0,0,0,152,0,1.0
0-0-75,optimized,2025-06-30,billing,0,0,1238,1510,0,0,2748,1510,1.0
0-0-75,optimized,2025-06-30,technical,0,0,1356,1591,0,0,2947,1591,1.0
0-0-75,optimized,2025-06-30,privacy,0,0,123,152,0,0,275,152,1.0
0-0-75,optimized,2025-07-07,billing,0,0,1572,2748,0,0,4320,2748,1.0
0-0-75,optimized,2025-07-07,technical,0,0,1490,2947,0,0,4437,2947,1.0
0-0-75,optimized,2025-07-07,privacy,0,0,128,275,0,0,403,275,1.0
0-0-75,optimized,2025-07-14,billing,0,0,1393,4320,0,0,5713,4320,1.0
0-0-75,optimized,2025-07-14,technical,0,0,1449,4437,0,0,5886,4437,1.0
0-0-75,optimized,2025-07-14,privacy,0,0,134,403,0,0,537,403,1.0
0-0-75,optimized,2025-07-21,billing,0,0,1441,5713,0,0,7154,5713,1.0
0-0-75,optimized,2025-07-21,technical,0,0,1416,5886,0,0,7302,5886,1.0
0-0-75,optimized,2025-07-21,privacy,0,0,146,537,0,0,683,537,1.0
0-0-75,optimized,2025-07-28,billing,0,0,1549,7154,0,0,8703,7154,1.0
0-0-75,optimized,2025-07-28,technical,0,0,1452,7302,0,0,8754,7302,1.0
0-0-75,optimized,2025-07-28,privacy,0,0,158,683,0,0,841,683,1.0
0-0-75,optimized,2025-08-04,billing,0,0,1592,8703,0,0,10295,8703,1.0
0-0-75,optimized,2025-08-04,technical,0,0,1516,8754,0,0,10270,8754,1.0
0-0-75,optimized,2025-08-04,privacy,0,0,172,841,0,0,1013,841,1.0
0-0-75,optimized,2025-08-11,billing,0,0,1442,10295,0,0,11737,10295,1.0
0-0-75,optimized,2025-08-11,technical,0,0,1502,10270,0,0,11772,10270,1.0
0-0-75,optimized,2025-08-11,privacy,0,0,151,1013,0,0,1164,1013,1.0
0-0-75,optimized,2025-08-18,billing,0,0,1442,11737,0,0,13179,11737,1.0
0-0-75,optimized,2025-08-18,technical,0,0,1369,11772,0,0,13141,11772,1.0
0-0-75,optimized,2025-08-18,privacy,0,0,165,1164,0,0,1329,1164,1.0
0-0-75,optimized,2025-08-25,billing,0,0,1489,13179,0,0,14668,13179,1.0
0-0-75,optimized,2025-08-25,technical,0,0,1275,13141,0,0,14416,13141,1.0
0-0-75,optimized,2025-08-25,privacy,0,0,130,1329,0,0,1459,1329,1.0
0-0-75,optimized,2025-09-01,billing,0,0,1465,14668,0,0,16133,14668,1.0
0-0-75,optimized,2025-09-01,technical,0,0,1258,14416,0,0,15674,14416,1.0
0-0-75,optimized,2025-09-01,privacy,0,0,106,1459,0,0,1565,1459,1.0
0-0-75,optimized,2025-09-08,billing,0,0,1506,16133,0,0,17639,16133,1.0
0-0-75,optimized,2025-09-08,technical,0,0,1327,15674,0,0,17001,15674,1.0
0-0-75,optimized,2025-09-08,privacy,0,0,114,1565,0,0,1679,1565,1.0
0-0-75,hindsight,2025-06-23,billing,0,0,1510,0,0,0,1510,0,1.0
0-0-75,hindsight,2025-06-23,technical,0,0,1591,0,0,0,1591,0,1.0
0-0-75,hindsight,2025-06-23,privacy,0,0,152,0,0,0,152,0,1.0
0-0-75,hindsight,2025-06-30,billing,0,0,1238,1510,0,0,2748,1510,1.0
0-0-75,hindsight,2025-06-30,technical,0,0,1356,1591,0,0,2947,1591,1.0
0-0-75,hindsight,2025-06-30,privacy,0,0,123,152,0,0,275,152,1.0
0-0-75,hindsight,2025-07-07,billing,0,0,1572,2748,0,0,4320,2748,1.0
0-0-75,hindsight,2025-07-07,technical,0,0,1490,2947,0,0,4437,2947,1.0
0-0-75,hindsight,2025-07-07,privacy,0,0,128,275,0,0,403,275,1.0
0-0-75,hindsight,2025-07-14,billing,0,0,1393,4320,0,0,5713,4320,1.0
0-0-75,hindsight,2025-07-14,technical,0,0,1449,4437,0,0,5886,4437,1.0
0-0-75,hindsight,2025-07-14,privacy,0,0,134,403,0,0,537,403,1.0
0-0-75,hindsight,2025-07-21,billing,0,0,1441,5713,0,0,7154,5713,1.0
0-0-75,hindsight,2025-07-21,technical,0,0,1416,5886,0,0,7302,5886,1.0
0-0-75,hindsight,2025-07-21,privacy,0,0,146,537,0,0,683,537,1.0
0-0-75,hindsight,2025-07-28,billing,0,0,1549,7154,0,0,8703,7154,1.0
0-0-75,hindsight,2025-07-28,technical,0,0,1452,7302,0,0,8754,7302,1.0
0-0-75,hindsight,2025-07-28,privacy,0,0,158,683,0,0,841,683,1.0
0-0-75,hindsight,2025-08-04,billing,0,0,1592,8703,0,0,10295,8703,1.0
0-0-75,hindsight,2025-08-04,technical,0,0,1516,8754,0,0,10270,8754,1.0
0-0-75,hindsight,2025-08-04,privacy,0,0,172,841,0,0,1013,841,1.0
0-0-75,hindsight,2025-08-11,billing,0,0,1442,10295,0,0,11737,10295,1.0
0-0-75,hindsight,2025-08-11,technical,0,0,1502,10270,0,0,11772,10270,1.0
0-0-75,hindsight,2025-08-11,privacy,0,0,151,1013,0,0,1164,1013,1.0
0-0-75,hindsight,2025-08-18,billing,0,0,1442,11737,0,0,13179,11737,1.0
0-0-75,hindsight,2025-08-18,technical,0,0,1369,11772,0,0,13141,11772,1.0
0-0-75,hindsight,2025-08-18,privacy,0,0,165,1164,0,0,1329,1164,1.0
0-0-75,hindsight,2025-08-25,billing,0,0,1489,13179,0,0,14668,13179,1.0
0-0-75,hindsight,2025-08-25,technical,0,0,1275,13141,0,0,14416,13141,1.0
0-0-75,hindsight,2025-08-25,privacy,0,0,130,1329,0,0,1459,1329,1.0
0-0-75,hindsight,2025-09-01,billing,0,0,1465,14668,0,0,16133,14668,1.0
0-0-75,hindsight,2025-09-01,technical,0,0,1258,14416,0,0,15674,14416,1.0
0-0-75,hindsight,2025-09-01,privacy,0,0,106,1459,0,0,1565,1459,1.0
0-0-75,hindsight,2025-09-08,billing,0,0,1506,16133,0,0,17639,16133,1.0
0-0-75,hindsight,2025-09-08,technical,0,0,1327,15674,0,0,17001,15674,1.0
0-0-75,hindsight,2025-09-08,privacy,0,0,114,1565,0,0,1679,1565,1.0
0-0-100,fixed,2025-06-23,billing,0,0,1510,0,0,0,1510,0,1.0
0-0-100,fixed,2025-06-23,technical,0,0,1591,0,0,0,1591,0,1.0
0-0-100,fixed,2025-06-23,privacy,0,0,152,0,0,0,152,0,1.0
0-0-100,fixed,2025-06-30,billing,0,0,1238,1510,0,0,2748,1510,1.0
0-0-100,fixed,2025-06-30,technical,0,0,1356,1591,0,0,2947,1591,1.0
0-0-100,fixed,2025-06-30,privacy,0,0,123,152,0,0,275,152,1.0
0-0-100,fixed,2025-07-07,billing,0,0,1572,2748,0,0,4320,2748,1.0
0-0-100,fixed,2025-07-07,technical,0,0,1490,2947,0,0,4437,2947,1.0
0-0-100,fixed,2025-07-07,privacy,0,0,128,275,0,0,403,275,1.0
0-0-100,fixed,2025-07-14,billing,0,0,1393,4320,0,0,5713,4320,1.0
0-0-100,fixed,2025-07-14,technical,0,0,1449,4437,0,0,5886,4437,1.0
0-0-100,fixed,2025-07-14,privacy,0,0,134,403,0,0,537,403,1.0
0-0-100,fixed,2025-07-21,billing,0,0,1441,5713,0,0,7154,5713,1.0
0-0-100,fixed,2025-07-21,technical,0,0,1416,5886,0,0,7302,5886,1.0
0-0-100,fixed,2025-07-21,privacy,0,0,146,537,0,0,683,537,1.0
0-0-100,fixed,2025-07-28,billing,0,0,1549,7154,0,0,8703,7154,1.0
0-0-100,fixed,2025-07-28,technical,0,0,1452,7302,0,0,8754,7302,1.0
0-0-100,fixed,2025-07-28,privacy,0,0,158,683,0,0,841,683,1.0
0-0-100,fixed,2025-08-04,billing,0,0,1592,8703,0,0,10295,8703,1.0
0-0-100,fixed,2025-08-04,technical,0,0,1516,8754,0,0,10270,8754,1.0
0-0-100,fixed,2025-08-04,privacy,0,0,172,841,0,0,1013,841,1.0
0-0-100,fixed,2025-08-11,billing,0,0,1442,10295,0,0,11737,10295,1.0
0-0-100,fixed,2025-08-11,technical,0,0,1502,10270,0,0,11772,10270,1.0
0-0-100,fixed,2025-08-11,privacy,0,0,151,1013,0,0,1164,1013,1.0
0-0-100,fixed,2025-08-18,billing,0,0,1442,11737,0,0,13179,11737,1.0
0-0-100,fixed,2025-08-18,technical,0,0,1369,11772,0,0,13141,11772,1.0
0-0-100,fixed,2025-08-18,privacy,0,0,165,1164,0,0,1329,1164,1.0
0-0-100,fixed,2025-08-25,billing,0,0,1489,13179,0,0,14668,13179,1.0
0-0-100,fixed,2025-08-25,technical,0,0,1275,13141,0,0,14416,13141,1.0
0-0-100,fixed,2025-08-25,privacy,0,0,130,1329,0,0,1459,1329,1.0
0-0-100,fixed,2025-09-01,billing,0,0,1465,14668,0,0,16133,14668,1.0
0-0-100,fixed,2025-09-01,technical,0,0,1258,14416,0,0,15674,14416,1.0
0-0-100,fixed,2025-09-01,privacy,0,0,106,1459,0,0,1565,1459,1.0
0-0-100,fixed,2025-09-08,billing,0,0,1506,16133,0,0,17639,16133,1.0
0-0-100,fixed,2025-09-08,technical,0,0,1327,15674,0,0,17001,15674,1.0
0-0-100,fixed,2025-09-08,privacy,0,0,114,1565,0,0,1679,1565,1.0
0-0-100,adaptive,2025-06-23,billing,0,0,1510,0,0,0,1510,0,1.0
0-0-100,adaptive,2025-06-23,technical,0,0,1591,0,0,0,1591,0,1.0
0-0-100,adaptive,2025-06-23,privacy,0,0,152,0,0,0,152,0,1.0
0-0-100,adaptive,2025-06-30,billing,0,0,1238,1510,0,0,2748,1510,1.0
0-0-100,adaptive,2025-06-30,technical,0,0,1356,1591,0,0,2947,1591,1.0
0-0-100,adaptive,2025-06-30,privacy,0,0,123,152,0,0,275,152,1.0
0-0-100,adaptive,2025-07-07,billing,0,0,1572,2748,0,0,4320,2748,1.0
0-0-100,adaptive,2025-07-07,technical,0,0,1490,2947,0,0,4437,2947,1.0
0-0-100,adaptive,2025-07-07,privacy,0,0,128,275,0,0,403,275,1.0
0-0-100,adaptive,2025-07-14,billing,0,0,1393,4320,0,0,5713,4320,1.0
0-0-100,adaptive,2025-07-14,technical,0,0,1449,4437,0,0,5886,4437,1.0
0-0-100,adaptive,2025-07-14,privacy,0,0,134,403,0,0,537,403,1.0
0-0-100,adaptive,2025-07-21,billing,0,0,1441,5713,0,0,7154,5713,1.0
0-0-100,adaptive,2025-07-21,technical,0,0,1416,5886,0,0,7302,5886,1.0
0-0-100,adaptive,2025-07-21,privacy,0,0,146,537,0,0,683,537,1.0
0-0-100,adaptive,2025-07-28,billing,0,0,1549,7154,0,0,8703,7154,1.0
0-0-100,adaptive,2025-07-28,technical,0,0,1452,7302,0,0,8754,7302,1.0
0-0-100,adaptive,2025-07-28,privacy,0,0,158,683,0,0,841,683,1.0
0-0-100,adaptive,2025-08-04,billing,0,0,1592,8703,0,0,10295,8703,1.0
0-0-100,adaptive,2025-08-04,technical,0,0,1516,8754,0,0,10270,8754,1.0
0-0-100,adaptive,2025-08-04,privacy,0,0,172,841,0,0,1013,841,1.0
0-0-100,adaptive,2025-08-11,billing,0,0,1442,10295,0,0,11737,10295,1.0
0-0-100,adaptive,2025-08-11,technical,0,0,1502,10270,0,0,11772,10270,1.0
0-0-100,adaptive,2025-08-11,privacy,0,0,151,1013,0,0,1164,1013,1.0
0-0-100,adaptive,2025-08-18,billing,0,0,1442,11737,0,0,13179,11737,1.0
0-0-100,adaptive,2025-08-18,technical,0,0,1369,11772,0,0,13141,11772,1.0
0-0-100,adaptive,2025-08-18,privacy,0,0,165,1164,0,0,1329,1164,1.0
0-0-100,adaptive,2025-08-25,billing,0,0,1489,13179,0,0,14668,13179,1.0
0-0-100,adaptive,2025-08-25,technical,0,0,1275,13141,0,0,14416,13141,1.0
0-0-100,adaptive,2025-08-25,privacy,0,0,130,1329,0,0,1459,1329,1.0
0-0-100,adaptive,2025-09-01,billing,0,0,1465,14668,0,0,16133,14668,1.0
0-0-100,adaptive,2025-09-01,technical,0,0,1258,14416,0,0,15674,14416,1.0
0-0-100,adaptive,2025-09-01,privacy,0,0,106,1459,0,0,1565,1459,1.0
0-0-100,adaptive,2025-09-08,billing,0,0,1506,16133,0,0,17639,16133,1.0
0-0-100,adaptive,2025-09-08,technical,0,0,1327,15674,0,0,17001,15674,1.0
0-0-100,adaptive,2025-09-08,privacy,0,0,114,1565,0,0,1679,1565,1.0
0-0-100,optimized,2025-06-23,billing,0,0,1510,0,0,0,1510,0,1.0
0-0-100,optimized,2025-06-23,technical,0,0,1591,0,0,0,1591,0,1.0
0-0-100,optimized,2025-06-23,privacy,0,0,152,0,0,0,152,0,1.0
0-0-100,optimized,2025-06-30,billing,0,0,1238,1510,0,0,2748,1510,1.0
0-0-100,optimized,2025-06-30,technical,0,0,1356,1591,0,0,2947,1591,1.0
0-0-100,optimized,2025-06-30,privacy,0,0,123,152,0,0,275,152,1.0
0-0-100,optimized,2025-07-07,billing,0,0,1572,2748,0,0,4320,2748,1.0
0-0-100,optimized,2025-07-07,technical,0,0,1490,2947,0,0,4437,2947,1.0
0-0-100,optimized,2025-07-07,privacy,0,0,128,275,0,0,403,275,1.0
0-0-100,optimized,2025-07-14,billing,0,0,1393,4320,0,0,5713,4320,1.0
0-0-100,optimized,2025-07-14,technical,0,0,1449,4437,0,0,5886,4437,1.0
0-0-100,optimized,2025-07-14,privacy,0,0,134,403,0,0,537,403,1.0
0-0-100,optimized,2025-07-21,billing,0,0,1441,5713,0,0,7154,5713,1.0
0-0-100,optimized,2025-07-21,technical,0,0,1416,5886,0,0,7302,5886,1.0
0-0-100,optimized,2025-07-21,privacy,0,0,146,537,0,0,683,537,1.0
0-0-100,optimized,2025-07-28,billing,0,0,1549,7154,0,0,8703,7154,1.0
0-0-100,optimized,2025-07-28,technical,0,0,1452,7302,0,0,8754,7302,1.0
0-0-100,optimized,2025-07-28,privacy,0,0,158,683,0,0,841,683,1.0
0-0-100,optimized,2025-08-04,billing,0,0,1592,8703,0,0,10295,8703,1.0
0-0-100,optimized,2025-08-04,technical,0,0,1516,8754,0,0,10270,8754,1.0
0-0-100,optimized,2025-08-04,privacy,0,0,172,841,0,0,1013,841,1.0
0-0-100,optimized,2025-08-11,billing,0,0,1442,10295,0,0,11737,10295,1.0
0-0-100,optimized,2025-08-11,technical,0,0,1502,10270,0,0,11772,10270,1.0
0-0-100,optimized,2025-08-11,privacy,0,0,151,1013,0,0,1164,1013,1.0
0-0-100,optimized,2025-08-18,billing,0,0,1442,11737,0,0,13179,11737,1.0
0-0-100,optimized,2025-08-18,technical,0,0,1369,11772,0,0,13141,11772,1.0
0-0-100,optimized,2025-08-18,privacy,0,0,165,1164,0,0,1329,1164,1.0
0-0-100,optimized,2025-08-25,billing,0,0,1489,13179,0,0,14668,13179,1.0
0-0-100,optimized,2025-08-25,technical,0,0,1275,13141,0,0,14416,13141,1.0
0-0-100,optimized,2025-08-25,privacy,0,0,130,1329,0,0,1459,1329,1.0
0-0-100,optimized,2025-09-01,billing,0,0,1465,14668,0,0,16133,14668,1.0
0-0-100,optimized,2025-09-01,technical,0,0,1258,14416,0,0,15674,14416,1.0
0-0-100,optimized,2025-09-01,privacy,0,0,106,1459,0,0,1565,1459,1.0
0-0-100,optimized,2025-09-08,billing,0,0,1506,16133,0,0,17639,16133,1.0
0-0-100,optimized,2025-09-08,technical,0,0,1327,15674,0,0,17001,15674,1.0
0-0-100,optimized,2025-09-08,privacy,0,0,114,1565,0,0,1679,1565,1.0
0-0-100,hindsight,2025-06-23,billing,0,0,1510,0,0,0,1510,0,1.0
0-0-100,hindsight,2025-06-23,technical,0,0,1591,0,0,0,1591,0,1.0
0-0-100,hindsight,2025-06-23,privacy,0,0,152,0,0,0,152,0,1.0
0-0-100,hindsight,2025-06-30,billing,0,0,1238,1510,0,0,2748,1510,1.0
0-0-100,hindsight,2025-06-30,technical,0,0,1356,1591,0,0,2947,1591,1.0
0-0-100,hindsight,2025-06-30,privacy,0,0,123,152,0,0,275,152,1.0
0-0-100,hindsight,2025-07-07,billing,0,0,1572,2748,0,0,4320,2748,1.0
0-0-100,hindsight,2025-07-07,technical,0,0,1490,2947,0,0,4437,2947,1.0
0-0-100,hindsight,2025-07-07,privacy,0,0,128,275,0,0,403,275,1.0
0-0-100,hindsight,2025-07-14,billing,0,0,1393,4320,0,0,5713,4320,1.0
0-0-100,hindsight,2025-07-14,technical,0,0,1449,4437,0,0,5886,4437,1.0
0-0-100,hindsight,2025-07-14,privacy,0,0,134,403,0,0,537,403,1.0
0-0-100,hindsight,2025-07-21,billing,0,0,1441,5713,0,0,7154,5713,1.0
0-0-100,hindsight,2025-07-21,technical,0,0,1416,5886,0,0,7302,5886,1.0
0-0-100,hindsight,2025-07-21,privacy,0,0,146,537,0,0,683,537,1.0
0-0-100,hindsight,2025-07-28,billing,0,0,1549,7154,0,0,8703,7154,1.0
0-0-100,hindsight,2025-07-28,technical,0,0,1452,7302,0,0,8754,7302,1.0
0-0-100,hindsight,2025-07-28,privacy,0,0,158,683,0,0,841,683,1.0
0-0-100,hindsight,2025-08-04,billing,0,0,1592,8703,0,0,10295,8703,1.0
0-0-100,hindsight,2025-08-04,technical,0,0,1516,8754,0,0,10270,8754,1.0
0-0-100,hindsight,2025-08-04,privacy,0,0,172,841,0,0,1013,841,1.0
0-0-100,hindsight,2025-08-11,billing,0,0,1442,10295,0,0,11737,10295,1.0
0-0-100,hindsight,2025-08-11,technical,0,0,1502,10270,0,0,11772,10270,1.0
0-0-100,hindsight,2025-08-11,privacy,0,0,151,1013,0,0,1164,1013,1.0
0-0-100,hindsight,2025-08-18,billing,0,0,1442,11737,0,0,13179,11737,1.0
0-0-100,hindsight,2025-08-18,technical,0,0,1369,11772,0,0,13141,11772,1.0
0-0-100,hindsight,2025-08-18,privacy,0,0,165,1164,0,0,1329,1164,1.0
0-0-100,hindsight,2025-08-25,billing,0,0,1489,13179,0,0,14668,13179,1.0
0-0-100,hindsight,2025-08-25,technical,0,0,1275,13141,0,0,14416,13141,1.0
0-0-100,hindsight,2025-08-25,privacy,0,0,130,1329,0,0,1459,1329,1.0
0-0-100,hindsight,2025-09-01,billing,0,0,1465,14668,0,0,16133,14668,1.0
0-0-100,hindsight,2025-09-01,technical,0,0,1258,14416,0,0,15674,14416,1.0
0-0-100,hindsight,2025-09-01,privacy,0,0,106,1459,0,0,1565,1459,1.0
0-0-100,hindsight,2025-09-08,billing,0,0,1506,16133,0,0,17639,16133,1.0
0-0-100,hindsight,2025-09-08,technical,0,0,1327,15674,0,0,17001,15674,1.0
0-0-100,hindsight,2025-09-08,privacy,0,0,114,1565,0,0,1679,1565,1.0
0-0-125,fixed,2025-06-23,billing,0,0,1510,0,0,0,1510,0,1.0
0-0-125,fixed,2025-06-23,technical,0,0,1591,0,0,0,1591,0,1.0
0-0-125,fixed,2025-06-23,privacy,0,0,152,0,0,0,152,0,1.0
0-0-125,fixed,2025-06-30,billing,0,0,1238,1510,0,0,2748,1510,1.0
0-0-125,fixed,2025-06-30,technical,0,0,1356,1591,0,0,2947,1591,1.0
0-0-125,fixed,2025-06-30,privacy,0,0,123,152,0,0,275,152,1.0
0-0-125,fixed,2025-07-07,billing,0,0,1572,2748,0,0,4320,2748,1.0
0-0-125,fixed,2025-07-07,technical,0,0,1490,2947,0,0,4437,2947,1.0
0-0-125,fixed,2025-07-07,privacy,0,0,128,275,0,0,403,275,1.0
0-0-125,fixed,2025-07-14,billing,0,0,1393,4320,0,0,5713,4320,1.0
0-0-125,fixed,2025-07-14,technical,0,0,1449,4437,0,0,5886,4437,1.0
0-0-125,fixed,2025-07-14,privacy,0,0,134,403,0,0,537,403,1.0
0-0-125,fixed,2025-07-21,billing,0,0,1441,5713,0,0,7154,5713,1.0
0-0-125,fixed,2025-07-21,technical,0,0,1416,5886,0,0,7302,5886,1.0
0-0-125,fixed,2025-07-21,privacy,0,0,146,537,0,0,683,537,1.0
0-0-125,fixed,2025-07-28,billing,0,0,1549,7154,0,0,8703,7154,1.0
0-0-125,fixed,2025-07-28,technical,0,0,1452,7302,0,0,8754,7302,1.0
0-0-125,fixed,2025-07-28,privacy,0,0,158,683,0,0,841,683,1.0
0-0-125,fixed,2025-08-04,billing,0,0,1592,8703,0,0,10295,8703,1.0
0-0-125,fixed,2025-08-04,technical,0,0,1516,8754,0,0,10270,8754,1.0
0-0-125,fixed,2025-08-04,privacy,0,0,172,841,0,0,1013,841,1.0
0-0-125,fixed,2025-08-11,billing,0,0,1442,10295,0,0,11737,10295,1.0
0-0-125,fixed,2025-08-11,technical,0,0,1502,10270,0,0,11772,10270,1.0
0-0-125,fixed,2025-08-11,privacy,0,0,151,1013,0,0,1164,1013,1.0
0-0-125,fixed,2025-08-18,billing,0,0,1442,11737,0,0,13179,11737,1.0
0-0-125,fixed,2025-08-18,technical,0,0,1369,11772,0,0,13141,11772,1.0
0-0-125,fixed,2025-08-18,privacy,0,0,165,1164,0,0,1329,1164,1.0
0-0-125,fixed,2025-08-25,billing,0,0,1489,13179,0,0,14668,13179,1.0
0-0-125,fixed,2025-08-25,technical,0,0,1275,13141,0,0,14416,13141,1.0
0-0-125,fixed,2025-08-25,privacy,0,0,130,1329,0,0,1459,1329,1.0
0-0-125,fixed,2025-09-01,billing,0,0,1465,14668,0,0,16133,14668,1.0
0-0-125,fixed,2025-09-01,technical,0,0,1258,14416,0,0,15674,14416,1.0
0-0-125,fixed,2025-09-01,privacy,0,0,106,1459,0,0,1565,1459,1.0
0-0-125,fixed,2025-09-08,billing,0,0,1506,16133,0,0,17639,16133,1.0
0-0-125,fixed,2025-09-08,technical,0,0,1327,15674,0,0,17001,15674,1.0
0-0-125,fixed,2025-09-08,privacy,0,0,114,1565,0,0,1679,1565,1.0
0-0-125,adaptive,2025-06-23,billing,0,0,1510,0,0,0,1510,0,1.0
0-0-125,adaptive,2025-06-23,technical,0,0,1591,0,0,0,1591,0,1.0
0-0-125,adaptive,2025-06-23,privacy,0,0,152,0,0,0,152,0,1.0
0-0-125,adaptive,2025-06-30,billing,0,0,1238,1510,0,0,2748,1510,1.0
0-0-125,adaptive,2025-06-30,technical,0,0,1356,1591,0,0,2947,1591,1.0
0-0-125,adaptive,2025-06-30,privacy,0,0,123,152,0,0,275,152,1.0
0-0-125,adaptive,2025-07-07,billing,0,0,1572,2748,0,0,4320,2748,1.0
0-0-125,adaptive,2025-07-07,technical,0,0,1490,2947,0,0,4437,2947,1.0
0-0-125,adaptive,2025-07-07,privacy,0,0,128,275,0,0,403,275,1.0
0-0-125,adaptive,2025-07-14,billing,0,0,1393,4320,0,0,5713,4320,1.0
0-0-125,adaptive,2025-07-14,technical,0,0,1449,4437,0,0,5886,4437,1.0
0-0-125,adaptive,2025-07-14,privacy,0,0,134,403,0,0,537,403,1.0
0-0-125,adaptive,2025-07-21,billing,0,0,1441,5713,0,0,7154,5713,1.0
0-0-125,adaptive,2025-07-21,technical,0,0,1416,5886,0,0,7302,5886,1.0
0-0-125,adaptive,2025-07-21,privacy,0,0,146,537,0,0,683,537,1.0
0-0-125,adaptive,2025-07-28,billing,0,0,1549,7154,0,0,8703,7154,1.0
0-0-125,adaptive,2025-07-28,technical,0,0,1452,7302,0,0,8754,7302,1.0
0-0-125,adaptive,2025-07-28,privacy,0,0,158,683,0,0,841,683,1.0
0-0-125,adaptive,2025-08-04,billing,0,0,1592,8703,0,0,10295,8703,1.0
0-0-125,adaptive,2025-08-04,technical,0,0,1516,8754,0,0,10270,8754,1.0
0-0-125,adaptive,2025-08-04,privacy,0,0,172,841,0,0,1013,841,1.0
0-0-125,adaptive,2025-08-11,billing,0,0,1442,10295,0,0,11737,10295,1.0
0-0-125,adaptive,2025-08-11,technical,0,0,1502,10270,0,0,11772,10270,1.0
0-0-125,adaptive,2025-08-11,privacy,0,0,151,1013,0,0,1164,1013,1.0
0-0-125,adaptive,2025-08-18,billing,0,0,1442,11737,0,0,13179,11737,1.0
0-0-125,adaptive,2025-08-18,technical,0,0,1369,11772,0,0,13141,11772,1.0
0-0-125,adaptive,2025-08-18,privacy,0,0,165,1164,0,0,1329,1164,1.0
0-0-125,adaptive,2025-08-25,billing,0,0,1489,13179,0,0,14668,13179,1.0
0-0-125,adaptive,2025-08-25,technical,0,0,1275,13141,0,0,14416,13141,1.0
0-0-125,adaptive,2025-08-25,privacy,0,0,130,1329,0,0,1459,1329,1.0
0-0-125,adaptive,2025-09-01,billing,0,0,1465,14668,0,0,16133,14668,1.0
0-0-125,adaptive,2025-09-01,technical,0,0,1258,14416,0,0,15674,14416,1.0
0-0-125,adaptive,2025-09-01,privacy,0,0,106,1459,0,0,1565,1459,1.0
0-0-125,adaptive,2025-09-08,billing,0,0,1506,16133,0,0,17639,16133,1.0
0-0-125,adaptive,2025-09-08,technical,0,0,1327,15674,0,0,17001,15674,1.0
0-0-125,adaptive,2025-09-08,privacy,0,0,114,1565,0,0,1679,1565,1.0
0-0-125,optimized,2025-06-23,billing,0,0,1510,0,0,0,1510,0,1.0
0-0-125,optimized,2025-06-23,technical,0,0,1591,0,0,0,1591,0,1.0
0-0-125,optimized,2025-06-23,privacy,0,0,152,0,0,0,152,0,1.0
0-0-125,optimized,2025-06-30,billing,0,0,1238,1510,0,0,2748,1510,1.0
0-0-125,optimized,2025-06-30,technical,0,0,1356,1591,0,0,2947,1591,1.0
0-0-125,optimized,2025-06-30,privacy,0,0,123,152,0,0,275,152,1.0
0-0-125,optimized,2025-07-07,billing,0,0,1572,2748,0,0,4320,2748,1.0
0-0-125,optimized,2025-07-07,technical,0,0,1490,2947,0,0,4437,2947,1.0
0-0-125,optimized,2025-07-07,privacy,0,0,128,275,0,0,403,275,1.0
0-0-125,optimized,2025-07-14,billing,0,0,1393,4320,0,0,5713,4320,1.0
0-0-125,optimized,2025-07-14,technical,0,0,1449,4437,0,0,5886,4437,1.0
0-0-125,optimized,2025-07-14,privacy,0,0,134,403,0,0,537,403,1.0
0-0-125,optimized,2025-07-21,billing,0,0,1441,5713,0,0,7154,5713,1.0
0-0-125,optimized,2025-07-21,technical,0,0,1416,5886,0,0,7302,5886,1.0
0-0-125,optimized,2025-07-21,privacy,0,0,146,537,0,0,683,537,1.0
0-0-125,optimized,2025-07-28,billing,0,0,1549,7154,0,0,8703,7154,1.0
0-0-125,optimized,2025-07-28,technical,0,0,1452,7302,0,0,8754,7302,1.0
0-0-125,optimized,2025-07-28,privacy,0,0,158,683,0,0,841,683,1.0
0-0-125,optimized,2025-08-04,billing,0,0,1592,8703,0,0,10295,8703,1.0
0-0-125,optimized,2025-08-04,technical,0,0,1516,8754,0,0,10270,8754,1.0
0-0-125,optimized,2025-08-04,privacy,0,0,172,841,0,0,1013,841,1.0
0-0-125,optimized,2025-08-11,billing,0,0,1442,10295,0,0,11737,10295,1.0
0-0-125,optimized,2025-08-11,technical,0,0,1502,10270,0,0,11772,10270,1.0
0-0-125,optimized,2025-08-11,privacy,0,0,151,1013,0,0,1164,1013,1.0
0-0-125,optimized,2025-08-18,billing,0,0,1442,11737,0,0,13179,11737,1.0
0-0-125,optimized,2025-08-18,technical,0,0,1369,11772,0,0,13141,11772,1.0
0-0-125,optimized,2025-08-18,privacy,0,0,165,1164,0,0,1329,1164,1.0
0-0-125,optimized,2025-08-25,billing,0,0,1489,13179,0,0,14668,13179,1.0
0-0-125,optimized,2025-08-25,technical,0,0,1275,13141,0,0,14416,13141,1.0
0-0-125,optimized,2025-08-25,privacy,0,0,130,1329,0,0,1459,1329,1.0
0-0-125,optimized,2025-09-01,billing,0,0,1465,14668,0,0,16133,14668,1.0
0-0-125,optimized,2025-09-01,technical,0,0,1258,14416,0,0,15674,14416,1.0
0-0-125,optimized,2025-09-01,privacy,0,0,106,1459,0,0,1565,1459,1.0
0-0-125,optimized,2025-09-08,billing,0,0,1506,16133,0,0,17639,16133,1.0
0-0-125,optimized,2025-09-08,technical,0,0,1327,15674,0,0,17001,15674,1.0
0-0-125,optimized,2025-09-08,privacy,0,0,114,1565,0,0,1679,1565,1.0
0-0-125,hindsight,2025-06-23,billing,0,0,1510,0,0,0,1510,0,1.0
0-0-125,hindsight,2025-06-23,technical,0,0,1591,0,0,0,1591,0,1.0
0-0-125,hindsight,2025-06-23,privacy,0,0,152,0,0,0,152,0,1.0
0-0-125,hindsight,2025-06-30,billing,0,0,1238,1510,0,0,2748,1510,1.0
0-0-125,hindsight,2025-06-30,technical,0,0,1356,1591,0,0,2947,1591,1.0
0-0-125,hindsight,2025-06-30,privacy,0,0,123,152,0,0,275,152,1.0
0-0-125,hindsight,2025-07-07,billing,0,0,1572,2748,0,0,4320,2748,1.0
0-0-125,hindsight,2025-07-07,technical,0,0,1490,2947,0,0,4437,2947,1.0
0-0-125,hindsight,2025-07-07,privacy,0,0,128,275,0,0,403,275,1.0
0-0-125,hindsight,2025-07-14,billing,0,0,1393,4320,0,0,5713,4320,1.0
0-0-125,hindsight,2025-07-14,technical,0,0,1449,4437,0,0,5886,4437,1.0
0-0-125,hindsight,2025-07-14,privacy,0,0,134,403,0,0,537,403,1.0
0-0-125,hindsight,2025-07-21,billing,0,0,1441,5713,0,0,7154,5713,1.0
0-0-125,hindsight,2025-07-21,technical,0,0,1416,5886,0,0,7302,5886,1.0
0-0-125,hindsight,2025-07-21,privacy,0,0,146,537,0,0,683,537,1.0
0-0-125,hindsight,2025-07-28,billing,0,0,1549,7154,0,0,8703,7154,1.0
0-0-125,hindsight,2025-07-28,technical,0,0,1452,7302,0,0,8754,7302,1.0
0-0-125,hindsight,2025-07-28,privacy,0,0,158,683,0,0,841,683,1.0
0-0-125,hindsight,2025-08-04,billing,0,0,1592,8703,0,0,10295,8703,1.0
0-0-125,hindsight,2025-08-04,technical,0,0,1516,8754,0,0,10270,8754,1.0
0-0-125,hindsight,2025-08-04,privacy,0,0,172,841,0,0,1013,841,1.0
0-0-125,hindsight,2025-08-11,billing,0,0,1442,10295,0,0,11737,10295,1.0
0-0-125,hindsight,2025-08-11,technical,0,0,1502,10270,0,0,11772,10270,1.0
0-0-125,hindsight,2025-08-11,privacy,0,0,151,1013,0,0,1164,1013,1.0
0-0-125,hindsight,2025-08-18,billing,0,0,1442,11737,0,0,13179,11737,1.0
0-0-125,hindsight,2025-08-18,technical,0,0,1369,11772,0,0,13141,11772,1.0
0-0-125,hindsight,2025-08-18,privacy,0,0,165,1164,0,0,1329,1164,1.0
0-0-125,hindsight,2025-08-25,billing,0,0,1489,13179,0,0,14668,13179,1.0
0-0-125,hindsight,2025-08-25,technical,0,0,1275,13141,0,0,14416,13141,1.0
0-0-125,hindsight,2025-08-25,privacy,0,0,130,1329,0,0,1459,1329,1.0
0-0-125,hindsight,2025-09-01,billing,0,0,1465,14668,0,0,16133,14668,1.0
0-0-125,hindsight,2025-09-01,technical,0,0,1258,14416,0,0,15674,14416,1.0
0-0-125,hindsight,2025-09-01,privacy,0,0,106,1459,0,0,1565,1459,1.0
0-0-125,hindsight,2025-09-08,billing,0,0,1506,16133,0,0,17639,16133,1.0
0-0-125,hindsight,2025-09-08,technical,0,0,1327,15674,0,0,17001,15674,1.0
0-0-125,hindsight,2025-09-08,privacy,0,0,114,1565,0,0,1679,1565,1.0
0-25-75,fixed,2025-06-23,billing,0,0,1510,0,0,0,1510,0,1.0
0-25-75,fixed,2025-06-23,technical,0,0,1591,0,0,0,1591,0,1.0
0-25-75,fixed,2025-06-23,privacy,0,0,152,0,0,0,152,0,1.0
0-25-75,fixed,2025-06-30,billing,0,0,1238,1510,0,0,2748,1510,1.0
0-25-75,fixed,2025-06-30,technical,0,0,1356,1591,0,0,2947,1591,1.0
0-25-75,fixed,2025-06-30,privacy,0,0,123,152,0,0,275,152,1.0
0-25-75,fixed,2025-07-07,billing,0,0,1572,2748,0,0,4320,2748,1.0
0-25-75,fixed,2025-07-07,technical,0,0,1490,2947,0,0,4437,2947,1.0
0-25-75,fixed,2025-07-07,privacy,0,0,128,275,0,0,403,275,1.0
0-25-75,fixed,2025-07-14,billing,0,0,1393,4320,0,0,5713,4320,1.0
0-25-75,fixed,2025-07-14,technical,0,0,1449,4437,0,0,5886,4437,1.0
0-25-75,fixed,2025-07-14,privacy,0,0,134,403,0,0,537,403,1.0
0-25-75,fixed,2025-07-21,billing,0,0,1441,5713,0,0,7154,5713,1.0
0-25-75,fixed,2025-07-21,technical,0,0,1416,5886,0,0,7302,5886,1.0
0-25-75,fixed,2025-07-21,privacy,0,0,146,537,0,0,683,537,1.0
0-25-75,fixed,2025-07-28,billing,0,0,1549,7154,0,0,8703,7154,1.0
0-25-75,fixed,2025-07-28,technical,0,0,1452,7302,0,0,8754,7302,1.0
0-25-75,fixed,2025-07-28,privacy,0,0,158,683,0,0,841,683,1.0
0-25-75,fixed,2025-08-04,billing,0,0,1592,8703,0,0,10295,8703,1.0
0-25-75,fixed,2025-08-04,technical,0,0,1516,8754,0,0,10270,8754,1.0
0-25-75,fixed,2025-08-04,privacy,0,0,172,841,0,0,1013,841,1.0
0-25-75,fixed,2025-08-11,billing,0,0,1442,10295,0,0,11737,10295,1.0
0-25-75,fixed,2025-08-11,technical,0,0,1502,10270,0,0,11772,10270,1.0
0-25-75,fixed,2025-08-11,privacy,0,0,151,1013,0,0,1164,1013,1.0
0-25-75,fixed,2025-08-18,billing,0,0,1442,11737,0,0,13179,11737,1.0
0-25-75,fixed,2025-08-18,technical,0,0,1369,11772,0,0,13141,11772,1.0
0-25-75,fixed,2025-08-18,privacy,0,0,165,1164,0,0,1329,1164,1.0
0-25-75,fixed,2025-08-25,billing,0,0,1489,13179,0,0,14668,13179,1.0
0-25-75,fixed,2025-08-25,technical,0,0,1275,13141,0,0,14416,13141,1.0
0-25-75,fixed,2025-08-25,privacy,0,0,130,1329,0,0,1459,1329,1.0
0-25-75,fixed,2025-09-01,billing,0,0,1465,14668,0,0,16133,14668,1.0
0-25-75,fixed,2025-09-01,technical,0,0,1258,14416,0,0,15674,14416,1.0
0-25-75,fixed,2025-09-01,privacy,0,0,106,1459,0,0,1565,1459,1.0
0-25-75,fixed,2025-09-08,billing,0,0,1506,16133,0,0,17639,16133,1.0
0-25-75,fixed,2025-09-08,technical,0,0,1327,15674,0,0,17001,15674,1.0
0-25-75,fixed,2025-09-08,privacy,0,0,114,1565,0,0,1679,1565,1.0
0-25-75,adaptive,2025-06-23,billing,0,0,1510,0,0,0,1510,0,1.0
0-25-75,adaptive,2025-06-23,technical,0,0,1591,0,0,0,1591,0,1.0
0-25-75,adaptive,2025-06-23,privacy,0,0,152,0,0,0,152,0,1.0
0-25-75,adaptive,2025-06-30,billing,0,0,1238,1510,0,0,2748,1510,1.0
0-25-75,adaptive,2025-06-30,technical,0,0,1356,1591,0,0,2947,1591,1.0
0-25-75,adaptive,2025-06-30,privacy,0,0,123,152,0,0,275,152,1.0
0-25-75,adaptive,2025-07-07,billing,0,0,1572,2748,0,0,4320,2748,1.0
0-25-75,adaptive,2025-07-07,technical,0,0,1490,2947,0,0,4437,2947,1.0
0-25-75,adaptive,2025-07-07,privacy,0,0,128,275,0,0,403,275,1.0
0-25-75,adaptive,2025-07-14,billing,0,0,1393,4320,0,0,5713,4320,1.0
0-25-75,adaptive,2025-07-14,technical,0,0,1449,4437,0,0,5886,4437,1.0
0-25-75,adaptive,2025-07-14,privacy,0,0,134,403,0,0,537,403,1.0
0-25-75,adaptive,2025-07-21,billing,0,0,1441,5713,0,0,7154,5713,1.0
0-25-75,adaptive,2025-07-21,technical,0,0,1416,5886,0,0,7302,5886,1.0
0-25-75,adaptive,2025-07-21,privacy,0,0,146,537,0,0,683,537,1.0
0-25-75,adaptive,2025-07-28,billing,0,0,1549,7154,0,0,8703,7154,1.0
0-25-75,adaptive,2025-07-28,technical,0,0,1452,7302,0,0,8754,7302,1.0
0-25-75,adaptive,2025-07-28,privacy,0,0,158,683,0,0,841,683,1.0
0-25-75,adaptive,2025-08-04,billing,0,0,1592,8703,0,0,10295,8703,1.0
0-25-75,adaptive,2025-08-04,technical,0,0,1516,8754,0,0,10270,8754,1.0
0-25-75,adaptive,2025-08-04,privacy,0,0,172,841,0,0,1013,841,1.0
0-25-75,adaptive,2025-08-11,billing,0,0,1442,10295,0,0,11737,10295,1.0
0-25-75,adaptive,2025-08-11,technical,0,0,1502,10270,0,0,11772,10270,1.0
0-25-75,adaptive,2025-08-11,privacy,0,0,151,1013,0,0,1164,1013,1.0
0-25-75,adaptive,2025-08-18,billing,0,0,1442,11737,0,0,13179,11737,1.0
0-25-75,adaptive,2025-08-18,technical,0,0,1369,11772,0,0,13141,11772,1.0
0-25-75,adaptive,2025-08-18,privacy,0,0,165,1164,0,0,1329,1164,1.0
0-25-75,adaptive,2025-08-25,billing,0,0,1489,13179,0,0,14668,13179,1.0
0-25-75,adaptive,2025-08-25,technical,0,0,1275,13141,0,0,14416,13141,1.0
0-25-75,adaptive,2025-08-25,privacy,0,0,130,1329,0,0,1459,1329,1.0
0-25-75,adaptive,2025-09-01,billing,0,0,1465,14668,0,0,16133,14668,1.0
0-25-75,adaptive,2025-09-01,technical,0,0,1258,14416,0,0,15674,14416,1.0
0-25-75,adaptive,2025-09-01,privacy,0,0,106,1459,0,0,1565,1459,1.0
0-25-75,adaptive,2025-09-08,billing,0,0,1506,16133,0,0,17639,16133,1.0
0-25-75,adaptive,2025-09-08,technical,0,0,1327,15674,0,0,17001,15674,1.0
0-25-75,adaptive,2025-09-08,privacy,0,0,114,1565,0,0,1679,1565,1.0
0-25-75,optimized,2025-06-23,billing,0,0,1510,0,0,0,1510,0,1.0
0-25-75,optimized,2025-06-23,technical,0,0,1591,0,0,0,1591,0,1.0
0-25-75,optimized,2025-06-23,privacy,0,0,152,0,0,0,152,0,1.0
0-25-75,optimized,2025-06-30,billing,0,0,1238,1510,0,0,2748,1510,1.0
0-25-75,optimized,2025-06-30,technical,0,0,1356,1591,0,0,2947,1591,1.0
0-25-75,optimized,2025-06-30,privacy,0,0,123,152,0,0,275,152,1.0
0-25-75,optimized,2025-07-07,billing,0,0,1572,2748,0,0,4320,2748,1.0
0-25-75,optimized,2025-07-07,technical,0,0,1490,2947,0,0,4437,2947,1.0
0-25-75,optimized,2025-07-07,privacy,0,0,128,275,0,0,403,275,1.0
0-25-75,optimized,2025-07-14,billing,0,0,1393,4320,0,0,5713,4320,1.0
0-25-75,optimized,2025-07-14,technical,0,0,1449,4437,0,0,5886,4437,1.0
0-25-75,optimized,2025-07-14,privacy,0,0,134,403,0,0,537,403,1.0
0-25-75,optimized,2025-07-21,billing,0,0,1441,5713,0,0,7154,5713,1.0
0-25-75,optimized,2025-07-21,technical,0,0,1416,5886,0,0,7302,5886,1.0
0-25-75,optimized,2025-07-21,privacy,0,0,146,537,0,0,683,537,1.0
0-25-75,optimized,2025-07-28,billing,0,0,1549,7154,0,0,8703,7154,1.0
0-25-75,optimized,2025-07-28,technical,0,0,1452,7302,0,0,8754,7302,1.0
0-25-75,optimized,2025-07-28,privacy,0,0,158,683,0,0,841,683,1.0
0-25-75,optimized,2025-08-04,billing,0,0,1592,8703,0,0,10295,8703,1.0
0-25-75,optimized,2025-08-04,technical,0,0,1516,8754,0,0,10270,8754,1.0
0-25-75,optimized,2025-08-04,privacy,0,0,172,841,0,0,1013,841,1.0
0-25-75,optimized,2025-08-11,billing,0,0,1442,10295,0,0,11737,10295,1.0
0-25-75,optimized,2025-08-11,technical,0,0,1502,10270,0,0,11772,10270,1.0
0-25-75,optimized,2025-08-11,privacy,0,0,151,1013,0,0,1164,1013,1.0
0-25-75,optimized,2025-08-18,billing,0,0,1442,11737,0,0,13179,11737,1.0
0-25-75,optimized,2025-08-18,technical,0,0,1369,11772,0,0,13141,11772,1.0
0-25-75,optimized,2025-08-18,privacy,0,0,165,1164,0,0,1329,1164,1.0
0-25-75,optimized,2025-08-25,billing,0,0,1489,13179,0,0,14668,13179,1.0
0-25-75,optimized,2025-08-25,technical,0,0,1275,13141,0,0,14416,13141,1.0
0-25-75,optimized,2025-08-25,privacy,0,0,130,1329,0,0,1459,1329,1.0
0-25-75,optimized,2025-09-01,billing,0,0,1465,14668,0,0,16133,14668,1.0
0-25-75,optimized,2025-09-01,technical,0,0,1258,14416,0,0,15674,14416,1.0
0-25-75,optimized,2025-09-01,privacy,0,0,106,1459,0,0,1565,1459,1.0
0-25-75,optimized,2025-09-08,billing,0,0,1506,16133,0,0,17639,16133,1.0
0-25-75,optimized,2025-09-08,technical,0,0,1327,15674,0,0,17001,15674,1.0
0-25-75,optimized,2025-09-08,privacy,0,0,114,1565,0,0,1679,1565,1.0
0-25-75,hindsight,2025-06-23,billing,0,0,1510,0,0,0,1510,0,1.0
0-25-75,hindsight,2025-06-23,technical,0,0,1591,0,0,0,1591,0,1.0
0-25-75,hindsight,2025-06-23,privacy,0,0,152,0,0,0,152,0,1.0
0-25-75,hindsight,2025-06-30,billing,0,0,1238,1510,0,0,2748,1510,1.0
0-25-75,hindsight,2025-06-30,technical,0,0,1356,1591,0,0,2947,1591,1.0
0-25-75,hindsight,2025-06-30,privacy,0,0,123,152,0,0,275,152,1.0
0-25-75,hindsight,2025-07-07,billing,0,0,1572,2748,0,0,4320,2748,1.0
0-25-75,hindsight,2025-07-07,technical,0,0,1490,2947,0,0,4437,2947,1.0
0-25-75,hindsight,2025-07-07,privacy,0,0,128,275,0,0,403,275,1.0
0-25-75,hindsight,2025-07-14,billing,0,0,1393,4320,0,0,5713,4320,1.0
0-25-75,hindsight,2025-07-14,technical,0,0,1449,4437,0,0,5886,4437,1.0
0-25-75,hindsight,2025-07-14,privacy,0,0,134,403,0,0,537,403,1.0
0-25-75,hindsight,2025-07-21,billing,0,0,1441,5713,0,0,7154,5713,1.0
0-25-75,hindsight,2025-07-21,technical,0,0,1416,5886,0,0,7302,5886,1.0
0-25-75,hindsight,2025-07-21,privacy,0,0,146,537,0,0,683,537,1.0
0-25-75,hindsight,2025-07-28,billing,0,0,1549,7154,0,0,8703,7154,1.0
0-25-75,hindsight,2025-07-28,technical,0,0,1452,7302,0,0,8754,7302,1.0
0-25-75,hindsight,2025-07-28,privacy,0,0,158,683,0,0,841,683,1.0
0-25-75,hindsight,2025-08-04,billing,0,0,1592,8703,0,0,10295,8703,1.0
0-25-75,hindsight,2025-08-04,technical,0,0,1516,8754,0,0,10270,8754,1.0
0-25-75,hindsight,2025-08-04,privacy,0,0,172,841,0,0,1013,841,1.0
0-25-75,hindsight,2025-08-11,billing,0,0,1442,10295,0,0,11737,10295,1.0
0-25-75,hindsight,2025-08-11,technical,0,0,1502,10270,0,0,11772,10270,1.0
0-25-75,hindsight,2025-08-11,privacy,0,0,151,1013,0,0,1164,1013,1.0
0-25-75,hindsight,2025-08-18,billing,0,0,1442,11737,0,0,13179,11737,1.0
0-25-75,hindsight,2025-08-18,technical,0,0,1369,11772,0,0,13141,11772,1.0
0-25-75,hindsight,2025-08-18,privacy,0,0,165,1164,0,0,1329,1164,1.0
0-25-75,hindsight,2025-08-25,billing,0,0,1489,13179,0,0,14668,13179,1.0
0-25-75,hindsight,2025-08-25,technical,0,0,1275,13141,0,0,14416,13141,1.0
0-25-75,hindsight,2025-08-25,privacy,0,0,130,1329,0,0,1459,1329,1.0
0-25-75,hindsight,2025-09-01,billing,0,0,1465,14668,0,0,16133,14668,1.0
0-25-75,hindsight,2025-09-01,technical,0,0,1258,14416,0,0,15674,14416,1.0
0-25-75,hindsight,2025-09-01,privacy,0,0,106,1459,0,0,1565,1459,1.0
0-25-75,hindsight,2025-09-08,billing,0,0,1506,16133,0,0,17639,16133,1.0
0-25-75,hindsight,2025-09-08,technical,0,0,1327,15674,0,0,17001,15674,1.0
0-25-75,hindsight,2025-09-08,privacy,0,0,114,1565,0,0,1679,1565,1.0
0-25-100,fixed,2025-06-23,billing,0,0,1510,0,0,0,1510,0,1.0
0-25-100,fixed,2025-06-23,technical,0,0,1591,0,0,0,1591,0,1.0
0-25-100,fixed,2025-06-23,privacy,0,0,152,0,0,0,152,0,1.0
0-25-100,fixed,2025-06-30,billing,0,0,1238,1510,0,0,2748,1510,1.0
0-25-100,fixed,2025-06-30,technical,0,0,1356,1591,0,0,2947,1591,1.0
0-25-100,fixed,2025-06-30,privacy,0,0,123,152,0,0,275,152,1.0
0-25-100,fixed,2025-07-07,billing,0,0,1572,2748,0,0,4320,2748,1.0
0-25-100,fixed,2025-07-07,technical,0,0,1490,2947,0,0,4437,2947,1.0
0-25-100,fixed,2025-07-07,privacy,0,0,128,275,0,0,403,275,1.0
0-25-100,fixed,2025-07-14,billing,0,0,1393,4320,0,0,5713,4320,1.0
0-25-100,fixed,2025-07-14,technical,0,0,1449,4437,0,0,5886,4437,1.0
0-25-100,fixed,2025-07-14,privacy,0,0,134,403,0,0,537,403,1.0
0-25-100,fixed,2025-07-21,billing,0,0,1441,5713,0,0,7154,5713,1.0
0-25-100,fixed,2025-07-21,technical,0,0,1416,5886,0,0,7302,5886,1.0
0-25-100,fixed,2025-07-21,privacy,0,0,146,537,0,0,683,537,1.0
0-25-100,fixed,2025-07-28,billing,0,0,1549,7154,0,0,8703,7154,1.0
0-25-100,fixed,2025-07-28,technical,0,0,1452,7302,0,0,8754,7302,1.0
0-25-100,fixed,2025-07-28,privacy,0,0,158,683,0,0,841,683,1.0
0-25-100,fixed,2025-08-04,billing,0,0,1592,8703,0,0,10295,8703,1.0
0-25-100,fixed,2025-08-04,technical,0,0,1516,8754,0,0,10270,8754,1.0
0-25-100,fixed,2025-08-04,privacy,0,0,172,841,0,0,1013,841,1.0
0-25-100,fixed,2025-08-11,billing,0,0,1442,10295,0,0,11737,10295,1.0
0-25-100,fixed,2025-08-11,technical,0,0,1502,10270,0,0,11772,10270,1.0
0-25-100,fixed,2025-08-11,privacy,0,0,151,1013,0,0,1164,1013,1.0
0-25-100,fixed,2025-08-18,billing,0,0,1442,11737,0,0,13179,11737,1.0
0-25-100,fixed,2025-08-18,technical,0,0,1369,11772,0,0,13141,11772,1.0
0-25-100,fixed,2025-08-18,privacy,0,0,165,1164,0,0,1329,1164,1.0
0-25-100,fixed,2025-08-25,billing,0,0,1489,13179,0,0,14668,13179,1.0
0-25-100,fixed,2025-08-25,technical,0,0,1275,13141,0,0,14416,13141,1.0
0-25-100,fixed,2025-08-25,privacy,0,0,130,1329,0,0,1459,1329,1.0
0-25-100,fixed,2025-09-01,billing,0,0,1465,14668,0,0,16133,14668,1.0
0-25-100,fixed,2025-09-01,technical,0,0,1258,14416,0,0,15674,14416,1.0
0-25-100,fixed,2025-09-01,privacy,0,0,106,1459,0,0,1565,1459,1.0
0-25-100,fixed,2025-09-08,billing,0,0,1506,16133,0,0,17639,16133,1.0
0-25-100,fixed,2025-09-08,technical,0,0,1327,15674,0,0,17001,15674,1.0
0-25-100,fixed,2025-09-08,privacy,0,0,114,1565,0,0,1679,1565,1.0
0-25-100,adaptive,2025-06-23,billing,0,0,1510,0,0,0,1510,0,1.0
0-25-100,adaptive,2025-06-23,technical,0,0,1591,0,0,0,1591,0,1.0
0-25-100,adaptive,2025-06-23,privacy,0,0,152,0,0,0,152,0,1.0
0-25-100,adaptive,2025-06-30,billing,0,0,1238,1510,0,0,2748,1510,1.0
0-25-100,adaptive,2025-06-30,technical,0,0,1356,1591,0,0,2947,1591,1.0
0-25-100,adaptive,2025-06-30,privacy,0,0,123,152,0,0,275,152,1.0
0-25-100,adaptive,2025-07-07,billing,0,0,1572,2748,0,0,4320,2748,1.0
0-25-100,adaptive,2025-07-07,technical,0,0,1490,2947,0,0,4437,2947,1.0
0-25-100,adaptive,2025-07-07,privacy,0,0,128,275,0,0,403,275,1.0
0-25-100,adaptive,2025-07-14,billing,0,0,1393,4320,0,0,5713,4320,1.0
0-25-100,adaptive,2025-07-14,technical,0,0,1449,4437,0,0,5886,4437,1.0
0-25-100,adaptive,2025-07-14,privacy,0,0,134,403,0,0,537,403,1.0
0-25-100,adaptive,2025-07-21,billing,0,0,1441,5713,0,0,7154,5713,1.0
0-25-100,adaptive,2025-07-21,technical,0,0,1416,5886,0,0,7302,5886,1.0
0-25-100,adaptive,2025-07-21,privacy,0,0,146,537,0,0,683,537,1.0
0-25-100,adaptive,2025-07-28,billing,0,0,1549,7154,0,0,8703,7154,1.0
0-25-100,adaptive,2025-07-28,technical,0,0,1452,7302,0,0,8754,7302,1.0
0-25-100,adaptive,2025-07-28,privacy,0,0,158,683,0,0,841,683,1.0
0-25-100,adaptive,2025-08-04,billing,0,0,1592,8703,0,0,10295,8703,1.0
0-25-100,adaptive,2025-08-04,technical,0,0,1516,8754,0,0,10270,8754,1.0
0-25-100,adaptive,2025-08-04,privacy,0,0,172,841,0,0,1013,841,1.0
0-25-100,adaptive,2025-08-11,billing,0,0,1442,10295,0,0,11737,10295,1.0
0-25-100,adaptive,2025-08-11,technical,0,0,1502,10270,0,0,11772,10270,1.0
0-25-100,adaptive,2025-08-11,privacy,0,0,151,1013,0,0,1164,1013,1.0
0-25-100,adaptive,2025-08-18,billing,0,0,1442,11737,0,0,13179,11737,1.0
0-25-100,adaptive,2025-08-18,technical,0,0,1369,11772,0,0,13141,11772,1.0
0-25-100,adaptive,2025-08-18,privacy,0,0,165,1164,0,0,1329,1164,1.0
0-25-100,adaptive,2025-08-25,billing,0,0,1489,13179,0,0,14668,13179,1.0
0-25-100,adaptive,2025-08-25,technical,0,0,1275,13141,0,0,14416,13141,1.0
0-25-100,adaptive,2025-08-25,privacy,0,0,130,1329,0,0,1459,1329,1.0
0-25-100,adaptive,2025-09-01,billing,0,0,1465,14668,0,0,16133,14668,1.0
0-25-100,adaptive,2025-09-01,technical,0,0,1258,14416,0,0,15674,14416,1.0
0-25-100,adaptive,2025-09-01,privacy,0,0,106,1459,0,0,1565,1459,1.0
0-25-100,adaptive,2025-09-08,billing,0,0,1506,16133,0,0,17639,16133,1.0
0-25-100,adaptive,2025-09-08,technical,0,0,1327,15674,0,0,17001,15674,1.0
0-25-100,adaptive,2025-09-08,privacy,0,0,114,1565,0,0,1679,1565,1.0
0-25-100,optimized,2025-06-23,billing,0,0,1510,0,0,0,1510,0,1.0
0-25-100,optimized,2025-06-23,technical,0,0,1591,0,0,0,1591,0,1.0
0-25-100,optimized,2025-06-23,privacy,0,0,152,0,0,0,152,0,1.0
0-25-100,optimized,2025-06-30,billing,0,0,1238,1510,0,0,2748,1510,1.0
0-25-100,optimized,2025-06-30,technical,0,0,1356,1591,0,0,2947,1591,1.0
0-25-100,optimized,2025-06-30,privacy,0,0,123,152,0,0,275,152,1.0
0-25-100,optimized,2025-07-07,billing,0,0,1572,2748,0,0,4320,2748,1.0
0-25-100,optimized,2025-07-07,technical,0,0,1490,2947,0,0,4437,2947,1.0
0-25-100,optimized,2025-07-07,privacy,0,0,128,275,0,0,403,275,1.0
0-25-100,optimized,2025-07-14,billing,0,0,1393,4320,0,0,5713,4320,1.0
0-25-100,optimized,2025-07-14,technical,0,0,1449,4437,0,0,5886,4437,1.0
0-25-100,optimized,2025-07-14,privacy,0,0,134,403,0,0,537,403,1.0
0-25-100,optimized,2025-07-21,billing,0,0,1441,5713,0,0,7154,5713,1.0
0-25-100,optimized,2025-07-21,technical,0,0,1416,5886,0,0,7302,5886,1.0
0-25-100,optimized,2025-07-21,privacy,0,0,146,537,0,0,683,537,1.0
0-25-100,optimized,2025-07-28,billing,0,0,1549,7154,0,0,8703,7154,1.0
0-25-100,optimized,2025-07-28,technical,0,0,1452,7302,0,0,8754,7302,1.0
0-25-100,optimized,2025-07-28,privacy,0,0,158,683,0,0,841,683,1.0
0-25-100,optimized,2025-08-04,billing,0,0,1592,8703,0,0,10295,8703,1.0
0-25-100,optimized,2025-08-04,technical,0,0,1516,8754,0,0,10270,8754,1.0
0-25-100,optimized,2025-08-04,privacy,0,0,172,841,0,0,1013,841,1.0
0-25-100,optimized,2025-08-11,billing,0,0,1442,10295,0,0,11737,10295,1.0
0-25-100,optimized,2025-08-11,technical,0,0,1502,10270,0,0,11772,10270,1.0
0-25-100,optimized,2025-08-11,privacy,0,0,151,1013,0,0,1164,1013,1.0
0-25-100,optimized,2025-08-18,billing,0,0,1442,11737,0,0,13179,11737,1.0
0-25-100,optimized,2025-08-18,technical,0,0,1369,11772,0,0,13141,11772,1.0
0-25-100,optimized,2025-08-18,privacy,0,0,165,1164,0,0,1329,1164,1.0
0-25-100,optimized,2025-08-25,billing,0,0,1489,13179,0,0,14668,13179,1.0
0-25-100,optimized,2025-08-25,technical,0,0,1275,13141,0,0,14416,13141,1.0
0-25-100,optimized,2025-08-25,privacy,0,0,130,1329,0,0,1459,1329,1.0
0-25-100,optimized,2025-09-01,billing,0,0,1465,14668,0,0,16133,14668,1.0
0-25-100,optimized,2025-09-01,technical,0,0,1258,14416,0,0,15674,14416,1.0
0-25-100,optimized,2025-09-01,privacy,0,0,106,1459,0,0,1565,1459,1.0
0-25-100,optimized,2025-09-08,billing,0,0,1506,16133,0,0,17639,16133,1.0
0-25-100,optimized,2025-09-08,technical,0,0,1327,15674,0,0,17001,15674,1.0
0-25-100,optimized,2025-09-08,privacy,0,0,114,1565,0,0,1679,1565,1.0
0-25-100,hindsight,2025-06-23,billing,0,0,1510,0,0,0,1510,0,1.0
0-25-100,hindsight,2025-06-23,technical,0,0,1591,0,0,0,1591,0,1.0
0-25-100,hindsight,2025-06-23,privacy,0,0,152,0,0,0,152,0,1.0
0-25-100,hindsight,2025-06-30,billing,0,0,1238,1510,0,0,2748,1510,1.0
0-25-100,hindsight,2025-06-30,technical,0,0,1356,1591,0,0,2947,1591,1.0
0-25-100,hindsight,2025-06-30,privacy,0,0,123,152,0,0,275,152,1.0
0-25-100,hindsight,2025-07-07,billing,0,0,1572,2748,0,0,4320,2748,1.0
0-25-100,hindsight,2025-07-07,technical,0,0,1490,2947,0,0,4437,2947,1.0
0-25-100,hindsight,2025-07-07,privacy,0,0,128,275,0,0,403,275,1.0
0-25-100,hindsight,2025-07-14,billing,0,0,1393,4320,0,0,5713,4320,1.0
0-25-100,hindsight,2025-07-14,technical,0,0,1449,4437,0,0,5886,4437,1.0
0-25-100,hindsight,2025-07-14,privacy,0,0,134,403,0,0,537,403,1.0
0-25-100,hindsight,2025-07-21,billing,0,0,1441,5713,0,0,7154,5713,1.0
0-25-100,hindsight,2025-07-21,technical,0,0,1416,5886,0,0,7302,5886,1.0
0-25-100,hindsight,2025-07-21,privacy,0,0,146,537,0,0,683,537,1.0
0-25-100,hindsight,2025-07-28,billing,0,0,1549,7154,0,0,8703,7154,1.0
0-25-100,hindsight,2025-07-28,technical,0,0,1452,7302,0,0,8754,7302,1.0
0-25-100,hindsight,2025-07-28,privacy,0,0,158,683,0,0,841,683,1.0
0-25-100,hindsight,2025-08-04,billing,0,0,1592,8703,0,0,10295,8703,1.0
0-25-100,hindsight,2025-08-04,technical,0,0,1516,8754,0,0,10270,8754,1.0
0-25-100,hindsight,2025-08-04,privacy,0,0,172,841,0,0,1013,841,1.0
0-25-100,hindsight,2025-08-11,billing,0,0,1442,10295,0,0,11737,10295,1.0
0-25-100,hindsight,2025-08-11,technical,0,0,1502,10270,0,0,11772,10270,1.0
0-25-100,hindsight,2025-08-11,privacy,0,0,151,1013,0,0,1164,1013,1.0
0-25-100,hindsight,2025-08-18,billing,0,0,1442,11737,0,0,13179,11737,1.0
0-25-100,hindsight,2025-08-18,technical,0,0,1369,11772,0,0,13141,11772,1.0
0-25-100,hindsight,2025-08-18,privacy,0,0,165,1164,0,0,1329,1164,1.0
0-25-100,hindsight,2025-08-25,billing,0,0,1489,13179,0,0,14668,13179,1.0
0-25-100,hindsight,2025-08-25,technical,0,0,1275,13141,0,0,14416,13141,1.0
0-25-100,hindsight,2025-08-25,privacy,0,0,130,1329,0,0,1459,1329,1.0
0-25-100,hindsight,2025-09-01,billing,0,0,1465,14668,0,0,16133,14668,1.0
0-25-100,hindsight,2025-09-01,technical,0,0,1258,14416,0,0,15674,14416,1.0
0-25-100,hindsight,2025-09-01,privacy,0,0,106,1459,0,0,1565,1459,1.0
0-25-100,hindsight,2025-09-08,billing,0,0,1506,16133,0,0,17639,16133,1.0
0-25-100,hindsight,2025-09-08,technical,0,0,1327,15674,0,0,17001,15674,1.0
0-25-100,hindsight,2025-09-08,privacy,0,0,114,1565,0,0,1679,1565,1.0
0-25-125,fixed,2025-06-23,billing,0,0,1510,0,0,0,1510,0,1.0
0-25-125,fixed,2025-06-23,technical,0,0,1591,0,0,0,1591,0,1.0
0-25-125,fixed,2025-06-23,privacy,0,0,152,0,0,0,152,0,1.0
0-25-125,fixed,2025-06-30,billing,0,0,1238,1510,0,0,2748,1510,1.0
0-25-125,fixed,2025-06-30,technical,0,0,1356,1591,0,0,2947,1591,1.0
0-25-125,fixed,2025-06-30,privacy,0,0,123,152,0,0,275,152,1.0
0-25-125,fixed,2025-07-07,billing,0,0,1572,2748,0,0,4320,2748,1.0
0-25-125,fixed,2025-07-07,technical,0,0,1490,2947,0,0,4437,2947,1.0
0-25-125,fixed,2025-07-07,privacy,0,0,128,275,0,0,403,275,1.0
0-25-125,fixed,2025-07-14,billing,0,0,1393,4320,0,0,5713,4320,1.0
0-25-125,fixed,2025-07-14,technical,0,0,1449,4437,0,0,5886,4437,1.0
0-25-125,fixed,2025-07-14,privacy,0,0,134,403,0,0,537,403,1.0
0-25-125,fixed,2025-07-21,billing,0,0,1441,5713,0,0,7154,5713,1.0
0-25-125,fixed,2025-07-21,technical,0,0,1416,5886,0,0,7302,5886,1.0
0-25-125,fixed,2025-07-21,privacy,0,0,146,537,0,0,683,537,1.0
0-25-125,fixed,2025-07-28,billing,0,0,1549,7154,0,0,8703,7154,1.0
0-25-125,fixed,2025-07-28,technical,0,0,1452,7302,0,0,8754,7302,1.0
0-25-125,fixed,2025-07-28,privacy,0,0,158,683,0,0,841,683,1.0
0-25-125,fixed,2025-08-04,billing,0,0,1592,8703,0,0,10295,8703,1.0
0-25-125,fixed,2025-08-04,technical,0,0,1516,8754,0,0,10270,8754,1.0
0-25-125,fixed,2025-08-04,privacy,0,0,172,841,0,0,1013,841,1.0
0-25-125,fixed,2025-08-11,billing,0,0,1442,10295,0,0,11737,10295,1.0
0-25-125,fixed,2025-08-11,technical,0,0,1502,10270,0,0,11772,10270,1.0
0-25-125,fixed,2025-08-11,privacy,0,0,151,1013,0,0,1164,1013,1.0
0-25-125,fixed,2025-08-18,billing,0,0,1442,11737,0,0,13179,11737,1.0
0-25-125,fixed,2025-08-18,technical,0,0,1369,11772,0,0,13141,11772,1.0
0-25-125,fixed,2025-08-18,privacy,0,0,165,1164,0,0,1329,1164,1.0
0-25-125,fixed,2025-08-25,billing,0,0,1489,13179,0,0,14668,13179,1.0
0-25-125,fixed,2025-08-25,technical,0,0,1275,13141,0,0,14416,13141,1.0
0-25-125,fixed,2025-08-25,privacy,0,0,130,1329,0,0,1459,1329,1.0
0-25-125,fixed,2025-09-01,billing,0,0,1465,14668,0,0,16133,14668,1.0
0-25-125,fixed,2025-09-01,technical,0,0,1258,14416,0,0,15674,14416,1.0
0-25-125,fixed,2025-09-01,privacy,0,0,106,1459,0,0,1565,1459,1.0
0-25-125,fixed,2025-09-08,billing,0,0,1506,16133,0,0,17639,16133,1.0
0-25-125,fixed,2025-09-08,technical,0,0,1327,15674,0,0,17001,15674,1.0
0-25-125,fixed,2025-09-08,privacy,0,0,114,1565,0,0,1679,1565,1.0
0-25-125,adaptive,2025-06-23,billing,0,0,1510,0,0,0,1510,0,1.0
0-25-125,adaptive,2025-06-23,technical,0,0,1591,0,0,0,1591,0,1.0
0-25-125,adaptive,2025-06-23,privacy,0,0,152,0,0,0,152,0,1.0
0-25-125,adaptive,2025-06-30,billing,0,0,1238,1510,0,0,2748,1510,1.0
0-25-125,adaptive,2025-06-30,technical,0,0,1356,1591,0,0,2947,1591,1.0
0-25-125,adaptive,2025-06-30,privacy,0,0,123,152,0,0,275,152,1.0
0-25-125,adaptive,2025-07-07,billing,0,0,1572,2748,0,0,4320,2748,1.0
0-25-125,adaptive,2025-07-07,technical,0,0,1490,2947,0,0,4437,2947,1.0
0-25-125,adaptive,2025-07-07,privacy,0,0,128,275,0,0,403,275,1.0
0-25-125,adaptive,2025-07-14,billing,0,0,1393,4320,0,0,5713,4320,1.0
0-25-125,adaptive,2025-07-14,technical,0,0,1449,4437,0,0,5886,4437,1.0
0-25-125,adaptive,2025-07-14,privacy,0,0,134,403,0,0,537,403,1.0
0-25-125,adaptive,2025-07-21,billing,0,0,1441,5713,0,0,7154,5713,1.0
0-25-125,adaptive,2025-07-21,technical,0,0,1416,5886,0,0,7302,5886,1.0
0-25-125,adaptive,2025-07-21,privacy,0,0,146,537,0,0,683,537,1.0
0-25-125,adaptive,2025-07-28,billing,0,0,1549,7154,0,0,8703,7154,1.0
0-25-125,adaptive,2025-07-28,technical,0,0,1452,7302,0,0,8754,7302,1.0
0-25-125,adaptive,2025-07-28,privacy,0,0,158,683,0,0,841,683,1.0
0-25-125,adaptive,2025-08-04,billing,0,0,1592,8703,0,0,10295,8703,1.0
0-25-125,adaptive,2025-08-04,technical,0,0,1516,8754,0,0,10270,8754,1.0
0-25-125,adaptive,2025-08-04,privacy,0,0,172,841,0,0,1013,841,1.0
0-25-125,adaptive,2025-08-11,billing,0,0,1442,10295,0,0,11737,10295,1.0
0-25-125,adaptive,2025-08-11,technical,0,0,1502,10270,0,0,11772,10270,1.0
0-25-125,adaptive,2025-08-11,privacy,0,0,151,1013,0,0,1164,1013,1.0
0-25-125,adaptive,2025-08-18,billing,0,0,1442,11737,0,0,13179,11737,1.0
0-25-125,adaptive,2025-08-18,technical,0,0,1369,11772,0,0,13141,11772,1.0
0-25-125,adaptive,2025-08-18,privacy,0,0,165,1164,0,0,1329,1164,1.0
0-25-125,adaptive,2025-08-25,billing,0,0,1489,13179,0,0,14668,13179,1.0
0-25-125,adaptive,2025-08-25,technical,0,0,1275,13141,0,0,14416,13141,1.0
0-25-125,adaptive,2025-08-25,privacy,0,0,130,1329,0,0,1459,1329,1.0
0-25-125,adaptive,2025-09-01,billing,0,0,1465,14668,0,0,16133,14668,1.0
0-25-125,adaptive,2025-09-01,technical,0,0,1258,14416,0,0,15674,14416,1.0
0-25-125,adaptive,2025-09-01,privacy,0,0,106,1459,0,0,1565,1459,1.0
0-25-125,adaptive,2025-09-08,billing,0,0,1506,16133,0,0,17639,16133,1.0
0-25-125,adaptive,2025-09-08,technical,0,0,1327,15674,0,0,17001,15674,1.0
0-25-125,adaptive,2025-09-08,privacy,0,0,114,1565,0,0,1679,1565,1.0
0-25-125,optimized,2025-06-23,billing,0,0,1510,0,0,0,1510,0,1.0
0-25-125,optimized,2025-06-23,technical,0,0,1591,0,0,0,1591,0,1.0
0-25-125,optimized,2025-06-23,privacy,0,0,152,0,0,0,152,0,1.0
0-25-125,optimized,2025-06-30,billing,0,0,1238,1510,0,0,2748,1510,1.0
0-25-125,optimized,2025-06-30,technical,0,0,1356,1591,0,0,2947,1591,1.0
0-25-125,optimized,2025-06-30,privacy,0,0,123,152,0,0,275,152,1.0
0-25-125,optimized,2025-07-07,billing,0,0,1572,2748,0,0,4320,2748,1.0
0-25-125,optimized,2025-07-07,technical,0,0,1490,2947,0,0,4437,2947,1.0
0-25-125,optimized,2025-07-07,privacy,0,0,128,275,0,0,403,275,1.0
0-25-125,optimized,2025-07-14,billing,0,0,1393,4320,0,0,5713,4320,1.0
0-25-125,optimized,2025-07-14,technical,0,0,1449,4437,0,0,5886,4437,1.0
0-25-125,optimized,2025-07-14,privacy,0,0,134,403,0,0,537,403,1.0
0-25-125,optimized,2025-07-21,billing,0,0,1441,5713,0,0,7154,5713,1.0
0-25-125,optimized,2025-07-21,technical,0,0,1416,5886,0,0,7302,5886,1.0
0-25-125,optimized,2025-07-21,privacy,0,0,146,537,0,0,683,537,1.0
0-25-125,optimized,2025-07-28,billing,0,0,1549,7154,0,0,8703,7154,1.0
0-25-125,optimized,2025-07-28,technical,0,0,1452,7302,0,0,8754,7302,1.0
0-25-125,optimized,2025-07-28,privacy,0,0,158,683,0,0,841,683,1.0
0-25-125,optimized,2025-08-04,billing,0,0,1592,8703,0,0,10295,8703,1.0
0-25-125,optimized,2025-08-04,technical,0,0,1516,8754,0,0,10270,8754,1.0
0-25-125,optimized,2025-08-04,privacy,0,0,172,841,0,0,1013,841,1.0
0-25-125,optimized,2025-08-11,billing,0,0,1442,10295,0,0,11737,10295,1.0
0-25-125,optimized,2025-08-11,technical,0,0,1502,10270,0,0,11772,10270,1.0
0-25-125,optimized,2025-08-11,privacy,0,0,151,1013,0,0,1164,1013,1.0
0-25-125,optimized,2025-08-18,billing,0,0,1442,11737,0,0,13179,11737,1.0
0-25-125,optimized,2025-08-18,technical,0,0,1369,11772,0,0,13141,11772,1.0
0-25-125,optimized,2025-08-18,privacy,0,0,165,1164,0,0,1329,1164,1.0
0-25-125,optimized,2025-08-25,billing,0,0,1489,13179,0,0,14668,13179,1.0
0-25-125,optimized,2025-08-25,technical,0,0,1275,13141,0,0,14416,13141,1.0
0-25-125,optimized,2025-08-25,privacy,0,0,130,1329,0,0,1459,1329,1.0
0-25-125,optimized,2025-09-01,billing,0,0,1465,14668,0,0,16133,14668,1.0
0-25-125,optimized,2025-09-01,technical,0,0,1258,14416,0,0,15674,14416,1.0
0-25-125,optimized,2025-09-01,privacy,0,0,106,1459,0,0,1565,1459,1.0
0-25-125,optimized,2025-09-08,billing,0,0,1506,16133,0,0,17639,16133,1.0
0-25-125,optimized,2025-09-08,technical,0,0,1327,15674,0,0,17001,15674,1.0
0-25-125,optimized,2025-09-08,privacy,0,0,114,1565,0,0,1679,1565,1.0
0-25-125,hindsight,2025-06-23,billing,0,0,1510,0,0,0,1510,0,1.0
0-25-125,hindsight,2025-06-23,technical,0,0,1591,0,0,0,1591,0,1.0
0-25-125,hindsight,2025-06-23,privacy,0,0,152,0,0,0,152,0,1.0
0-25-125,hindsight,2025-06-30,billing,0,0,1238,1510,0,0,2748,1510,1.0
0-25-125,hindsight,2025-06-30,technical,0,0,1356,1591,0,0,2947,1591,1.0
0-25-125,hindsight,2025-06-30,privacy,0,0,123,152,0,0,275,152,1.0
0-25-125,hindsight,2025-07-07,billing,0,0,1572,2748,0,0,4320,2748,1.0
0-25-125,hindsight,2025-07-07,technical,0,0,1490,2947,0,0,4437,2947,1.0
0-25-125,hindsight,2025-07-07,privacy,0,0,128,275,0,0,403,275,1.0
0-25-125,hindsight,2025-07-14,billing,0,0,1393,4320,0,0,5713,4320,1.0
0-25-125,hindsight,2025-07-14,technical,0,0,1449,4437,0,0,5886,4437,1.0
0-25-125,hindsight,2025-07-14,privacy,0,0,134,403,0,0,537,403,1.0
0-25-125,hindsight,2025-07-21,billing,0,0,1441,5713,0,0,7154,5713,1.0
0-25-125,hindsight,2025-07-21,technical,0,0,1416,5886,0,0,7302,5886,1.0
0-25-125,hindsight,2025-07-21,privacy,0,0,146,537,0,0,683,537,1.0
0-25-125,hindsight,2025-07-28,billing,0,0,1549,7154,0,0,8703,7154,1.0
0-25-125,hindsight,2025-07-28,technical,0,0,1452,7302,0,0,8754,7302,1.0
0-25-125,hindsight,2025-07-28,privacy,0,0,158,683,0,0,841,683,1.0
0-25-125,hindsight,2025-08-04,billing,0,0,1592,8703,0,0,10295,8703,1.0
0-25-125,hindsight,2025-08-04,technical,0,0,1516,8754,0,0,10270,8754,1.0
0-25-125,hindsight,2025-08-04,privacy,0,0,172,841,0,0,1013,841,1.0
0-25-125,hindsight,2025-08-11,billing,0,0,1442,10295,0,0,11737,10295,1.0
0-25-125,hindsight,2025-08-11,technical,0,0,1502,10270,0,0,11772,10270,1.0
0-25-125,hindsight,2025-08-11,privacy,0,0,151,1013,0,0,1164,1013,1.0
0-25-125,hindsight,2025-08-18,billing,0,0,1442,11737,0,0,13179,11737,1.0
0-25-125,hindsight,2025-08-18,technical,0,0,1369,11772,0,0,13141,11772,1.0
0-25-125,hindsight,2025-08-18,privacy,0,0,165,1164,0,0,1329,1164,1.0
0-25-125,hindsight,2025-08-25,billing,0,0,1489,13179,0,0,14668,13179,1.0
0-25-125,hindsight,2025-08-25,technical,0,0,1275,13141,0,0,14416,13141,1.0
0-25-125,hindsight,2025-08-25,privacy,0,0,130,1329,0,0,1459,1329,1.0
0-25-125,hindsight,2025-09-01,billing,0,0,1465,14668,0,0,16133,14668,1.0
0-25-125,hindsight,2025-09-01,technical,0,0,1258,14416,0,0,15674,14416,1.0
0-25-125,hindsight,2025-09-01,privacy,0,0,106,1459,0,0,1565,1459,1.0
0-25-125,hindsight,2025-09-08,billing,0,0,1506,16133,0,0,17639,16133,1.0
0-25-125,hindsight,2025-09-08,technical,0,0,1327,15674,0,0,17001,15674,1.0
0-25-125,hindsight,2025-09-08,privacy,0,0,114,1565,0,0,1679,1565,1.0
0-50-75,fixed,2025-06-23,billing,0,0,1510,0,0,0,1510,0,1.0
0-50-75,fixed,2025-06-23,technical,0,0,1591,0,0,0,1591,0,1.0
0-50-75,fixed,2025-06-23,privacy,0,0,152,0,0,0,152,0,1.0
0-50-75,fixed,2025-06-30,billing,0,0,1238,1510,0,0,2748,1510,1.0
0-50-75,fixed,2025-06-30,technical,0,0,1356,1591,0,0,2947,1591,1.0
0-50-75,fixed,2025-06-30,privacy,0,0,123,152,0,0,275,152,1.0
0-50-75,fixed,2025-07-07,billing,0,0,1572,2748,0,0,4320,2748,1.0
0-50-75,fixed,2025-07-07,technical,0,0,1490,2947,0,0,4437,2947,1.0
0-50-75,fixed,2025-07-07,privacy,0,0,128,275,0,0,403,275,1.0
0-50-75,fixed,2025-07-14,billing,0,0,1393,4320,0,0,5713,4320,1.0
0-50-75,fixed,2025-07-14,technical,0,0,1449,4437,0,0,5886,4437,1.0
0-50-75,fixed,2025-07-14,privacy,0,0,134,403,0,0,537,403,1.0
0-50-75,fixed,2025-07-21,billing,0,0,1441,5713,0,0,7154,5713,1.0
0-50-75,fixed,2025-07-21,technical,0,0,1416,5886,0,0,7302,5886,1.0
0-50-75,fixed,2025-07-21,privacy,0,0,146,537,0,0,683,537,1.0
0-50-75,fixed,2025-07-28,billing,0,0,1549,7154,0,0,8703,7154,1.0
0-50-75,fixed,2025-07-28,technical,0,0,1452,7302,0,0,8754,7302,1.0
0-50-75,fixed,2025-07-28,privacy,0,0,158,683,0,0,841,683,1.0
0-50-75,fixed,2025-08-04,billing,0,0,1592,8703,0,0,10295,8703,1.0
0-50-75,fixed,2025-08-04,technical,0,0,1516,8754,0,0,10270,8754,1.0
0-50-75,fixed,2025-08-04,privacy,0,0,172,841,0,0,1013,841,1.0
0-50-75,fixed,2025-08-11,billing,0,0,1442,10295,0,0,11737,10295,1.0
0-50-75,fixed,2025-08-11,technical,0,0,1502,10270,0,0,11772,10270,1.0
0-50-75,fixed,2025-08-11,privacy,0,0,151,1013,0,0,1164,1013,1.0
0-50-75,fixed,2025-08-18,billing,0,0,1442,11737,0,0,13179,11737,1.0
0-50-75,fixed,2025-08-18,technical,0,0,1369,11772,0,0,13141,11772,1.0
0-50-75,fixed,2025-08-18,privacy,0,0,165,1164,0,0,1329,1164,1.0
0-50-75,fixed,2025-08-25,billing,0,0,1489,13179,0,0,14668,13179,1.0
0-50-75,fixed,2025-08-25,technical,0,0,1275,13141,0,0,14416,13141,1.0
0-50-75,fixed,2025-08-25,privacy,0,0,130,1329,0,0,1459,1329,1.0
0-50-75,fixed,2025-09-01,billing,0,0,1465,14668,0,0,16133,14668,1.0
0-50-75,fixed,2025-09-01,technical,0,0,1258,14416,0,0,15674,14416,1.0
0-50-75,fixed,2025-09-01,privacy,0,0,106,1459,0,0,1565,1459,1.0
0-50-75,fixed,2025-09-08,billing,0,0,1506,16133,0,0,17639,16133,1.0
0-50-75,fixed,2025-09-08,technical,0,0,1327,15674,0,0,17001,15674,1.0
0-50-75,fixed,2025-09-08,privacy,0,0,114,1565,0,0,1679,1565,1.0
0-50-75,adaptive,2025-06-23,billing,0,0,1510,0,0,0,1510,0,1.0
0-50-75,adaptive,2025-06-23,technical,0,0,1591,0,0,0,1591,0,1.0
0-50-75,adaptive,2025-06-23,privacy,0,0,152,0,0,0,152,0,1.0
0-50-75,adaptive,2025-06-30,billing,0,0,1238,1510,0,0,2748,1510,1.0
0-50-75,adaptive,2025-06-30,technical,0,0,1356,1591,0,0,2947,1591,1.0
0-50-75,adaptive,2025-06-30,privacy,0,0,123,152,0,0,275,152,1.0
0-50-75,adaptive,2025-07-07,billing,0,0,1572,2748,0,0,4320,2748,1.0
0-50-75,adaptive,2025-07-07,technical,0,0,1490,2947,0,0,4437,2947,1.0
0-50-75,adaptive,2025-07-07,privacy,0,0,128,275,0,0,403,275,1.0
0-50-75,adaptive,2025-07-14,billing,0,0,1393,4320,0,0,5713,4320,1.0
0-50-75,adaptive,2025-07-14,technical,0,0,1449,4437,0,0,5886,4437,1.0
0-50-75,adaptive,2025-07-14,privacy,0,0,134,403,0,0,537,403,1.0
0-50-75,adaptive,2025-07-21,billing,0,0,1441,5713,0,0,7154,5713,1.0
0-50-75,adaptive,2025-07-21,technical,0,0,1416,5886,0,0,7302,5886,1.0
0-50-75,adaptive,2025-07-21,privacy,0,0,146,537,0,0,683,537,1.0
0-50-75,adaptive,2025-07-28,billing,0,0,1549,7154,0,0,8703,7154,1.0
0-50-75,adaptive,2025-07-28,technical,0,0,1452,7302,0,0,8754,7302,1.0
0-50-75,adaptive,2025-07-28,privacy,0,0,158,683,0,0,841,683,1.0
0-50-75,adaptive,2025-08-04,billing,0,0,1592,8703,0,0,10295,8703,1.0
0-50-75,adaptive,2025-08-04,technical,0,0,1516,8754,0,0,10270,8754,1.0
0-50-75,adaptive,2025-08-04,privacy,0,0,172,841,0,0,1013,841,1.0
0-50-75,adaptive,2025-08-11,billing,0,0,1442,10295,0,0,11737,10295,1.0
0-50-75,adaptive,2025-08-11,technical,0,0,1502,10270,0,0,11772,10270,1.0
0-50-75,adaptive,2025-08-11,privacy,0,0,151,1013,0,0,1164,1013,1.0
0-50-75,adaptive,2025-08-18,billing,0,0,1442,11737,0,0,13179,11737,1.0
0-50-75,adaptive,2025-08-18,technical,0,0,1369,11772,0,0,13141,11772,1.0
0-50-75,adaptive,2025-08-18,privacy,0,0,165,1164,0,0,1329,1164,1.0
0-50-75,adaptive,2025-08-25,billing,0,0,1489,13179,0,0,14668,13179,1.0
0-50-75,adaptive,2025-08-25,technical,0,0,1275,13141,0,0,14416,13141,1.0
0-50-75,adaptive,2025-08-25,privacy,0,0,130,1329,0,0,1459,1329,1.0
0-50-75,adaptive,2025-09-01,billing,0,0,1465,14668,0,0,16133,14668,1.0
0-50-75,adaptive,2025-09-01,technical,0,0,1258,14416,0,0,15674,14416,1.0
0-50-75,adaptive,2025-09-01,privacy,0,0,106,1459,0,0,1565,1459,1.0
0-50-75,adaptive,2025-09-08,billing,0,0,1506,16133,0,0,17639,16133,1.0
0-50-75,adaptive,2025-09-08,technical,0,0,1327,15674,0,0,17001,15674,1.0
0-50-75,adaptive,2025-09-08,privacy,0,0,114,1565,0,0,1679,1565,1.0
0-50-75,optimized,2025-06-23,billing,0,0,1510,0,0,0,1510,0,1.0
0-50-75,optimized,2025-06-23,technical,0,0,1591,0,0,0,1591,0,1.0
0-50-75,optimized,2025-06-23,privacy,0,0,152,0,0,0,152,0,1.0
0-50-75,optimized,2025-06-30,billing,0,0,1238,1510,0,0,2748,1510,1.0
0-50-75,optimized,2025-06-30,technical,0,0,1356,1591,0,0,2947,1591,1.0
0-50-75,optimized,2025-06-30,privacy,0,0,123,152,0,0,275,152,1.0
0-50-75,optimized,2025-07-07,billing,0,0,1572,2748,0,0,4320,2748,1.0
0-50-75,optimized,2025-07-07,technical,0,0,1490,2947,0,0,4437,2947,1.0
0-50-75,optimized,2025-07-07,privacy,0,0,128,275,0,0,403,275,1.0
0-50-75,optimized,2025-07-14,billing,0,0,1393,4320,0,0,5713,4320,1.0
0-50-75,optimized,2025-07-14,technical,0,0,1449,4437,0,0,5886,4437,1.0
0-50-75,optimized,2025-07-14,privacy,0,0,134,403,0,0,537,403,1.0
0-50-75,optimized,2025-07-21,billing,0,0,1441,5713,0,0,7154,5713,1.0
0-50-75,optimized,2025-07-21,technical,0,0,1416,5886,0,0,7302,5886,1.0
0-50-75,optimized,2025-07-21,privacy,0,0,146,537,0,0,683,537,1.0
0-50-75,optimized,2025-07-28,billing,0,0,1549,7154,0,0,8703,7154,1.0
0-50-75,optimized,2025-07-28,technical,0,0,1452,7302,0,0,8754,7302,1.0
0-50-75,optimized,2025-07-28,privacy,0,0,158,683,0,0,841,683,1.0
0-50-75,optimized,2025-08-04,billing,0,0,1592,8703,0,0,10295,8703,1.0
0-50-75,optimized,2025-08-04,technical,0,0,1516,8754,0,0,10270,8754,1.0
0-50-75,optimized,2025-08-04,privacy,0,0,172,841,0,0,1013,841,1.0
0-50-75,optimized,2025-08-11,billing,0,0,1442,10295,0,0,11737,10295,1.0
0-50-75,optimized,2025-08-11,technical,0,0,1502,10270,0,0,11772,10270,1.0
0-50-75,optimized,2025-08-11,privacy,0,0,151,1013,0,0,1164,1013,1.0
0-50-75,optimized,2025-08-18,billing,0,0,1442,11737,0,0,13179,11737,1.0
0-50-75,optimized,2025-08-18,technical,0,0,1369,11772,0,0,13141,11772,1.0
0-50-75,optimized,2025-08-18,privacy,0,0,165,1164,0,0,1329,1164,1.0
0-50-75,optimized,2025-08-25,billing,0,0,1489,13179,0,0,14668,13179,1.0
0-50-75,optimized,2025-08-25,technical,0,0,1275,13141,0,0,14416,13141,1.0
0-50-75,optimized,2025-08-25,privacy,0,0,130,1329,0,0,1459,1329,1.0
0-50-75,optimized,2025-09-01,billing,0,0,1465,14668,0,0,16133,14668,1.0
0-50-75,optimized,2025-09-01,technical,0,0,1258,14416,0,0,15674,14416,1.0
0-50-75,optimized,2025-09-01,privacy,0,0,106,1459,0,0,1565,1459,1.0
0-50-75,optimized,2025-09-08,billing,0,0,1506,16133,0,0,17639,16133,1.0
0-50-75,optimized,2025-09-08,technical,0,0,1327,15674,0,0,17001,15674,1.0
0-50-75,optimized,2025-09-08,privacy,0,0,114,1565,0,0,1679,1565,1.0
0-50-75,hindsight,2025-06-23,billing,0,0,1510,0,0,0,1510,0,1.0
0-50-75,hindsight,2025-06-23,technical,0,0,1591,0,0,0,1591,0,1.0
0-50-75,hindsight,2025-06-23,privacy,0,0,152,0,0,0,152,0,1.0
0-50-75,hindsight,2025-06-30,billing,0,0,1238,1510,0,0,2748,1510,1.0
0-50-75,hindsight,2025-06-30,technical,0,0,1356,1591,0,0,2947,1591,1.0
0-50-75,hindsight,2025-06-30,privacy,0,0,123,152,0,0,275,152,1.0
0-50-75,hindsight,2025-07-07,billing,0,0,1572,2748,0,0,4320,2748,1.0
0-50-75,hindsight,2025-07-07,technical,0,0,1490,2947,0,0,4437,2947,1.0
0-50-75,hindsight,2025-07-07,privacy,0,0,128,275,0,0,403,275,1.0
0-50-75,hindsight,2025-07-14,billing,0,0,1393,4320,0,0,5713,4320,1.0
0-50-75,hindsight,2025-07-14,technical,0,0,1449,4437,0,0,5886,4437,1.0
0-50-75,hindsight,2025-07-14,privacy,0,0,134,403,0,0,537,403,1.0
0-50-75,hindsight,2025-07-21,billing,0,0,1441,5713,0,0,7154,5713,1.0
0-50-75,hindsight,2025-07-21,technical,0,0,1416,5886,0,0,7302,5886,1.0
0-50-75,hindsight,2025-07-21,privacy,0,0,146,537,0,0,683,537,1.0
0-50-75,hindsight,2025-07-28,billing,0,0,1549,7154,0,0,8703,7154,1.0
0-50-75,hindsight,2025-07-28,technical,0,0,1452,7302,0,0,8754,7302,1.0
0-50-75,hindsight,2025-07-28,privacy,0,0,158,683,0,0,841,683,1.0
0-50-75,hindsight,2025-08-04,billing,0,0,1592,8703,0,0,10295,8703,1.0
0-50-75,hindsight,2025-08-04,technical,0,0,1516,8754,0,0,10270,8754,1.0
0-50-75,hindsight,2025-08-04,privacy,0,0,172,841,0,0,1013,841,1.0
0-50-75,hindsight,2025-08-11,billing,0,0,1442,10295,0,0,11737,10295,1.0
0-50-75,hindsight,2025-08-11,technical,0,0,1502,10270,0,0,11772,10270,1.0
0-50-75,hindsight,2025-08-11,privacy,0,0,151,1013,0,0,1164,1013,1.0
0-50-75,hindsight,2025-08-18,billing,0,0,1442,11737,0,0,13179,11737,1.0
0-50-75,hindsight,2025-08-18,technical,0,0,1369,11772,0,0,13141,11772,1.0
0-50-75,hindsight,2025-08-18,privacy,0,0,165,1164,0,0,1329,1164,1.0
0-50-75,hindsight,2025-08-25,billing,0,0,1489,13179,0,0,14668,13179,1.0
0-50-75,hindsight,2025-08-25,technical,0,0,1275,13141,0,0,14416,13141,1.0
0-50-75,hindsight,2025-08-25,privacy,0,0,130,1329,0,0,1459,1329,1.0
0-50-75,hindsight,2025-09-01,billing,0,0,1465,14668,0,0,16133,14668,1.0
0-50-75,hindsight,2025-09-01,technical,0,0,1258,14416,0,0,15674,14416,1.0
0-50-75,hindsight,2025-09-01,privacy,0,0,106,1459,0,0,1565,1459,1.0
0-50-75,hindsight,2025-09-08,billing,0,0,1506,16133,0,0,17639,16133,1.0
0-50-75,hindsight,2025-09-08,technical,0,0,1327,15674,0,0,17001,15674,1.0
0-50-75,hindsight,2025-09-08,privacy,0,0,114,1565,0,0,1679,1565,1.0
0-50-100,fixed,2025-06-23,billing,0,0,1510,0,0,0,1510,0,1.0
0-50-100,fixed,2025-06-23,technical,0,0,1591,0,0,0,1591,0,1.0
0-50-100,fixed,2025-06-23,privacy,0,0,152,0,0,0,152,0,1.0
0-50-100,fixed,2025-06-30,billing,0,0,1238,1510,0,0,2748,1510,1.0
0-50-100,fixed,2025-06-30,technical,0,0,1356,1591,0,0,2947,1591,1.0
0-50-100,fixed,2025-06-30,privacy,0,0,123,152,0,0,275,152,1.0
0-50-100,fixed,2025-07-07,billing,0,0,1572,2748,0,0,4320,2748,1.0
0-50-100,fixed,2025-07-07,technical,0,0,1490,2947,0,0,4437,2947,1.0
0-50-100,fixed,2025-07-07,privacy,0,0,128,275,0,0,403,275,1.0
0-50-100,fixed,2025-07-14,billing,0,0,1393,4320,0,0,5713,4320,1.0
0-50-100,fixed,2025-07-14,technical,0,0,1449,4437,0,0,5886,4437,1.0
0-50-100,fixed,2025-07-14,privacy,0,0,134,403,0,0,537,403,1.0
0-50-100,fixed,2025-07-21,billing,0,0,1441,5713,0,0,7154,5713,1.0
0-50-100,fixed,2025-07-21,technical,0,0,1416,5886,0,0,7302,5886,1.0
0-50-100,fixed,2025-07-21,privacy,0,0,146,537,0,0,683,537,1.0
0-50-100,fixed,2025-07-28,billing,0,0,1549,7154,0,0,8703,7154,1.0
0-50-100,fixed,2025-07-28,technical,0,0,1452,7302,0,0,8754,7302,1.0
0-50-100,fixed,2025-07-28,privacy,0,0,158,683,0,0,841,683,1.0
0-50-100,fixed,2025-08-04,billing,0,0,1592,8703,0,0,10295,8703,1.0
0-50-100,fixed,2025-08-04,technical,0,0,1516,8754,0,0,10270,8754,1.0
0-50-100,fixed,2025-08-04,privacy,0,0,172,841,0,0,1013,841,1.0
0-50-100,fixed,2025-08-11,billing,0,0,1442,10295,0,0,11737,10295,1.0
0-50-100,fixed,2025-08-11,technical,0,0,1502,10270,0,0,11772,10270,1.0
0-50-100,fixed,2025-08-11,privacy,0,0,151,1013,0,0,1164,1013,1.0
0-50-100,fixed,2025-08-18,billing,0,0,1442,11737,0,0,13179,11737,1.0
0-50-100,fixed,2025-08-18,technical,0,0,1369,11772,0,0,13141,11772,1.0
0-50-100,fixed,2025-08-18,privacy,0,0,165,1164,0,0,1329,1164,1.0
0-50-100,fixed,2025-08-25,billing,0,0,1489,13179,0,0,14668,13179,1.0
0-50-100,fixed,2025-08-25,technical,0,0,1275,13141,0,0,14416,13141,1.0
0-50-100,fixed,2025-08-25,privacy,0,0,130,1329,0,0,1459,1329,1.0
0-50-100,fixed,2025-09-01,billing,0,0,1465,14668,0,0,16133,14668,1.0
0-50-100,fixed,2025-09-01,technical,0,0,1258,14416,0,0,15674,14416,1.0
0-50-100,fixed,2025-09-01,privacy,0,0,106,1459,0,0,1565,1459,1.0
0-50-100,fixed,2025-09-08,billing,0,0,1506,16133,0,0,17639,16133,1.0
0-50-100,fixed,2025-09-08,technical,0,0,1327,15674,0,0,17001,15674,1.0
0-50-100,fixed,2025-09-08,privacy,0,0,114,1565,0,0,1679,1565,1.0
0-50-100,adaptive,2025-06-23,billing,0,0,1510,0,0,0,1510,0,1.0
0-50-100,adaptive,2025-06-23,technical,0,0,1591,0,0,0,1591,0,1.0
0-50-100,adaptive,2025-06-23,privacy,0,0,152,0,0,0,152,0,1.0
0-50-100,adaptive,2025-06-30,billing,0,0,1238,1510,0,0,2748,1510,1.0
0-50-100,adaptive,2025-06-30,technical,0,0,1356,1591,0,0,2947,1591,1.0
0-50-100,adaptive,2025-06-30,privacy,0,0,123,152,0,0,275,152,1.0
0-50-100,adaptive,2025-07-07,billing,0,0,1572,2748,0,0,4320,2748,1.0
0-50-100,adaptive,2025-07-07,technical,0,0,1490,2947,0,0,4437,2947,1.0
0-50-100,adaptive,2025-07-07,privacy,0,0,128,275,0,0,403,275,1.0
0-50-100,adaptive,2025-07-14,billing,0,0,1393,4320,0,0,5713,4320,1.0
0-50-100,adaptive,2025-07-14,technical,0,0,1449,4437,0,0,5886,4437,1.0
0-50-100,adaptive,2025-07-14,privacy,0,0,134,403,0,0,537,403,1.0
0-50-100,adaptive,2025-07-21,billing,0,0,1441,5713,0,0,7154,5713,1.0
0-50-100,adaptive,2025-07-21,technical,0,0,1416,5886,0,0,7302,5886,1.0
0-50-100,adaptive,2025-07-21,privacy,0,0,146,537,0,0,683,537,1.0
0-50-100,adaptive,2025-07-28,billing,0,0,1549,7154,0,0,8703,7154,1.0
0-50-100,adaptive,2025-07-28,technical,0,0,1452,7302,0,0,8754,7302,1.0
0-50-100,adaptive,2025-07-28,privacy,0,0,158,683,0,0,841,683,1.0
0-50-100,adaptive,2025-08-04,billing,0,0,1592,8703,0,0,10295,8703,1.0
0-50-100,adaptive,2025-08-04,technical,0,0,1516,8754,0,0,10270,8754,1.0
0-50-100,adaptive,2025-08-04,privacy,0,0,172,841,0,0,1013,841,1.0
0-50-100,adaptive,2025-08-11,billing,0,0,1442,10295,0,0,11737,10295,1.0
0-50-100,adaptive,2025-08-11,technical,0,0,1502,10270,0,0,11772,10270,1.0
0-50-100,adaptive,2025-08-11,privacy,0,0,151,1013,0,0,1164,1013,1.0
0-50-100,adaptive,2025-08-18,billing,0,0,1442,11737,0,0,13179,11737,1.0
0-50-100,adaptive,2025-08-18,technical,0,0,1369,11772,0,0,13141,11772,1.0
0-50-100,adaptive,2025-08-18,privacy,0,0,165,1164,0,0,1329,1164,1.0
0-50-100,adaptive,2025-08-25,billing,0,0,1489,13179,0,0,14668,13179,1.0
0-50-100,adaptive,2025-08-25,technical,0,0,1275,13141,0,0,14416,13141,1.0
0-50-100,adaptive,2025-08-25,privacy,0,0,130,1329,0,0,1459,1329,1.0
0-50-100,adaptive,2025-09-01,billing,0,0,1465,14668,0,0,16133,14668,1.0
0-50-100,adaptive,2025-09-01,technical,0,0,1258,14416,0,0,15674,14416,1.0
0-50-100,adaptive,2025-09-01,privacy,0,0,106,1459,0,0,1565,1459,1.0
0-50-100,adaptive,2025-09-08,billing,0,0,1506,16133,0,0,17639,16133,1.0
0-50-100,adaptive,2025-09-08,technical,0,0,1327,15674,0,0,17001,15674,1.0
0-50-100,adaptive,2025-09-08,privacy,0,0,114,1565,0,0,1679,1565,1.0
0-50-100,optimized,2025-06-23,billing,0,0,1510,0,0,0,1510,0,1.0
0-50-100,optimized,2025-06-23,technical,0,0,1591,0,0,0,1591,0,1.0
0-50-100,optimized,2025-06-23,privacy,0,0,152,0,0,0,152,0,1.0
0-50-100,optimized,2025-06-30,billing,0,0,1238,1510,0,0,2748,1510,1.0
0-50-100,optimized,2025-06-30,technical,0,0,1356,1591,0,0,2947,1591,1.0
0-50-100,optimized,2025-06-30,privacy,0,0,123,152,0,0,275,152,1.0
0-50-100,optimized,2025-07-07,billing,0,0,1572,2748,0,0,4320,2748,1.0
0-50-100,optimized,2025-07-07,technical,0,0,1490,2947,0,0,4437,2947,1.0
0-50-100,optimized,2025-07-07,privacy,0,0,128,275,0,0,403,275,1.0
0-50-100,optimized,2025-07-14,billing,0,0,1393,4320,0,0,5713,4320,1.0
0-50-100,optimized,2025-07-14,technical,0,0,1449,4437,0,0,5886,4437,1.0
0-50-100,optimized,2025-07-14,privacy,0,0,134,403,0,0,537,403,1.0
0-50-100,optimized,2025-07-21,billing,0,0,1441,5713,0,0,7154,5713,1.0
0-50-100,optimized,2025-07-21,technical,0,0,1416,5886,0,0,7302,5886,1.0
0-50-100,optimized,2025-07-21,privacy,0,0,146,537,0,0,683,537,1.0
0-50-100,optimized,2025-07-28,billing,0,0,1549,7154,0,0,8703,7154,1.0
0-50-100,optimized,2025-07-28,technical,0,0,1452,7302,0,0,8754,7302,1.0
0-50-100,optimized,2025-07-28,privacy,0,0,158,683,0,0,841,683,1.0
0-50-100,optimized,2025-08-04,billing,0,0,1592,8703,0,0,10295,8703,1.0
0-50-100,optimized,2025-08-04,technical,0,0,1516,8754,0,0,10270,8754,1.0
0-50-100,optimized,2025-08-04,privacy,0,0,172,841,0,0,1013,841,1.0
0-50-100,optimized,2025-08-11,billing,0,0,1442,10295,0,0,11737,10295,1.0
0-50-100,optimized,2025-08-11,technical,0,0,1502,10270,0,0,11772,10270,1.0
0-50-100,optimized,2025-08-11,privacy,0,0,151,1013,0,0,1164,1013,1.0
0-50-100,optimized,2025-08-18,billing,0,0,1442,11737,0,0,13179,11737,1.0
0-50-100,optimized,2025-08-18,technical,0,0,1369,11772,0,0,13141,11772,1.0
0-50-100,optimized,2025-08-18,privacy,0,0,165,1164,0,0,1329,1164,1.0
0-50-100,optimized,2025-08-25,billing,0,0,1489,13179,0,0,14668,13179,1.0
0-50-100,optimized,2025-08-25,technical,0,0,1275,13141,0,0,14416,13141,1.0
0-50-100,optimized,2025-08-25,privacy,0,0,130,1329,0,0,1459,1329,1.0
0-50-100,optimized,2025-09-01,billing,0,0,1465,14668,0,0,16133,14668,1.0
0-50-100,optimized,2025-09-01,technical,0,0,1258,14416,0,0,15674,14416,1.0
0-50-100,optimized,2025-09-01,privacy,0,0,106,1459,0,0,1565,1459,1.0
0-50-100,optimized,2025-09-08,billing,0,0,1506,16133,0,0,17639,16133,1.0
0-50-100,optimized,2025-09-08,technical,0,0,1327,15674,0,0,17001,15674,1.0
0-50-100,optimized,2025-09-08,privacy,0,0,114,1565,0,0,1679,1565,1.0
0-50-100,hindsight,2025-06-23,billing,0,0,1510,0,0,0,1510,0,1.0
0-50-100,hindsight,2025-06-23,technical,0,0,1591,0,0,0,1591,0,1.0
0-50-100,hindsight,2025-06-23,privacy,0,0,152,0,0,0,152,0,1.0
0-50-100,hindsight,2025-06-30,billing,0,0,1238,1510,0,0,2748,1510,1.0
0-50-100,hindsight,2025-06-30,technical,0,0,1356,1591,0,0,2947,1591,1.0
0-50-100,hindsight,2025-06-30,privacy,0,0,123,152,0,0,275,152,1.0
0-50-100,hindsight,2025-07-07,billing,0,0,1572,2748,0,0,4320,2748,1.0
0-50-100,hindsight,2025-07-07,technical,0,0,1490,2947,0,0,4437,2947,1.0
0-50-100,hindsight,2025-07-07,privacy,0,0,128,275,0,0,403,275,1.0
0-50-100,hindsight,2025-07-14,billing,0,0,1393,4320,0,0,5713,4320,1.0
0-50-100,hindsight,2025-07-14,technical,0,0,1449,4437,0,0,5886,4437,1.0
0-50-100,hindsight,2025-07-14,privacy,0,0,134,403,0,0,537,403,1.0
0-50-100,hindsight,2025-07-21,billing,0,0,1441,5713,0,0,7154,5713,1.0
0-50-100,hindsight,2025-07-21,technical,0,0,1416,5886,0,0,7302,5886,1.0
0-50-100,hindsight,2025-07-21,privacy,0,0,146,537,0,0,683,537,1.0
0-50-100,hindsight,2025-07-28,billing,0,0,1549,7154,0,0,8703,7154,1.0
0-50-100,hindsight,2025-07-28,technical,0,0,1452,7302,0,0,8754,7302,1.0
0-50-100,hindsight,2025-07-28,privacy,0,0,158,683,0,0,841,683,1.0
0-50-100,hindsight,2025-08-04,billing,0,0,1592,8703,0,0,10295,8703,1.0
0-50-100,hindsight,2025-08-04,technical,0,0,1516,8754,0,0,10270,8754,1.0
0-50-100,hindsight,2025-08-04,privacy,0,0,172,841,0,0,1013,841,1.0
0-50-100,hindsight,2025-08-11,billing,0,0,1442,10295,0,0,11737,10295,1.0
0-50-100,hindsight,2025-08-11,technical,0,0,1502,10270,0,0,11772,10270,1.0
0-50-100,hindsight,2025-08-11,privacy,0,0,151,1013,0,0,1164,1013,1.0
0-50-100,hindsight,2025-08-18,billing,0,0,1442,11737,0,0,13179,11737,1.0
0-50-100,hindsight,2025-08-18,technical,0,0,1369,11772,0,0,13141,11772,1.0
0-50-100,hindsight,2025-08-18,privacy,0,0,165,1164,0,0,1329,1164,1.0
0-50-100,hindsight,2025-08-25,billing,0,0,1489,13179,0,0,14668,13179,1.0
0-50-100,hindsight,2025-08-25,technical,0,0,1275,13141,0,0,14416,13141,1.0
0-50-100,hindsight,2025-08-25,privacy,0,0,130,1329,0,0,1459,1329,1.0
0-50-100,hindsight,2025-09-01,billing,0,0,1465,14668,0,0,16133,14668,1.0
0-50-100,hindsight,2025-09-01,technical,0,0,1258,14416,0,0,15674,14416,1.0
0-50-100,hindsight,2025-09-01,privacy,0,0,106,1459,0,0,1565,1459,1.0
0-50-100,hindsight,2025-09-08,billing,0,0,1506,16133,0,0,17639,16133,1.0
0-50-100,hindsight,2025-09-08,technical,0,0,1327,15674,0,0,17001,15674,1.0
0-50-100,hindsight,2025-09-08,privacy,0,0,114,1565,0,0,1679,1565,1.0
0-50-125,fixed,2025-06-23,billing,0,0,1510,0,0,0,1510,0,1.0
0-50-125,fixed,2025-06-23,technical,0,0,1591,0,0,0,1591,0,1.0
0-50-125,fixed,2025-06-23,privacy,0,0,152,0,0,0,152,0,1.0
0-50-125,fixed,2025-06-30,billing,0,0,1238,1510,0,0,2748,1510,1.0
0-50-125,fixed,2025-06-30,technical,0,0,1356,1591,0,0,2947,1591,1.0
0-50-125,fixed,2025-06-30,privacy,0,0,123,152,0,0,275,152,1.0
0-50-125,fixed,2025-07-07,billing,0,0,1572,2748,0,0,4320,2748,1.0
0-50-125,fixed,2025-07-07,technical,0,0,1490,2947,0,0,4437,2947,1.0
0-50-125,fixed,2025-07-07,privacy,0,0,128,275,0,0,403,275,1.0
0-50-125,fixed,2025-07-14,billing,0,0,1393,4320,0,0,5713,4320,1.0
0-50-125,fixed,2025-07-14,technical,0,0,1449,4437,0,0,5886,4437,1.0
0-50-125,fixed,2025-07-14,privacy,0,0,134,403,0,0,537,403,1.0
0-50-125,fixed,2025-07-21,billing,0,0,1441,5713,0,0,7154,5713,1.0
0-50-125,fixed,2025-07-21,technical,0,0,1416,5886,0,0,7302,5886,1.0
0-50-125,fixed,2025-07-21,privacy,0,0,146,537,0,0,683,537,1.0
0-50-125,fixed,2025-07-28,billing,0,0,1549,7154,0,0,8703,7154,1.0
0-50-125,fixed,2025-07-28,technical,0,0,1452,7302,0,0,8754,7302,1.0
0-50-125,fixed,2025-07-28,privacy,0,0,158,683,0,0,841,683,1.0
0-50-125,fixed,2025-08-04,billing,0,0,1592,8703,0,0,10295,8703,1.0
0-50-125,fixed,2025-08-04,technical,0,0,1516,8754,0,0,10270,8754,1.0
0-50-125,fixed,2025-08-04,privacy,0,0,172,841,0,0,1013,841,1.0
0-50-125,fixed,2025-08-11,billing,0,0,1442,10295,0,0,11737,10295,1.0
0-50-125,fixed,2025-08-11,technical,0,0,1502,10270,0,0,11772,10270,1.0
0-50-125,fixed,2025-08-11,privacy,0,0,151,1013,0,0,1164,1013,1.0
0-50-125,fixed,2025-08-18,billing,0,0,1442,11737,0,0,13179,11737,1.0
0-50-125,fixed,2025-08-18,technical,0,0,1369,11772,0,0,13141,11772,1.0
0-50-125,fixed,2025-08-18,privacy,0,0,165,1164,0,0,1329,1164,1.0
0-50-125,fixed,2025-08-25,billing,0,0,1489,13179,0,0,14668,13179,1.0
0-50-125,fixed,2025-08-25,technical,0,0,1275,13141,0,0,14416,13141,1.0
0-50-125,fixed,2025-08-25,privacy,0,0,130,1329,0,0,1459,1329,1.0
0-50-125,fixed,2025-09-01,billing,0,0,1465,14668,0,0,16133,14668,1.0
0-50-125,fixed,2025-09-01,technical,0,0,1258,14416,0,0,15674,14416,1.0
0-50-125,fixed,2025-09-01,privacy,0,0,106,1459,0,0,1565,1459,1.0
0-50-125,fixed,2025-09-08,billing,0,0,1506,16133,0,0,17639,16133,1.0
0-50-125,fixed,2025-09-08,technical,0,0,1327,15674,0,0,17001,15674,1.0
0-50-125,fixed,2025-09-08,privacy,0,0,114,1565,0,0,1679,1565,1.0
0-50-125,adaptive,2025-06-23,billing,0,0,1510,0,0,0,1510,0,1.0
0-50-125,adaptive,2025-06-23,technical,0,0,1591,0,0,0,1591,0,1.0
0-50-125,adaptive,2025-06-23,privacy,0,0,152,0,0,0,152,0,1.0
0-50-125,adaptive,2025-06-30,billing,0,0,1238,1510,0,0,2748,1510,1.0
0-50-125,adaptive,2025-06-30,technical,0,0,1356,1591,0,0,2947,1591,1.0
0-50-125,adaptive,2025-06-30,privacy,0,0,123,152,0,0,275,152,1.0
0-50-125,adaptive,2025-07-07,billing,0,0,1572,2748,0,0,4320,2748,1.0
0-50-125,adaptive,2025-07-07,technical,0,0,1490,2947,0,0,4437,2947,1.0
0-50-125,adaptive,2025-07-07,privacy,0,0,128,275,0,0,403,275,1.0
0-50-125,adaptive,2025-07-14,billing,0,0,1393,4320,0,0,5713,4320,1.0
0-50-125,adaptive,2025-07-14,technical,0,0,1449,4437,0,0,5886,4437,1.0
0-50-125,adaptive,2025-07-14,privacy,0,0,134,403,0,0,537,403,1.0
0-50-125,adaptive,2025-07-21,billing,0,0,1441,5713,0,0,7154,5713,1.0
0-50-125,adaptive,2025-07-21,technical,0,0,1416,5886,0,0,7302,5886,1.0
0-50-125,adaptive,2025-07-21,privacy,0,0,146,537,0,0,683,537,1.0
0-50-125,adaptive,2025-07-28,billing,0,0,1549,7154,0,0,8703,7154,1.0
0-50-125,adaptive,2025-07-28,technical,0,0,1452,7302,0,0,8754,7302,1.0
0-50-125,adaptive,2025-07-28,privacy,0,0,158,683,0,0,841,683,1.0
0-50-125,adaptive,2025-08-04,billing,0,0,1592,8703,0,0,10295,8703,1.0
0-50-125,adaptive,2025-08-04,technical,0,0,1516,8754,0,0,10270,8754,1.0
0-50-125,adaptive,2025-08-04,privacy,0,0,172,841,0,0,1013,841,1.0
0-50-125,adaptive,2025-08-11,billing,0,0,1442,10295,0,0,11737,10295,1.0
0-50-125,adaptive,2025-08-11,technical,0,0,1502,10270,0,0,11772,10270,1.0
0-50-125,adaptive,2025-08-11,privacy,0,0,151,1013,0,0,1164,1013,1.0
0-50-125,adaptive,2025-08-18,billing,0,0,1442,11737,0,0,13179,11737,1.0
0-50-125,adaptive,2025-08-18,technical,0,0,1369,11772,0,0,13141,11772,1.0
0-50-125,adaptive,2025-08-18,privacy,0,0,165,1164,0,0,1329,1164,1.0
0-50-125,adaptive,2025-08-25,billing,0,0,1489,13179,0,0,14668,13179,1.0
0-50-125,adaptive,2025-08-25,technical,0,0,1275,13141,0,0,14416,13141,1.0
0-50-125,adaptive,2025-08-25,privacy,0,0,130,1329,0,0,1459,1329,1.0
0-50-125,adaptive,2025-09-01,billing,0,0,1465,14668,0,0,16133,14668,1.0
0-50-125,adaptive,2025-09-01,technical,0,0,1258,14416,0,0,15674,14416,1.0
0-50-125,adaptive,2025-09-01,privacy,0,0,106,1459,0,0,1565,1459,1.0
0-50-125,adaptive,2025-09-08,billing,0,0,1506,16133,0,0,17639,16133,1.0
0-50-125,adaptive,2025-09-08,technical,0,0,1327,15674,0,0,17001,15674,1.0
0-50-125,adaptive,2025-09-08,privacy,0,0,114,1565,0,0,1679,1565,1.0
0-50-125,optimized,2025-06-23,billing,0,0,1510,0,0,0,1510,0,1.0
0-50-125,optimized,2025-06-23,technical,0,0,1591,0,0,0,1591,0,1.0
0-50-125,optimized,2025-06-23,privacy,0,0,152,0,0,0,152,0,1.0
0-50-125,optimized,2025-06-30,billing,0,0,1238,1510,0,0,2748,1510,1.0
0-50-125,optimized,2025-06-30,technical,0,0,1356,1591,0,0,2947,1591,1.0
0-50-125,optimized,2025-06-30,privacy,0,0,123,152,0,0,275,152,1.0
0-50-125,optimized,2025-07-07,billing,0,0,1572,2748,0,0,4320,2748,1.0
0-50-125,optimized,2025-07-07,technical,0,0,1490,2947,0,0,4437,2947,1.0
0-50-125,optimized,2025-07-07,privacy,0,0,128,275,0,0,403,275,1.0
0-50-125,optimized,2025-07-14,billing,0,0,1393,4320,0,0,5713,4320,1.0
0-50-125,optimized,2025-07-14,technical,0,0,1449,4437,0,0,5886,4437,1.0
0-50-125,optimized,2025-07-14,privacy,0,0,134,403,0,0,537,403,1.0
0-50-125,optimized,2025-07-21,billing,0,0,1441,5713,0,0,7154,5713,1.0
0-50-125,optimized,2025-07-21,technical,0,0,1416,5886,0,0,7302,5886,1.0
0-50-125,optimized,2025-07-21,privacy,0,0,146,537,0,0,683,537,1.0
0-50-125,optimized,2025-07-28,billing,0,0,1549,7154,0,0,8703,7154,1.0
0-50-125,optimized,2025-07-28,technical,0,0,1452,7302,0,0,8754,7302,1.0
0-50-125,optimized,2025-07-28,privacy,0,0,158,683,0,0,841,683,1.0
0-50-125,optimized,2025-08-04,billing,0,0,1592,8703,0,0,10295,8703,1.0
0-50-125,optimized,2025-08-04,technical,0,0,1516,8754,0,0,10270,8754,1.0
0-50-125,optimized,2025-08-04,privacy,0,0,172,841,0,0,1013,841,1.0
0-50-125,optimized,2025-08-11,billing,0,0,1442,10295,0,0,11737,10295,1.0
0-50-125,optimized,2025-08-11,technical,0,0,1502,10270,0,0,11772,10270,1.0
0-50-125,optimized,2025-08-11,privacy,0,0,151,1013,0,0,1164,1013,1.0
0-50-125,optimized,2025-08-18,billing,0,0,1442,11737,0,0,13179,11737,1.0
0-50-125,optimized,2025-08-18,technical,0,0,1369,11772,0,0,13141,11772,1.0
0-50-125,optimized,2025-08-18,privacy,0,0,165,1164,0,0,1329,1164,1.0
0-50-125,optimized,2025-08-25,billing,0,0,1489,13179,0,0,14668,13179,1.0
0-50-125,optimized,2025-08-25,technical,0,0,1275,13141,0,0,14416,13141,1.0
0-50-125,optimized,2025-08-25,privacy,0,0,130,1329,0,0,1459,1329,1.0
0-50-125,optimized,2025-09-01,billing,0,0,1465,14668,0,0,16133,14668,1.0
0-50-125,optimized,2025-09-01,technical,0,0,1258,14416,0,0,15674,14416,1.0
0-50-125,optimized,2025-09-01,privacy,0,0,106,1459,0,0,1565,1459,1.0
0-50-125,optimized,2025-09-08,billing,0,0,1506,16133,0,0,17639,16133,1.0
0-50-125,optimized,2025-09-08,technical,0,0,1327,15674,0,0,17001,15674,1.0
0-50-125,optimized,2025-09-08,privacy,0,0,114,1565,0,0,1679,1565,1.0
0-50-125,hindsight,2025-06-23,billing,0,0,1510,0,0,0,1510,0,1.0
0-50-125,hindsight,2025-06-23,technical,0,0,1591,0,0,0,1591,0,1.0
0-50-125,hindsight,2025-06-23,privacy,0,0,152,0,0,0,152,0,1.0
0-50-125,hindsight,2025-06-30,billing,0,0,1238,1510,0,0,2748,1510,1.0
0-50-125,hindsight,2025-06-30,technical,0,0,1356,1591,0,0,2947,1591,1.0
0-50-125,hindsight,2025-06-30,privacy,0,0,123,152,0,0,275,152,1.0
0-50-125,hindsight,2025-07-07,billing,0,0,1572,2748,0,0,4320,2748,1.0
0-50-125,hindsight,2025-07-07,technical,0,0,1490,2947,0,0,4437,2947,1.0
0-50-125,hindsight,2025-07-07,privacy,0,0,128,275,0,0,403,275,1.0
0-50-125,hindsight,2025-07-14,billing,0,0,1393,4320,0,0,5713,4320,1.0
0-50-125,hindsight,2025-07-14,technical,0,0,1449,4437,0,0,5886,4437,1.0
0-50-125,hindsight,2025-07-14,privacy,0,0,134,403,0,0,537,403,1.0
0-50-125,hindsight,2025-07-21,billing,0,0,1441,5713,0,0,7154,5713,1.0
0-50-125,hindsight,2025-07-21,technical,0,0,1416,5886,0,0,7302,5886,1.0
0-50-125,hindsight,2025-07-21,privacy,0,0,146,537,0,0,683,537,1.0
0-50-125,hindsight,2025-07-28,billing,0,0,1549,7154,0,0,8703,7154,1.0
0-50-125,hindsight,2025-07-28,technical,0,0,1452,7302,0,0,8754,7302,1.0
0-50-125,hindsight,2025-07-28,privacy,0,0,158,683,0,0,841,683,1.0
0-50-125,hindsight,2025-08-04,billing,0,0,1592,8703,0,0,10295,8703,1.0
0-50-125,hindsight,2025-08-04,technical,0,0,1516,8754,0,0,10270,8754,1.0
0-50-125,hindsight,2025-08-04,privacy,0,0,172,841,0,0,1013,841,1.0
0-50-125,hindsight,2025-08-11,billing,0,0,1442,10295,0,0,11737,10295,1.0
0-50-125,hindsight,2025-08-11,technical,0,0,1502,10270,0,0,11772,10270,1.0
0-50-125,hindsight,2025-08-11,privacy,0,0,151,1013,0,0,1164,1013,1.0
0-50-125,hindsight,2025-08-18,billing,0,0,1442,11737,0,0,13179,11737,1.0
0-50-125,hindsight,2025-08-18,technical,0,0,1369,11772,0,0,13141,11772,1.0
0-50-125,hindsight,2025-08-18,privacy,0,0,165,1164,0,0,1329,1164,1.0
0-50-125,hindsight,2025-08-25,billing,0,0,1489,13179,0,0,14668,13179,1.0
0-50-125,hindsight,2025-08-25,technical,0,0,1275,13141,0,0,14416,13141,1.0
0-50-125,hindsight,2025-08-25,privacy,0,0,130,1329,0,0,1459,1329,1.0
0-50-125,hindsight,2025-09-01,billing,0,0,1465,14668,0,0,16133,14668,1.0
0-50-125,hindsight,2025-09-01,technical,0,0,1258,14416,0,0,15674,14416,1.0
0-50-125,hindsight,2025-09-01,privacy,0,0,106,1459,0,0,1565,1459,1.0
0-50-125,hindsight,2025-09-08,billing,0,0,1506,16133,0,0,17639,16133,1.0
0-50-125,hindsight,2025-09-08,technical,0,0,1327,15674,0,0,17001,15674,1.0
0-50-125,hindsight,2025-09-08,privacy,0,0,114,1565,0,0,1679,1565,1.0
0-100-75,fixed,2025-06-23,billing,0,0,1510,0,0,0,1510,0,1.0
0-100-75,fixed,2025-06-23,technical,0,0,1591,0,0,0,1591,0,1.0
0-100-75,fixed,2025-06-23,privacy,0,0,152,0,0,0,152,0,1.0
0-100-75,fixed,2025-06-30,billing,0,0,1238,1510,0,0,2748,1510,1.0
0-100-75,fixed,2025-06-30,technical,0,0,1356,1591,0,0,2947,1591,1.0
0-100-75,fixed,2025-06-30,privacy,0,0,123,152,0,0,275,152,1.0
0-100-75,fixed,2025-07-07,billing,0,0,1572,2748,0,0,4320,2748,1.0
0-100-75,fixed,2025-07-07,technical,0,0,1490,2947,0,0,4437,2947,1.0
0-100-75,fixed,2025-07-07,privacy,0,0,128,275,0,0,403,275,1.0
0-100-75,fixed,2025-07-14,billing,0,0,1393,4320,0,0,5713,4320,1.0
0-100-75,fixed,2025-07-14,technical,0,0,1449,4437,0,0,5886,4437,1.0
0-100-75,fixed,2025-07-14,privacy,0,0,134,403,0,0,537,403,1.0
0-100-75,fixed,2025-07-21,billing,0,0,1441,5713,0,0,7154,5713,1.0
0-100-75,fixed,2025-07-21,technical,0,0,1416,5886,0,0,7302,5886,1.0
0-100-75,fixed,2025-07-21,privacy,0,0,146,537,0,0,683,537,1.0
0-100-75,fixed,2025-07-28,billing,0,0,1549,7154,0,0,8703,7154,1.0
0-100-75,fixed,2025-07-28,technical,0,0,1452,7302,0,0,8754,7302,1.0
0-100-75,fixed,2025-07-28,privacy,0,0,158,683,0,0,841,683,1.0
0-100-75,fixed,2025-08-04,billing,0,0,1592,8703,0,0,10295,8703,1.0
0-100-75,fixed,2025-08-04,technical,0,0,1516,8754,0,0,10270,8754,1.0
0-100-75,fixed,2025-08-04,privacy,0,0,172,841,0,0,1013,841,1.0
0-100-75,fixed,2025-08-11,billing,0,0,1442,10295,0,0,11737,10295,1.0
0-100-75,fixed,2025-08-11,technical,0,0,1502,10270,0,0,11772,10270,1.0
0-100-75,fixed,2025-08-11,privacy,0,0,151,1013,0,0,1164,1013,1.0
0-100-75,fixed,2025-08-18,billing,0,0,1442,11737,0,0,13179,11737,1.0
0-100-75,fixed,2025-08-18,technical,0,0,1369,11772,0,0,13141,11772,1.0
0-100-75,fixed,2025-08-18,privacy,0,0,165,1164,0,0,1329,1164,1.0
0-100-75,fixed,2025-08-25,billing,0,0,1489,13179,0,0,14668,13179,1.0
0-100-75,fixed,2025-08-25,technical,0,0,1275,13141,0,0,14416,13141,1.0
0-100-75,fixed,2025-08-25,privacy,0,0,130,1329,0,0,1459,1329,1.0
0-100-75,fixed,2025-09-01,billing,0,0,1465,14668,0,0,16133,14668,1.0
0-100-75,fixed,2025-09-01,technical,0,0,1258,14416,0,0,15674,14416,1.0
0-100-75,fixed,2025-09-01,privacy,0,0,106,1459,0,0,1565,1459,1.0
0-100-75,fixed,2025-09-08,billing,0,0,1506,16133,0,0,17639,16133,1.0
0-100-75,fixed,2025-09-08,technical,0,0,1327,15674,0,0,17001,15674,1.0
0-100-75,fixed,2025-09-08,privacy,0,0,114,1565,0,0,1679,1565,1.0
0-100-75,adaptive,2025-06-23,billing,0,0,1510,0,0,0,1510,0,1.0
0-100-75,adaptive,2025-06-23,technical,0,0,1591,0,0,0,1591,0,1.0
0-100-75,adaptive,2025-06-23,privacy,0,0,152,0,0,0,152,0,1.0
0-100-75,adaptive,2025-06-30,billing,0,0,1238,1510,0,0,2748,1510,1.0
0-100-75,adaptive,2025-06-30,technical,0,0,1356,1591,0,0,2947,1591,1.0
0-100-75,adaptive,2025-06-30,privacy,0,0,123,152,0,0,275,152,1.0
0-100-75,adaptive,2025-07-07,billing,0,0,1572,2748,0,0,4320,2748,1.0
0-100-75,adaptive,2025-07-07,technical,0,0,1490,2947,0,0,4437,2947,1.0
0-100-75,adaptive,2025-07-07,privacy,0,0,128,275,0,0,403,275,1.0
0-100-75,adaptive,2025-07-14,billing,0,0,1393,4320,0,0,5713,4320,1.0
0-100-75,adaptive,2025-07-14,technical,0,0,1449,4437,0,0,5886,4437,1.0
0-100-75,adaptive,2025-07-14,privacy,0,0,134,403,0,0,537,403,1.0
0-100-75,adaptive,2025-07-21,billing,0,0,1441,5713,0,0,7154,5713,1.0
0-100-75,adaptive,2025-07-21,technical,0,0,1416,5886,0,0,7302,5886,1.0
0-100-75,adaptive,2025-07-21,privacy,0,0,146,537,0,0,683,537,1.0
0-100-75,adaptive,2025-07-28,billing,0,0,1549,7154,0,0,8703,7154,1.0
0-100-75,adaptive,2025-07-28,technical,0,0,1452,7302,0,0,8754,7302,1.0
0-100-75,adaptive,2025-07-28,privacy,0,0,158,683,0,0,841,683,1.0
0-100-75,adaptive,2025-08-04,billing,0,0,1592,8703,0,0,10295,8703,1.0
0-100-75,adaptive,2025-08-04,technical,0,0,1516,8754,0,0,10270,8754,1.0
0-100-75,adaptive,2025-08-04,privacy,0,0,172,841,0,0,1013,841,1.0
0-100-75,adaptive,2025-08-11,billing,0,0,1442,10295,0,0,11737,10295,1.0
0-100-75,adaptive,2025-08-11,technical,0,0,1502,10270,0,0,11772,10270,1.0
0-100-75,adaptive,2025-08-11,privacy,0,0,151,1013,0,0,1164,1013,1.0
0-100-75,adaptive,2025-08-18,billing,0,0,1442,11737,0,0,13179,11737,1.0
0-100-75,adaptive,2025-08-18,technical,0,0,1369,11772,0,0,13141,11772,1.0
0-100-75,adaptive,2025-08-18,privacy,0,0,165,1164,0,0,1329,1164,1.0
0-100-75,adaptive,2025-08-25,billing,0,0,1489,13179,0,0,14668,13179,1.0
0-100-75,adaptive,2025-08-25,technical,0,0,1275,13141,0,0,14416,13141,1.0
0-100-75,adaptive,2025-08-25,privacy,0,0,130,1329,0,0,1459,1329,1.0
0-100-75,adaptive,2025-09-01,billing,0,0,1465,14668,0,0,16133,14668,1.0
0-100-75,adaptive,2025-09-01,technical,0,0,1258,14416,0,0,15674,14416,1.0
0-100-75,adaptive,2025-09-01,privacy,0,0,106,1459,0,0,1565,1459,1.0
0-100-75,adaptive,2025-09-08,billing,0,0,1506,16133,0,0,17639,16133,1.0
0-100-75,adaptive,2025-09-08,technical,0,0,1327,15674,0,0,17001,15674,1.0
0-100-75,adaptive,2025-09-08,privacy,0,0,114,1565,0,0,1679,1565,1.0
0-100-75,optimized,2025-06-23,billing,0,0,1510,0,0,0,1510,0,1.0
0-100-75,optimized,2025-06-23,technical,0,0,1591,0,0,0,1591,0,1.0
0-100-75,optimized,2025-06-23,privacy,0,0,152,0,0,0,152,0,1.0
0-100-75,optimized,2025-06-30,billing,0,0,1238,1510,0,0,2748,1510,1.0
0-100-75,optimized,2025-06-30,technical,0,0,1356,1591,0,0,2947,1591,1.0
0-100-75,optimized,2025-06-30,privacy,0,0,123,152,0,0,275,152,1.0
0-100-75,optimized,2025-07-07,billing,0,0,1572,2748,0,0,4320,2748,1.0
0-100-75,optimized,2025-07-07,technical,0,0,1490,2947,0,0,4437,2947,1.0
0-100-75,optimized,2025-07-07,privacy,0,0,128,275,0,0,403,275,1.0
0-100-75,optimized,2025-07-14,billing,0,0,1393,4320,0,0,5713,4320,1.0
0-100-75,optimized,2025-07-14,technical,0,0,1449,4437,0,0,5886,4437,1.0
0-100-75,optimized,2025-07-14,privacy,0,0,134,403,0,0,537,403,1.0
0-100-75,optimized,2025-07-21,billing,0,0,1441,5713,0,0,7154,5713,1.0
0-100-75,optimized,2025-07-21,technical,0,0,1416,5886,0,0,7302,5886,1.0
0-100-75,optimized,2025-07-21,privacy,0,0,146,537,0,0,683,537,1.0
0-100-75,optimized,2025-07-28,billing,0,0,1549,7154,0,0,8703,7154,1.0
0-100-75,optimized,2025-07-28,technical,0,0,1452,7302,0,0,8754,7302,1.0
0-100-75,optimized,2025-07-28,privacy,0,0,158,683,0,0,841,683,1.0
0-100-75,optimized,2025-08-04,billing,0,0,1592,8703,0,0,10295,8703,1.0
0-100-75,optimized,2025-08-04,technical,0,0,1516,8754,0,0,10270,8754,1.0
0-100-75,optimized,2025-08-04,privacy,0,0,172,841,0,0,1013,841,1.0
0-100-75,optimized,2025-08-11,billing,0,0,1442,10295,0,0,11737,10295,1.0
0-100-75,optimized,2025-08-11,technical,0,0,1502,10270,0,0,11772,10270,1.0
0-100-75,optimized,2025-08-11,privacy,0,0,151,1013,0,0,1164,1013,1.0
0-100-75,optimized,2025-08-18,billing,0,0,1442,11737,0,0,13179,11737,1.0
0-100-75,optimized,2025-08-18,technical,0,0,1369,11772,0,0,13141,11772,1.0
0-100-75,optimized,2025-08-18,privacy,0,0,165,1164,0,0,1329,1164,1.0
0-100-75,optimized,2025-08-25,billing,0,0,1489,13179,0,0,14668,13179,1.0
0-100-75,optimized,2025-08-25,technical,0,0,1275,13141,0,0,14416,13141,1.0
0-100-75,optimized,2025-08-25,privacy,0,0,130,1329,0,0,1459,1329,1.0
0-100-75,optimized,2025-09-01,billing,0,0,1465,14668,0,0,16133,14668,1.0
0-100-75,optimized,2025-09-01,technical,0,0,1258,14416,0,0,15674,14416,1.0
0-100-75,optimized,2025-09-01,privacy,0,0,106,1459,0,0,1565,1459,1.0
0-100-75,optimized,2025-09-08,billing,0,0,1506,16133,0,0,17639,16133,1.0
0-100-75,optimized,2025-09-08,technical,0,0,1327,15674,0,0,17001,15674,1.0
0-100-75,optimized,2025-09-08,privacy,0,0,114,1565,0,0,1679,1565,1.0
0-100-75,hindsight,2025-06-23,billing,0,0,1510,0,0,0,1510,0,1.0
0-100-75,hindsight,2025-06-23,technical,0,0,1591,0,0,0,1591,0,1.0
0-100-75,hindsight,2025-06-23,privacy,0,0,152,0,0,0,152,0,1.0
0-100-75,hindsight,2025-06-30,billing,0,0,1238,1510,0,0,2748,1510,1.0
0-100-75,hindsight,2025-06-30,technical,0,0,1356,1591,0,0,2947,1591,1.0
0-100-75,hindsight,2025-06-30,privacy,0,0,123,152,0,0,275,152,1.0
0-100-75,hindsight,2025-07-07,billing,0,0,1572,2748,0,0,4320,2748,1.0
0-100-75,hindsight,2025-07-07,technical,0,0,1490,2947,0,0,4437,2947,1.0
0-100-75,hindsight,2025-07-07,privacy,0,0,128,275,0,0,403,275,1.0
0-100-75,hindsight,2025-07-14,billing,0,0,1393,4320,0,0,5713,4320,1.0
0-100-75,hindsight,2025-07-14,technical,0,0,1449,4437,0,0,5886,4437,1.0
0-100-75,hindsight,2025-07-14,privacy,0,0,134,403,0,0,537,403,1.0
0-100-75,hindsight,2025-07-21,billing,0,0,1441,5713,0,0,7154,5713,1.0
0-100-75,hindsight,2025-07-21,technical,0,0,1416,5886,0,0,7302,5886,1.0
0-100-75,hindsight,2025-07-21,privacy,0,0,146,537,0,0,683,537,1.0
0-100-75,hindsight,2025-07-28,billing,0,0,1549,7154,0,0,8703,7154,1.0
0-100-75,hindsight,2025-07-28,technical,0,0,1452,7302,0,0,8754,7302,1.0
0-100-75,hindsight,2025-07-28,privacy,0,0,158,683,0,0,841,683,1.0
0-100-75,hindsight,2025-08-04,billing,0,0,1592,8703,0,0,10295,8703,1.0
0-100-75,hindsight,2025-08-04,technical,0,0,1516,8754,0,0,10270,8754,1.0
0-100-75,hindsight,2025-08-04,privacy,0,0,172,841,0,0,1013,841,1.0
0-100-75,hindsight,2025-08-11,billing,0,0,1442,10295,0,0,11737,10295,1.0
0-100-75,hindsight,2025-08-11,technical,0,0,1502,10270,0,0,11772,10270,1.0
0-100-75,hindsight,2025-08-11,privacy,0,0,151,1013,0,0,1164,1013,1.0
0-100-75,hindsight,2025-08-18,billing,0,0,1442,11737,0,0,13179,11737,1.0
0-100-75,hindsight,2025-08-18,technical,0,0,1369,11772,0,0,13141,11772,1.0
0-100-75,hindsight,2025-08-18,privacy,0,0,165,1164,0,0,1329,1164,1.0
0-100-75,hindsight,2025-08-25,billing,0,0,1489,13179,0,0,14668,13179,1.0
0-100-75,hindsight,2025-08-25,technical,0,0,1275,13141,0,0,14416,13141,1.0
0-100-75,hindsight,2025-08-25,privacy,0,0,130,1329,0,0,1459,1329,1.0
0-100-75,hindsight,2025-09-01,billing,0,0,1465,14668,0,0,16133,14668,1.0
0-100-75,hindsight,2025-09-01,technical,0,0,1258,14416,0,0,15674,14416,1.0
0-100-75,hindsight,2025-09-01,privacy,0,0,106,1459,0,0,1565,1459,1.0
0-100-75,hindsight,2025-09-08,billing,0,0,1506,16133,0,0,17639,16133,1.0
0-100-75,hindsight,2025-09-08,technical,0,0,1327,15674,0,0,17001,15674,1.0
0-100-75,hindsight,2025-09-08,privacy,0,0,114,1565,0,0,1679,1565,1.0
0-100-100,fixed,2025-06-23,billing,0,0,1510,0,0,0,1510,0,1.0
0-100-100,fixed,2025-06-23,technical,0,0,1591,0,0,0,1591,0,1.0
0-100-100,fixed,2025-06-23,privacy,0,0,152,0,0,0,152,0,1.0
0-100-100,fixed,2025-06-30,billing,0,0,1238,1510,0,0,2748,1510,1.0
0-100-100,fixed,2025-06-30,technical,0,0,1356,1591,0,0,2947,1591,1.0
0-100-100,fixed,2025-06-30,privacy,0,0,123,152,0,0,275,152,1.0
0-100-100,fixed,2025-07-07,billing,0,0,1572,2748,0,0,4320,2748,1.0
0-100-100,fixed,2025-07-07,technical,0,0,1490,2947,0,0,4437,2947,1.0
0-100-100,fixed,2025-07-07,privacy,0,0,128,275,0,0,403,275,1.0
0-100-100,fixed,2025-07-14,billing,0,0,1393,4320,0,0,5713,4320,1.0
0-100-100,fixed,2025-07-14,technical,0,0,1449,4437,0,0,5886,4437,1.0
0-100-100,fixed,2025-07-14,privacy,0,0,134,403,0,0,537,403,1.0
0-100-100,fixed,2025-07-21,billing,0,0,1441,5713,0,0,7154,5713,1.0
0-100-100,fixed,2025-07-21,technical,0,0,1416,5886,0,0,7302,5886,1.0
0-100-100,fixed,2025-07-21,privacy,0,0,146,537,0,0,683,537,1.0
0-100-100,fixed,2025-07-28,billing,0,0,1549,7154,0,0,8703,7154,1.0
0-100-100,fixed,2025-07-28,technical,0,0,1452,7302,0,0,8754,7302,1.0
0-100-100,fixed,2025-07-28,privacy,0,0,158,683,0,0,841,683,1.0
0-100-100,fixed,2025-08-04,billing,0,0,1592,8703,0,0,10295,8703,1.0
0-100-100,fixed,2025-08-04,technical,0,0,1516,8754,0,0,10270,8754,1.0
0-100-100,fixed,2025-08-04,privacy,0,0,172,841,0,0,1013,841,1.0
0-100-100,fixed,2025-08-11,billing,0,0,1442,10295,0,0,11737,10295,1.0
0-100-100,fixed,2025-08-11,technical,0,0,1502,10270,0,0,11772,10270,1.0
0-100-100,fixed,2025-08-11,privacy,0,0,151,1013,0,0,1164,1013,1.0
0-100-100,fixed,2025-08-18,billing,0,0,1442,11737,0,0,13179,11737,1.0
0-100-100,fixed,2025-08-18,technical,0,0,1369,11772,0,0,13141,11772,1.0
0-100-100,fixed,2025-08-18,privacy,0,0,165,1164,0,0,1329,1164,1.0
0-100-100,fixed,2025-08-25,billing,0,0,1489,13179,0,0,14668,13179,1.0
0-100-100,fixed,2025-08-25,technical,0,0,1275,13141,0,0,14416,13141,1.0
0-100-100,fixed,2025-08-25,privacy,0,0,130,1329,0,0,1459,1329,1.0
0-100-100,fixed,2025-09-01,billing,0,0,1465,14668,0,0,16133,14668,1.0
0-100-100,fixed,2025-09-01,technical,0,0,1258,14416,0,0,15674,14416,1.0
0-100-100,fixed,2025-09-01,privacy,0,0,106,1459,0,0,1565,1459,1.0
0-100-100,fixed,2025-09-08,billing,0,0,1506,16133,0,0,17639,16133,1.0
0-100-100,fixed,2025-09-08,technical,0,0,1327,15674,0,0,17001,15674,1.0
0-100-100,fixed,2025-09-08,privacy,0,0,114,1565,0,0,1679,1565,1.0
0-100-100,adaptive,2025-06-23,billing,0,0,1510,0,0,0,1510,0,1.0
0-100-100,adaptive,2025-06-23,technical,0,0,1591,0,0,0,1591,0,1.0
0-100-100,adaptive,2025-06-23,privacy,0,0,152,0,0,0,152,0,1.0
0-100-100,adaptive,2025-06-30,billing,0,0,1238,1510,0,0,2748,1510,1.0
0-100-100,adaptive,2025-06-30,technical,0,0,1356,1591,0,0,2947,1591,1.0
0-100-100,adaptive,2025-06-30,privacy,0,0,123,152,0,0,275,152,1.0
0-100-100,adaptive,2025-07-07,billing,0,0,1572,2748,0,0,4320,2748,1.0
0-100-100,adaptive,2025-07-07,technical,0,0,1490,2947,0,0,4437,2947,1.0
0-100-100,adaptive,2025-07-07,privacy,0,0,128,275,0,0,403,275,1.0
0-100-100,adaptive,2025-07-14,billing,0,0,1393,4320,0,0,5713,4320,1.0
0-100-100,adaptive,2025-07-14,technical,0,0,1449,4437,0,0,5886,4437,1.0
0-100-100,adaptive,2025-07-14,privacy,0,0,134,403,0,0,537,403,1.0
0-100-100,adaptive,2025-07-21,billing,0,0,1441,5713,0,0,7154,5713,1.0
0-100-100,adaptive,2025-07-21,technical,0,0,1416,5886,0,0,7302,5886,1.0
0-100-100,adaptive,2025-07-21,privacy,0,0,146,537,0,0,683,537,1.0
0-100-100,adaptive,2025-07-28,billing,0,0,1549,7154,0,0,8703,7154,1.0
0-100-100,adaptive,2025-07-28,technical,0,0,1452,7302,0,0,8754,7302,1.0
0-100-100,adaptive,2025-07-28,privacy,0,0,158,683,0,0,841,683,1.0
0-100-100,adaptive,2025-08-04,billing,0,0,1592,8703,0,0,10295,8703,1.0
0-100-100,adaptive,2025-08-04,technical,0,0,1516,8754,0,0,10270,8754,1.0
0-100-100,adaptive,2025-08-04,privacy,0,0,172,841,0,0,1013,841,1.0
0-100-100,adaptive,2025-08-11,billing,0,0,1442,10295,0,0,11737,10295,1.0
0-100-100,adaptive,2025-08-11,technical,0,0,1502,10270,0,0,11772,10270,1.0
0-100-100,adaptive,2025-08-11,privacy,0,0,151,1013,0,0,1164,1013,1.0
0-100-100,adaptive,2025-08-18,billing,0,0,1442,11737,0,0,13179,11737,1.0
0-100-100,adaptive,2025-08-18,technical,0,0,1369,11772,0,0,13141,11772,1.0
0-100-100,adaptive,2025-08-18,privacy,0,0,165,1164,0,0,1329,1164,1.0
0-100-100,adaptive,2025-08-25,billing,0,0,1489,13179,0,0,14668,13179,1.0
0-100-100,adaptive,2025-08-25,technical,0,0,1275,13141,0,0,14416,13141,1.0
0-100-100,adaptive,2025-08-25,privacy,0,0,130,1329,0,0,1459,1329,1.0
0-100-100,adaptive,2025-09-01,billing,0,0,1465,14668,0,0,16133,14668,1.0
0-100-100,adaptive,2025-09-01,technical,0,0,1258,14416,0,0,15674,14416,1.0
0-100-100,adaptive,2025-09-01,privacy,0,0,106,1459,0,0,1565,1459,1.0
0-100-100,adaptive,2025-09-08,billing,0,0,1506,16133,0,0,17639,16133,1.0
0-100-100,adaptive,2025-09-08,technical,0,0,1327,15674,0,0,17001,15674,1.0
0-100-100,adaptive,2025-09-08,privacy,0,0,114,1565,0,0,1679,1565,1.0
0-100-100,optimized,2025-06-23,billing,0,0,1510,0,0,0,1510,0,1.0
0-100-100,optimized,2025-06-23,technical,0,0,1591,0,0,0,1591,0,1.0
0-100-100,optimized,2025-06-23,privacy,0,0,152,0,0,0,152,0,1.0
0-100-100,optimized,2025-06-30,billing,0,0,1238,1510,0,0,2748,1510,1.0
0-100-100,optimized,2025-06-30,technical,0,0,1356,1591,0,0,2947,1591,1.0
0-100-100,optimized,2025-06-30,privacy,0,0,123,152,0,0,275,152,1.0
0-100-100,optimized,2025-07-07,billing,0,0,1572,2748,0,0,4320,2748,1.0
0-100-100,optimized,2025-07-07,technical,0,0,1490,2947,0,0,4437,2947,1.0
0-100-100,optimized,2025-07-07,privacy,0,0,128,275,0,0,403,275,1.0
0-100-100,optimized,2025-07-14,billing,0,0,1393,4320,0,0,5713,4320,1.0
0-100-100,optimized,2025-07-14,technical,0,0,1449,4437,0,0,5886,4437,1.0
0-100-100,optimized,2025-07-14,privacy,0,0,134,403,0,0,537,403,1.0
0-100-100,optimized,2025-07-21,billing,0,0,1441,5713,0,0,7154,5713,1.0
0-100-100,optimized,2025-07-21,technical,0,0,1416,5886,0,0,7302,5886,1.0
0-100-100,optimized,2025-07-21,privacy,0,0,146,537,0,0,683,537,1.0
0-100-100,optimized,2025-07-28,billing,0,0,1549,7154,0,0,8703,7154,1.0
0-100-100,optimized,2025-07-28,technical,0,0,1452,7302,0,0,8754,7302,1.0
0-100-100,optimized,2025-07-28,privacy,0,0,158,683,0,0,841,683,1.0
0-100-100,optimized,2025-08-04,billing,0,0,1592,8703,0,0,10295,8703,1.0
0-100-100,optimized,2025-08-04,technical,0,0,1516,8754,0,0,10270,8754,1.0
0-100-100,optimized,2025-08-04,privacy,0,0,172,841,0,0,1013,841,1.0
0-100-100,optimized,2025-08-11,billing,0,0,1442,10295,0,0,11737,10295,1.0
0-100-100,optimized,2025-08-11,technical,0,0,1502,10270,0,0,11772,10270,1.0
0-100-100,optimized,2025-08-11,privacy,0,0,151,1013,0,0,1164,1013,1.0
0-100-100,optimized,2025-08-18,billing,0,0,1442,11737,0,0,13179,11737,1.0
0-100-100,optimized,2025-08-18,technical,0,0,1369,11772,0,0,13141,11772,1.0
0-100-100,optimized,2025-08-18,privacy,0,0,165,1164,0,0,1329,1164,1.0
0-100-100,optimized,2025-08-25,billing,0,0,1489,13179,0,0,14668,13179,1.0
0-100-100,optimized,2025-08-25,technical,0,0,1275,13141,0,0,14416,13141,1.0
0-100-100,optimized,2025-08-25,privacy,0,0,130,1329,0,0,1459,1329,1.0
0-100-100,optimized,2025-09-01,billing,0,0,1465,14668,0,0,16133,14668,1.0
0-100-100,optimized,2025-09-01,technical,0,0,1258,14416,0,0,15674,14416,1.0
0-100-100,optimized,2025-09-01,privacy,0,0,106,1459,0,0,1565,1459,1.0
0-100-100,optimized,2025-09-08,billing,0,0,1506,16133,0,0,17639,16133,1.0
0-100-100,optimized,2025-09-08,technical,0,0,1327,15674,0,0,17001,15674,1.0
0-100-100,optimized,2025-09-08,privacy,0,0,114,1565,0,0,1679,1565,1.0
0-100-100,hindsight,2025-06-23,billing,0,0,1510,0,0,0,1510,0,1.0
0-100-100,hindsight,2025-06-23,technical,0,0,1591,0,0,0,1591,0,1.0
0-100-100,hindsight,2025-06-23,privacy,0,0,152,0,0,0,152,0,1.0
0-100-100,hindsight,2025-06-30,billing,0,0,1238,1510,0,0,2748,1510,1.0
0-100-100,hindsight,2025-06-30,technical,0,0,1356,1591,0,0,2947,1591,1.0
0-100-100,hindsight,2025-06-30,privacy,0,0,123,152,0,0,275,152,1.0
0-100-100,hindsight,2025-07-07,billing,0,0,1572,2748,0,0,4320,2748,1.0
0-100-100,hindsight,2025-07-07,technical,0,0,1490,2947,0,0,4437,2947,1.0
0-100-100,hindsight,2025-07-07,privacy,0,0,128,275,0,0,403,275,1.0
0-100-100,hindsight,2025-07-14,billing,0,0,1393,4320,0,0,5713,4320,1.0
0-100-100,hindsight,2025-07-14,technical,0,0,1449,4437,0,0,5886,4437,1.0
0-100-100,hindsight,2025-07-14,privacy,0,0,134,403,0,0,537,403,1.0
0-100-100,hindsight,2025-07-21,billing,0,0,1441,5713,0,0,7154,5713,1.0
0-100-100,hindsight,2025-07-21,technical,0,0,1416,5886,0,0,7302,5886,1.0
0-100-100,hindsight,2025-07-21,privacy,0,0,146,537,0,0,683,537,1.0
0-100-100,hindsight,2025-07-28,billing,0,0,1549,7154,0,0,8703,7154,1.0
0-100-100,hindsight,2025-07-28,technical,0,0,1452,7302,0,0,8754,7302,1.0
0-100-100,hindsight,2025-07-28,privacy,0,0,158,683,0,0,841,683,1.0
0-100-100,hindsight,2025-08-04,billing,0,0,1592,8703,0,0,10295,8703,1.0
0-100-100,hindsight,2025-08-04,technical,0,0,1516,8754,0,0,10270,8754,1.0
0-100-100,hindsight,2025-08-04,privacy,0,0,172,841,0,0,1013,841,1.0
0-100-100,hindsight,2025-08-11,billing,0,0,1442,10295,0,0,11737,10295,1.0
0-100-100,hindsight,2025-08-11,technical,0,0,1502,10270,0,0,11772,10270,1.0
0-100-100,hindsight,2025-08-11,privacy,0,0,151,1013,0,0,1164,1013,1.0
0-100-100,hindsight,2025-08-18,billing,0,0,1442,11737,0,0,13179,11737,1.0
0-100-100,hindsight,2025-08-18,technical,0,0,1369,11772,0,0,13141,11772,1.0
0-100-100,hindsight,2025-08-18,privacy,0,0,165,1164,0,0,1329,1164,1.0
0-100-100,hindsight,2025-08-25,billing,0,0,1489,13179,0,0,14668,13179,1.0
0-100-100,hindsight,2025-08-25,technical,0,0,1275,13141,0,0,14416,13141,1.0
0-100-100,hindsight,2025-08-25,privacy,0,0,130,1329,0,0,1459,1329,1.0
0-100-100,hindsight,2025-09-01,billing,0,0,1465,14668,0,0,16133,14668,1.0
0-100-100,hindsight,2025-09-01,technical,0,0,1258,14416,0,0,15674,14416,1.0
0-100-100,hindsight,2025-09-01,privacy,0,0,106,1459,0,0,1565,1459,1.0
0-100-100,hindsight,2025-09-08,billing,0,0,1506,16133,0,0,17639,16133,1.0
0-100-100,hindsight,2025-09-08,technical,0,0,1327,15674,0,0,17001,15674,1.0
0-100-100,hindsight,2025-09-08,privacy,0,0,114,1565,0,0,1679,1565,1.0
0-100-125,fixed,2025-06-23,billing,0,0,1510,0,0,0,1510,0,1.0
0-100-125,fixed,2025-06-23,technical,0,0,1591,0,0,0,1591,0,1.0
0-100-125,fixed,2025-06-23,privacy,0,0,152,0,0,0,152,0,1.0
0-100-125,fixed,2025-06-30,billing,0,0,1238,1510,0,0,2748,1510,1.0
0-100-125,fixed,2025-06-30,technical,0,0,1356,1591,0,0,2947,1591,1.0
0-100-125,fixed,2025-06-30,privacy,0,0,123,152,0,0,275,152,1.0
0-100-125,fixed,2025-07-07,billing,0,0,1572,2748,0,0,4320,2748,1.0
0-100-125,fixed,2025-07-07,technical,0,0,1490,2947,0,0,4437,2947,1.0
0-100-125,fixed,2025-07-07,privacy,0,0,128,275,0,0,403,275,1.0
0-100-125,fixed,2025-07-14,billing,0,0,1393,4320,0,0,5713,4320,1.0
0-100-125,fixed,2025-07-14,technical,0,0,1449,4437,0,0,5886,4437,1.0
0-100-125,fixed,2025-07-14,privacy,0,0,134,403,0,0,537,403,1.0
0-100-125,fixed,2025-07-21,billing,0,0,1441,5713,0,0,7154,5713,1.0
0-100-125,fixed,2025-07-21,technical,0,0,1416,5886,0,0,7302,5886,1.0
0-100-125,fixed,2025-07-21,privacy,0,0,146,537,0,0,683,537,1.0
0-100-125,fixed,2025-07-28,billing,0,0,1549,7154,0,0,8703,7154,1.0
0-100-125,fixed,2025-07-28,technical,0,0,1452,7302,0,0,8754,7302,1.0
0-100-125,fixed,2025-07-28,privacy,0,0,158,683,0,0,841,683,1.0
0-100-125,fixed,2025-08-04,billing,0,0,1592,8703,0,0,10295,8703,1.0
0-100-125,fixed,2025-08-04,technical,0,0,1516,8754,0,0,10270,8754,1.0
0-100-125,fixed,2025-08-04,privacy,0,0,172,841,0,0,1013,841,1.0
0-100-125,fixed,2025-08-11,billing,0,0,1442,10295,0,0,11737,10295,1.0
0-100-125,fixed,2025-08-11,technical,0,0,1502,10270,0,0,11772,10270,1.0
0-100-125,fixed,2025-08-11,privacy,0,0,151,1013,0,0,1164,1013,1.0
0-100-125,fixed,2025-08-18,billing,0,0,1442,11737,0,0,13179,11737,1.0
0-100-125,fixed,2025-08-18,technical,0,0,1369,11772,0,0,13141,11772,1.0
0-100-125,fixed,2025-08-18,privacy,0,0,165,1164,0,0,1329,1164,1.0
0-100-125,fixed,2025-08-25,billing,0,0,1489,13179,0,0,14668,13179,1.0
0-100-125,fixed,2025-08-25,technical,0,0,1275,13141,0,0,14416,13141,1.0
0-100-125,fixed,2025-08-25,privacy,0,0,130,1329,0,0,1459,1329,1.0
0-100-125,fixed,2025-09-01,billing,0,0,1465,14668,0,0,16133,14668,1.0
0-100-125,fixed,2025-09-01,technical,0,0,1258,14416,0,0,15674,14416,1.0
0-100-125,fixed,2025-09-01,privacy,0,0,106,1459,0,0,1565,1459,1.0
0-100-125,fixed,2025-09-08,billing,0,0,1506,16133,0,0,17639,16133,1.0
0-100-125,fixed,2025-09-08,technical,0,0,1327,15674,0,0,17001,15674,1.0
0-100-125,fixed,2025-09-08,privacy,0,0,114,1565,0,0,1679,1565,1.0
0-100-125,adaptive,2025-06-23,billing,0,0,1510,0,0,0,1510,0,1.0
0-100-125,adaptive,2025-06-23,technical,0,0,1591,0,0,0,1591,0,1.0
0-100-125,adaptive,2025-06-23,privacy,0,0,152,0,0,0,152,0,1.0
0-100-125,adaptive,2025-06-30,billing,0,0,1238,1510,0,0,2748,1510,1.0
0-100-125,adaptive,2025-06-30,technical,0,0,1356,1591,0,0,2947,1591,1.0
0-100-125,adaptive,2025-06-30,privacy,0,0,123,152,0,0,275,152,1.0
0-100-125,adaptive,2025-07-07,billing,0,0,1572,2748,0,0,4320,2748,1.0
0-100-125,adaptive,2025-07-07,technical,0,0,1490,2947,0,0,4437,2947,1.0
0-100-125,adaptive,2025-07-07,privacy,0,0,128,275,0,0,403,275,1.0
0-100-125,adaptive,2025-07-14,billing,0,0,1393,4320,0,0,5713,4320,1.0
0-100-125,adaptive,2025-07-14,technical,0,0,1449,4437,0,0,5886,4437,1.0
0-100-125,adaptive,2025-07-14,privacy,0,0,134,403,0,0,537,403,1.0
0-100-125,adaptive,2025-07-21,billing,0,0,1441,5713,0,0,7154,5713,1.0
0-100-125,adaptive,2025-07-21,technical,0,0,1416,5886,0,0,7302,5886,1.0
0-100-125,adaptive,2025-07-21,privacy,0,0,146,537,0,0,683,537,1.0
0-100-125,adaptive,2025-07-28,billing,0,0,1549,7154,0,0,8703,7154,1.0
0-100-125,adaptive,2025-07-28,technical,0,0,1452,7302,0,0,8754,7302,1.0
0-100-125,adaptive,2025-07-28,privacy,0,0,158,683,0,0,841,683,1.0
0-100-125,adaptive,2025-08-04,billing,0,0,1592,8703,0,0,10295,8703,1.0
0-100-125,adaptive,2025-08-04,technical,0,0,1516,8754,0,0,10270,8754,1.0
0-100-125,adaptive,2025-08-04,privacy,0,0,172,841,0,0,1013,841,1.0
0-100-125,adaptive,2025-08-11,billing,0,0,1442,10295,0,0,11737,10295,1.0
0-100-125,adaptive,2025-08-11,technical,0,0,1502,10270,0,0,11772,10270,1.0
0-100-125,adaptive,2025-08-11,privacy,0,0,151,1013,0,0,1164,1013,1.0
0-100-125,adaptive,2025-08-18,billing,0,0,1442,11737,0,0,13179,11737,1.0
0-100-125,adaptive,2025-08-18,technical,0,0,1369,11772,0,0,13141,11772,1.0
0-100-125,adaptive,2025-08-18,privacy,0,0,165,1164,0,0,1329,1164,1.0
0-100-125,adaptive,2025-08-25,billing,0,0,1489,13179,0,0,14668,13179,1.0
0-100-125,adaptive,2025-08-25,technical,0,0,1275,13141,0,0,14416,13141,1.0
0-100-125,adaptive,2025-08-25,privacy,0,0,130,1329,0,0,1459,1329,1.0
0-100-125,adaptive,2025-09-01,billing,0,0,1465,14668,0,0,16133,14668,1.0
0-100-125,adaptive,2025-09-01,technical,0,0,1258,14416,0,0,15674,14416,1.0
0-100-125,adaptive,2025-09-01,privacy,0,0,106,1459,0,0,1565,1459,1.0
0-100-125,adaptive,2025-09-08,billing,0,0,1506,16133,0,0,17639,16133,1.0
0-100-125,adaptive,2025-09-08,technical,0,0,1327,15674,0,0,17001,15674,1.0
0-100-125,adaptive,2025-09-08,privacy,0,0,114,1565,0,0,1679,1565,1.0
0-100-125,optimized,2025-06-23,billing,0,0,1510,0,0,0,1510,0,1.0
0-100-125,optimized,2025-06-23,technical,0,0,1591,0,0,0,1591,0,1.0
0-100-125,optimized,2025-06-23,privacy,0,0,152,0,0,0,152,0,1.0
0-100-125,optimized,2025-06-30,billing,0,0,1238,1510,0,0,2748,1510,1.0
0-100-125,optimized,2025-06-30,technical,0,0,1356,1591,0,0,2947,1591,1.0
0-100-125,optimized,2025-06-30,privacy,0,0,123,152,0,0,275,152,1.0
0-100-125,optimized,2025-07-07,billing,0,0,1572,2748,0,0,4320,2748,1.0
0-100-125,optimized,2025-07-07,technical,0,0,1490,2947,0,0,4437,2947,1.0
0-100-125,optimized,2025-07-07,privacy,0,0,128,275,0,0,403,275,1.0
0-100-125,optimized,2025-07-14,billing,0,0,1393,4320,0,0,5713,4320,1.0
0-100-125,optimized,2025-07-14,technical,0,0,1449,4437,0,0,5886,4437,1.0
0-100-125,optimized,2025-07-14,privacy,0,0,134,403,0,0,537,403,1.0
0-100-125,optimized,2025-07-21,billing,0,0,1441,5713,0,0,7154,5713,1.0
0-100-125,optimized,2025-07-21,technical,0,0,1416,5886,0,0,7302,5886,1.0
0-100-125,optimized,2025-07-21,privacy,0,0,146,537,0,0,683,537,1.0
0-100-125,optimized,2025-07-28,billing,0,0,1549,7154,0,0,8703,7154,1.0
0-100-125,optimized,2025-07-28,technical,0,0,1452,7302,0,0,8754,7302,1.0
0-100-125,optimized,2025-07-28,privacy,0,0,158,683,0,0,841,683,1.0
0-100-125,optimized,2025-08-04,billing,0,0,1592,8703,0,0,10295,8703,1.0
0-100-125,optimized,2025-08-04,technical,0,0,1516,8754,0,0,10270,8754,1.0
0-100-125,optimized,2025-08-04,privacy,0,0,172,841,0,0,1013,841,1.0
0-100-125,optimized,2025-08-11,billing,0,0,1442,10295,0,0,11737,10295,1.0
0-100-125,optimized,2025-08-11,technical,0,0,1502,10270,0,0,11772,10270,1.0
0-100-125,optimized,2025-08-11,privacy,0,0,151,1013,0,0,1164,1013,1.0
0-100-125,optimized,2025-08-18,billing,0,0,1442,11737,0,0,13179,11737,1.0
0-100-125,optimized,2025-08-18,technical,0,0,1369,11772,0,0,13141,11772,1.0
0-100-125,optimized,2025-08-18,privacy,0,0,165,1164,0,0,1329,1164,1.0
0-100-125,optimized,2025-08-25,billing,0,0,1489,13179,0,0,14668,13179,1.0
0-100-125,optimized,2025-08-25,technical,0,0,1275,13141,0,0,14416,13141,1.0
0-100-125,optimized,2025-08-25,privacy,0,0,130,1329,0,0,1459,1329,1.0
0-100-125,optimized,2025-09-01,billing,0,0,1465,14668,0,0,16133,14668,1.0
0-100-125,optimized,2025-09-01,technical,0,0,1258,14416,0,0,15674,14416,1.0
0-100-125,optimized,2025-09-01,privacy,0,0,106,1459,0,0,1565,1459,1.0
0-100-125,optimized,2025-09-08,billing,0,0,1506,16133,0,0,17639,16133,1.0
0-100-125,optimized,2025-09-08,technical,0,0,1327,15674,0,0,17001,15674,1.0
0-100-125,optimized,2025-09-08,privacy,0,0,114,1565,0,0,1679,1565,1.0
0-100-125,hindsight,2025-06-23,billing,0,0,1510,0,0,0,1510,0,1.0
0-100-125,hindsight,2025-06-23,technical,0,0,1591,0,0,0,1591,0,1.0
0-100-125,hindsight,2025-06-23,privacy,0,0,152,0,0,0,152,0,1.0
0-100-125,hindsight,2025-06-30,billing,0,0,1238,1510,0,0,2748,1510,1.0
0-100-125,hindsight,2025-06-30,technical,0,0,1356,1591,0,0,2947,1591,1.0
0-100-125,hindsight,2025-06-30,privacy,0,0,123,152,0,0,275,152,1.0
0-100-125,hindsight,2025-07-07,billing,0,0,1572,2748,0,0,4320,2748,1.0
0-100-125,hindsight,2025-07-07,technical,0,0,1490,2947,0,0,4437,2947,1.0
0-100-125,hindsight,2025-07-07,privacy,0,0,128,275,0,0,403,275,1.0
0-100-125,hindsight,2025-07-14,billing,0,0,1393,4320,0,0,5713,4320,1.0
0-100-125,hindsight,2025-07-14,technical,0,0,1449,4437,0,0,5886,4437,1.0
0-100-125,hindsight,2025-07-14,privacy,0,0,134,403,0,0,537,403,1.0
0-100-125,hindsight,2025-07-21,billing,0,0,1441,5713,0,0,7154,5713,1.0
0-100-125,hindsight,2025-07-21,technical,0,0,1416,5886,0,0,7302,5886,1.0
0-100-125,hindsight,2025-07-21,privacy,0,0,146,537,0,0,683,537,1.0
0-100-125,hindsight,2025-07-28,billing,0,0,1549,7154,0,0,8703,7154,1.0
0-100-125,hindsight,2025-07-28,technical,0,0,1452,7302,0,0,8754,7302,1.0
0-100-125,hindsight,2025-07-28,privacy,0,0,158,683,0,0,841,683,1.0
0-100-125,hindsight,2025-08-04,billing,0,0,1592,8703,0,0,10295,8703,1.0
0-100-125,hindsight,2025-08-04,technical,0,0,1516,8754,0,0,10270,8754,1.0
0-100-125,hindsight,2025-08-04,privacy,0,0,172,841,0,0,1013,841,1.0
0-100-125,hindsight,2025-08-11,billing,0,0,1442,10295,0,0,11737,10295,1.0
0-100-125,hindsight,2025-08-11,technical,0,0,1502,10270,0,0,11772,10270,1.0
0-100-125,hindsight,2025-08-11,privacy,0,0,151,1013,0,0,1164,1013,1.0
0-100-125,hindsight,2025-08-18,billing,0,0,1442,11737,0,0,13179,11737,1.0
0-100-125,hindsight,2025-08-18,technical,0,0,1369,11772,0,0,13141,11772,1.0
0-100-125,hindsight,2025-08-18,privacy,0,0,165,1164,0,0,1329,1164,1.0
0-100-125,hindsight,2025-08-25,billing,0,0,1489,13179,0,0,14668,13179,1.0
0-100-125,hindsight,2025-08-25,technical,0,0,1275,13141,0,0,14416,13141,1.0
0-100-125,hindsight,2025-08-25,privacy,0,0,130,1329,0,0,1459,1329,1.0
0-100-125,hindsight,2025-09-01,billing,0,0,1465,14668,0,0,16133,14668,1.0
0-100-125,hindsight,2025-09-01,technical,0,0,1258,14416,0,0,15674,14416,1.0
0-100-125,hindsight,2025-09-01,privacy,0,0,106,1459,0,0,1565,1459,1.0
0-100-125,hindsight,2025-09-08,billing,0,0,1506,16133,0,0,17639,16133,1.0
0-100-125,hindsight,2025-09-08,technical,0,0,1327,15674,0,0,17001,15674,1.0
0-100-125,hindsight,2025-09-08,privacy,0,0,114,1565,0,0,1679,1565,1.0
24-0-75,fixed,2025-06-23,billing,11,0,1510,0,495,495,1015,0,0.6721854304635762
24-0-75,fixed,2025-06-23,technical,11,0,1591,0,330,330,1261,0,0.792583280955374
24-0-75,fixed,2025-06-23,privacy,2,0,152,0,45,45,107,0,0.7039473684210527
24-0-75,fixed,2025-06-30,billing,11,0,1238,1015,495,495,1758,520,0.7802929427430093
24-0-75,fixed,2025-06-30,technical,11,0,1356,1261,330,330,2287,931,0.8739014138326328
24-0-75,fixed,2025-06-30,privacy,2,0,123,107,45,45,185,62,0.8043478260869565
24-0-75,fixed,2025-07-07,billing,11,0,1572,1758,495,495,2835,1263,0.8513513513513513
24-0-75,fixed,2025-07-07,technical,11,0,1490,2287,330,330,3447,1957,0.9126290706910246
24-0-75,fixed,2025-07-07,privacy,2,0,128,185,45,45,268,140,0.8562300319488818
24-0-75,fixed,2025-07-14,billing,11,0,1393,2835,495,495,3733,2340,0.8829233680227058
24-0-75,fixed,2025-07-14,technical,11,0,1449,3447,330,330,4566,3117,0.9325980392156863
24-0-75,fixed,2025-07-14,privacy,2,0,134,268,45,45,357,223,0.8880597014925373
24-0-75,fixed,2025-07-21,billing,11,0,1441,3733,495,495,4679,3238,0.9043293390027058
24-0-75,fixed,2025-07-21,technical,11,0,1416,4566,330,330,5652,4236,0.9448345035105316
24-0-75,fixed,2025-07-21,privacy,2,0,146,357,45,45,458,312,0.9105367793240556
24-0-75,fixed,2025-07-28,billing,11,0,1549,4679,495,495,5733,4184,0.9205202312138728
24-0-75,fixed,2025-07-28,technical,11,0,1452,5652,330,330,6774,5322,0.9535472972972973
24-0-75,fixed,2025-07-28,privacy,2,0,158,458,45,45,571,413,0.926948051948052
24-0-75,fixed,2025-08-04,billing,11,0,1592,5733,495,495,6830,5238,0.9324232081911262
24-0-75,fixed,2025-08-04,technical,11,0,1516,6774,330,330,7960,6444,0.9601930036188179
24-0-75,fixed,2025-08-04,privacy,2,0,172,571,45,45,698,526,0.9394347240915208
24-0-75,fixed,2025-08-11,billing,11,0,1442,6830,495,495,7777,6335,0.9401595744680851
24-0-75,fixed,2025-08-11,technical,11,0,1502,7960,330,330,9132,7630,0.9651236525047558
24-0-75,fixed,2025-08-11,privacy,2,0,151,698,45,45,804,653,0.9469964664310954
24-0-75,fixed,2025-08-18,billing,11,0,1442,7777,495,495,8724,7282,0.9463065408395704
24-0-75,fixed,2025-08-18,technical,11,0,1369,9132,330,330,10171,8802,0.9685744214836682
24-0-75,fixed,2025-08-18,privacy,2,0,165,804,45,45,924,759,0.9535603715170279
24-0-75,fixed,2025-08-25,billing,11,0,1489,8724,495,495,9718,8229,0.9515323607167335
24-0-75,fixed,2025-08-25,technical,11,0,1275,10171,330,330,11116,9841,0.9711689673248296
24-0-75,fixed,2025-08-25,privacy,2,0,130,924,45,45,1009,879,0.9573055028462998
24-0-75,fixed,2025-09-01,billing,11,0,1465,9718,495,495,10688,9223,0.9557363855852633
24-0-75,fixed,2025-09-01,technical,11,0,1258,11116,330,330,12044,10786,0.9733311782770325
24-0-75,fixed,2025-09-01,privacy,2,0,106,1009,45,45,1070,964,0.9596412556053812
24-0-75,fixed,2025-09-08,billing,11,0,1506,10688,495,495,11699,10193,0.9594062653764146
24-0-75,fixed,2025-09-08,technical,11,0,1327,12044,330,330,13041,11714,0.9753197217859547
24-0-75,fixed,2025-09-08,privacy,2,0,114,1070,45,45,1139,1025,0.9619932432432432
24-0-75,adaptive,2025-06-23,billing,11,0,1510,0,495,495,1015,0,0.6721854304635762
24-0-75,adaptive,2025-06-23,technical,11,0,1591,0,330,330,1261,0,0.792583280955374
24-0-75,adaptive,2025-06-23,privacy,2,0,152,0,45,45,107,0,0.7039473684210527
24-0-75,adaptive,2025-06-30,billing,11,0,1238,1015,495,495,1758,520,0.7802929427430093
24-0-75,adaptive,2025-06-30,technical,11,0,1356,1261,330,330,2287,931,0.8739014138326328
24-0-75,adaptive,2025-06-30,privacy,2,0,123,107,45,45,185,62,0.8043478260869565
24-0-75,adaptive,2025-07-07,billing,11,0,1572,1758,495,495,2835,1263,0.8513513513513513
24-0-75,adaptive,2025-07-07,technical,11,0,1490,2287,330,330,3447,1957,0.9126290706910246
24-0-75,adaptive,2025-07-07,privacy,2,0,128,185,45,45,268,140,0.8562300319488818
24-0-75,adaptive,2025-07-14,billing,11,0,1393,2835,495,495,3733,2340,0.8829233680227058
24-0-75,adaptive,2025-07-14,technical,11,0,1449,3447,330,330,4566,3117,0.9325980392156863
24-0-75,adaptive,2025-07-14,privacy,2,0,134,268,45,45,357,223,0.8880597014925373
24-0-75,adaptive,2025-07-21,billing,11,0,1441,3733,495,495,4679,3238,0.9043293390027058
24-0-75,adaptive,2025-07-21,technical,11,0,1416,4566,330,330,5652,4236,0.9448345035105316
24-0-75,adaptive,2025-07-21,privacy,2,0,146,357,45,45,458,312,0.9105367793240556
24-0-75,adaptive,2025-07-28,billing,11,0,1549,4679,495,495,5733,4184,0.9205202312138728
24-0-75,adaptive,2025-07-28,technical,11,0,1452,5652,330,330,6774,5322,0.9535472972972973
24-0-75,adaptive,2025-07-28,privacy,2,0,158,458,45,45,571,413,0.926948051948052
24-0-75,adaptive,2025-08-04,billing,11,0,1592,5733,495,495,6830,5238,0.9324232081911262
24-0-75,adaptive,2025-08-04,technical,11,0,1516,6774,330,330,7960,6444,0.9601930036188179
24-0-75,adaptive,2025-08-04,privacy,2,0,172,571,45,45,698,526,0.9394347240915208
24-0-75,adaptive,2025-08-11,billing,11,0,1442,6830,495,495,7777,6335,0.9401595744680851
24-0-75,adaptive,2025-08-11,technical,11,0,1502,7960,330,330,9132,7630,0.9651236525047558
24-0-75,adaptive,2025-08-11,privacy,2,0,151,698,45,45,804,653,0.9469964664310954
24-0-75,adaptive,2025-08-18,billing,11,0,1442,7777,495,495,8724,7282,0.9463065408395704
24-0-75,adaptive,2025-08-18,technical,11,0,1369,9132,330,330,10171,8802,0.9685744214836682
24-0-75,adaptive,2025-08-18,privacy,2,0,165,804,45,45,924,759,0.9535603715170279
24-0-75,adaptive,2025-08-25,billing,11,0,1489,8724,495,495,9718,8229,0.9515323607167335
24-0-75,adaptive,2025-08-25,technical,11,0,1275,10171,330,330,11116,9841,0.9711689673248296
24-0-75,adaptive,2025-08-25,privacy,2,0,130,924,45,45,1009,879,0.9573055028462998
24-0-75,adaptive,2025-09-01,billing,11,0,1465,9718,495,495,10688,9223,0.9557363855852633
24-0-75,adaptive,2025-09-01,technical,11,0,1258,11116,330,330,12044,10786,0.9733311782770325
24-0-75,adaptive,2025-09-01,privacy,2,0,106,1009,45,45,1070,964,0.9596412556053812
24-0-75,adaptive,2025-09-08,billing,11,0,1506,10688,495,495,11699,10193,0.9594062653764146
24-0-75,adaptive,2025-09-08,technical,11,0,1327,12044,330,330,13041,11714,0.9753197217859547
24-0-75,adaptive,2025-09-08,privacy,2,0,114,1070,45,45,1139,1025,0.9619932432432432
24-0-75,optimized,2025-06-23,billing,11,0,1510,0,495,495,1015,0,0.6721854304635762
24-0-75,optimized,2025-06-23,technical,11,0,1591,0,330,330,1261,0,0.792583280955374
24-0-75,optimized,2025-06-23,privacy,2,0,152,0,45,45,107,0,0.7039473684210527
24-0-75,optimized,2025-06-30,billing,11,0,1238,1015,495,495,1758,520,0.7802929427430093
24-0-75,optimized,2025-06-30,technical,11,0,1356,1261,330,330,2287,931,0.8739014138326328
24-0-75,optimized,2025-06-30,privacy,2,0,123,107,45,45,185,62,0.8043478260869565
24-0-75,optimized,2025-07-07,billing,11,0,1572,1758,495,495,2835,1263,0.8513513513513513
24-0-75,optimized,2025-07-07,technical,11,0,1490,2287,330,330,3447,1957,0.9126290706910246
24-0-75,optimized,2025-07-07,privacy,2,0,128,185,45,45,268,140,0.8562300319488818
24-0-75,optimized,2025-07-14,billing,11,0,1393,2835,495,495,3733,2340,0.8829233680227058
24-0-75,optimized,2025-07-14,technical,11,0,1449,3447,330,330,4566,3117,0.9325980392156863
24-0-75,optimized,2025-07-14,privacy,2,0,134,268,45,45,357,223,0.8880597014925373
24-0-75,optimized,2025-07-21,billing,11,0,1441,3733,495,495,4679,3238,0.9043293390027058
24-0-75,optimized,2025-07-21,technical,11,0,1416,4566,330,330,5652,4236,0.9448345035105316
24-0-75,optimized,2025-07-21,privacy,2,0,146,357,45,45,458,312,0.9105367793240556
24-0-75,optimized,2025-07-28,billing,11,0,1549,4679,495,495,5733,4184,0.9205202312138728
24-0-75,optimized,2025-07-28,technical,11,0,1452,5652,330,330,6774,5322,0.9535472972972973
24-0-75,optimized,2025-07-28,privacy,2,0,158,458,45,45,571,413,0.926948051948052
24-0-75,optimized,2025-08-04,billing,11,0,1592,5733,495,495,6830,5238,0.9324232081911262
24-0-75,optimized,2025-08-04,technical,11,0,1516,6774,330,330,7960,6444,0.9601930036188179
24-0-75,optimized,2025-08-04,privacy,2,0,172,571,45,45,698,526,0.9394347240915208
24-0-75,optimized,2025-08-11,billing,11,0,1442,6830,495,495,7777,6335,0.9401595744680851
24-0-75,optimized,2025-08-11,technical,11,0,1502,7960,330,330,9132,7630,0.9651236525047558
24-0-75,optimized,2025-08-11,privacy,2,0,151,698,45,45,804,653,0.9469964664310954
24-0-75,optimized,2025-08-18,billing,11,0,1442,7777,495,495,8724,7282,0.9463065408395704
24-0-75,optimized,2025-08-18,technical,11,0,1369,9132,330,330,10171,8802,0.9685744214836682
24-0-75,optimized,2025-08-18,privacy,2,0,165,804,45,45,924,759,0.9535603715170279
24-0-75,optimized,2025-08-25,billing,11,0,1489,8724,495,495,9718,8229,0.9515323607167335
24-0-75,optimized,2025-08-25,technical,11,0,1275,10171,330,330,11116,9841,0.9711689673248296
24-0-75,optimized,2025-08-25,privacy,2,0,130,924,45,45,1009,879,0.9573055028462998
24-0-75,optimized,2025-09-01,billing,11,0,1465,9718,495,495,10688,9223,0.9557363855852633
24-0-75,optimized,2025-09-01,technical,11,0,1258,11116,330,330,12044,10786,0.9733311782770325
24-0-75,optimized,2025-09-01,privacy,2,0,106,1009,45,45,1070,964,0.9596412556053812
24-0-75,optimized,2025-09-08,billing,11,0,1506,10688,495,495,11699,10193,0.9594062653764146
24-0-75,optimized,2025-09-08,technical,11,0,1327,12044,330,330,13041,11714,0.9753197217859547
24-0-75,optimized,2025-09-08,privacy,2,0,114,1070,45,45,1139,1025,0.9619932432432432
24-0-75,hindsight,2025-06-23,billing,11,0,1510,0,495,495,1015,0,0.6721854304635762
24-0-75,hindsight,2025-06-23,technical,11,0,1591,0,330,330,1261,0,0.792583280955374
24-0-75,hindsight,2025-06-23,privacy,2,0,152,0,45,45,107,0,0.7039473684210527
24-0-75,hindsight,2025-06-30,billing,11,0,1238,1015,495,495,1758,520,0.7802929427430093
24-0-75,hindsight,2025-06-30,technical,11,0,1356,1261,330,330,2287,931,0.8739014138326328
24-0-75,hindsight,2025-06-30,privacy,2,0,123,107,45,45,185,62,0.8043478260869565
24-0-75,hindsight,2025-07-07,billing,11,0,1572,1758,495,495,2835,1263,0.8513513513513513
24-0-75,hindsight,2025-07-07,technical,11,0,1490,2287,330,330,3447,1957,0.9126290706910246
24-0-75,hindsight,2025-07-07,privacy,2,0,128,185,45,45,268,140,0.8562300319488818
24-0-75,hindsight,2025-07-14,billing,11,0,1393,2835,495,495,3733,2340,0.8829233680227058
24-0-75,hindsight,2025-07-14,technical,11,0,1449,3447,330,330,4566,3117,0.9325980392156863
24-0-75,hindsight,2025-07-14,privacy,2,0,134,268,45,45,357,223,0.8880597014925373
24-0-75,hindsight,2025-07-21,billing,11,0,1441,3733,495,495,4679,3238,0.9043293390027058
24-0-75,hindsight,2025-07-21,technical,11,0,1416,4566,330,330,5652,4236,0.9448345035105316
24-0-75,hindsight,2025-07-21,privacy,2,0,146,357,45,45,458,312,0.9105367793240556
24-0-75,hindsight,2025-07-28,billing,11,0,1549,4679,495,495,5733,4184,0.9205202312138728
24-0-75,hindsight,2025-07-28,technical,11,0,1452,5652,330,330,6774,5322,0.9535472972972973
24-0-75,hindsight,2025-07-28,privacy,2,0,158,458,45,45,571,413,0.926948051948052
24-0-75,hindsight,2025-08-04,billing,11,0,1592,5733,495,495,6830,5238,0.9324232081911262
24-0-75,hindsight,2025-08-04,technical,11,0,1516,6774,330,330,7960,6444,0.9601930036188179
24-0-75,hindsight,2025-08-04,privacy,2,0,172,571,45,45,698,526,0.9394347240915208
24-0-75,hindsight,2025-08-11,billing,11,0,1442,6830,495,495,7777,6335,0.9401595744680851
24-0-75,hindsight,2025-08-11,technical,11,0,1502,7960,330,330,9132,7630,0.9651236525047558
24-0-75,hindsight,2025-08-11,privacy,2,0,151,698,45,45,804,653,0.9469964664310954
24-0-75,hindsight,2025-08-18,billing,11,0,1442,7777,495,495,8724,7282,0.9463065408395704
24-0-75,hindsight,2025-08-18,technical,11,0,1369,9132,330,330,10171,8802,0.9685744214836682
24-0-75,hindsight,2025-08-18,privacy,2,0,165,804,45,45,924,759,0.9535603715170279
24-0-75,hindsight,2025-08-25,billing,11,0,1489,8724,495,495,9718,8229,0.9515323607167335
24-0-75,hindsight,2025-08-25,technical,11,0,1275,10171,330,330,11116,9841,0.9711689673248296
24-0-75,hindsight,2025-08-25,privacy,2,0,130,924,45,45,1009,879,0.9573055028462998
24-0-75,hindsight,2025-09-01,billing,11,0,1465,9718,495,495,10688,9223,0.9557363855852633
24-0-75,hindsight,2025-09-01,technical,11,0,1258,11116,330,330,12044,10786,0.9733311782770325
24-0-75,hindsight,2025-09-01,privacy,2,0,106,1009,45,45,1070,964,0.9596412556053812
24-0-75,hindsight,2025-09-08,billing,11,0,1506,10688,495,495,11699,10193,0.9594062653764146
24-0-75,hindsight,2025-09-08,technical,11,0,1327,12044,330,330,13041,11714,0.9753197217859547
24-0-75,hindsight,2025-09-08,privacy,2,0,114,1070,45,45,1139,1025,0.9619932432432432
24-0-100,fixed,2025-06-23,billing,11,0,1510,0,660,660,850,0,0.5629139072847682
24-0-100,fixed,2025-06-23,technical,11,0,1591,0,440,440,1151,0,0.7234443746071653
24-0-100,fixed,2025-06-23,privacy,2,0,152,0,60,60,92,0,0.6052631578947368
24-0-100,fixed,2025-06-30,billing,11,0,1238,850,660,660,1428,190,0.6839080459770115
24-0-100,fixed,2025-06-30,technical,11,0,1356,1151,440,440,2067,711,0.8244914240127642
24-0-100,fixed,2025-06-30,privacy,2,0,123,92,60,60,155,32,0.7209302325581395
24-0-100,fixed,2025-07-07,billing,11,0,1572,1428,660,660,2340,768,0.78
24-0-100,fixed,2025-07-07,technical,11,0,1490,2067,440,440,3117,1627,0.8763002530222097
24-0-100,fixed,2025-07-07,privacy,2,0,128,155,60,60,223,95,0.7879858657243817
24-0-100,fixed,2025-07-14,billing,11,0,1393,2340,660,660,3073,1680,0.8231984998660594
24-0-100,fixed,2025-07-14,technical,11,0,1449,3117,440,440,4126,2677,0.9036355672360928
24-0-100,fixed,2025-07-14,privacy,2,0,134,223,60,60,297,163,0.8319327731092437
24-0-100,fixed,2025-07-21,billing,11,0,1441,3073,660,660,3854,2413,0.8537882144439521
24-0-100,fixed,2025-07-21,technical,11,0,1416,4126,440,440,5102,3686,0.9206062793215446
24-0-100,fixed,2025-07-21,privacy,2,0,146,297,60,60,383,237,0.8645598194130926
24-0-100,fixed,2025-07-28,billing,11,0,1549,3854,660,660,4743,3194,0.8778456413103831
24-0-100,fixed,2025-07-28,technical,11,0,1452,5102,440,440,6114,4662,0.9328654256942325
24-0-100,fixed,2025-07-28,privacy,2,0,158,383,60,60,481,323,0.88909426987061
24-0-100,fixed,2025-08-04,billing,11,0,1592,4743,660,660,5675,4083,0.8958168902920284
24-0-100,fixed,2025-08-04,technical,11,0,1516,6114,440,440,7190,5674,0.9423328964613368
24-0-100,fixed,2025-08-04,privacy,2,0,172,481,60,60,593,421,0.9081163859111792
24-0-100,fixed,2025-08-11,billing,11,0,1442,5675,660,660,6457,5015,0.9072642967542504
24-0-100,fixed,2025-08-11,technical,11,0,1502,7190,440,440,8252,6750,0.9493787390704096
24-0-100,fixed,2025-08-11,privacy,2,0,151,593,60,60,684,533,0.9193548387096774
24-0-100,fixed,2025-08-18,billing,11,0,1442,6457,660,660,7239,5797,0.9164451196353969
24-0-100,fixed,2025-08-18,technical,11,0,1369,8252,440,440,9181,7812,0.9542667082423865
24-0-100,fixed,2025-08-18,privacy,2,0,165,684,60,60,789,624,0.9293286219081273
24-0-100,fixed,2025-08-25,billing,11,0,1489,7239,660,660,8068,6579,0.9243813015582035
24-0-100,fixed,2025-08-25,technical,11,0,1275,9181,440,440,10016,8741,0.9579188982402448
24-0-100,fixed,2025-08-25,privacy,2,0,130,789,60,60,859,729,0.9347116430903155
24-0-100,fixed,2025-09-01,billing,11,0,1465,8068,660,660,8873,7408,0.9307668100283226
24-0-100,fixed,2025-09-01,technical,11,0,1258,10016,440,440,10834,9576,0.9609721483058364
24-0-100,fixed,2025-09-01,privacy,2,0,106,859,60,60,905,799,0.9378238341968912
24-0-100,fixed,2025-09-08,billing,11,0,1506,8873,660,660,9719,8213,0.9364100587725215
24-0-100,fixed,2025-09-08,technical,11,0,1327,10834,440,440,11721,10394,0.9638187649042019
24-0-100,fixed,2025-09-08,privacy,2,0,114,905,60,60,959,845,0.9411187438665358
24-0-100,adaptive,2025-06-23,billing,11,0,1510,0,660,660,850,0,0.5629139072847682
24-0-100,adaptive,2025-06-23,technical,11,0,1591,0,440,440,1151,0,0.7234443746071653
24-0-100,adaptive,2025-06-23,privacy,2,0,152,0,60,60,92,0,0.6052631578947368
24-0-100,adaptive,2025-06-30,billing,11,0,1238,850,660,660,1428,190,0.6839080459770115
24-0-100,adaptive,2025-06-30,technical,11,0,1356,1151,440,440,2067,711,0.8244914240127642
24-0-100,adaptive,2025-06-30,privacy,2,0,123,92,60,60,155,32,0.7209302325581395
24-0-100,adaptive,2025-07-07,billing,11,0,1572,1428,660,660,2340,768,0.78
24-0-100,adaptive,2025-07-07,technical,11,0,1490,2067,440,440,3117,1627,0.8763002530222097
24-0-100,adaptive,2025-07-07,privacy,2,0,128,155,60,60,223,95,0.7879858657243817
24-0-100,adaptive,2025-07-14,billing,11,0,1393,2340,660,660,3073,1680,0.8231984998660594
24-0-100,adaptive,2025-07-14,technical,11,0,1449,3117,440,440,4126,2677,0.9036355672360928
24-0-100,adaptive,2025-07-14,privacy,2,0,134,223,60,60,297,163,0.8319327731092437
24-0-100,adaptive,2025-07-21,billing,11,0,1441,3073,660,660,3854,2413,0.8537882144439521
24-0-100,adaptive,2025-07-21,technical,11,0,1416,4126,440,440,5102,3686,0.9206062793215446
24-0-100,adaptive,2025-07-21,privacy,2,0,146,297,60,60,383,237,0.8645598194130926
24-0-100,adaptive,2025-07-28,billing,11,0,1549,3854,660,660,4743,3194,0.8778456413103831
24-0-100,adaptive,2025-07-28,technical,11,0,1452,5102,440,440,6114,4662,0.9328654256942325
24-0-100,adaptive,2025-07-28,privacy,2,0,158,383,60,60,481,323,0.88909426987061
24-0-100,adaptive,2025-08-04,billing,11,0,1592,4743,660,660,5675,4083,0.8958168902920284
24-0-100,adaptive,2025-08-04,technical,11,0,1516,6114,440,440,7190,5674,0.9423328964613368
24-0-100,adaptive,2025-08-04,privacy,2,0,172,481,60,60,593,421,0.9081163859111792
24-0-100,adaptive,2025-08-11,billing,11,0,1442,5675,660,660,6457,5015,0.9072642967542504
24-0-100,adaptive,2025-08-11,technical,11,0,1502,7190,440,440,8252,6750,0.9493787390704096
24-0-100,adaptive,2025-08-11,privacy,2,0,151,593,60,60,684,533,0.9193548387096774
24-0-100,adaptive,2025-08-18,billing,11,0,1442,6457,660,660,7239,5797,0.9164451196353969
24-0-100,adaptive,2025-08-18,technical,11,0,1369,8252,440,440,9181,7812,0.9542667082423865
24-0-100,adaptive,2025-08-18,privacy,2,0,165,684,60,60,789,624,0.9293286219081273
24-0-100,adaptive,2025-08-25,billing,11,0,1489,7239,660,660,8068,6579,0.9243813015582035
24-0-100,adaptive,2025-08-25,technical,11,0,1275,9181,440,440,10016,8741,0.9579188982402448
24-0-100,adaptive,2025-08-25,privacy,2,0,130,789,60,60,859,729,0.9347116430903155
24-0-100,adaptive,2025-09-01,billing,11,0,1465,8068,660,660,8873,7408,0.9307668100283226
24-0-100,adaptive,2025-09-01,technical,11,0,1258,10016,440,440,10834,9576,0.9609721483058364
24-0-100,adaptive,2025-09-01,privacy,2,0,106,859,60,60,905,799,0.9378238341968912
24-0-100,adaptive,2025-09-08,billing,11,0,1506,8873,660,660,9719,8213,0.9364100587725215
24-0-100,adaptive,2025-09-08,technical,11,0,1327,10834,440,440,11721,10394,0.9638187649042019
24-0-100,adaptive,2025-09-08,privacy,2,0,114,905,60,60,959,845,0.9411187438665358
24-0-100,optimized,2025-06-23,billing,11,0,1510,0,660,660,850,0,0.5629139072847682
24-0-100,optimized,2025-06-23,technical,11,0,1591,0,440,440,1151,0,0.7234443746071653
24-0-100,optimized,2025-06-23,privacy,2,0,152,0,60,60,92,0,0.6052631578947368
24-0-100,optimized,2025-06-30,billing,11,0,1238,850,660,660,1428,190,0.6839080459770115
24-0-100,optimized,2025-06-30,technical,11,0,1356,1151,440,440,2067,711,0.8244914240127642
24-0-100,optimized,2025-06-30,privacy,2,0,123,92,60,60,155,32,0.7209302325581395
24-0-100,optimized,2025-07-07,billing,11,0,1572,1428,660,660,2340,768,0.78
24-0-100,optimized,2025-07-07,technical,11,0,1490,2067,440,440,3117,1627,0.8763002530222097
24-0-100,optimized,2025-07-07,privacy,2,0,128,155,60,60,223,95,0.7879858657243817
24-0-100,optimized,2025-07-14,billing,11,0,1393,2340,660,660,3073,1680,0.8231984998660594
24-0-100,optimized,2025-07-14,technical,11,0,1449,3117,440,440,4126,2677,0.9036355672360928
24-0-100,optimized,2025-07-14,privacy,2,0,134,223,60,60,297,163,0.8319327731092437
24-0-100,optimized,2025-07-21,billing,11,0,1441,3073,660,660,3854,2413,0.8537882144439521
24-0-100,optimized,2025-07-21,technical,11,0,1416,4126,440,440,5102,3686,0.9206062793215446
24-0-100,optimized,2025-07-21,privacy,2,0,146,297,60,60,383,237,0.8645598194130926
24-0-100,optimized,2025-07-28,billing,11,0,1549,3854,660,660,4743,3194,0.8778456413103831
24-0-100,optimized,2025-07-28,technical,11,0,1452,5102,440,440,6114,4662,0.9328654256942325
24-0-100,optimized,2025-07-28,privacy,2,0,158,383,60,60,481,323,0.88909426987061
24-0-100,optimized,2025-08-04,billing,11,0,1592,4743,660,660,5675,4083,0.8958168902920284
24-0-100,optimized,2025-08-04,technical,11,0,1516,6114,440,440,7190,5674,0.9423328964613368
24-0-100,optimized,2025-08-04,privacy,2,0,172,481,60,60,593,421,0.9081163859111792
24-0-100,optimized,2025-08-11,billing,11,0,1442,5675,660,660,6457,5015,0.9072642967542504
24-0-100,optimized,2025-08-11,technical,11,0,1502,7190,440,440,8252,6750,0.9493787390704096
24-0-100,optimized,2025-08-11,privacy,2,0,151,593,60,60,684,533,0.9193548387096774
24-0-100,optimized,2025-08-18,billing,11,0,1442,6457,660,660,7239,5797,0.9164451196353969
24-0-100,optimized,2025-08-18,technical,11,0,1369,8252,440,440,9181,7812,0.9542667082423865
24-0-100,optimized,2025-08-18,privacy,2,0,165,684,60,60,789,624,0.9293286219081273
24-0-100,optimized,2025-08-25,billing,11,0,1489,7239,660,660,8068,6579,0.9243813015582035
24-0-100,optimized,2025-08-25,technical,11,0,1275,9181,440,440,10016,8741,0.9579188982402448
24-0-100,optimized,2025-08-25,privacy,2,0,130,789,60,60,859,729,0.9347116430903155
24-0-100,optimized,2025-09-01,billing,11,0,1465,8068,660,660,8873,7408,0.9307668100283226
24-0-100,optimized,2025-09-01,technical,11,0,1258,10016,440,440,10834,9576,0.9609721483058364
24-0-100,optimized,2025-09-01,privacy,2,0,106,859,60,60,905,799,0.9378238341968912
24-0-100,optimized,2025-09-08,billing,11,0,1506,8873,660,660,9719,8213,0.9364100587725215
24-0-100,optimized,2025-09-08,technical,11,0,1327,10834,440,440,11721,10394,0.9638187649042019
24-0-100,optimized,2025-09-08,privacy,2,0,114,905,60,60,959,845,0.9411187438665358
24-0-100,hindsight,2025-06-23,billing,11,0,1510,0,660,660,850,0,0.5629139072847682
24-0-100,hindsight,2025-06-23,technical,11,0,1591,0,440,440,1151,0,0.7234443746071653
24-0-100,hindsight,2025-06-23,privacy,2,0,152,0,60,60,92,0,0.6052631578947368
24-0-100,hindsight,2025-06-30,billing,11,0,1238,850,660,660,1428,190,0.6839080459770115
24-0-100,hindsight,2025-06-30,technical,11,0,1356,1151,440,440,2067,711,0.8244914240127642
24-0-100,hindsight,2025-06-30,privacy,2,0,123,92,60,60,155,32,0.7209302325581395
24-0-100,hindsight,2025-07-07,billing,11,0,1572,1428,660,660,2340,768,0.78
24-0-100,hindsight,2025-07-07,technical,11,0,1490,2067,440,440,3117,1627,0.8763002530222097
24-0-100,hindsight,2025-07-07,privacy,2,0,128,155,60,60,223,95,0.7879858657243817
24-0-100,hindsight,2025-07-14,billing,11,0,1393,2340,660,660,3073,1680,0.8231984998660594
24-0-100,hindsight,2025-07-14,technical,11,0,1449,3117,440,440,4126,2677,0.9036355672360928
24-0-100,hindsight,2025-07-14,privacy,2,0,134,223,60,60,297,163,0.8319327731092437
24-0-100,hindsight,2025-07-21,billing,11,0,1441,3073,660,660,3854,2413,0.8537882144439521
24-0-100,hindsight,2025-07-21,technical,11,0,1416,4126,440,440,5102,3686,0.9206062793215446
24-0-100,hindsight,2025-07-21,privacy,2,0,146,297,60,60,383,237,0.8645598194130926
24-0-100,hindsight,2025-07-28,billing,11,0,1549,3854,660,660,4743,3194,0.8778456413103831
24-0-100,hindsight,2025-07-28,technical,11,0,1452,5102,440,440,6114,4662,0.9328654256942325
24-0-100,hindsight,2025-07-28,privacy,2,0,158,383,60,60,481,323,0.88909426987061
24-0-100,hindsight,2025-08-04,billing,11,0,1592,4743,660,660,5675,4083,0.8958168902920284
24-0-100,hindsight,2025-08-04,technical,11,0,1516,6114,440,440,7190,5674,0.9423328964613368
24-0-100,hindsight,2025-08-04,privacy,2,0,172,481,60,60,593,421,0.9081163859111792
24-0-100,hindsight,2025-08-11,billing,11,0,1442,5675,660,660,6457,5015,0.9072642967542504
24-0-100,hindsight,2025-08-11,technical,11,0,1502,7190,440,440,8252,6750,0.9493787390704096
24-0-100,hindsight,2025-08-11,privacy,2,0,151,593,60,60,684,533,0.9193548387096774
24-0-100,hindsight,2025-08-18,billing,11,0,1442,6457,660,660,7239,5797,0.9164451196353969
24-0-100,hindsight,2025-08-18,technical,11,0,1369,8252,440,440,9181,7812,0.9542667082423865
24-0-100,hindsight,2025-08-18,privacy,2,0,165,684,60,60,789,624,0.9293286219081273
24-0-100,hindsight,2025-08-25,billing,11,0,1489,7239,660,660,8068,6579,0.9243813015582035
24-0-100,hindsight,2025-08-25,technical,11,0,1275,9181,440,440,10016,8741,0.9579188982402448
24-0-100,hindsight,2025-08-25,privacy,2,0,130,789,60,60,859,729,0.9347116430903155
24-0-100,hindsight,2025-09-01,billing,11,0,1465,8068,660,660,8873,7408,0.9307668100283226
24-0-100,hindsight,2025-09-01,technical,11,0,1258,10016,440,440,10834,9576,0.9609721483058364
24-0-100,hindsight,2025-09-01,privacy,2,0,106,859,60,60,905,799,0.9378238341968912
24-0-100,hindsight,2025-09-08,billing,11,0,1506,8873,660,660,9719,8213,0.9364100587725215
24-0-100,hindsight,2025-09-08,technical,11,0,1327,10834,440,440,11721,10394,0.9638187649042019
24-0-100,hindsight,2025-09-08,privacy,2,0,114,905,60,60,959,845,0.9411187438665358
24-0-125,fixed,2025-06-23,billing,11,0,1510,0,825,825,685,0,0.45364238410596025
24-0-125,fixed,2025-06-23,technical,11,0,1591,0,550,550,1041,0,0.6543054682589566
24-0-125,fixed,2025-06-23,privacy,2,0,152,0,75,75,77,0,0.506578947368421
24-0-125,fixed,2025-06-30,billing,11,0,1238,685,825,825,1098,0,0.5709828393135725
24-0-125,fixed,2025-06-30,technical,11,0,1356,1041,550,550,1847,491,0.770546516478932
24-0-125,fixed,2025-06-30,privacy,2,0,123,77,75,75,125,2,0.625
24-0-125,fixed,2025-07-07,billing,11,0,1572,1098,825,825,1845,273,0.6910112359550562
24-0-125,fixed,2025-07-07,technical,11,0,1490,1847,550,550,2787,1297,0.8351813005693737
24-0-125,fixed,2025-07-07,privacy,2,0,128,125,75,75,178,50,0.7035573122529645
24-0-125,fixed,2025-07-14,billing,11,0,1393,1845,825,825,2413,1020,0.7452130945027795
24-0-125,fixed,2025-07-14,technical,11,0,1449,2787,550,550,3686,2237,0.8701605288007555
24-0-125,fixed,2025-07-14,privacy,2,0,134,178,75,75,237,103,0.7596153846153846
24-0-125,fixed,2025-07-21,billing,11,0,1441,2413,825,825,3029,1588,0.7859366891541256
24-0-125,fixed,2025-07-21,technical,11,0,1416,3686,550,550,4552,3136,0.8921991375931008
24-0-125,fixed,2025-07-21,privacy,2,0,146,237,75,75,308,162,0.804177545691906
24-0-125,fixed,2025-07-28,billing,11,0,1549,3029,825,825,3753,2204,0.8197903014416776
24-0-125,fixed,2025-07-28,technical,11,0,1452,4552,550,550,5454,4002,0.9083944037308461
24-0-125,fixed,2025-07-28,privacy,2,0,158,308,75,75,391,233,0.8390557939914163
24-0-125,fixed,2025-08-04,billing,11,0,1592,3753,825,825,4520,2928,0.8456501403180543
24-0-125,fixed,2025-08-04,technical,11,0,1516,5454,550,550,6420,4904,0.921090387374462
24-0-125,fixed,2025-08-04,privacy,2,0,172,391,75,75,488,316,0.866785079928952
24-0-125,fixed,2025-08-11,billing,11,0,1442,4520,825,825,5137,3695,0.8616236162361623
24-0-125,fixed,2025-08-11,technical,11,0,1502,6420,550,550,7372,5870,0.9305730876041404
24-0-125,fixed,2025-08-11,privacy,2,0,151,488,75,75,564,413,0.8826291079812206
24-0-125,fixed,2025-08-18,billing,11,0,1442,5137,825,825,5754,4312,0.8746010031919744
24-0-125,fixed,2025-08-18,technical,11,0,1369,7372,550,550,8191,6822,0.9370781375128704
24-0-125,fixed,2025-08-18,privacy,2,0,165,564,75,75,654,489,0.897119341563786
24-0-125,fixed,2025-08-25,billing,11,0,1489,5754,825,825,6418,4929,0.8860969211652631
24-0-125,fixed,2025-08-25,technical,11,0,1275,8191,550,550,8916,7641,0.9418973167124446
24-0-125,fixed,2025-08-25,privacy,2,0,130,654,75,75,709,579,0.9043367346938775
24-0-125,fixed,2025-09-01,billing,11,0,1465,6418,825,825,7058,5593,0.8953444120258784
24-0-125,fixed,2025-09-01,technical,11,0,1258,8916,550,550,9624,8366,0.9459406329860428
24-0-125,fixed,2025-09-01,privacy,2,0,106,709,75,75,740,634,0.9079754601226994
24-0-125,fixed,2025-09-08,billing,11,0,1506,7058,825,825,7739,6233,0.9036665109761793
24-0-125,fixed,2025-09-08,technical,11,0,1327,9624,550,550,10401,9074,0.9497762761391654
24-0-125,fixed,2025-09-08,privacy,2,0,114,740,75,75,779,665,0.9121779859484778
24-0-125,adaptive,2025-06-23,billing,11,0,1510,0,825,825,685,0,0.45364238410596025
24-0-125,adaptive,2025-06-23,technical,11,0,1591,0,550,550,1041,0,0.6543054682589566
24-0-125,adaptive,2025-06-23,privacy,2,0,152,0,75,75,77,0,0.506578947368421
24-0-125,adaptive,2025-06-30,billing,11,0,1238,685,825,825,1098,0,0.5709828393135725
24-0-125,adaptive,2025-06-30,technical,11,0,1356,1041,550,550,1847,491,0.770546516478932
24-0-125,adaptive,2025-06-30,privacy,2,0,123,77,75,75,125,2,0.625
24-0-125,adaptive,2025-07-07,billing,11,0,1572,1098,825,825,1845,273,0.6910112359550562
24-0-125,adaptive,2025-07-07,technical,11,0,1490,1847,550,550,2787,1297,0.8351813005693737
24-0-125,adaptive,2025-07-07,privacy,2,0,128,125,75,75,178,50,0.7035573122529645
24-0-125,adaptive,2025-07-14,billing,11,0,1393,1845,825,825,2413,1020,0.7452130945027795
24-0-125,adaptive,2025-07-14,technical,11,0,1449,2787,550,550,3686,2237,0.8701605288007555
24-0-125,adaptive,2025-07-14,privacy,2,0,134,178,75,75,237,103,0.7596153846153846
24-0-125,adaptive,2025-07-21,billing,11,0,1441,2413,825,825,3029,1588,0.7859366891541256
24-0-125,adaptive,2025-07-21,technical,11,0,1416,3686,550,550,4552,3136,0.8921991375931008
24-0-125,adaptive,2025-07-21,privacy,2,0,146,237,75,75,308,162,0.804177545691906
24-0-125,adaptive,2025-07-28,billing,11,0,1549,3029,825,825,3753,2204,0.8197903014416776
24-0-125,adaptive,2025-07-28,technical,11,0,1452,4552,550,550,5454,4002,0.9083944037308461
24-0-125,adaptive,2025-07-28,privacy,2,0,158,308,75,75,391,233,0.8390557939914163
24-0-125,adaptive,2025-08-04,billing,11,0,1592,3753,825,825,4520,2928,0.8456501403180543
24-0-125,adaptive,2025-08-04,technical,11,0,1516,5454,550,550,6420,4904,0.921090387374462
24-0-125,adaptive,2025-08-04,privacy,2,0,172,391,75,75,488,316,0.866785079928952
24-0-125,adaptive,2025-08-11,billing,11,0,1442,4520,825,825,5137,3695,0.8616236162361623
24-0-125,adaptive,2025-08-11,technical,11,0,1502,6420,550,550,7372,5870,0.9305730876041404
24-0-125,adaptive,2025-08-11,privacy,2,0,151,488,75,75,564,413,0.8826291079812206
24-0-125,adaptive,2025-08-18,billing,11,0,1442,5137,825,825,5754,4312,0.8746010031919744
24-0-125,adaptive,2025-08-18,technical,11,0,1369,7372,550,550,8191,6822,0.9370781375128704
24-0-125,adaptive,2025-08-18,privacy,2,0,165,564,75,75,654,489,0.897119341563786
24-0-125,adaptive,2025-08-25,billing,11,0,1489,5754,825,825,6418,4929,0.8860969211652631
24-0-125,adaptive,2025-08-25,technical,11,0,1275,8191,550,550,8916,7641,0.9418973167124446
24-0-125,adaptive,2025-08-25,privacy,2,0,130,654,75,75,709,579,0.9043367346938775
24-0-125,adaptive,2025-09-01,billing,11,0,1465,6418,825,825,7058,5593,0.8953444120258784
24-0-125,adaptive,2025-09-01,technical,11,0,1258,8916,550,550,9624,8366,0.9459406329860428
24-0-125,adaptive,2025-09-01,privacy,2,0,106,709,75,75,740,634,0.9079754601226994
24-0-125,adaptive,2025-09-08,billing,11,0,1506,7058,825,825,7739,6233,0.9036665109761793
24-0-125,adaptive,2025-09-08,technical,11,0,1327,9624,550,550,10401,9074,0.9497762761391654
24-0-125,adaptive,2025-09-08,privacy,2,0,114,740,75,75,779,665,0.9121779859484778
24-0-125,optimized,2025-06-23,billing,11,0,1510,0,825,825,685,0,0.45364238410596025
24-0-125,optimized,2025-06-23,technical,11,0,1591,0,550,550,1041,0,0.6543054682589566
24-0-125,optimized,2025-06-23,privacy,2,0,152,0,75,75,77,0,0.506578947368421
24-0-125,optimized,2025-06-30,billing,11,0,1238,685,825,825,1098,0,0.5709828393135725
24-0-125,optimized,2025-06-30,technical,11,0,1356,1041,550,550,1847,491,0.770546516478932
24-0-125,optimized,2025-06-30,privacy,2,0,123,77,75,75,125,2,0.625
24-0-125,optimized,2025-07-07,billing,11,0,1572,1098,825,825,1845,273,0.6910112359550562
24-0-125,optimized,2025-07-07,technical,11,0,1490,1847,550,550,2787,1297,0.8351813005693737
24-0-125,optimized,2025-07-07,privacy,2,0,128,125,75,75,178,50,0.7035573122529645
24-0-125,optimized,2025-07-14,billing,11,0,1393,1845,825,825,2413,1020,0.7452130945027795
24-0-125,optimized,2025-07-14,technical,11,0,1449,2787,550,550,3686,2237,0.8701605288007555
24-0-125,optimized,2025-07-14,privacy,2,0,134,178,75,75,237,103,0.7596153846153846
24-0-125,optimized,2025-07-21,billing,11,0,1441,2413,825,825,3029,1588,0.7859366891541256
24-0-125,optimized,2025-07-21,technical,11,0,1416,3686,550,550,4552,3136,0.8921991375931008
24-0-125,optimized,2025-07-21,privacy,2,0,146,237,75,75,308,162,0.804177545691906
24-0-125,optimized,2025-07-28,billing,11,0,1549,3029,825,825,3753,2204,0.8197903014416776
24-0-125,optimized,2025-07-28,technical,11,0,1452,4552,550,550,5454,4002,0.9083944037308461
24-0-125,optimized,2025-07-28,privacy,2,0,158,308,75,75,391,233,0.8390557939914163
24-0-125,optimized,2025-08-04,billing,11,0,1592,3753,825,825,4520,2928,0.8456501403180543
24-0-125,optimized,2025-08-04,technical,11,0,1516,5454,550,550,6420,4904,0.921090387374462
24-0-125,optimized,2025-08-04,privacy,2,0,172,391,75,75,488,316,0.866785079928952
24-0-125,optimized,2025-08-11,billing,11,0,1442,4520,825,825,5137,3695,0.8616236162361623
24-0-125,optimized,2025-08-11,technical,11,0,1502,6420,550,550,7372,5870,0.9305730876041404
24-0-125,optimized,2025-08-11,privacy,2,0,151,488,75,75,564,413,0.8826291079812206
24-0-125,optimized,2025-08-18,billing,11,0,1442,5137,825,825,5754,4312,0.8746010031919744
24-0-125,optimized,2025-08-18,technical,11,0,1369,7372,550,550,8191,6822,0.9370781375128704
24-0-125,optimized,2025-08-18,privacy,2,0,165,564,75,75,654,489,0.897119341563786
24-0-125,optimized,2025-08-25,billing,11,0,1489,5754,825,825,6418,4929,0.8860969211652631
24-0-125,optimized,2025-08-25,technical,11,0,1275,8191,550,550,8916,7641,0.9418973167124446
24-0-125,optimized,2025-08-25,privacy,2,0,130,654,75,75,709,579,0.9043367346938775
24-0-125,optimized,2025-09-01,billing,11,0,1465,6418,825,825,7058,5593,0.8953444120258784
24-0-125,optimized,2025-09-01,technical,11,0,1258,8916,550,550,9624,8366,0.9459406329860428
24-0-125,optimized,2025-09-01,privacy,2,0,106,709,75,75,740,634,0.9079754601226994
24-0-125,optimized,2025-09-08,billing,11,0,1506,7058,825,825,7739,6233,0.9036665109761793
24-0-125,optimized,2025-09-08,technical,11,0,1327,9624,550,550,10401,9074,0.9497762761391654
24-0-125,optimized,2025-09-08,privacy,2,0,114,740,75,75,779,665,0.9121779859484778
24-0-125,hindsight,2025-06-23,billing,11,0,1510,0,825,825,685,0,0.45364238410596025
24-0-125,hindsight,2025-06-23,technical,11,0,1591,0,550,550,1041,0,0.6543054682589566
24-0-125,hindsight,2025-06-23,privacy,2,0,152,0,75,75,77,0,0.506578947368421
24-0-125,hindsight,2025-06-30,billing,11,0,1238,685,825,825,1098,0,0.5709828393135725
24-0-125,hindsight,2025-06-30,technical,11,0,1356,1041,550,550,1847,491,0.770546516478932
24-0-125,hindsight,2025-06-30,privacy,2,0,123,77,75,75,125,2,0.625
24-0-125,hindsight,2025-07-07,billing,11,0,1572,1098,825,825,1845,273,0.6910112359550562
24-0-125,hindsight,2025-07-07,technical,11,0,1490,1847,550,550,2787,1297,0.8351813005693737
24-0-125,hindsight,2025-07-07,privacy,2,0,128,125,75,75,178,50,0.7035573122529645
24-0-125,hindsight,2025-07-14,billing,11,0,1393,1845,825,825,2413,1020,0.7452130945027795
24-0-125,hindsight,2025-07-14,technical,11,0,1449,2787,550,550,3686,2237,0.8701605288007555
24-0-125,hindsight,2025-07-14,privacy,2,0,134,178,75,75,237,103,0.7596153846153846
24-0-125,hindsight,2025-07-21,billing,11,0,1441,2413,825,825,3029,1588,0.7859366891541256
24-0-125,hindsight,2025-07-21,technical,11,0,1416,3686,550,550,4552,3136,0.8921991375931008
24-0-125,hindsight,2025-07-21,privacy,2,0,146,237,75,75,308,162,0.804177545691906
24-0-125,hindsight,2025-07-28,billing,11,0,1549,3029,825,825,3753,2204,0.8197903014416776
24-0-125,hindsight,2025-07-28,technical,11,0,1452,4552,550,550,5454,4002,0.9083944037308461
24-0-125,hindsight,2025-07-28,privacy,2,0,158,308,75,75,391,233,0.8390557939914163
24-0-125,hindsight,2025-08-04,billing,11,0,1592,3753,825,825,4520,2928,0.8456501403180543
24-0-125,hindsight,2025-08-04,technical,11,0,1516,5454,550,550,6420,4904,0.921090387374462
24-0-125,hindsight,2025-08-04,privacy,2,0,172,391,75,75,488,316,0.866785079928952
24-0-125,hindsight,2025-08-11,billing,11,0,1442,4520,825,825,5137,3695,0.8616236162361623
24-0-125,hindsight,2025-08-11,technical,11,0,1502,6420,550,550,7372,5870,0.9305730876041404
24-0-125,hindsight,2025-08-11,privacy,2,0,151,488,75,75,564,413,0.8826291079812206
24-0-125,hindsight,2025-08-18,billing,11,0,1442,5137,825,825,5754,4312,0.8746010031919744
24-0-125,hindsight,2025-08-18,technical,11,0,1369,7372,550,550,8191,6822,0.9370781375128704
24-0-125,hindsight,2025-08-18,privacy,2,0,165,564,75,75,654,489,0.897119341563786
24-0-125,hindsight,2025-08-25,billing,11,0,1489,5754,825,825,6418,4929,0.8860969211652631
24-0-125,hindsight,2025-08-25,technical,11,0,1275,8191,550,550,8916,7641,0.9418973167124446
24-0-125,hindsight,2025-08-25,privacy,2,0,130,654,75,75,709,579,0.9043367346938775
24-0-125,hindsight,2025-09-01,billing,11,0,1465,6418,825,825,7058,5593,0.8953444120258784
24-0-125,hindsight,2025-09-01,technical,11,0,1258,8916,550,550,9624,8366,0.9459406329860428
24-0-125,hindsight,2025-09-01,privacy,2,0,106,709,75,75,740,634,0.9079754601226994
24-0-125,hindsight,2025-09-08,billing,11,0,1506,7058,825,825,7739,6233,0.9036665109761793
24-0-125,hindsight,2025-09-08,technical,11,0,1327,9624,550,550,10401,9074,0.9497762761391654
24-0-125,hindsight,2025-09-08,privacy,2,0,114,740,75,75,779,665,0.9121779859484778
24-25-75,fixed,2025-06-23,billing,8,2,1510,0,432,432,1078,0,0.713907284768212
24-25-75,fixed,2025-06-23,technical,8,3,1591,0,312,312,1279,0,0.8038969201759899
24-25-75,fixed,2025-06-23,privacy,2,1,152,0,63,63,89,0,0.5855263157894737
24-25-75,fixed,2025-06-30,billing,8,2,1238,1078,432,432,1884,646,0.8134715025906736
24-25-75,fixed,2025-06-30,technical,8,3,1356,1279,312,312,2323,967,0.8815939278937381
24-25-75,fixed,2025-06-30,privacy,2,1,123,89,63,63,149,26,0.7028301886792453
24-25-75,fixed,2025-07-07,billing,8,2,1572,1884,432,432,3024,1452,0.875
24-25-75,fixed,2025-07-07,technical,8,3,1490,2323,312,312,3501,2011,0.918174665617624
24-25-75,fixed,2025-07-07,privacy,2,1,128,149,63,63,214,86,0.7725631768953068
24-25-75,fixed,2025-07-14,billing,8,2,1393,3024,432,432,3985,2592,0.9021960606746661
24-25-75,fixed,2025-07-14,technical,8,3,1449,3501,312,312,4638,3189,0.936969696969697
24-25-75,fixed,2025-07-14,privacy,2,1,134,214,63,63,285,151,0.8189655172413793
24-25-75,fixed,2025-07-21,billing,8,2,1441,3985,432,432,4994,3553,0.9203833394765942
24-25-75,fixed,2025-07-21,technical,8,3,1416,4638,312,312,5742,4326,0.9484638255698712
24-25-75,fixed,2025-07-21,privacy,2,1,146,285,63,63,368,222,0.8538283062645011
24-25-75,fixed,2025-07-28,billing,8,2,1549,4994,432,432,6111,4562,0.9339752407152683
24-25-75,fixed,2025-07-28,technical,8,3,1452,5742,312,312,6882,5430,0.9566305254378649
24-25-75,fixed,2025-07-28,privacy,2,1,158,368,63,63,463,305,0.8802281368821293
24-25-75,fixed,2025-08-04,billing,8,2,1592,6111,432,432,7271,5679,0.943917954043879
24-25-75,fixed,2025-08-04,technical,8,3,1516,6882,312,312,8086,6570,0.9628482972136223
24-25-75,fixed,2025-08-04,privacy,2,1,172,463,63,63,572,400,0.9007874015748032
24-25-75,fixed,2025-08-11,billing,8,2,1442,7271,432,432,8281,6839,0.9504189142660393
24-25-75,fixed,2025-08-11,technical,8,3,1502,8086,312,312,9276,7774,0.967459324155194
24-25-75,fixed,2025-08-11,privacy,2,1,151,572,63,63,660,509,0.9128630705394191
24-25-75,fixed,2025-08-18,billing,8,2,1442,8281,432,432,9291,7849,0.9555692687442148
24-25-75,fixed,2025-08-18,technical,8,3,1369,9276,312,312,10333,8964,0.9706904650070456
24-25-75,fixed,2025-08-18,privacy,2,1,165,660,63,63,762,597,0.9236363636363636
24-25-75,fixed,2025-08-25,billing,8,2,1489,9291,432,432,10348,8859,0.9599257884972171
24-25-75,fixed,2025-08-25,technical,8,3,1275,10333,312,312,11296,10021,0.9731219848380427
24-25-75,fixed,2025-08-25,privacy,2,1,130,762,63,63,829,699,0.929372197309417
24-25-75,fixed,2025-09-01,billing,8,2,1465,10348,432,432,11381,9916,0.9634301193600271
24-25-75,fixed,2025-09-01,technical,8,3,1258,11296,312,312,12242,10984,0.9751473633901545
24-25-75,fixed,2025-09-01,privacy,2,1,106,829,63,63,872,766,0.932620320855615
24-25-75,fixed,2025-09-08,billing,8,2,1506,11381,432,432,12455,10949,0.9664778458912082
24-25-75,fixed,2025-09-08,technical,8,3,1327,12242,312,312,13257,11930,0.977006411673668
24-25-75,fixed,2025-09-08,privacy,2,1,114,872,63,63,923,809,0.936105476673428
24-25-75,adaptive,2025-06-23,billing,8,2,1510,0,432,432,1078,0,0.713907284768212
24-25-75,adaptive,2025-06-23,technical,8,4,1591,0,336,336,1255,0,0.7888120678818353
24-25-75,adaptive,2025-06-23,privacy,2,0,152,0,45,45,107,0,0.7039473684210527
24-25-75,adaptive,2025-06-30,billing,8,2,1238,1078,432,432,1884,646,0.8134715025906736
24-25-75,adaptive,2025-06-30,technical,8,4,1356,1255,336,336,2275,919,0.871313672922252
24-25-75,adaptive,2025-06-30,privacy,2,0,123,107,45,45,185,62,0.8043478260869565
24-25-75,adaptive,2025-07-07,billing,8,2,1572,1884,432,432,3024,1452,0.875
24-25-75,adaptive,2025-07-07,technical,8,4,1490,2275,336,336,3429,1939,0.9107569721115538
24-25-75,adaptive,2025-07-07,privacy,2,0,128,185,45,45,268,140,0.8562300319488818
24-25-75,adaptive,2025-07-14,billing,8,2,1393,3024,432,432,3985,2592,0.9021960606746661
24-25-75,adaptive,2025-07-14,technical,8,4,1449,3429,336,336,4542,3093,0.931119311193112
24-25-75,adaptive,2025-07-14,privacy,2,0,134,268,45,45,357,223,0.8880597014925373
24-25-75,adaptive,2025-07-21,billing,8,2,1441,3985,432,432,4994,3553,0.9203833394765942
24-25-75,adaptive,2025-07-21,technical,8,4,1416,4542,336,336,5622,4206,0.9436052366565961
24-25-75,adaptive,2025-07-21,privacy,2,0,146,357,45,45,458,312,0.9105367793240556
24-25-75,adaptive,2025-07-28,billing,8,2,1549,4994,432,432,6111,4562,0.9339752407152683
24-25-75,adaptive,2025-07-28,technical,8,4,1452,5622,336,336,6738,5286,0.9525021204410518
24-25-75,adaptive,2025-07-28,privacy,2,0,158,458,45,45,571,413,0.926948051948052
24-25-75,adaptive,2025-08-04,billing,8,2,1592,6111,432,432,7271,5679,0.943917954043879
24-25-75,adaptive,2025-08-04,technical,8,4,1516,6738,336,336,7918,6402,0.9592924642597529
24-25-75,adaptive,2025-08-04,privacy,2,0,172,571,45,45,698,526,0.9394347240915208
24-25-75,adaptive,2025-08-11,billing,8,2,1442,7271,432,432,8281,6839,0.9504189142660393
24-25-75,adaptive,2025-08-11,technical,8,4,1502,7918,336,336,9084,7582,0.9643312101910828
24-25-75,adaptive,2025-08-11,privacy,2,0,151,698,45,45,804,653,0.9469964664310954
24-25-75,adaptive,2025-08-18,billing,8,2,1442,8281,432,432,9291,7849,0.9555692687442148
24-25-75,adaptive,2025-08-18,technical,8,4,1369,9084,336,336,10117,8748,0.9678561178609012
24-25-75,adaptive,2025-08-18,privacy,2,0,165,804,45,45,924,759,0.9535603715170279
24-25-75,adaptive,2025-08-25,billing,8,2,1489,9291,432,432,10348,8859,0.9599257884972171
24-25-75,adaptive,2025-08-25,technical,8,4,1275,10117,336,336,11056,9781,0.9705056179775281
24-25-75,adaptive,2025-08-25,privacy,2,0,130,924,45,45,1009,879,0.9573055028462998
24-25-75,adaptive,2025-09-01,billing,8,2,1465,10348,432,432,11381,9916,0.9634301193600271
24-25-75,adaptive,2025-09-01,technical,8,4,1258,11056,336,336,11978,10720,0.9727139840831573
24-25-75,adaptive,2025-09-01,privacy,2,0,106,1009,45,45,1070,964,0.9596412556053812
24-25-75,adaptive,2025-09-08,billing,8,2,1506,11381,432,432,12455,10949,0.9664778458912082
24-25-75,adaptive,2025-09-08,technical,8,4,1327,11978,336,336,12969,11642,0.9747463359639233
24-25-75,adaptive,2025-09-08,privacy,2,0,114,1070,45,45,1139,1025,0.9619932432432432
24-25-75,optimized,2025-06-23,billing,8,0,1510,0,360,360,1150,0,0.7615894039735099
24-25-75,optimized,2025-06-23,technical,8,6,1591,0,384,384,1207,0,0.7586423632935261
24-25-75,optimized,2025-06-23,privacy,2,0,152,0,45,45,107,0,0.7039473684210527
24-25-75,optimized,2025-06-30,billing,8,0,1238,1150,360,360,2028,790,0.8492462311557789
24-25-75,optimized,2025-06-30,technical,8,6,1356,1207,384,384,2179,823,0.8501755754974639
24-25-75,optimized,2025-06-30,privacy,2,0,123,107,45,45,185,62,0.8043478260869565
24-25-75,optimized,2025-07-07,billing,8,0,1572,2028,360,360,3240,1668,0.9
24-25-75,optimized,2025-07-07,technical,8,6,1490,2179,384,384,3285,1795,0.8953393295175798
24-25-75,optimized,2025-07-07,privacy,2,0,128,185,45,45,268,140,0.8562300319488818
24-25-75,optimized,2025-07-14,billing,8,1,1393,3240,396,396,4237,2844,0.9145262249082667
24-25-75,optimized,2025-07-14,technical,8,5,1449,3285,360,360,4374,2925,0.9239543726235742
24-25-75,optimized,2025-07-14,privacy,2,0,134,268,45,45,357,223,0.8880597014925373
24-25-75,optimized,2025-07-21,billing,8,0,1441,4237,360,360,5318,3877,0.9365973934483973
24-25-75,optimized,2025-07-21,technical,8,6,1416,4374,384,384,5406,3990,0.933678756476684
24-25-75,optimized,2025-07-21,privacy,2,0,146,357,45,45,458,312,0.9105367793240556
24-25-75,optimized,2025-07-28,billing,8,0,1549,5318,360,360,6507,4958,0.9475753604193972
24-25-75,optimized,2025-07-28,technical,8,6,1452,5406,384,384,6474,5022,0.9440069991251093
24-25-75,optimized,2025-07-28,privacy,2,0,158,458,45,45,571,413,0.926948051948052
24-25-75,optimized,2025-08-04,billing,8,1,1592,6507,396,396,7703,6111,0.9511050747005804
24-25-75,optimized,2025-08-04,technical,8,5,1516,6474,360,360,7630,6114,0.9549436795994993
24-25-75,optimized,2025-08-04,privacy,2,0,172,571,45,45,698,526,0.9394347240915208
24-25-75,optimized,2025-08-11,billing,8,1,1442,7703,396,396,8749,7307,0.9566976489885183
24-25-75,optimized,2025-08-11,technical,8,5,1502,7630,360,360,8772,7270,0.9605781865965834
24-25-75,optimized,2025-08-11,privacy,2,0,151,698,45,45,804,653,0.9469964664310954
24-25-75,optimized,2025-08-18,billing,8,0,1442,8749,360,360,9831,8389,0.964674712982043
24-25-75,optimized,2025-08-18,technical,8,6,1369,8772,384,384,9757,8388,0.9621339118430136
24-25-75,optimized,2025-08-18,privacy,2,0,165,804,45,45,924,759,0.9535603715170279
24-25-75,optimized,2025-08-25,billing,8,1,1489,9831,396,396,10924,9435,0.9650176678445229
24-25-75,optimized,2025-08-25,technical,8,5,1275,9757,360,360,10672,9397,0.9673676577229877
24-25-75,optimized,2025-08-25,privacy,2,0,130,924,45,45,1009,879,0.9573055028462998
24-25-75,optimized,2025-09-01,billing,8,1,1465,10924,396,396,11993,10528,0.9680361611106627
24-25-75,optimized,2025-09-01,technical,8,5,1258,10672,360,360,11570,10312,0.9698239731768651
24-25-75,optimized,2025-09-01,privacy,2,0,106,1009,45,45,1070,964,0.9596412556053812
24-25-75,optimized,2025-09-08,billing,8,1,1506,11993,396,396,13103,11597,0.9706644936661974
24-25-75,optimized,2025-09-08,technical,8,5,1327,11570,360,360,12537,11210,0.9720865317515701
24-25-75,optimized,2025-09-08,privacy,2,0,114,1070,45,45,1139,1025,0.9619932432432432
24-25-75,hindsight,2025-06-23,billing,8,0,1510,0,360,360,1150,0,0.7615894039735099
24-25-75,hindsight,2025-06-23,technical,8,6,1591,0,384,384,1207,0,0.7586423632935261
24-25-75,hindsight,2025-06-23,privacy,2,0,152,0,45,45,107,0,0.7039473684210527
24-25-75,hindsight,2025-06-30,billing,8,0,1238,1150,360,360,2028,790,0.8492462311557789
24-25-75,hindsight,2025-06-30,technical,8,6,1356,1207,384,384,2179,823,0.8501755754974639
24-25-75,hindsight,2025-06-30,privacy,2,0,123,107,45,45,185,62,0.8043478260869565
24-25-75,hindsight,2025-07-07,billing,8,0,1572,2028,360,360,3240,1668,0.9
24-25-75,hindsight,2025-07-07,technical,8,6,1490,2179,384,384,3285,1795,0.8953393295175798
24-25-75,hindsight,2025-07-07,privacy,2,0,128,185,45,45,268,140,0.8562300319488818
24-25-75,hindsight,2025-07-14,billing,8,0,1393,3240,360,360,4273,2880,0.9222965680984243
24-25-75,hindsight,2025-07-14,technical,8,6,1449,3285,384,384,4350,2901,0.9188846641318125
24-25-75,hindsight,2025-07-14,privacy,2,0,134,268,45,45,357,223,0.8880597014925373
24-25-75,hindsight,2025-07-21,billing,8,0,1441,4273,360,360,5354,3913,0.9369968498424921
24-25-75,hindsight,2025-07-21,technical,8,6,1416,4350,384,384,5382,3966,0.9334027055150884
24-25-75,hindsight,2025-07-21,privacy,2,0,146,357,45,45,458,312,0.9105367793240556
24-25-75,hindsight,2025-07-28,billing,8,1,1549,5354,396,396,6507,4958,0.9426336375488917
24-25-75,hindsight,2025-07-28,technical,8,5,1452,5382,360,360,6474,5022,0.9473222124670764
24-25-75,hindsight,2025-07-28,privacy,2,0,158,458,45,45,571,413,0.926948051948052
24-25-75,hindsight,2025-08-04,billing,8,1,1592,6507,396,396,7703,6111,0.9511050747005804
24-25-75,hindsight,2025-08-04,technical,8,5,1516,6474,360,360,7630,6114,0.9549436795994993
24-25-75,hindsight,2025-08-04,privacy,2,0,172,571,45,45,698,526,0.9394347240915208
24-25-75,hindsight,2025-08-11,billing,8,1,1442,7703,396,396,8749,7307,0.9566976489885183
24-25-75,hindsight,2025-08-11,technical,8,5,1502,7630,360,360,8772,7270,0.9605781865965834
24-25-75,hindsight,2025-08-11,privacy,2,0,151,698,45,45,804,653,0.9469964664310954
24-25-75,hindsight,2025-08-18,billing,8,1,1442,8749,396,396,9795,8353,0.9611421842802472
24-25-75,hindsight,2025-08-18,technical,8,5,1369,8772,360,360,9781,8412,0.9645005423528251
24-25-75,hindsight,2025-08-18,privacy,2,0,165,804,45,45,924,759,0.9535603715170279
24-25-75,hindsight,2025-08-25,billing,8,1,1489,9795,396,396,10888,9399,0.9649060616802553
24-25-75,hindsight,2025-08-25,technical,8,5,1275,9781,360,360,10696,9421,0.967438494934877
24-25-75,hindsight,2025-08-25,privacy,2,0,130,924,45,45,1009,879,0.9573055028462998
24-25-75,hindsight,2025-09-01,billing,8,1,1465,10888,396,396,11957,10492,0.9679430097951914
24-25-75,hindsight,2025-09-01,technical,8,5,1258,10696,360,360,11594,10336,0.9698845574703028
24-25-75,hindsight,2025-09-01,privacy,2,0,106,1009,45,45,1070,964,0.9596412556053812
24-25-75,hindsight,2025-09-08,billing,8,1,1506,11957,396,396,13067,11561,0.9705860506573571
24-25-75,hindsight,2025-09-08,technical,8,5,1327,11594,360,360,12561,11234,0.9721383793824008
24-25-75,hindsight,2025-09-08,privacy,2,0,114,1070,45,45,1139,1025,0.9619932432432432
24-25-100,fixed,2025-06-23,billing,8,2,1510,0,576,576,934,0,0.6185430463576159
24-25-100,fixed,2025-06-23,technical,8,3,1591,0,416,416,1175,0,0.73852922690132
24-25-100,fixed,2025-06-23,privacy,2,1,152,0,84,84,68,0,0.4473684210526316
24-25-100,fixed,2025-06-30,billing,8,2,1238,934,576,576,1596,358,0.7348066298342542
24-25-100,fixed,2025-06-30,technical,8,3,1356,1175,416,416,2115,759,0.8356380877123667
24-25-100,fixed,2025-06-30,privacy,2,1,123,68,84,84,107,0,0.5602094240837696
24-25-100,fixed,2025-07-07,billing,8,2,1572,1596,576,576,2592,1020,0.8181818181818182
24-25-100,fixed,2025-07-07,technical,8,3,1490,2115,416,416,3189,1699,0.8846047156726768
24-25-100,fixed,2025-07-07,privacy,2,1,128,107,84,84,151,23,0.6425531914893617
24-25-100,fixed,2025-07-14,billing,8,2,1393,2592,576,576,3409,2016,0.8554579673776662
24-25-100,fixed,2025-07-14,technical,8,3,1449,3189,416,416,4222,2773,0.9103061664510564
24-25-100,fixed,2025-07-14,privacy,2,1,134,151,84,84,201,67,0.7052631578947368
24-25-100,fixed,2025-07-21,billing,8,2,1441,3409,576,576,4274,2833,0.8812371134020619
24-25-100,fixed,2025-07-21,technical,8,3,1416,4222,416,416,5222,3806,0.9262149698474637
24-25-100,fixed,2025-07-21,privacy,2,1,146,201,84,84,263,117,0.7579250720461095
24-25-100,fixed,2025-07-28,billing,8,2,1549,4274,576,576,5247,3698,0.9010819165378671
24-25-100,fixed,2025-07-28,technical,8,3,1452,5222,416,416,6258,4806,0.9376685645789632
24-25-100,fixed,2025-07-28,privacy,2,1,158,263,84,84,337,179,0.8004750593824228
24-25-100,fixed,2025-08-04,billing,8,2,1592,5247,576,576,6263,4671,0.9157771604035678
24-25-100,fixed,2025-08-04,technical,8,3,1516,6258,416,416,7358,5842,0.9464882943143813
24-25-100,fixed,2025-08-04,privacy,2,1,172,337,84,84,425,253,0.8349705304518664
24-25-100,fixed,2025-08-11,billing,8,2,1442,6263,576,576,7129,5687,0.9252433484750162
24-25-100,fixed,2025-08-11,technical,8,3,1502,7358,416,416,8444,6942,0.9530474040632054
24-25-100,fixed,2025-08-11,privacy,2,1,151,425,84,84,492,341,0.8541666666666666
24-25-100,fixed,2025-08-18,billing,8,2,1442,7129,576,576,7995,6553,0.9327966398319916
24-25-100,fixed,2025-08-18,technical,8,3,1369,8444,416,416,9397,8028,0.9576072556812392
24-25-100,fixed,2025-08-18,privacy,2,1,165,492,84,84,573,408,0.8721461187214612
24-25-100,fixed,2025-08-25,billing,8,2,1489,7995,576,576,8908,7419,0.9392661324335724
24-25-100,fixed,2025-08-25,technical,8,3,1275,9397,416,416,10256,8981,0.9610194902548725
24-25-100,fixed,2025-08-25,privacy,2,1,130,573,84,84,619,489,0.8805120910384068
24-25-100,fixed,2025-09-01,billing,8,2,1465,8908,576,576,9797,8332,0.9444712233683602
24-25-100,fixed,2025-09-01,technical,8,3,1258,10256,416,416,11098,9840,0.9638700712176481
24-25-100,fixed,2025-09-01,privacy,2,1,106,619,84,84,641,535,0.8841379310344828
24-25-100,fixed,2025-09-08,billing,8,2,1506,9797,576,576,10727,9221,0.9490400778554366
24-25-100,fixed,2025-09-08,technical,8,3,1327,11098,416,416,12009,10682,0.9665191146881288
24-25-100,fixed,2025-09-08,privacy,2,1,114,641,84,84,671,557,0.8887417218543047
24-25-100,adaptive,2025-06-23,billing,8,2,1510,0,576,576,934,0,0.6185430463576159
24-25-100,adaptive,2025-06-23,technical,8,4,1591,0,448,448,1143,0,0.7184160905091138
24-25-100,adaptive,2025-06-23,privacy,2,0,152,0,60,60,92,0,0.6052631578947368
24-25-100,adaptive,2025-06-30,billing,8,2,1238,934,576,576,1596,358,0.7348066298342542
24-25-100,adaptive,2025-06-30,technical,8,4,1356,1143,448,448,2051,695,0.8207282913165266
24-25-100,adaptive,2025-06-30,privacy,2,0,123,92,60,60,155,32,0.7209302325581395
24-25-100,adaptive,2025-07-07,billing,8,2,1572,1596,576,576,2592,1020,0.8181818181818182
24-25-100,adaptive,2025-07-07,technical,8,4,1490,2051,448,448,3093,1603,0.8734820672126518
24-25-100,adaptive,2025-07-07,privacy,2,0,128,155,60,60,223,95,0.7879858657243817
24-25-100,adaptive,2025-07-14,billing,8,2,1393,2592,576,576,3409,2016,0.8554579673776662
24-25-100,adaptive,2025-07-14,technical,8,4,1449,3093,448,448,4094,2645,0.9013650374284456
24-25-100,adaptive,2025-07-14,privacy,2,0,134,223,60,60,297,163,0.8319327731092437
24-25-100,adaptive,2025-07-21,billing,8,2,1441,3409,576,576,4274,2833,0.8812371134020619
24-25-100,adaptive,2025-07-21,technical,8,4,1416,4094,448,448,5062,3646,0.9186932849364792
24-25-100,adaptive,2025-07-21,privacy,2,0,146,297,60,60,383,237,0.8645598194130926
24-25-100,adaptive,2025-07-28,billing,8,2,1549,4274,576,576,5247,3698,0.9010819165378671
24-25-100,adaptive,2025-07-28,technical,8,4,1452,5062,448,448,6066,4614,0.9312250537304267
24-25-100,adaptive,2025-07-28,privacy,2,0,158,383,60,60,481,323,0.88909426987061
24-25-100,adaptive,2025-08-04,billing,8,2,1592,5247,576,576,6263,4671,0.9157771604035678
24-25-100,adaptive,2025-08-04,technical,8,4,1516,6066,448,448,7134,5618,0.9409126879451332
24-25-100,adaptive,2025-08-04,privacy,2,0,172,481,60,60,593,421,0.9081163859111792
24-25-100,adaptive,2025-08-11,billing,8,2,1442,6263,576,576,7129,5687,0.9252433484750162
24-25-100,adaptive,2025-08-11,technical,8,4,1502,7134,448,448,8188,6686,0.9481241315423807
24-25-100,adaptive,2025-08-11,privacy,2,0,151,593,60,60,684,533,0.9193548387096774
24-25-100,adaptive,2025-08-18,billing,8,2,1442,7129,576,576,7995,6553,0.9327966398319916
24-25-100,adaptive,2025-08-18,technical,8,4,1369,8188,448,448,9109,7740,0.9531233650727216
24-25-100,adaptive,2025-08-18,privacy,2,0,165,684,60,60,789,624,0.9293286219081273
24-25-100,adaptive,2025-08-25,billing,8,2,1489,7995,576,576,8908,7419,0.9392661324335724
24-25-100,adaptive,2025-08-25,technical,8,4,1275,9109,448,448,9936,8661,0.9568567026194145
24-25-100,adaptive,2025-08-25,privacy,2,0,130,789,60,60,859,729,0.9347116430903155
24-25-100,adaptive,2025-09-01,billing,8,2,1465,8908,576,576,9797,8332,0.9444712233683602
24-25-100,adaptive,2025-09-01,technical,8,4,1258,9936,448,448,10746,9488,0.9599785599428265
24-25-100,adaptive,2025-09-01,privacy,2,0,106,859,60,60,905,799,0.9378238341968912
24-25-100,adaptive,2025-09-08,billing,8,2,1506,9797,576,576,10727,9221,0.9490400778554366
24-25-100,adaptive,2025-09-08,technical,8,4,1327,10746,448,448,11625,10298,0.9628924045390541
24-25-100,adaptive,2025-09-08,privacy,2,0,114,905,60,60,959,845,0.9411187438665358
24-25-100,optimized,2025-06-23,billing,8,0,1510,0,480,480,1030,0,0.6821192052980133
24-25-100,optimized,2025-06-23,technical,8,6,1591,0,512,512,1079,0,0.6781898177247014
24-25-100,optimized,2025-06-23,privacy,2,0,152,0,60,60,92,0,0.6052631578947368
24-25-100,optimized,2025-06-30,billing,8,0,1238,1030,480,480,1788,550,0.7883597883597884
24-25-100,optimized,2025-06-30,technical,8,6,1356,1079,512,512,1923,567,0.7897330595482546
24-25-100,optimized,2025-06-30,privacy,2,0,123,92,60,60,155,32,0.7209302325581395
24-25-100,optimized,2025-07-07,billing,8,0,1572,1788,480,480,2880,1308,0.8571428571428571
24-25-100,optimized,2025-07-07,technical,8,6,1490,1923,512,512,2901,1411,0.8499853501318488
24-25-100,optimized,2025-07-07,privacy,2,0,128,155,60,60,223,95,0.7879858657243817
24-25-100,optimized,2025-07-14,billing,8,1,1393,2880,528,528,3745,2352,0.876433419143459
24-25-100,optimized,2025-07-14,technical,8,5,1449,2901,480,480,3870,2421,0.8896551724137931
24-25-100,optimized,2025-07-14,privacy,2,0,134,223,60,60,297,163,0.8319327731092437
24-25-100,optimized,2025-07-21,billing,8,0,1441,3745,480,480,4706,3265,0.9074431160817585
24-25-100,optimized,2025-07-21,technical,8,6,1416,3870,512,512,4774,3358,0.903140370790768
24-25-100,optimized,2025-07-21,privacy,2,0,146,297,60,60,383,237,0.8645598194130926
24-25-100,optimized,2025-07-28,billing,8,0,1549,4706,480,480,5775,4226,0.9232613908872902
24-25-100,optimized,2025-07-28,technical,8,6,1452,4774,512,512,5714,4262,0.9177642145840026
24-25-100,optimized,2025-07-28,privacy,2,0,158,383,60,60,481,323,0.88909426987061
24-25-100,optimized,2025-08-04,billing,8,1,1592,5775,528,528,6839,5247,0.9283290348852993
24-25-100,optimized,2025-08-04,technical,8,5,1516,5714,480,480,6750,5234,0.9336099585062241
24-25-100,optimized,2025-08-04,privacy,2,0,172,481,60,60,593,421,0.9081163859111792
24-25-100,optimized,2025-08-11,billing,8,1,1442,6839,528,528,7753,6311,0.9362395845912329
24-25-100,optimized,2025-08-11,technical,8,5,1502,6750,480,480,7772,6270,0.941832283082889
24-25-100,optimized,2025-08-11,privacy,2,0,151,593,60,60,684,533,0.9193548387096774
24-25-100,optimized,2025-08-18,billing,8,0,1442,7753,480,480,8715,7273,0.9477977161500816
24-25-100,optimized,2025-08-18,technical,8,6,1369,7772,512,512,8629,7260,0.9439886226889836
24-25-100,optimized,2025-08-18,privacy,2,0,165,684,60,60,789,624,0.9293286219081273
24-25-100,optimized,2025-08-25,billing,8,1,1489,8715,528,528,9676,8187,0.9482555860446884
24-25-100,optimized,2025-08-25,technical,8,5,1275,8629,480,480,9424,8149,0.9515347334410339
24-25-100,optimized,2025-08-25,privacy,2,0,130,789,60,60,859,729,0.9347116430903155
24-25-100,optimized,2025-09-01,billing,8,1,1465,9676,528,528,10613,9148,0.9526074858630285
24-25-100,optimized,2025-09-01,technical,8,5,1258,9424,480,480,10202,8944,0.9550645946451976
24-25-100,optimized,2025-09-01,privacy,2,0,106,859,60,60,905,799,0.9378238341968912
24-25-100,optimized,2025-09-08,billing,8,1,1506,10613,528,528,11591,10085,0.956432048848915
24-25-100,optimized,2025-09-08,technical,8,5,1327,10202,480,480,11049,9722,0.9583658600052043
24-25-100,optimized,2025-09-08,privacy,2,0,114,905,60,60,959,845,0.9411187438665358
24-25-100,hindsight,2025-06-23,billing,8,0,1510,0,480,480,1030,0,0.6821192052980133
24-25-100,hindsight,2025-06-23,technical,8,6,1591,0,512,512,1079,0,0.6781898177247014
24-25-100,hindsight,2025-06-23,privacy,2,0,152,0,60,60,92,0,0.6052631578947368
24-25-100,hindsight,2025-06-30,billing,8,0,1238,1030,480,480,1788,550,0.7883597883597884
24-25-100,hindsight,2025-06-30,technical,8,6,1356,1079,512,512,1923,567,0.7897330595482546
24-25-100,hindsight,2025-06-30,privacy,2,0,123,92,60,60,155,32,0.7209302325581395
24-25-100,hindsight,2025-07-07,billing,8,0,1572,1788,480,480,2880,1308,0.8571428571428571
24-25-100,hindsight,2025-07-07,technical,8,6,1490,1923,512,512,2901,1411,0.8499853501318488
24-25-100,hindsight,2025-07-07,privacy,2,0,128,155,60,60,223,95,0.7879858657243817
24-25-100,hindsight,2025-07-14,billing,8,0,1393,2880,480,480,3793,2400,0.8876667446758717
24-25-100,hindsight,2025-07-14,technical,8,6,1449,2901,512,512,3838,2389,0.8822988505747127
24-25-100,hindsight,2025-07-14,privacy,2,0,134,223,60,60,297,163,0.8319327731092437
24-25-100,hindsight,2025-07-21,billing,8,0,1441,3793,480,480,4754,3313,0.9082919373328239
24-25-100,hindsight,2025-07-21,technical,8,6,1416,3838,512,512,4742,3326,0.9025504377617054
24-25-100,hindsight,2025-07-21,privacy,2,0,146,297,60,60,383,237,0.8645598194130926
24-25-100,hindsight,2025-07-28,billing,8,1,1549,4754,528,528,5775,4226,0.9162303664921466
24-25-100,hindsight,2025-07-28,technical,8,5,1452,4742,480,480,5714,4262,0.9225056506296416
24-25-100,hindsight,2025-07-28,privacy,2,0,158,383,60,60,481,323,0.88909426987061
24-25-100,hindsight,2025-08-04,billing,8,1,1592,5775,528,528,6839,5247,0.9283290348852993
24-25-100,hindsight,2025-08-04,technical,8,5,1516,5714,480,480,6750,5234,0.9336099585062241
24-25-100,hindsight,2025-08-04,privacy,2,0,172,481,60,60,593,421,0.9081163859111792
24-25-100,hindsight,2025-08-11,billing,8,1,1442,6839,528,528,7753,6311,0.9362395845912329
24-25-100,hindsight,2025-08-11,technical,8,5,1502,6750,480,480,7772,6270,0.941832283082889
24-25-100,hindsight,2025-08-11,privacy,2,0,151,593,60,60,684,533,0.9193548387096774
24-25-100,hindsight,2025-08-18,billing,8,1,1442,7753,528,528,8667,7225,0.9425774877650898
24-25-100,hindsight,2025-08-18,technical,8,5,1369,7772,480,480,8661,7292,0.9474893337709223
24-25-100,hindsight,2025-08-18,privacy,2,0,165,684,60,60,789,624,0.9293286219081273
24-25-100,hindsight,2025-08-25,billing,8,1,1489,8667,528,528,9628,8139,0.9480110279637652
24-25-100,hindsight,2025-08-25,technical,8,5,1275,8661,480,480,9456,8181,0.9516908212560387
24-25-100,hindsight,2025-08-25,privacy,2,0,130,789,60,60,859,729,0.9347116430903155
24-25-100,hindsight,2025-09-01,billing,8,1,1465,9628,528,528,10565,9100,0.9524024159379789
24-25-100,hindsight,2025-09-01,technical,8,5,1258,9456,480,480,10234,8976,0.9551988053014747
24-25-100,hindsight,2025-09-01,privacy,2,0,106,859,60,60,905,799,0.9378238341968912
24-25-100,hindsight,2025-09-08,billing,8,1,1506,10565,528,528,11543,10037,0.9562588020876481
24-25-100,hindsight,2025-09-08,technical,8,5,1327,10234,480,480,11081,9754,0.9584811002508433
24-25-100,hindsight,2025-09-08,privacy,2,0,114,905,60,60,959,845,0.9411187438665358
24-25-125,fixed,2025-06-23,billing,8,2,1510,0,720,720,790,0,0.5231788079470199
24-25-125,fixed,2025-06-23,technical,8,3,1591,0,520,520,1071,0,0.6731615336266499
24-25-125,fixed,2025-06-23,privacy,2,1,152,0,105,105,47,0,0.3092105263157895
24-25-125,fixed,2025-06-30,billing,8,2,1238,790,720,720,1308,70,0.6449704142011834
24-25-125,fixed,2025-06-30,technical,8,3,1356,1071,520,520,1907,551,0.7857437165224557
24-25-125,fixed,2025-06-30,privacy,2,1,123,47,105,105,65,0,0.38235294117647056
24-25-125,fixed,2025-07-07,billing,8,2,1572,1308,720,720,2160,588,0.75
24-25-125,fixed,2025-07-07,technical,8,3,1490,1907,520,520,2877,1387,0.8469237562555195
24-25-125,fixed,2025-07-07,privacy,2,1,128,65,105,105,88,0,0.45595854922279794
24-25-125,fixed,2025-07-14,billing,8,2,1393,2160,720,720,2833,1440,0.7973543484379397
24-25-125,fixed,2025-07-14,technical,8,3,1449,2877,520,520,3806,2357,0.8797965788257051
24-25-125,fixed,2025-07-14,privacy,2,1,134,88,105,105,117,0,0.527027027027027
24-25-125,fixed,2025-07-21,billing,8,2,1441,2833,720,720,3554,2113,0.8315395414131961
24-25-125,fixed,2025-07-21,technical,8,3,1416,3806,520,520,4702,3286,0.9004212945231712
24-25-125,fixed,2025-07-21,privacy,2,1,146,117,105,105,158,12,0.6007604562737643
24-25-125,fixed,2025-07-28,billing,8,2,1549,3554,720,720,4383,2834,0.8589065255731922
24-25-125,fixed,2025-07-28,technical,8,3,1452,4702,520,520,5634,4182,0.9155021124471888
24-25-125,fixed,2025-07-28,privacy,2,1,158,158,105,105,211,53,0.6677215189873418
24-25-125,fixed,2025-08-04,billing,8,2,1592,4383,720,720,5255,3663,0.8794979079497908
24-25-125,fixed,2025-08-04,technical,8,3,1516,5634,520,520,6630,5114,0.9272727272727272
24-25-125,fixed,2025-08-04,privacy,2,1,172,211,105,105,278,106,0.7258485639686684
24-25-125,fixed,2025-08-11,billing,8,2,1442,5255,720,720,5977,4535,0.89248917425713
24-25-125,fixed,2025-08-11,technical,8,3,1502,6630,520,520,7612,6110,0.9360550909985244
24-25-125,fixed,2025-08-11,privacy,2,1,151,278,105,105,324,173,0.7552447552447552
24-25-125,fixed,2025-08-18,billing,8,2,1442,5977,720,720,6699,5257,0.9029518803073191
24-25-125,fixed,2025-08-18,technical,8,3,1369,7612,520,520,8461,7092,0.9420999888653825
24-25-125,fixed,2025-08-18,privacy,2,1,165,324,105,105,384,219,0.7852760736196319
24-25-125,fixed,2025-08-25,billing,8,2,1489,6699,720,720,7468,5979,0.912066438690767
24-25-125,fixed,2025-08-25,technical,8,3,1275,8461,520,520,9216,7941,0.9465899753492194
24-25-125,fixed,2025-08-25,privacy,2,1,130,384,105,105,409,279,0.7957198443579766
24-25-125,fixed,2025-09-01,billing,8,2,1465,7468,720,720,8213,6748,0.9193999776111049
24-25-125,fixed,2025-09-01,technical,8,3,1258,9216,520,520,9954,8696,0.9503532556807333
24-25-125,fixed,2025-09-01,privacy,2,1,106,409,105,105,410,304,0.7961165048543689
24-25-125,fixed,2025-09-08,billing,8,2,1506,8213,720,720,8999,7493,0.9259183043522996
24-25-125,fixed,2025-09-08,technical,8,3,1327,9954,520,520,10761,9434,0.9539047956741423
24-25-125,fixed,2025-09-08,privacy,2,1,114,410,105,105,419,305,0.799618320610687
24-25-125,adaptive,2025-06-23,billing,8,2,1510,0,720,720,790,0,0.5231788079470199
24-25-125,adaptive,2025-06-23,technical,8,4,1591,0,560,560,1031,0,0.6480201131363922
24-25-125,adaptive,2025-06-23,privacy,2,0,152,0,75,75,77,0,0.506578947368421
24-25-125,adaptive,2025-06-30,billing,8,2,1238,790,720,720,1308,70,0.6449704142011834
24-25-125,adaptive,2025-06-30,technical,8,4,1356,1031,560,560,1827,471,0.7653958944281525
24-25-125,adaptive,2025-06-30,privacy,2,0,123,77,75,75,125,2,0.625
24-25-125,adaptive,2025-07-07,billing,8,2,1572,1308,720,720,2160,588,0.75
24-25-125,adaptive,2025-07-07,technical,8,4,1490,1827,560,560,2757,1267,0.8311727464576425
24-25-125,adaptive,2025-07-07,privacy,2,0,128,125,75,75,178,50,0.7035573122529645
24-25-125,adaptive,2025-07-14,billing,8,2,1393,2160,720,720,2833,1440,0.7973543484379397
24-25-125,adaptive,2025-07-14,technical,8,4,1449,2757,560,560,3646,2197,0.8668568711364717
24-25-125,adaptive,2025-07-14,privacy,2,0,134,178,75,75,237,103,0.7596153846153846
24-25-125,adaptive,2025-07-21,billing,8,2,1441,2833,720,720,3554,2113,0.8315395414131961
24-25-125,adaptive,2025-07-21,technical,8,4,1416,3646,560,560,4502,3086,0.8893717898064006
24-25-125,adaptive,2025-07-21,privacy,2,0,146,237,75,75,308,162,0.804177545691906
24-25-125,adaptive,2025-07-28,billing,8,2,1549,3554,720,720,4383,2834,0.8589065255731922
24-25-125,adaptive,2025-07-28,technical,8,4,1452,4502,560,560,5394,3942,0.905945582801478
24-25-125,adaptive,2025-07-28,privacy,2,0,158,308,75,75,391,233,0.8390557939914163
24-25-125,adaptive,2025-08-04,billing,8,2,1592,4383,720,720,5255,3663,0.8794979079497908
24-25-125,adaptive,2025-08-04,technical,8,4,1516,5394,560,560,6350,4834,0.918958031837916
24-25-125,adaptive,2025-08-04,privacy,2,0,172,391,75,75,488,316,0.866785079928952
24-25-125,adaptive,2025-08-11,billing,8,2,1442,5255,720,720,5977,4535,0.89248917425713
24-25-125,adaptive,2025-08-11,technical,8,4,1502,6350,560,560,7292,5790,0.9286805909322465
24-25-125,adaptive,2025-08-11,privacy,2,0,151,488,75,75,564,413,0.8826291079812206
24-25-125,adaptive,2025-08-18,billing,8,2,1442,5977,720,720,6699,5257,0.9029518803073191
24-25-125,adaptive,2025-08-18,technical,8,4,1369,7292,560,560,8101,6732,0.9353423392217989
24-25-125,adaptive,2025-08-18,privacy,2,0,165,564,75,75,654,489,0.897119341563786
24-25-125,adaptive,2025-08-25,billing,8,2,1489,6699,720,720,7468,5979,0.912066438690767
24-25-125,adaptive,2025-08-25,technical,8,4,1275,8101,560,560,8816,7541,0.9402730375426621
24-25-125,adaptive,2025-08-25,privacy,2,0,130,654,75,75,709,579,0.9043367346938775
24-25-125,adaptive,2025-09-01,billing,8,2,1465,7468,720,720,8213,6748,0.9193999776111049
24-25-125,adaptive,2025-09-01,technical,8,4,1258,8816,560,560,9514,8256,0.9444113559658527
24-25-125,adaptive,2025-09-01,privacy,2,0,106,709,75,75,740,634,0.9079754601226994
24-25-125,adaptive,2025-09-08,billing,8,2,1506,8213,720,720,8999,7493,0.9259183043522996
24-25-125,adaptive,2025-09-08,technical,8,4,1327,9514,560,560,10281,8954,0.9483442486855456
24-25-125,adaptive,2025-09-08,privacy,2,0,114,740,75,75,779,665,0.9121779859484778
24-25-125,optimized,2025-06-23,billing,8,0,1510,0,600,600,910,0,0.6026490066225165
24-25-125,optimized,2025-06-23,technical,8,6,1591,0,640,640,951,0,0.5977372721558768
24-25-125,optimized,2025-06-23,privacy,2,0,152,0,75,75,77,0,0.506578947368421
24-25-125,optimized,2025-06-30,billing,8,0,1238,910,600,600,1548,310,0.7206703910614525
24-25-125,optimized,2025-06-30,technical,8,6,1356,951,640,640,1667,311,0.7225834416991764
24-25-125,optimized,2025-06-30,privacy,2,0,123,77,75,75,125,2,0.625
24-25-125,optimized,2025-07-07,billing,8,0,1572,1548,600,600,2520,948,0.8076923076923077
24-25-125,optimized,2025-07-07,technical,8,6,1490,1667,640,640,2517,1027,0.7972758948368704
24-25-125,optimized,2025-07-07,privacy,2,0,128,125,75,75,178,50,0.7035573122529645
24-25-125,optimized,2025-07-14,billing,8,1,1393,2520,660,660,3253,1860,0.831331459238436
24-25-125,optimized,2025-07-14,technical,8,5,1449,2517,600,600,3366,1917,0.848714069591528
24-25-125,optimized,2025-07-14,privacy,2,0,134,178,75,75,237,103,0.7596153846153846
24-25-125,optimized,2025-07-21,billing,8,0,1441,3253,600,600,4094,2653,0.8721772475500639
24-25-125,optimized,2025-07-21,technical,8,6,1416,3366,640,640,4142,2726,0.8661647846089502
24-25-125,optimized,2025-07-21,privacy,2,0,146,237,75,75,308,162,0.804177545691906
24-25-125,optimized,2025-07-28,billing,8,0,1549,4094,600,600,5043,3494,0.8936735778841042
24-25-125,optimized,2025-07-28,technical,8,6,1452,4142,640,640,4954,3502,0.8855917053986414
24-25-125,optimized,2025-07-28,privacy,2,0,158,308,75,75,391,233,0.8390557939914163
24-25-125,optimized,2025-08-04,billing,8,1,1592,5043,660,660,5975,4383,0.9005275056518462
24-25-125,optimized,2025-08-04,technical,8,5,1516,4954,600,600,5870,4354,0.9072642967542504
24-25-125,optimized,2025-08-04,privacy,2,0,172,391,75,75,488,316,0.866785079928952
24-25-125,optimized,2025-08-11,billing,8,1,1442,5975,660,660,6757,5315,0.9110152352703249
24-25-125,optimized,2025-08-11,technical,8,5,1502,5870,600,600,6772,5270,0.9186109603906674
24-25-125,optimized,2025-08-11,privacy,2,0,151,488,75,75,564,413,0.8826291079812206
24-25-125,optimized,2025-08-18,billing,8,0,1442,6757,600,600,7599,6157,0.9268203439443835
24-25-125,optimized,2025-08-18,technical,8,6,1369,6772,640,640,7501,6132,0.9213855791671784
24-25-125,optimized,2025-08-18,privacy,2,0,165,564,75,75,654,489,0.897119341563786
24-25-125,optimized,2025-08-25,billing,8,1,1489,7599,660,660,8428,6939,0.9273767605633803
24-25-125,optimized,2025-08-25,technical,8,5,1275,7501,600,600,8176,6901,0.9316317228805834
24-25-125,optimized,2025-08-25,privacy,2,0,130,654,75,75,709,579,0.9043367346938775
24-25-125,optimized,2025-09-01,billing,8,1,1465,8428,660,660,9233,7768,0.9332861619326797
24-25-125,optimized,2025-09-01,technical,8,5,1258,8176,600,600,8834,7576,0.9364002543989824
24-25-125,optimized,2025-09-01,privacy,2,0,106,709,75,75,740,634,0.9079754601226994
24-25-125,optimized,2025-09-08,billing,8,1,1506,9233,660,660,10079,8573,0.9385417636651457
24-25-125,optimized,2025-09-08,technical,8,5,1327,8834,600,600,9561,8234,0.9409506938293475
24-25-125,optimized,2025-09-08,privacy,2,0,114,740,75,75,779,665,0.9121779859484778
24-25-125,hindsight,2025-06-23,billing,8,0,1510,0,600,600,910,0,0.6026490066225165
24-25-125,hindsight,2025-06-23,technical,8,6,1591,0,640,640,951,0,0.5977372721558768
24-25-125,hindsight,2025-06-23,privacy,2,0,152,0,75,75,77,0,0.506578947368421
24-25-125,hindsight,2025-06-30,billing,8,0,1238,910,600,600,1548,310,0.7206703910614525
24-25-125,hindsight,2025-06-30,technical,8,6,1356,951,640,640,1667,311,0.7225834416991764
24-25-125,hindsight,2025-06-30,privacy,2,0,123,77,75,75,125,2,0.625
24-25-125,hindsight,2025-07-07,billing,8,0,1572,1548,600,600,2520,948,0.8076923076923077
24-25-125,hindsight,2025-07-07,technical,8,6,1490,1667,640,640,2517,1027,0.7972758948368704
24-25-125,hindsight,2025-07-07,privacy,2,0,128,125,75,75,178,50,0.7035573122529645
24-25-125,hindsight,2025-07-14,billing,8,0,1393,2520,600,600,3313,1920,0.8466649629440327
24-25-125,hindsight,2025-07-14,technical,8,6,1449,2517,640,640,3326,1877,0.8386283408976298
24-25-125,hindsight,2025-07-14,privacy,2,0,134,178,75,75,237,103,0.7596153846153846
24-25-125,hindsight,2025-07-21,billing,8,1,1441,3313,660,660,4094,2653,0.8611695414387884
24-25-125,hindsight,2025-07-21,technical,8,5,1416,3326,600,600,4142,2726,0.873471109236609
24-25-125,hindsight,2025-07-21,privacy,2,0,146,237,75,75,308,162,0.804177545691906
24-25-125,hindsight,2025-07-28,billing,8,1,1549,4094,660,660,4983,3434,0.8830409356725146
24-25-125,hindsight,2025-07-28,technical,8,5,1452,4142,600,600,4994,3542,0.8927422238112264
24-25-125,hindsight,2025-07-28,privacy,2,0,158,308,75,75,391,233,0.8390557939914163
24-25-125,hindsight,2025-08-04,billing,8,1,1592,4983,660,660,5915,4323,0.8996197718631179
24-25-125,hindsight,2025-08-04,technical,8,5,1516,4994,600,600,5910,4394,0.9078341013824884
24-25-125,hindsight,2025-08-04,privacy,2,0,172,391,75,75,488,316,0.866785079928952
24-25-125,hindsight,2025-08-11,billing,8,0,1442,5915,600,600,6757,5315,0.9184450183498709
24-25-125,hindsight,2025-08-11,technical,8,6,1502,5910,640,640,6772,5270,0.9136535348084188
24-25-125,hindsight,2025-08-11,privacy,2,0,151,488,75,75,564,413,0.8826291079812206
24-25-125,hindsight,2025-08-18,billing,8,1,1442,6757,660,660,7539,6097,0.9195023783388218
24-25-125,hindsight,2025-08-18,technical,8,5,1369,6772,600,600,7541,6172,0.9262989804692299
24-25-125,hindsight,2025-08-18,privacy,2,0,165,564,75,75,654,489,0.897119341563786
24-25-125,hindsight,2025-08-25,billing,8,1,1489,7539,660,660,8368,6879,0.9268941072219761
24-25-125,hindsight,2025-08-25,technical,8,5,1275,7541,600,600,8216,6941,0.9319419237749547
24-25-125,hindsight,2025-08-25,privacy,2,0,130,654,75,75,709,579,0.9043367346938775
24-25-125,hindsight,2025-09-01,billing,8,1,1465,8368,660,660,9173,7708,0.9328790806468016
24-25-125,hindsight,2025-09-01,technical,8,5,1258,8216,600,600,8874,7616,0.9366687777074097
24-25-125,hindsight,2025-09-01,privacy,2,0,106,709,75,75,740,634,0.9079754601226994
24-25-125,hindsight,2025-09-08,billing,8,1,1506,9173,660,660,10019,8513,0.9381964603427287
24-25-125,hindsight,2025-09-08,technical,8,5,1327,8874,600,600,9601,8274,0.9411822370355848
24-25-125,hindsight,2025-09-08,privacy,2,0,114,740,75,75,779,665,0.9121779859484778
24-50-75,fixed,2025-06-23,billing,6,5,1510,0,450,450,1060,0,0.7019867549668874
24-50-75,fixed,2025-06-23,technical,5,6,1591,0,294,294,1297,0,0.8152105593966059
24-50-75,fixed,2025-06-23,privacy,1,1,152,0,40,40,112,0,0.7368421052631579
24-50-75,fixed,2025-06-30,billing,6,5,1238,1060,450,450,1848,610,0.804177545691906
24-50-75,fixed,2025-06-30,technical,5,6,1356,1297,294,294,2359,1003,0.8891820580474934
24-50-75,fixed,2025-06-30,privacy,1,1,123,112,40,40,195,72,0.8297872340425532
24-50-75,fixed,2025-07-07,billing,6,5,1572,1848,450,450,2970,1398,0.868421052631579
24-50-75,fixed,2025-07-07,technical,5,6,1490,2359,294,294,3555,2065,0.9236165237724084
24-50-75,fixed,2025-07-07,privacy,1,1,128,195,40,40,283,155,0.8761609907120743
24-50-75,fixed,2025-07-14,billing,6,5,1393,2970,450,450,3913,2520,0.8968599587439835
24-50-75,fixed,2025-07-14,technical,5,6,1449,3555,294,294,4710,3261,0.9412470023980816
24-50-75,fixed,2025-07-14,privacy,1,1,134,283,40,40,377,243,0.9040767386091128
24-50-75,fixed,2025-07-21,billing,6,5,1441,3913,450,450,4904,3463,0.9159506910720956
24-50-75,fixed,2025-07-21,technical,5,6,1416,4710,294,294,5832,4416,0.9520078354554359
24-50-75,fixed,2025-07-21,privacy,1,1,146,377,40,40,483,337,0.9235181644359465
24-50-75,fixed,2025-07-28,billing,6,5,1549,4904,450,450,6003,4454,0.9302649930264993
24-50-75,fixed,2025-07-28,technical,5,6,1452,5832,294,294,6990,5538,0.9596375617792422
24-50-75,fixed,2025-07-28,privacy,1,1,158,483,40,40,601,443,0.9375975039001561
24-50-75,fixed,2025-08-04,billing,6,5,1592,6003,450,450,7145,5553,0.9407504937458855
24-50-75,fixed,2025-08-04,technical,5,6,1516,6990,294,294,8212,6696,0.9654361627086763
24-50-75,fixed,2025-08-04,privacy,1,1,172,601,40,40,733,561,0.9482535575679172
24-50-75,fixed,2025-08-11,billing,6,5,1442,7145,450,450,8137,6695,0.9475952020496099
24-50-75,fixed,2025-08-11,technical,5,6,1502,8212,294,294,9420,7918,0.9697344039530574
24-50-75,fixed,2025-08-11,privacy,1,1,151,733,40,40,844,693,0.9547511312217195
24-50-75,fixed,2025-08-18,billing,6,5,1442,8137,450,450,9129,7687,0.9530222361415597
24-50-75,fixed,2025-08-18,technical,5,6,1369,9420,294,294,10495,9126,0.972750023171749
24-50-75,fixed,2025-08-18,privacy,1,1,165,844,40,40,969,804,0.9603567888999008
24-50-75,fixed,2025-08-25,billing,6,5,1489,9129,450,450,10168,8679,0.9576191373139951
24-50-75,fixed,2025-08-25,technical,5,6,1275,10495,294,294,11476,10201,0.9750212404418012
24-50-75,fixed,2025-08-25,privacy,1,1,130,969,40,40,1059,929,0.9636032757051866
24-50-75,fixed,2025-09-01,billing,6,5,1465,10168,450,450,11183,9718,0.9613169431788876
24-50-75,fixed,2025-09-01,technical,5,6,1258,11476,294,294,12440,11182,0.9769122035495523
24-50-75,fixed,2025-09-01,privacy,1,1,106,1059,40,40,1125,1019,0.9656652360515021
24-50-75,fixed,2025-09-08,billing,6,5,1506,11183,450,450,12239,10733,0.9645362124674915
24-50-75,fixed,2025-09-08,technical,5,6,1327,12440,294,294,13473,12146,0.9786445848768794
24-50-75,fixed,2025-09-08,privacy,1,1,114,1125,40,40,1199,1085,0.9677158999192897
24-50-75,adaptive,2025-06-23,billing,6,4,1510,0,414,414,1096,0,0.7258278145695364
24-50-75,adaptive,2025-06-23,technical,5,7,1591,0,318,318,1273,0,0.8001257071024512
24-50-75,adaptive,2025-06-23,privacy,1,1,152,0,40,40,112,0,0.7368421052631579
24-50-75,adaptive,2025-06-30,billing,6,4,1238,1096,414,414,1920,682,0.8226221079691517
24-50-75,adaptive,2025-06-30,technical,5,7,1356,1273,318,318,2311,955,0.8790414606314187
24-50-75,adaptive,2025-06-30,privacy,1,1,123,112,40,40,195,72,0.8297872340425532
24-50-75,adaptive,2025-07-07,billing,6,4,1572,1920,414,414,3078,1506,0.8814432989690721
24-50-75,adaptive,2025-07-07,technical,5,7,1490,2311,318,318,3483,1993,0.9163378058405682
24-50-75,adaptive,2025-07-07,privacy,1,1,128,195,40,40,283,155,0.8761609907120743
24-50-75,adaptive,2025-07-14,billing,6,4,1393,3078,414,414,4057,2664,0.907403265488705
24-50-75,adaptive,2025-07-14,technical,5,7,1449,3483,318,318,4614,3165,0.9355231143552312
24-50-75,adaptive,2025-07-14,privacy,1,1,134,283,40,40,377,243,0.9040767386091128
24-50-75,adaptive,2025-07-21,billing,6,4,1441,4057,414,414,5084,3643,0.9246998908694071
24-50-75,adaptive,2025-07-21,technical,5,7,1416,4614,318,318,5712,4296,0.9472636815920398
24-50-75,adaptive,2025-07-21,privacy,1,1,146,377,40,40,483,337,0.9235181644359465
24-50-75,adaptive,2025-07-28,billing,6,4,1549,5084,414,414,6219,4670,0.937584803256445
24-50-75,adaptive,2025-07-28,technical,5,7,1452,5712,318,318,6846,5394,0.9556113902847572
24-50-75,adaptive,2025-07-28,privacy,1,1,158,483,40,40,601,443,0.9375975039001561
24-50-75,adaptive,2025-08-04,billing,6,4,1592,6219,414,414,7397,5805,0.9469978235821278
24-50-75,adaptive,2025-08-04,technical,5,7,1516,6846,318,318,8044,6528,0.9619708203779
24-50-75,adaptive,2025-08-04,privacy,1,1,172,601,40,40,733,561,0.9482535575679172
24-50-75,adaptive,2025-08-11,billing,6,4,1442,7397,414,414,8425,6983,0.9531621224120376
24-50-75,adaptive,2025-08-11,technical,5,7,1502,8044,318,318,9228,7726,0.9666876178504086
24-50-75,adaptive,2025-08-11,privacy,1,1,151,733,40,40,844,693,0.9547511312217195
24-50-75,adaptive,2025-08-18,billing,6,4,1442,8425,414,414,9453,8011,0.958041958041958
24-50-75,adaptive,2025-08-18,technical,5,7,1369,9228,318,318,10279,8910,0.9699915070302916
24-50-75,adaptive,2025-08-18,privacy,1,1,165,844,40,40,969,804,0.9603567888999008
24-50-75,adaptive,2025-08-25,billing,6,4,1489,9453,414,414,10528,9039,0.9621641381831475
24-50-75,adaptive,2025-08-25,technical,5,7,1275,10279,318,318,11236,9961,0.9724770642201835
24-50-75,adaptive,2025-08-25,privacy,1,1,130,969,40,40,1059,929,0.9636032757051866
24-50-75,adaptive,2025-09-01,billing,6,4,1465,10528,414,414,11579,10114,0.9654798632535646
24-50-75,adaptive,2025-09-01,technical,5,7,1258,11236,318,318,12176,10918,0.9745477829358092
24-50-75,adaptive,2025-09-01,privacy,1,1,106,1059,40,40,1125,1019,0.9656652360515021
24-50-75,adaptive,2025-09-08,billing,6,4,1506,11579,414,414,12671,11165,0.9683607183798242
24-50-75,adaptive,2025-09-08,technical,5,7,1327,12176,318,318,13185,11858,0.9764496778493668
24-50-75,adaptive,2025-09-08,privacy,1,1,114,1125,40,40,1199,1085,0.9677158999192897
24-50-75,optimized,2025-06-23,billing,6,2,1510,0,342,342,1168,0,0.7735099337748345
24-50-75,optimized,2025-06-23,technical,5,9,1591,0,366,366,1225,0,0.7699560025141421
24-50-75,optimized,2025-06-23,privacy,1,1,152,0,40,40,112,0,0.7368421052631579
24-50-75,optimized,2025-06-30,billing,6,2,1238,1168,342,342,2064,826,0.85785536159601
24-50-75,optimized,2025-06-30,technical,5,9,1356,1225,366,366,2215,859,0.8581944982564897
24-50-75,optimized,2025-06-30,privacy,1,1,123,112,40,40,195,72,0.8297872340425532
24-50-75,optimized,2025-07-07,billing,6,2,1572,2064,342,342,3294,1722,0.905940594059406
24-50-75,optimized,2025-07-07,technical,5,9,1490,2215,366,366,3339,1849,0.9012145748987854
24-50-75,optimized,2025-07-07,privacy,1,1,128,195,40,40,283,155,0.8761609907120743
24-50-75,optimized,2025-07-14,billing,6,3,1393,3294,378,378,4309,2916,0.9193513974823981
24-50-75,optimized,2025-07-14,technical,5,8,1449,3339,342,342,4446,2997,0.9285714285714286
24-50-75,optimized,2025-07-14,privacy,1,1,134,283,40,40,377,243,0.9040767386091128
24-50-75,optimized,2025-07-21,billing,6,2,1441,4309,342,342,5408,3967,0.9405217391304348
24-50-75,optimized,2025-07-21,technical,5,9,1416,4446,366,366,5496,4080,0.9375639713408394
24-50-75,optimized,2025-07-21,privacy,1,1,146,377,40,40,483,337,0.9235181644359465
24-50-75,optimized,2025-07-28,billing,6,2,1549,5408,342,342,6615,5066,0.9508408796895214
24-50-75,optimized,2025-07-28,technical,5,9,1452,5496,366,366,6582,5130,0.9473229706390328
24-50-75,optimized,2025-07-28,privacy,1,1,158,483,40,40,601,443,0.9375975039001561
24-50-75,optimized,2025-08-04,billing,6,3,1592,6615,378,378,7829,6237,0.953941757036676
24-50-75,optimized,2025-08-04,technical,5,8,1516,6582,342,342,7756,6240,0.9577673499629538
24-50-75,optimized,2025-08-04,privacy,1,1,172,601,40,40,733,561,0.9482535575679172
24-50-75,optimized,2025-08-11,billing,6,3,1442,7829,378,378,8893,7451,0.9592276992773163
24-50-75,optimized,2025-08-11,technical,5,8,1502,7756,342,342,8916,7414,0.9630589760207389
24-50-75,optimized,2025-08-11,privacy,1,1,151,733,40,40,844,693,0.9547511312217195
24-50-75,optimized,2025-08-18,billing,6,2,1442,8893,342,342,9993,8551,0.9669085631349782
24-50-75,optimized,2025-08-18,technical,5,9,1369,8916,366,366,9919,8550,0.9644141954302382
24-50-75,optimized,2025-08-18,privacy,1,1,165,844,40,40,969,804,0.9603567888999008
24-50-75,optimized,2025-08-25,billing,6,3,1489,9993,378,378,11104,9615,0.9670789061139174
24-50-75,optimized,2025-08-25,technical,5,8,1275,9919,342,342,10852,9577,0.9694479185277828
24-50-75,optimized,2025-08-25,privacy,1,1,130,969,40,40,1059,929,0.9636032757051866
24-50-75,optimized,2025-09-01,billing,6,3,1465,11104,378,378,12191,10726,0.9699260084334473
24-50-75,optimized,2025-09-01,technical,5,8,1258,10852,342,342,11768,10510,0.9717588769611891
24-50-75,optimized,2025-09-01,privacy,1,1,106,1059,40,40,1125,1019,0.9656652360515021
24-50-75,optimized,2025-09-08,billing,6,3,1506,12191,378,378,13319,11813,0.9724027159231948
24-50-75,optimized,2025-09-08,technical,5,8,1327,11768,342,342,12753,11426,0.9738831615120275
24-50-75,optimized,2025-09-08,privacy,1,1,114,1125,40,40,1199,1085,0.9677158999192897
24-50-75,hindsight,2025-06-23,billing,6,2,1510,0,342,342,1168,0,0.7735099337748345
24-50-75,hindsight,2025-06-23,technical,5,9,1591,0,366,366,1225,0,0.7699560025141421
24-50-75,hindsight,2025-06-23,privacy,1,1,152,0,40,40,112,0,0.7368421052631579
24-50-75,hindsight,2025-06-30,billing,6,2,1238,1168,342,342,2064,826,0.85785536159601
24-50-75,hindsight,2025-06-30,technical,5,9,1356,1225,366,366,2215,859,0.8581944982564897
24-50-75,hindsight,2025-06-30,privacy,1,1,123,112,40,40,195,72,0.8297872340425532
24-50-75,hindsight,2025-07-07,billing,6,2,1572,2064,342,342,3294,1722,0.905940594059406
24-50-75,hindsight,2025-07-07,technical,5,9,1490,2215,366,366,3339,1849,0.9012145748987854
24-50-75,hindsight,2025-07-07,privacy,1,1,128,195,40,40,283,155,0.8761609907120743
24-50-75,hindsight,2025-07-14,billing,6,2,1393,3294,342,342,4345,2952,0.9270322167697888
24-50-75,hindsight,2025-07-14,technical,5,9,1449,3339,366,366,4422,2973,0.9235588972431078
24-50-75,hindsight,2025-07-14,privacy,1,1,134,283,40,40,377,243,0.9040767386091128
24-50-75,hindsight,2025-07-21,billing,6,2,1441,4345,342,342,5444,4003,0.9408918078119599
24-50-75,hindsight,2025-07-21,technical,5,9,1416,4422,366,366,5472,4056,0.9373072970195272
24-50-75,hindsight,2025-07-21,privacy,1,1,146,377,40,40,483,337,0.9235181644359465
24-50-75,hindsight,2025-07-28,billing,6,3,1549,5444,378,378,6615,5066,0.9459459459459459
24-50-75,hindsight,2025-07-28,technical,5,8,1452,5472,342,342,6582,5130,0.9506065857885615
24-50-75,hindsight,2025-07-28,privacy,1,1,158,483,40,40,601,443,0.9375975039001561
24-50-75,hindsight,2025-08-04,billing,6,3,1592,6615,378,378,7829,6237,0.953941757036676
24-50-75,hindsight,2025-08-04,technical,5,8,1516,6582,342,342,7756,6240,0.9577673499629538
24-50-75,hindsight,2025-08-04,privacy,1,1,172,601,40,40,733,561,0.9482535575679172
24-50-75,hindsight,2025-08-11,billing,6,3,1442,7829,378,378,8893,7451,0.9592276992773163
24-50-75,hindsight,2025-08-11,technical,5,8,1502,7756,342,342,8916,7414,0.9630589760207389
24-50-75,hindsight,2025-08-11,privacy,1,1,151,733,40,40,844,693,0.9547511312217195
24-50-75,hindsight,2025-08-18,billing,6,3,1442,8893,378,378,9957,8515,0.9634252539912918
24-50-75,hindsight,2025-08-18,technical,5,8,1369,8916,342,342,9943,8574,0.966747690811862
24-50-75,hindsight,2025-08-18,privacy,1,1,165,844,40,40,969,804,0.9603567888999008
24-50-75,hindsight,2025-08-25,billing,6,3,1489,9957,378,378,11068,9579,0.9669753625720776
24-50-75,hindsight,2025-08-25,technical,5,8,1275,9943,342,342,10876,9601,0.9695132822249956
24-50-75,hindsight,2025-08-25,privacy,1,1,130,969,40,40,1059,929,0.9636032757051866
24-50-75,hindsight,2025-09-01,billing,6,3,1465,11068,378,378,12155,10690,0.9698396233942392
24-50-75,hindsight,2025-09-01,technical,5,8,1258,10876,342,342,11792,10534,0.9718147354540959
24-50-75,hindsight,2025-09-01,privacy,1,1,106,1059,40,40,1125,1019,0.9656652360515021
24-50-75,hindsight,2025-09-08,billing,6,3,1506,12155,378,378,13283,11777,0.9723299904838592
24-50-75,hindsight,2025-09-08,technical,5,8,1327,11792,342,342,12777,11450,0.9739309398582209
24-50-75,hindsight,2025-09-08,privacy,1,1,114,1125,40,40,1199,1085,0.9677158999192897
24-50-100,fixed,2025-06-23,billing,6,5,1510,0,600,600,910,0,0.6026490066225165
24-50-100,fixed,2025-06-23,technical,5,6,1591,0,392,392,1199,0,0.7536140791954745
24-50-100,fixed,2025-06-23,privacy,1,1,152,0,54,54,98,0,0.6447368421052632
24-50-100,fixed,2025-06-30,billing,6,5,1238,910,600,600,1548,310,0.7206703910614525
24-50-100,fixed,2025-06-30,technical,5,6,1356,1199,392,392,2163,807,0.8465753424657534
24-50-100,fixed,2025-06-30,privacy,1,1,123,98,54,54,167,44,0.755656108597285
24-50-100,fixed,2025-07-07,billing,6,5,1572,1548,600,600,2520,948,0.8076923076923077
24-50-100,fixed,2025-07-07,technical,5,6,1490,2163,392,392,3261,1771,0.8926909389542842
24-50-100,fixed,2025-07-07,privacy,1,1,128,167,54,54,241,113,0.8169491525423729
24-50-100,fixed,2025-07-14,billing,6,5,1393,2520,600,600,3313,1920,0.8466649629440327
24-50-100,fixed,2025-07-14,technical,5,6,1449,3261,392,392,4318,2869,0.9167728237791932
24-50-100,fixed,2025-07-14,privacy,1,1,134,241,54,54,321,187,0.856
24-50-100,fixed,2025-07-21,billing,6,5,1441,3313,600,600,4154,2713,0.8737904922170804
24-50-100,fixed,2025-07-21,technical,5,6,1416,4318,392,392,5342,3926,0.9316358562957796
24-50-100,fixed,2025-07-21,privacy,1,1,146,321,54,54,413,267,0.8843683083511777
24-50-100,fixed,2025-07-28,billing,6,5,1549,4154,600,600,5103,3554,0.8947922146238821
24-50-100,fixed,2025-07-28,technical,5,6,1452,5342,392,392,6402,4950,0.9423020312040036
24-50-100,fixed,2025-07-28,privacy,1,1,158,413,54,54,517,359,0.9054290718038529
24-50-100,fixed,2025-08-04,billing,6,5,1592,5103,600,600,6095,4503,0.9103808812546677
24-50-100,fixed,2025-08-04,technical,5,6,1516,6402,392,392,7526,6010,0.9504925486233897
24-50-100,fixed,2025-08-04,privacy,1,1,172,517,54,54,635,463,0.9216255442670537
24-50-100,fixed,2025-08-11,billing,6,5,1442,6095,600,600,6937,5495,0.9203927292026005
24-50-100,fixed,2025-08-11,technical,5,6,1502,7526,392,392,8636,7134,0.9565795303500222
24-50-100,fixed,2025-08-11,privacy,1,1,151,635,54,54,732,581,0.9312977099236641
24-50-100,fixed,2025-08-18,billing,6,5,1442,6937,600,600,7779,6337,0.9283924095954171
24-50-100,fixed,2025-08-18,technical,5,6,1369,8636,392,392,9613,8244,0.9608195902048976
24-50-100,fixed,2025-08-18,privacy,1,1,165,732,54,54,843,678,0.939799331103679
24-50-100,fixed,2025-08-25,billing,6,5,1489,7779,600,600,8668,7179,0.9352611135088477
24-50-100,fixed,2025-08-25,technical,5,6,1275,9613,392,392,10496,9221,0.9639970609845702
24-50-100,fixed,2025-08-25,privacy,1,1,130,843,54,54,919,789,0.9445015416238438
24-50-100,fixed,2025-09-01,billing,6,5,1465,8668,600,600,9533,8068,0.9407875259054574
24-50-100,fixed,2025-09-01,technical,5,6,1258,10496,392,392,11362,10104,0.9666496511825762
24-50-100,fixed,2025-09-01,privacy,1,1,106,919,54,54,971,865,0.9473170731707317
24-50-100,fixed,2025-09-08,billing,6,5,1506,9533,600,600,10439,8933,0.9456472506567624
24-50-100,fixed,2025-09-08,technical,5,6,1327,11362,392,392,12297,10970,0.9691071006383482
24-50-100,fixed,2025-09-08,privacy,1,1,114,971,54,54,1031,917,0.9502304147465438
24-50-100,adaptive,2025-06-23,billing,6,4,1510,0,552,552,958,0,0.6344370860927152
24-50-100,adaptive,2025-06-23,technical,5,7,1591,0,424,424,1167,0,0.7335009428032684
24-50-100,adaptive,2025-06-23,privacy,1,1,152,0,54,54,98,0,0.6447368421052632
24-50-100,adaptive,2025-06-30,billing,6,4,1238,958,552,552,1644,406,0.7486338797814208
24-50-100,adaptive,2025-06-30,technical,5,7,1356,1167,424,424,2099,743,0.8319460959175584
24-50-100,adaptive,2025-06-30,privacy,1,1,123,98,54,54,167,44,0.755656108597285
24-50-100,adaptive,2025-07-07,billing,6,4,1572,1644,552,552,2664,1092,0.8283582089552238
24-50-100,adaptive,2025-07-07,technical,5,7,1490,2099,424,424,3165,1675,0.881861242685985
24-50-100,adaptive,2025-07-07,privacy,1,1,128,167,54,54,241,113,0.8169491525423729
24-50-100,adaptive,2025-07-14,billing,6,4,1393,2664,552,552,3505,2112,0.8639388710870101
24-50-100,adaptive,2025-07-14,technical,5,7,1449,3165,424,424,4190,2741,0.9081057650628522
24-50-100,adaptive,2025-07-14,privacy,1,1,134,241,54,54,321,187,0.856
24-50-100,adaptive,2025-07-21,billing,6,4,1441,3505,552,552,4394,2953,0.8883946623534169
24-50-100,adaptive,2025-07-21,technical,5,7,1416,4190,424,424,5182,3766,0.9243667499108098
24-50-100,adaptive,2025-07-21,privacy,1,1,146,321,54,54,413,267,0.8843683083511777
24-50-100,adaptive,2025-07-28,billing,6,4,1549,4394,552,552,5391,3842,0.9071176173649672
24-50-100,adaptive,2025-07-28,technical,5,7,1452,5182,424,424,6210,4758,0.9360868254446789
24-50-100,adaptive,2025-07-28,privacy,1,1,158,413,54,54,517,359,0.9054290718038529
24-50-100,adaptive,2025-08-04,billing,6,4,1592,5391,552,552,6431,4839,0.9209508807102964
24-50-100,adaptive,2025-08-04,technical,5,7,1516,6210,424,424,7302,5786,0.9451203727672793
24-50-100,adaptive,2025-08-04,privacy,1,1,172,517,54,54,635,463,0.9216255442670537
24-50-100,adaptive,2025-08-11,billing,6,4,1442,6431,552,552,7321,5879,0.9298869554172489
24-50-100,adaptive,2025-08-11,technical,5,7,1502,7302,424,424,8380,6878,0.9518400726942299
24-50-100,adaptive,2025-08-11,privacy,1,1,151,635,54,54,732,581,0.9312977099236641
24-50-100,adaptive,2025-08-18,billing,6,4,1442,7321,552,552,8211,6769,0.937007874015748
24-50-100,adaptive,2025-08-18,technical,5,7,1369,8380,424,424,9325,7956,0.9565083598317776
24-50-100,adaptive,2025-08-18,privacy,1,1,165,732,54,54,843,678,0.939799331103679
24-50-100,adaptive,2025-08-25,billing,6,4,1489,8211,552,552,9148,7659,0.9430927835051547
24-50-100,adaptive,2025-08-25,technical,5,7,1275,9325,424,424,10176,8901,0.96
24-50-100,adaptive,2025-08-25,privacy,1,1,130,843,54,54,919,789,0.9445015416238438
24-50-100,adaptive,2025-09-01,billing,6,4,1465,9148,552,552,10061,8596,0.9479883162159616
24-50-100,adaptive,2025-09-01,technical,5,7,1258,10176,424,424,11010,9752,0.9629176141332867
24-50-100,adaptive,2025-09-01,privacy,1,1,106,919,54,54,971,865,0.9473170731707317
24-50-100,adaptive,2025-09-08,billing,6,4,1506,10061,552,552,11015,9509,0.9522780323333622
24-50-100,adaptive,2025-09-08,technical,5,7,1327,11010,424,424,11913,10586,0.9656318391829456
24-50-100,adaptive,2025-09-08,privacy,1,1,114,971,54,54,1031,917,0.9502304147465438
24-50-100,optimized,2025-06-23,billing,6,2,1510,0,456,456,1054,0,0.6980132450331126
24-50-100,optimized,2025-06-23,technical,5,9,1591,0,488,488,1103,0,0.6932746700188561
24-50-100,optimized,2025-06-23,privacy,1,1,152,0,54,54,98,0,0.6447368421052632
24-50-100,optimized,2025-06-30,billing,6,2,1238,1054,456,456,1836,598,0.8010471204188482
24-50-100,optimized,2025-06-30,technical,5,9,1356,1103,488,488,1971,615,0.8015453436356242
24-50-100,optimized,2025-06-30,privacy,1,1,123,98,54,54,167,44,0.755656108597285
24-50-100,optimized,2025-07-07,billing,6,2,1572,1836,456,456,2952,1380,0.8661971830985915
24-50-100,optimized,2025-07-07,technical,5,9,1490,1971,488,488,2973,1483,0.8590002889338342
24-50-100,optimized,2025-07-07,privacy,1,1,128,167,54,54,241,113,0.8169491525423729
24-50-100,optimized,2025-07-14,billing,6,3,1393,2952,504,504,3841,2448,0.8840046029919447
24-50-100,optimized,2025-07-14,technical,5,8,1449,2973,456,456,3966,2517,0.8968792401628223
24-50-100,optimized,2025-07-14,privacy,1,1,134,241,54,54,321,187,0.856
24-50-100,optimized,2025-07-21,billing,6,2,1441,3841,456,456,4826,3385,0.9136690647482014
24-50-100,optimized,2025-07-21,technical,5,9,1416,3966,488,488,4894,3478,0.9093273875882572
24-50-100,optimized,2025-07-21,privacy,1,1,146,321,54,54,413,267,0.8843683083511777
24-50-100,optimized,2025-07-28,billing,6,2,1549,4826,456,456,5919,4370,0.9284705882352942
24-50-100,optimized,2025-07-28,technical,5,9,1452,4894,488,488,5858,4406,0.9231011660888749
24-50-100,optimized,2025-07-28,privacy,1,1,158,413,54,54,517,359,0.9054290718038529
24-50-100,optimized,2025-08-04,billing,6,3,1592,5919,504,504,7007,5415,0.9328984156570364
24-50-100,optimized,2025-08-04,technical,5,8,1516,5858,456,456,6918,5402,0.9381611065907242
24-50-100,optimized,2025-08-04,privacy,1,1,172,517,54,54,635,463,0.9216255442670537
24-50-100,optimized,2025-08-11,billing,6,3,1442,7007,504,504,7945,6503,0.9403479701739851
24-50-100,optimized,2025-08-11,technical,5,8,1502,6918,456,456,7964,6462,0.9458432304038005
24-50-100,optimized,2025-08-11,privacy,1,1,151,635,54,54,732,581,0.9312977099236641
24-50-100,optimized,2025-08-18,billing,6,2,1442,7945,456,456,8931,7489,0.9514221796100991
24-50-100,optimized,2025-08-18,technical,5,9,1369,7964,488,488,8845,7476,0.9477124183006536
24-50-100,optimized,2025-08-18,privacy,1,1,165,732,54,54,843,678,0.939799331103679
24-50-100,optimized,2025-08-25,billing,6,3,1489,8931,504,504,9916,8427,0.9516314779270634
24-50-100,optimized,2025-08-25,technical,5,8,1275,8845,456,456,9664,8389,0.9549407114624506
24-50-100,optimized,2025-08-25,privacy,1,1,130,843,54,54,919,789,0.9445015416238438
24-50-100,optimized,2025-09-01,billing,6,3,1465,9916,504,504,10877,9412,0.9557156664616466
24-50-100,optimized,2025-09-01,technical,5,8,1258,9664,456,456,10466,9208,0.9582494048709027
24-50-100,optimized,2025-09-01,privacy,1,1,106,919,54,54,971,865,0.9473170731707317
24-50-100,optimized,2025-09-08,billing,6,3,1506,10877,504,504,11879,10373,0.9592990390050876
24-50-100,optimized,2025-09-08,technical,5,8,1327,10466,456,456,11337,10010,0.9613329941490715
24-50-100,optimized,2025-09-08,privacy,1,1,114,971,54,54,1031,917,0.9502304147465438
24-50-100,hindsight,2025-06-23,billing,6,2,1510,0,456,456,1054,0,0.6980132450331126
24-50-100,hindsight,2025-06-23,technical,5,9,1591,0,488,488,1103,0,0.6932746700188561
24-50-100,hindsight,2025-06-23,privacy,1,1,152,0,54,54,98,0,0.6447368421052632
24-50-100,hindsight,2025-06-30,billing,6,2,1238,1054,456,456,1836,598,0.8010471204188482
24-50-100,hindsight,2025-06-30,technical,5,9,1356,1103,488,488,1971,615,0.8015453436356242
24-50-100,hindsight,2025-06-30,privacy,1,1,123,98,54,54,167,44,0.755656108597285
24-50-100,hindsight,2025-07-07,billing,6,2,1572,1836,456,456,2952,1380,0.8661971830985915
24-50-100,hindsight,2025-07-07,technical,5,9,1490,1971,488,488,2973,1483,0.8590002889338342
24-50-100,hindsight,2025-07-07,privacy,1,1,128,167,54,54,241,113,0.8169491525423729
24-50-100,hindsight,2025-07-14,billing,6,2,1393,2952,456,456,3889,2496,0.8950517836593785
24-50-100,hindsight,2025-07-14,technical,5,9,1449,2973,488,488,3934,2485,0.8896426956128448
24-50-100,hindsight,2025-07-14,privacy,1,1,134,241,54,54,321,187,0.856
24-50-100,hindsight,2025-07-21,billing,6,2,1441,3889,456,456,4874,3433,0.9144465290806755
24-50-100,hindsight,2025-07-21,technical,5,9,1416,3934,488,488,4862,3446,0.908785046728972
24-50-100,hindsight,2025-07-21,privacy,1,1,146,321,54,54,413,267,0.8843683083511777
24-50-100,hindsight,2025-07-28,billing,6,3,1549,4874,504,504,5919,4370,0.9215319943951424
24-50-100,hindsight,2025-07-28,technical,5,8,1452,4862,456,456,5858,4406,0.9277795375356351
24-50-100,hindsight,2025-07-28,privacy,1,1,158,413,54,54,517,359,0.9054290718038529
24-50-100,hindsight,2025-08-04,billing,6,3,1592,5919,504,504,7007,5415,0.9328984156570364
24-50-100,hindsight,2025-08-04,technical,5,8,1516,5858,456,456,6918,5402,0.9381611065907242
24-50-100,hindsight,2025-08-04,privacy,1,1,172,517,54,54,635,463,0.9216255442670537
24-50-100,hindsight,2025-08-11,billing,6,3,1442,7007,504,504,7945,6503,0.9403479701739851
24-50-100,hindsight,2025-08-11,technical,5,8,1502,6918,456,456,7964,6462,0.9458432304038005
24-50-100,hindsight,2025-08-11,privacy,1,1,151,635,54,54,732,581,0.9312977099236641
24-50-100,hindsight,2025-08-18,billing,6,3,1442,7945,504,504,8883,7441,0.9463087248322147
24-50-100,hindsight,2025-08-18,technical,5,8,1369,7964,456,456,8877,7508,0.9511411121825779
24-50-100,hindsight,2025-08-18,privacy,1,1,165,732,54,54,843,678,0.939799331103679
24-50-100,hindsight,2025-08-25,billing,6,3,1489,8883,504,504,9868,8379,0.9514076359429232
24-50-100,hindsight,2025-08-25,technical,5,8,1275,8877,456,456,9696,8421,0.9550827423167849
24-50-100,hindsight,2025-08-25,privacy,1,1,130,843,54,54,919,789,0.9445015416238438
24-50-100,hindsight,2025-09-01,billing,6,3,1465,9868,504,504,10829,9364,0.9555281037677579
24-50-100,hindsight,2025-09-01,technical,5,8,1258,9696,456,456,10498,9240,0.9583713711886069
24-50-100,hindsight,2025-09-01,privacy,1,1,106,919,54,54,971,865,0.9473170731707317
24-50-100,hindsight,2025-09-08,billing,6,3,1506,10829,504,504,11831,10325,0.9591406566680178
24-50-100,hindsight,2025-09-08,technical,5,8,1327,10498,456,456,11369,10042,0.9614376321353065
24-50-100,hindsight,2025-09-08,privacy,1,1,114,971,54,54,1031,917,0.9502304147465438
24-50-125,fixed,2025-06-23,billing,6,5,1510,0,750,750,760,0,0.5033112582781457
24-50-125,fixed,2025-06-23,technical,5,6,1591,0,490,490,1101,0,0.6920175989943432
24-50-125,fixed,2025-06-23,privacy,1,1,152,0,67,67,85,0,0.5592105263157895
24-50-125,fixed,2025-06-30,billing,6,5,1238,760,750,750,1248,10,0.6246246246246246
24-50-125,fixed,2025-06-30,technical,5,6,1356,1101,490,490,1967,611,0.8005698005698005
24-50-125,fixed,2025-06-30,privacy,1,1,123,85,67,67,141,18,0.6778846153846154
24-50-125,fixed,2025-07-07,billing,6,5,1572,1248,750,750,2070,498,0.7340425531914894
24-50-125,fixed,2025-07-07,technical,5,6,1490,1967,490,490,2967,1477,0.8582586057275094
24-50-125,fixed,2025-07-07,privacy,1,1,128,141,67,67,202,74,0.7509293680297398
24-50-125,fixed,2025-07-14,billing,6,5,1393,2070,750,750,2713,1320,0.783424776205602
24-50-125,fixed,2025-07-14,technical,5,6,1449,2967,490,490,3926,2477,0.8890398550724637
24-50-125,fixed,2025-07-14,privacy,1,1,134,202,67,67,269,135,0.8005952380952381
24-50-125,fixed,2025-07-21,billing,6,5,1441,2713,750,750,3404,1963,0.8194511314395763
24-50-125,fixed,2025-07-21,technical,5,6,1416,3926,490,490,4852,3436,0.9082740546611756
24-50-125,fixed,2025-07-21,privacy,1,1,146,269,67,67,348,202,0.8385542168674699
24-50-125,fixed,2025-07-28,billing,6,5,1549,3404,750,750,4203,2654,0.8485766202301636
24-50-125,fixed,2025-07-28,technical,5,6,1452,4852,490,490,5814,4362,0.9222715736040609
24-50-125,fixed,2025-07-28,privacy,1,1,158,348,67,67,439,281,0.8675889328063241
24-50-125,fixed,2025-08-04,billing,6,5,1592,4203,750,750,5045,3453,0.8705780845556514
24-50-125,fixed,2025-08-04,technical,5,6,1516,5814,490,490,6840,5324,0.9331514324693042
24-50-125,fixed,2025-08-04,privacy,1,1,172,439,67,67,544,372,0.8903436988543372
24-50-125,fixed,2025-08-11,billing,6,5,1442,5045,750,750,5737,4295,0.8843841529212271
24-50-125,fixed,2025-08-11,technical,5,6,1502,6840,490,490,7852,6350,0.9412610884679933
24-50-125,fixed,2025-08-11,privacy,1,1,151,544,67,67,628,477,0.9035971223021583
24-50-125,fixed,2025-08-18,billing,6,5,1442,5737,750,750,6429,4987,0.8955286251567071
24-50-125,fixed,2025-08-18,technical,5,6,1369,7852,490,490,8731,7362,0.9468604272855439
24-50-125,fixed,2025-08-18,privacy,1,1,165,628,67,67,726,561,0.9155107187894073
24-50-125,fixed,2025-08-25,billing,6,5,1489,6429,750,750,7168,5679,0.9052791108865875
24-50-125,fixed,2025-08-25,technical,5,6,1275,8731,490,490,9516,8241,0.9510293823705777
24-50-125,fixed,2025-08-25,privacy,1,1,130,726,67,67,789,659,0.9217289719626168
24-50-125,fixed,2025-09-01,billing,6,5,1465,7168,750,750,7883,6418,0.9131240588439709
24-50-125,fixed,2025-09-01,technical,5,6,1258,9516,490,490,10284,9026,0.9545201410803786
24-50-125,fixed,2025-09-01,privacy,1,1,106,789,67,67,828,722,0.9251396648044693
24-50-125,fixed,2025-09-08,billing,6,5,1506,7883,750,750,8639,7133,0.9201192885291298
24-50-125,fixed,2025-09-08,technical,5,6,1327,10284,490,490,11121,9794,0.9577986392214279
24-50-125,fixed,2025-09-08,privacy,1,1,114,828,67,67,875,761,0.9288747346072187
24-50-125,adaptive,2025-06-23,billing,6,4,1510,0,690,690,820,0,0.543046357615894
24-50-125,adaptive,2025-06-23,technical,5,7,1591,0,530,530,1061,0,0.6668761785040854
24-50-125,adaptive,2025-06-23,privacy,1,1,152,0,67,67,85,0,0.5592105263157895
24-50-125,adaptive,2025-06-30,billing,6,4,1238,820,690,690,1368,130,0.6647230320699709
24-50-125,adaptive,2025-06-30,technical,5,7,1356,1061,530,530,1887,531,0.7807199007033513
24-50-125,adaptive,2025-06-30,privacy,1,1,123,85,67,67,141,18,0.6778846153846154
24-50-125,adaptive,2025-07-07,billing,6,4,1572,1368,690,690,2250,678,0.7653061224489796
24-50-125,adaptive,2025-07-07,technical,5,7,1490,1887,530,530,2847,1357,0.8430559668344685
24-50-125,adaptive,2025-07-07,privacy,1,1,128,141,67,67,202,74,0.7509293680297398
24-50-125,adaptive,2025-07-14,billing,6,4,1393,2250,690,690,2953,1560,0.8105956629151798
24-50-125,adaptive,2025-07-14,technical,5,7,1449,2847,530,530,3766,2317,0.8766294227188082
24-50-125,adaptive,2025-07-14,privacy,1,1,134,202,67,67,269,135,0.8005952380952381
24-50-125,adaptive,2025-07-21,billing,6,4,1441,2953,690,690,3704,2263,0.8429676832043695
24-50-125,adaptive,2025-07-21,technical,5,7,1416,3766,530,530,4652,3236,0.8977228869162486
24-50-125,adaptive,2025-07-21,privacy,1,1,146,269,67,67,348,202,0.8385542168674699
24-50-125,adaptive,2025-07-28,billing,6,4,1549,3704,690,690,4563,3014,0.8686464877213022
24-50-125,adaptive,2025-07-28,technical,5,7,1452,4652,530,530,5574,4122,0.9131716906946264
24-50-125,adaptive,2025-07-28,privacy,1,1,158,348,67,67,439,281,0.8675889328063241
24-50-125,adaptive,2025-08-04,billing,6,4,1592,4563,690,690,5465,3873,0.8878960194963444
24-50-125,adaptive,2025-08-04,technical,5,7,1516,5574,530,530,6560,5044,0.92524682651622
24-50-125,adaptive,2025-08-04,privacy,1,1,172,439,67,67,544,372,0.8903436988543372
24-50-125,adaptive,2025-08-11,billing,6,4,1442,5465,690,690,6217,4775,0.900101346460113
24-50-125,adaptive,2025-08-11,technical,5,7,1502,6560,530,530,7532,6030,0.9342594889605557
24-50-125,adaptive,2025-08-11,privacy,1,1,151,544,67,67,628,477,0.9035971223021583
24-50-125,adaptive,2025-08-18,billing,6,4,1442,6217,690,690,6969,5527,0.9099099099099099
24-50-125,adaptive,2025-08-18,technical,5,7,1369,7532,530,530,8371,7002,0.9404561285248848
24-50-125,adaptive,2025-08-18,privacy,1,1,165,628,67,67,726,561,0.9155107187894073
24-50-125,adaptive,2025-08-25,billing,6,4,1489,6969,690,690,7768,6279,0.9184204303617877
24-50-125,adaptive,2025-08-25,technical,5,7,1275,8371,530,530,9116,7841,0.945054945054945
24-50-125,adaptive,2025-08-25,privacy,1,1,130,726,67,67,789,659,0.9217289719626168
24-50-125,adaptive,2025-09-01,billing,6,4,1465,7768,690,690,8543,7078,0.9252680602187805
24-50-125,adaptive,2025-09-01,technical,5,7,1258,9116,530,530,9844,8586,0.9489107383844226
24-50-125,adaptive,2025-09-01,privacy,1,1,106,789,67,67,828,722,0.9251396648044693
24-50-125,adaptive,2025-09-08,billing,6,4,1506,8543,690,690,9359,7853,0.9313364513881979
24-50-125,adaptive,2025-09-08,technical,5,7,1327,9844,530,530,10641,9314,0.9525557246441679
24-50-125,adaptive,2025-09-08,privacy,1,1,114,828,67,67,875,761,0.9288747346072187
24-50-125,optimized,2025-06-23,billing,6,2,1510,0,570,570,940,0,0.6225165562913907
24-50-125,optimized,2025-06-23,technical,5,9,1591,0,610,610,981,0,0.61659333752357
24-50-125,optimized,2025-06-23,privacy,1,1,152,0,67,67,85,0,0.5592105263157895
24-50-125,optimized,2025-06-30,billing,6,2,1238,940,570,570,1608,370,0.7382920110192838
24-50-125,optimized,2025-06-30,technical,5,9,1356,981,610,610,1727,371,0.7389816003423192
24-50-125,optimized,2025-06-30,privacy,1,1,123,85,67,67,141,18,0.6778846153846154
24-50-125,optimized,2025-07-07,billing,6,2,1572,1608,570,570,2610,1038,0.8207547169811321
24-50-125,optimized,2025-07-07,technical,5,9,1490,1727,610,610,2607,1117,0.8103823437985701
24-50-125,optimized,2025-07-07,privacy,1,1,128,141,67,67,202,74,0.7509293680297398
24-50-125,optimized,2025-07-14,billing,6,3,1393,2610,630,630,3373,1980,0.8426180364726455
24-50-125,optimized,2025-07-14,technical,5,8,1449,2607,570,570,3486,2037,0.8594674556213018
24-50-125,optimized,2025-07-14,privacy,1,1,134,202,67,67,269,135,0.8005952380952381
24-50-125,optimized,2025-07-21,billing,6,2,1441,3373,570,570,4244,2803,0.8815953469048609
24-50-125,optimized,2025-07-21,technical,5,9,1416,3486,610,610,4292,2876,0.8755609955120359
24-50-125,optimized,2025-07-21,privacy,1,1,146,269,67,67,348,202,0.8385542168674699
24-50-125,optimized,2025-07-28,billing,6,2,1549,4244,570,570,5223,3674,0.9016053858104609
24-50-125,optimized,2025-07-28,technical,5,9,1452,4292,610,610,5134,3682,0.8938022284122563
24-50-125,optimized,2025-07-28,privacy,1,1,158,348,67,67,439,281,0.8675889328063241
24-50-125,optimized,2025-08-04,billing,6,3,1592,5223,630,630,6185,4593,0.9075568598679383
24-50-125,optimized,2025-08-04,technical,5,8,1516,5134,570,570,6080,4564,0.9142857142857143
24-50-125,optimized,2025-08-04,privacy,1,1,172,439,67,67,544,372,0.8903436988543372
24-50-125,optimized,2025-08-11,billing,6,3,1442,6185,630,630,6997,5555,0.9173987150911236
24-50-125,optimized,2025-08-11,technical,5,8,1502,6080,570,570,7012,5510,0.9248219467159061
24-50-125,optimized,2025-08-11,privacy,1,1,151,544,67,67,628,477,0.9035971223021583
24-50-125,optimized,2025-08-18,billing,6,2,1442,6997,570,570,7869,6427,0.932456452186278
24-50-125,optimized,2025-08-18,technical,5,9,1369,7012,610,610,7771,6402,0.9272163226345305
24-50-125,optimized,2025-08-18,privacy,1,1,165,628,67,67,726,561,0.9155107187894073
24-50-125,optimized,2025-08-25,billing,6,3,1489,7869,630,630,8728,7239,0.9326779226330413
24-50-125,optimized,2025-08-25,technical,5,8,1275,7771,570,570,8476,7201,0.9369887242980323
24-50-125,optimized,2025-08-25,privacy,1,1,130,726,67,67,789,659,0.9217289719626168
24-50-125,optimized,2025-09-01,billing,6,3,1465,8728,630,630,9563,8098,0.9381928774649269
24-50-125,optimized,2025-09-01,technical,5,8,1258,8476,570,570,9164,7906,0.941442366961167
24-50-125,optimized,2025-09-01,privacy,1,1,106,789,67,67,828,722,0.9251396648044693
24-50-125,optimized,2025-09-08,billing,6,3,1506,9563,630,630,10439,8933,0.9430842894570421
24-50-125,optimized,2025-09-08,technical,5,8,1327,9164,570,570,9921,8594,0.9456677151844438
24-50-125,optimized,2025-09-08,privacy,1,1,114,828,67,67,875,761,0.9288747346072187
24-50-125,hindsight,2025-06-23,billing,6,2,1510,0,570,570,940,0,0.6225165562913907
24-50-125,hindsight,2025-06-23,technical,5,9,1591,0,610,610,981,0,0.61659333752357
24-50-125,hindsight,2025-06-23,privacy,1,1,152,0,67,67,85,0,0.5592105263157895
24-50-125,hindsight,2025-06-30,billing,6,2,1238,940,570,570,1608,370,0.7382920110192838
24-50-125,hindsight,2025-06-30,technical,5,9,1356,981,610,610,1727,371,0.7389816003423192
24-50-125,hindsight,2025-06-30,privacy,1,1,123,85,67,67,141,18,0.6778846153846154
24-50-125,hindsight,2025-07-07,billing,6,2,1572,1608,570,570,2610,1038,0.8207547169811321
24-50-125,hindsight,2025-07-07,technical,5,9,1490,1727,610,610,2607,1117,0.8103823437985701
24-50-125,hindsight,2025-07-07,privacy,1,1,128,141,67,67,202,74,0.7509293680297398
24-50-125,hindsight,2025-07-14,billing,6,2,1393,2610,570,570,3433,2040,0.8576067949038221
24-50-125,hindsight,2025-07-14,technical,5,9,1449,2607,610,610,3446,1997,0.8496055226824457
24-50-125,hindsight,2025-07-14,privacy,1,1,134,202,67,67,269,135,0.8005952380952381
24-50-125,hindsight,2025-07-21,billing,6,3,1441,3433,630,630,4244,2803,0.8707427164546574
24-50-125,hindsight,2025-07-21,technical,5,8,1416,3446,570,570,4292,2876,0.8827642945290004
24-50-125,hindsight,2025-07-21,privacy,1,1,146,269,67,67,348,202,0.8385542168674699
24-50-125,hindsight,2025-07-28,billing,6,3,1549,4244,630,630,5163,3614,0.8912480580010357
24-50-125,hindsight,2025-07-28,technical,5,8,1452,4292,570,570,5174,3722,0.900766016713092
24-50-125,hindsight,2025-07-28,privacy,1,1,158,348,67,67,439,281,0.8675889328063241
24-50-125,hindsight,2025-08-04,billing,6,3,1592,5163,630,630,6125,4533,0.9067357512953368
24-50-125,hindsight,2025-08-04,technical,5,8,1516,5174,570,570,6120,4604,0.9147982062780269
24-50-125,hindsight,2025-08-04,privacy,1,1,172,439,67,67,544,372,0.8903436988543372
24-50-125,hindsight,2025-08-11,billing,6,2,1442,6125,570,570,6997,5555,0.9246729218977138
24-50-125,hindsight,2025-08-11,technical,5,9,1502,6120,610,610,7012,5510,0.9199685122015219
24-50-125,hindsight,2025-08-11,privacy,1,1,151,544,67,67,628,477,0.9035971223021583
24-50-125,hindsight,2025-08-18,billing,6,3,1442,6997,630,630,7809,6367,0.9253466050479915
24-50-125,hindsight,2025-08-18,technical,5,8,1369,7012,570,570,7811,6442,0.9319890227896432
24-50-125,hindsight,2025-08-18,privacy,1,1,165,628,67,67,726,561,0.9155107187894073
24-50-125,hindsight,2025-08-25,billing,6,3,1489,7809,630,630,8668,7179,0.9322434932243493
24-50-125,hindsight,2025-08-25,technical,5,8,1275,7811,570,570,8516,7241,0.9372661237068016
24-50-125,hindsight,2025-08-25,privacy,1,1,130,726,67,67,789,659,0.9217289719626168
24-50-125,hindsight,2025-09-01,billing,6,3,1465,8668,630,630,9503,8038,0.9378269022007303
24-50-125,hindsight,2025-09-01,technical,5,8,1258,8516,570,570,9204,7946,0.941682013505218
24-50-125,hindsight,2025-09-01,privacy,1,1,106,789,67,67,828,722,0.9251396648044693
24-50-125,hindsight,2025-09-08,billing,6,3,1506,9503,630,630,10379,8873,0.9427740939231538
24-50-125,hindsight,2025-09-08,technical,5,8,1327,9204,570,570,9961,8634,0.9458740860317159
24-50-125,hindsight,2025-09-08,privacy,1,1,114,828,67,67,875,761,0.9288747346072187
24-100-75,fixed,2025-06-23,billing,0,10,1510,0,360,360,1150,0,0.7615894039735099
24-100-75,fixed,2025-06-23,technical,0,12,1591,0,288,288,1303,0,0.8189817724701446
24-100-75,fixed,2025-06-23,privacy,0,2,152,0,36,36,116,0,0.7631578947368421
24-100-75,fixed,2025-06-30,billing,0,10,1238,1150,360,360,2028,790,0.8492462311557789
24-100-75,fixed,2025-06-30,technical,0,12,1356,1303,288,288,2371,1015,0.8916886047386235
24-100-75,fixed,2025-06-30,privacy,0,2,123,116,36,36,203,80,0.8493723849372385
24-100-75,fixed,2025-07-07,billing,0,10,1572,2028,360,360,3240,1668,0.9
24-100-75,fixed,2025-07-07,technical,0,12,1490,2371,288,288,3573,2083,0.9254079254079254
24-100-75,fixed,2025-07-07,privacy,0,2,128,203,36,36,295,167,0.8912386706948641
24-100-75,fixed,2025-07-14,billing,0,10,1393,3240,360,360,4273,2880,0.9222965680984243
24-100-75,fixed,2025-07-14,technical,0,12,1449,3573,288,288,4734,3285,0.942652329749104
24-100-75,fixed,2025-07-14,privacy,0,2,134,295,36,36,393,259,0.916083916083916
24-100-75,fixed,2025-07-21,billing,0,10,1441,4273,360,360,5354,3913,0.9369968498424921
24-100-75,fixed,2025-07-21,technical,0,12,1416,4734,288,288,5862,4446,0.953170731707317
24-100-75,fixed,2025-07-21,privacy,0,2,146,393,36,36,503,357,0.9332096474953617
24-100-75,fixed,2025-07-28,billing,0,10,1549,5354,360,360,6543,4994,0.9478487614080835
24-100-75,fixed,2025-07-28,technical,0,12,1452,5862,288,288,7026,5574,0.9606234618539786
24-100-75,fixed,2025-07-28,privacy,0,2,158,503,36,36,625,467,0.9455370650529501
24-100-75,fixed,2025-08-04,billing,0,10,1592,6543,360,360,7775,6183,0.9557467732022127
24-100-75,fixed,2025-08-04,technical,0,12,1516,7026,288,288,8254,6738,0.9662842425661438
24-100-75,fixed,2025-08-04,privacy,0,2,172,625,36,36,761,589,0.9548306148055207
24-100-75,fixed,2025-08-11,billing,0,10,1442,7775,360,360,8857,7415,0.9609417380926549
24-100-75,fixed,2025-08-11,technical,0,12,1502,8254,288,288,9468,7966,0.9704797047970479
24-100-75,fixed,2025-08-11,privacy,0,2,151,761,36,36,876,725,0.9605263157894737
24-100-75,fixed,2025-08-18,billing,0,10,1442,8857,360,360,9939,8497,0.9650451500145645
24-100-75,fixed,2025-08-18,technical,0,12,1369,9468,288,288,10549,9180,0.9734243794408046
24-100-75,fixed,2025-08-18,privacy,0,2,165,876,36,36,1005,840,0.9654178674351584
24-100-75,fixed,2025-08-25,billing,0,10,1489,9939,360,360,11068,9579,0.968498424921246
24-100-75,fixed,2025-08-25,technical,0,12,1275,10549,288,288,11536,10261,0.9756427604871448
24-100-75,fixed,2025-08-25,privacy,0,2,130,1005,36,36,1099,969,0.9682819383259912
24-100-75,fixed,2025-09-01,billing,0,10,1465,11068,360,360,12173,10708,0.9712758318040373
24-100-75,fixed,2025-09-01,technical,0,12,1258,11536,288,288,12506,11248,0.9774894481788339
24-100-75,fixed,2025-09-01,privacy,0,2,106,1099,36,36,1169,1063,0.9701244813278008
24-100-75,fixed,2025-09-08,billing,0,10,1506,12173,360,360,13319,11813,0.9736822867168653
24-100-75,fixed,2025-09-08,technical,0,12,1327,12506,288,288,13545,12218,0.9791802212101497
24-100-75,fixed,2025-09-08,privacy,0,2,114,1169,36,36,1247,1133,0.9719407638347622
24-100-75,adaptive,2025-06-23,billing,0,8,1510,0,288,288,1222,0,0.8092715231788079
24-100-75,adaptive,2025-06-23,technical,0,14,1591,0,336,336,1255,0,0.7888120678818353
24-100-75,adaptive,2025-06-23,privacy,0,2,152,0,36,36,116,0,0.7631578947368421
24-100-75,adaptive,2025-06-30,billing,0,9,1238,1222,324,324,2136,898,0.8682926829268293
24-100-75,adaptive,2025-06-30,technical,0,13,1356,1255,312,312,2299,943,0.8805055534278055
24-100-75,adaptive,2025-06-30,privacy,0,2,123,116,36,36,203,80,0.8493723849372385
24-100-75,adaptive,2025-07-07,billing,0,8,1572,2136,288,288,3420,1848,0.9223300970873787
24-100-75,adaptive,2025-07-07,technical,0,14,1490,2299,336,336,3453,1963,0.9113222486144101
24-100-75,adaptive,2025-07-07,privacy,0,2,128,203,36,36,295,167,0.8912386706948641
24-100-75,adaptive,2025-07-14,billing,0,9,1393,3420,324,324,4489,3096,0.932682318720133
24-100-75,adaptive,2025-07-14,technical,0,13,1449,3453,312,312,4590,3141,0.9363525091799265
24-100-75,adaptive,2025-07-14,privacy,0,2,134,295,36,36,393,259,0.916083916083916
24-100-75,adaptive,2025-07-21,billing,0,9,1441,4489,324,324,5606,4165,0.945362563237774
24-100-75,adaptive,2025-07-21,technical,0,14,1416,4590,336,336,5670,4254,0.9440559440559441
24-100-75,adaptive,2025-07-21,privacy,0,1,146,393,18,18,521,375,0.9666048237476809
24-100-75,adaptive,2025-07-28,billing,0,9,1549,5606,324,324,6831,5282,0.9547169811320755
24-100-75,adaptive,2025-07-28,technical,0,13,1452,5670,312,312,6810,5358,0.9561920808761584
24-100-75,adaptive,2025-07-28,privacy,0,2,158,521,36,36,643,485,0.946980854197349
24-100-75,adaptive,2025-08-04,billing,0,9,1592,6831,324,324,8099,6507,0.961533895286715
24-100-75,adaptive,2025-08-04,technical,0,13,1516,6810,312,312,8014,6498,0.9625270237809272
24-100-75,adaptive,2025-08-04,privacy,0,2,172,643,36,36,779,607,0.9558282208588957
24-100-75,adaptive,2025-08-11,billing,0,9,1442,8099,324,324,9217,7775,0.9660412954616916
24-100-75,adaptive,2025-08-11,technical,0,13,1502,8014,312,312,9204,7702,0.9672131147540983
24-100-75,adaptive,2025-08-11,privacy,0,2,151,779,36,36,894,743,0.9612903225806452
24-100-75,adaptive,2025-08-18,billing,0,9,1442,9217,324,324,10335,8893,0.9696031522656909
24-100-75,adaptive,2025-08-18,technical,0,13,1369,9204,312,312,10261,8892,0.970490872978341
24-100-75,adaptive,2025-08-18,privacy,0,2,165,894,36,36,1023,858,0.9660056657223796
24-100-75,adaptive,2025-08-25,billing,0,9,1489,10335,324,324,11500,10011,0.9725981055480379
24-100-75,adaptive,2025-08-25,technical,0,13,1275,10261,312,312,11224,9949,0.9729542302357836
24-100-75,adaptive,2025-08-25,privacy,0,2,130,1023,36,36,1117,987,0.96877710320902
24-100-75,adaptive,2025-09-01,billing,0,9,1465,11500,324,324,12641,11176,0.9750096413420748
24-100-75,adaptive,2025-09-01,technical,0,13,1258,11224,312,312,12170,10912,0.9750040057683064
24-100-75,adaptive,2025-09-01,privacy,0,2,106,1117,36,36,1187,1081,0.9705641864268193
24-100-75,adaptive,2025-09-08,billing,0,9,1506,12641,324,324,13823,12317,0.977097617869513
24-100-75,adaptive,2025-09-08,technical,0,13,1327,12170,312,312,13185,11858,0.9768837519448766
24-100-75,adaptive,2025-09-08,privacy,0,2,114,1187,36,36,1265,1151,0.9723289777094543
24-100-75,optimized,2025-06-23,billing,0,8,1510,0,288,288,1222,0,0.8092715231788079
24-100-75,optimized,2025-06-23,technical,0,14,1591,0,336,336,1255,0,0.7888120678818353
24-100-75,optimized,2025-06-23,privacy,0,2,152,0,36,36,116,0,0.7631578947368421
24-100-75,optimized,2025-06-30,billing,0,9,1238,1222,324,324,2136,898,0.8682926829268293
24-100-75,optimized,2025-06-30,technical,0,13,1356,1255,312,312,2299,943,0.8805055534278055
24-100-75,optimized,2025-06-30,privacy,0,2,123,116,36,36,203,80,0.8493723849372385
24-100-75,optimized,2025-07-07,billing,0,9,1572,2136,324,324,3384,1812,0.912621359223301
24-100-75,optimized,2025-07-07,technical,0,13,1490,2299,312,312,3477,1987,0.9176563737133808
24-100-75,optimized,2025-07-07,privacy,0,2,128,203,36,36,295,167,0.8912386706948641
24-100-75,optimized,2025-07-14,billing,0,9,1393,3384,324,324,4453,3060,0.9321750052334101
24-100-75,optimized,2025-07-14,technical,0,13,1449,3477,312,312,4614,3165,0.9366626065773447
24-100-75,optimized,2025-07-14,privacy,0,2,134,295,36,36,393,259,0.916083916083916
24-100-75,optimized,2025-07-21,billing,0,9,1441,4453,324,324,5570,4129,0.9450288428910757
24-100-75,optimized,2025-07-21,technical,0,13,1416,4614,312,312,5718,4302,0.9482587064676616
24-100-75,optimized,2025-07-21,privacy,0,2,146,393,36,36,503,357,0.9332096474953617
24-100-75,optimized,2025-07-28,billing,0,9,1549,5570,324,324,6795,5246,0.95448798988622
24-100-75,optimized,2025-07-28,technical,0,13,1452,5718,312,312,6858,5406,0.9564853556485355
24-100-75,optimized,2025-07-28,privacy,0,2,158,503,36,36,625,467,0.9455370650529501
24-100-75,optimized,2025-08-04,billing,0,9,1592,6795,324,324,8063,6471,0.9613687850244426
24-100-75,optimized,2025-08-04,technical,0,13,1516,6858,312,312,8062,6546,0.9627418199187963
24-100-75,optimized,2025-08-04,privacy,0,2,172,625,36,36,761,589,0.9548306148055207
24-100-75,optimized,2025-08-11,billing,0,9,1442,8063,324,324,9181,7739,0.9659126775381378
24-100-75,optimized,2025-08-11,technical,0,13,1502,8062,312,312,9252,7750,0.9673776662484316
24-100-75,optimized,2025-08-11,privacy,0,2,151,761,36,36,876,725,0.9605263157894737
24-100-75,optimized,2025-08-18,billing,0,9,1442,9181,324,324,10299,8857,0.96950014120305
24-100-75,optimized,2025-08-18,technical,0,13,1369,9252,312,312,10309,8940,0.9706242350061199
24-100-75,optimized,2025-08-18,privacy,0,2,165,876,36,36,1005,840,0.9654178674351584
24-100-75,optimized,2025-08-25,billing,0,9,1489,10299,324,324,11464,9975,0.9725144214455378
24-100-75,optimized,2025-08-25,technical,0,13,1275,10309,312,312,11272,9997,0.9730662983425414
24-100-75,optimized,2025-08-25,privacy,0,2,130,1005,36,36,1099,969,0.9682819383259912
24-100-75,optimized,2025-09-01,billing,0,9,1465,11464,324,324,12605,11140,0.9749400572356718
24-100-75,optimized,2025-09-01,technical,0,13,1258,11272,312,312,12218,10960,0.9750997605746209
24-100-75,optimized,2025-09-01,privacy,0,2,106,1099,36,36,1169,1063,0.9701244813278008
24-100-75,optimized,2025-09-08,billing,0,9,1506,12605,324,324,13787,12281,0.977039189284955
24-100-75,optimized,2025-09-08,technical,0,13,1327,12218,312,312,13233,11906,0.9769656699889258
24-100-75,optimized,2025-09-08,privacy,0,2,114,1169,36,36,1247,1133,0.9719407638347622
24-100-75,hindsight,2025-06-23,billing,0,9,1510,0,324,324,1186,0,0.785430463576159
24-100-75,hindsight,2025-06-23,technical,0,13,1591,0,312,312,1279,0,0.8038969201759899
24-100-75,hindsight,2025-06-23,privacy,0,2,152,0,36,36,116,0,0.7631578947368421
24-100-75,hindsight,2025-06-30,billing,0,8,1238,1186,288,288,2136,898,0.8811881188118812
24-100-75,hindsight,2025-06-30,technical,0,14,1356,1279,336,336,2299,943,0.8724857685009487
24-100-75,hindsight,2025-06-30,privacy,0,2,123,116,36,36,203,80,0.8493723849372385
24-100-75,hindsight,2025-07-07,billing,0,9,1572,2136,324,324,3384,1812,0.912621359223301
24-100-75,hindsight,2025-07-07,technical,0,13,1490,2299,312,312,3477,1987,0.9176563737133808
24-100-75,hindsight,2025-07-07,privacy,0,2,128,203,36,36,295,167,0.8912386706948641
24-100-75,hindsight,2025-07-14,billing,0,9,1393,3384,324,324,4453,3060,0.9321750052334101
24-100-75,hindsight,2025-07-14,technical,0,13,1449,3477,312,312,4614,3165,0.9366626065773447
24-100-75,hindsight,2025-07-14,privacy,0,2,134,295,36,36,393,259,0.916083916083916
24-100-75,hindsight,2025-07-21,billing,0,9,1441,4453,324,324,5570,4129,0.9450288428910757
24-100-75,hindsight,2025-07-21,technical,0,13,1416,4614,312,312,5718,4302,0.9482587064676616
24-100-75,hindsight,2025-07-21,privacy,0,2,146,393,36,36,503,357,0.9332096474953617
24-100-75,hindsight,2025-07-28,billing,0,9,1549,5570,324,324,6795,5246,0.95448798988622
24-100-75,hindsight,2025-07-28,technical,0,13,1452,5718,312,312,6858,5406,0.9564853556485355
24-100-75,hindsight,2025-07-28,privacy,0,2,158,503,36,36,625,467,0.9455370650529501
24-100-75,hindsight,2025-08-04,billing,0,9,1592,6795,324,324,8063,6471,0.9613687850244426
24-100-75,hindsight,2025-08-04,technical,0,13,1516,6858,312,312,8062,6546,0.9627418199187963
24-100-75,hindsight,2025-08-04,privacy,0,2,172,625,36,36,761,589,0.9548306148055207
24-100-75,hindsight,2025-08-11,billing,0,9,1442,8063,324,324,9181,7739,0.9659126775381378
24-100-75,hindsight,2025-08-11,technical,0,13,1502,8062,312,312,9252,7750,0.9673776662484316
24-100-75,hindsight,2025-08-11,privacy,0,2,151,761,36,36,876,725,0.9605263157894737
24-100-75,hindsight,2025-08-18,billing,0,9,1442,9181,324,324,10299,8857,0.96950014120305
24-100-75,hindsight,2025-08-18,technical,0,13,1369,9252,312,312,10309,8940,0.9706242350061199
24-100-75,hindsight,2025-08-18,privacy,0,2,165,876,36,36,1005,840,0.9654178674351584
24-100-75,hindsight,2025-08-25,billing,0,9,1489,10299,324,324,11464,9975,0.9725144214455378
24-100-75,hindsight,2025-08-25,technical,0,13,1275,10309,312,312,11272,9997,0.9730662983425414
24-100-75,hindsight,2025-08-25,privacy,0,2,130,1005,36,36,1099,969,0.9682819383259912
24-100-75,hindsight,2025-09-01,billing,0,9,1465,11464,324,324,12605,11140,0.9749400572356718
24-100-75,hindsight,2025-09-01,technical,0,13,1258,11272,312,312,12218,10960,0.9750997605746209
24-100-75,hindsight,2025-09-01,privacy,0,2,106,1099,36,36,1169,1063,0.9701244813278008
24-100-75,hindsight,2025-09-08,billing,0,9,1506,12605,324,324,13787,12281,0.977039189284955
24-100-75,hindsight,2025-09-08,technical,0,13,1327,12218,312,312,13233,11906,0.9769656699889258
24-100-75,hindsight,2025-09-08,privacy,0,2,114,1169,36,36,1247,1133,0.9719407638347622
24-100-100,fixed,2025-06-23,billing,0,10,1510,0,480,480,1030,0,0.6821192052980133
24-100-100,fixed,2025-06-23,technical,0,12,1591,0,384,384,1207,0,0.7586423632935261
24-100-100,fixed,2025-06-23,privacy,0,2,152,0,48,48,104,0,0.6842105263157895
24-100-100,fixed,2025-06-30,billing,0,10,1238,1030,480,480,1788,550,0.7883597883597884
24-100-100,fixed,2025-06-30,technical,0,12,1356,1207,384,384,2179,823,0.8501755754974639
24-100-100,fixed,2025-06-30,privacy,0,2,123,104,48,48,179,56,0.788546255506608
24-100-100,fixed,2025-07-07,billing,0,10,1572,1788,480,480,2880,1308,0.8571428571428571
24-100-100,fixed,2025-07-07,technical,0,12,1490,2179,384,384,3285,1795,0.8953393295175798
24-100-100,fixed,2025-07-07,privacy,0,2,128,179,48,48,259,131,0.8436482084690554
24-100-100,fixed,2025-07-14,billing,0,10,1393,2880,480,480,3793,2400,0.8876667446758717
24-100-100,fixed,2025-07-14,technical,0,12,1449,3285,384,384,4350,2901,0.9188846641318125
24-100-100,fixed,2025-07-14,privacy,0,2,134,259,48,48,345,211,0.8778625954198473
24-100-100,fixed,2025-07-21,billing,0,10,1441,3793,480,480,4754,3313,0.9082919373328239
24-100-100,fixed,2025-07-21,technical,0,12,1416,4350,384,384,5382,3966,0.9334027055150884
24-100-100,fixed,2025-07-21,privacy,0,2,146,345,48,48,443,297,0.9022403258655805
24-100-100,fixed,2025-07-28,billing,0,10,1549,4754,480,480,5823,4274,0.9238457877201333
24-100-100,fixed,2025-07-28,technical,0,12,1452,5382,384,384,6450,4998,0.9438103599648815
24-100-100,fixed,2025-07-28,privacy,0,2,158,443,48,48,553,395,0.9201331114808652
24-100-100,fixed,2025-08-04,billing,0,10,1592,5823,480,480,6935,5343,0.935266351989211
24-100-100,fixed,2025-08-04,technical,0,12,1516,6450,384,384,7582,6066,0.9517951292995229
24-100-100,fixed,2025-08-04,privacy,0,2,172,553,48,48,677,505,0.9337931034482758
24-100-100,fixed,2025-08-11,billing,0,10,1442,6935,480,480,7897,6455,0.9427002506864033
24-100-100,fixed,2025-08-11,technical,0,12,1502,7582,384,384,8700,7198,0.9577278731836195
24-100-100,fixed,2025-08-11,privacy,0,2,151,677,48,48,780,629,0.9420289855072463
24-100-100,fixed,2025-08-18,billing,0,10,1442,7897,480,480,8859,7417,0.9486026341150016
24-100-100,fixed,2025-08-18,technical,0,12,1369,8700,384,384,9685,8316,0.9618631443043003
24-100-100,fixed,2025-08-18,privacy,0,2,165,780,48,48,897,732,0.9492063492063492
24-100-100,fixed,2025-08-25,billing,0,10,1489,8859,480,480,9868,8379,0.9536142249710089
24-100-100,fixed,2025-08-25,technical,0,12,1275,9685,384,384,10576,9301,0.964963503649635
24-100-100,fixed,2025-08-25,privacy,0,2,130,897,48,48,979,849,0.9532619279454723
24-100-100,fixed,2025-09-01,billing,0,10,1465,9868,480,480,10853,9388,0.9576458131121504
24-100-100,fixed,2025-09-01,technical,0,12,1258,10576,384,384,11450,10192,0.9675511238803448
24-100-100,fixed,2025-09-01,privacy,0,2,106,979,48,48,1037,931,0.9557603686635945
24-100-100,fixed,2025-09-08,billing,0,10,1506,10853,480,480,11879,10373,0.961161906303099
24-100-100,fixed,2025-09-08,technical,0,12,1327,11450,384,384,12393,11066,0.9699459967128434
24-100-100,fixed,2025-09-08,privacy,0,2,114,1037,48,48,1103,989,0.9582971329278888
24-100-100,adaptive,2025-06-23,billing,0,8,1510,0,384,384,1126,0,0.7456953642384105
24-100-100,adaptive,2025-06-23,technical,0,14,1591,0,448,448,1143,0,0.7184160905091138
24-100-100,adaptive,2025-06-23,privacy,0,2,152,0,48,48,104,0,0.6842105263157895
24-100-100,adaptive,2025-06-30,billing,0,9,1238,1126,432,432,1932,694,0.817258883248731
24-100-100,adaptive,2025-06-30,technical,0,13,1356,1143,416,416,2083,727,0.8335334133653461
24-100-100,adaptive,2025-06-30,privacy,0,2,123,104,48,48,179,56,0.788546255506608
24-100-100,adaptive,2025-07-07,billing,0,8,1572,1932,384,384,3120,1548,0.8904109589041096
24-100-100,adaptive,2025-07-07,technical,0,14,1490,2083,448,448,3125,1635,0.8746151693254968
24-100-100,adaptive,2025-07-07,privacy,0,2,128,179,48,48,259,131,0.8436482084690554
24-100-100,adaptive,2025-07-14,billing,0,9,1393,3120,432,432,4081,2688,0.904276534456016
24-100-100,adaptive,2025-07-14,technical,0,13,1449,3125,416,416,4158,2709,0.9090511587232182
24-100-100,adaptive,2025-07-14,privacy,0,2,134,259,48,48,345,211,0.8778625954198473
24-100-100,adaptive,2025-07-21,billing,0,9,1441,4081,432,432,5090,3649,0.9217674755523361
24-100-100,adaptive,2025-07-21,technical,0,14,1416,4158,448,448,5126,3710,0.9196268388948691
24-100-100,adaptive,2025-07-21,privacy,0,1,146,345,24,24,467,321,0.9511201629327902
24-100-100,adaptive,2025-07-28,billing,0,9,1549,5090,432,432,6207,4658,0.9349299593312246
24-100-100,adaptive,2025-07-28,technical,0,13,1452,5126,416,416,6162,4710,0.9367588932806324
24-100-100,adaptive,2025-07-28,privacy,0,2,158,467,48,48,577,419,0.9232
24-100-100,adaptive,2025-08-04,billing,0,9,1592,6207,432,432,7367,5775,0.9446082831132196
24-100-100,adaptive,2025-08-04,technical,0,13,1516,6162,416,416,7262,5746,0.9458192237561865
24-100-100,adaptive,2025-08-04,privacy,0,2,172,577,48,48,701,529,0.9359145527369827
24-100-100,adaptive,2025-08-11,billing,0,9,1442,7367,432,432,8377,6935,0.9509592462254512
24-100-100,adaptive,2025-08-11,technical,0,13,1502,7262,416,416,8348,6846,0.9525330899132816
24-100-100,adaptive,2025-08-11,privacy,0,2,151,701,48,48,804,653,0.9436619718309859
24-100-100,adaptive,2025-08-18,billing,0,9,1442,8377,432,432,9387,7945,0.9560036663611365
24-100-100,adaptive,2025-08-18,technical,0,13,1369,8348,416,416,9301,7932,0.9571884326438201
24-100-100,adaptive,2025-08-18,privacy,0,2,165,804,48,48,921,756,0.9504643962848297
24-100-100,adaptive,2025-08-25,billing,0,9,1489,9387,432,432,10444,8955,0.9602795145273998
24-100-100,adaptive,2025-08-25,technical,0,13,1275,9301,416,416,10160,8885,0.9606656580937972
24-100-100,adaptive,2025-08-25,privacy,0,2,130,921,48,48,1003,873,0.9543292102759277
24-100-100,adaptive,2025-09-01,billing,0,9,1465,10444,432,432,11477,10012,0.9637249139306406
24-100-100,adaptive,2025-09-01,technical,0,13,1258,10160,416,416,11002,9744,0.9635662988264144
24-100-100,adaptive,2025-09-01,privacy,0,2,106,1003,48,48,1061,955,0.9567177637511272
24-100-100,adaptive,2025-09-08,billing,0,9,1506,11477,432,432,12551,11045,0.9667257182469383
24-100-100,adaptive,2025-09-08,technical,0,13,1327,11002,416,416,11913,10586,0.9662584151188255
24-100-100,adaptive,2025-09-08,privacy,0,2,114,1061,48,48,1127,1013,0.9591489361702128
24-100-100,optimized,2025-06-23,billing,0,8,1510,0,384,384,1126,0,0.7456953642384105
24-100-100,optimized,2025-06-23,technical,0,14,1591,0,448,448,1143,0,0.7184160905091138
24-100-100,optimized,2025-06-23,privacy,0,2,152,0,48,48,104,0,0.6842105263157895
24-100-100,optimized,2025-06-30,billing,0,9,1238,1126,432,432,1932,694,0.817258883248731
24-100-100,optimized,2025-06-30,technical,0,13,1356,1143,416,416,2083,727,0.8335334133653461
24-100-100,optimized,2025-06-30,privacy,0,2,123,104,48,48,179,56,0.788546255506608
24-100-100,optimized,2025-07-07,billing,0,8,1572,1932,384,384,3120,1548,0.8904109589041096
24-100-100,optimized,2025-07-07,technical,0,14,1490,2083,448,448,3125,1635,0.8746151693254968
24-100-100,optimized,2025-07-07,privacy,0,2,128,179,48,48,259,131,0.8436482084690554
24-100-100,optimized,2025-07-14,billing,0,9,1393,3120,432,432,4081,2688,0.904276534456016
24-100-100,optimized,2025-07-14,technical,0,13,1449,3125,416,416,4158,2709,0.9090511587232182
24-100-100,optimized,2025-07-14,privacy,0,2,134,259,48,48,345,211,0.8778625954198473
24-100-100,optimized,2025-07-21,billing,0,9,1441,4081,432,432,5090,3649,0.9217674755523361
24-100-100,optimized,2025-07-21,technical,0,13,1416,4158,416,416,5158,3742,0.925367778973807
24-100-100,optimized,2025-07-21,privacy,0,2,146,345,48,48,443,297,0.9022403258655805
24-100-100,optimized,2025-07-28,billing,0,9,1549,5090,432,432,6207,4658,0.9349299593312246
24-100-100,optimized,2025-07-28,technical,0,13,1452,5158,416,416,6194,4742,0.9370650529500757
24-100-100,optimized,2025-07-28,privacy,0,2,158,443,48,48,553,395,0.9201331114808652
24-100-100,optimized,2025-08-04,billing,0,9,1592,6207,432,432,7367,5775,0.9446082831132196
24-100-100,optimized,2025-08-04,technical,0,13,1516,6194,416,416,7294,5778,0.9460440985732814
24-100-100,optimized,2025-08-04,privacy,0,2,172,553,48,48,677,505,0.9337931034482758
24-100-100,optimized,2025-08-11,billing,0,9,1442,7367,432,432,8377,6935,0.9509592462254512
24-100-100,optimized,2025-08-11,technical,0,13,1502,7294,416,416,8380,6878,0.952705775352433
24-100-100,optimized,2025-08-11,privacy,0,2,151,677,48,48,780,629,0.9420289855072463
24-100-100,optimized,2025-08-18,billing,0,9,1442,8377,432,432,9387,7945,0.9560036663611365
24-100-100,optimized,2025-08-18,technical,0,13,1369,8380,416,416,9333,7964,0.9573289568160837
24-100-100,optimized,2025-08-18,privacy,0,2,165,780,48,48,897,732,0.9492063492063492
24-100-100,optimized,2025-08-25,billing,0,9,1489,9387,432,432,10444,8955,0.9602795145273998
24-100-100,optimized,2025-08-25,technical,0,13,1275,9333,416,416,10192,8917,0.9607843137254902
24-100-100,optimized,2025-08-25,privacy,0,2,130,897,48,48,979,849,0.9532619279454723
24-100-100,optimized,2025-09-01,billing,0,9,1465,10444,432,432,11477,10012,0.9637249139306406
24-100-100,optimized,2025-09-01,technical,0,13,1258,10192,416,416,11034,9776,0.9636681222707424
24-100-100,optimized,2025-09-01,privacy,0,2,106,979,48,48,1037,931,0.9557603686635945
24-100-100,optimized,2025-09-08,billing,0,9,1506,11477,432,432,12551,11045,0.9667257182469383
24-100-100,optimized,2025-09-08,technical,0,13,1327,11034,416,416,11945,10618,0.966345764905752
24-100-100,optimized,2025-09-08,privacy,0,2,114,1037,48,48,1103,989,0.9582971329278888
24-100-100,hindsight,2025-06-23,billing,0,9,1510,0,432,432,1078,0,0.713907284768212
24-100-100,hindsight,2025-06-23,technical,0,13,1591,0,416,416,1175,0,0.73852922690132
24-100-100,hindsight,2025-06-23,privacy,0,2,152,0,48,48,104,0,0.6842105263157895
24-100-100,hindsight,2025-06-30,billing,0,8,1238,1078,384,384,1932,694,0.8341968911917098
24-100-100,hindsight,2025-06-30,technical,0,14,1356,1175,448,448,2083,727,0.822994863690241
24-100-100,hindsight,2025-06-30,privacy,0,2,123,104,48,48,179,56,0.788546255506608
24-100-100,hindsight,2025-07-07,billing,0,9,1572,1932,432,432,3072,1500,0.8767123287671232
24-100-100,hindsight,2025-07-07,technical,0,13,1490,2083,416,416,3157,1667,0.8835712286593899
24-100-100,hindsight,2025-07-07,privacy,0,2,128,179,48,48,259,131,0.8436482084690554
24-100-100,hindsight,2025-07-14,billing,0,9,1393,3072,432,432,4033,2640,0.9032474804031355
24-100-100,hindsight,2025-07-14,technical,0,13,1449,3157,416,416,4190,2741,0.9096830221450283
24-100-100,hindsight,2025-07-14,privacy,0,2,134,259,48,48,345,211,0.8778625954198473
24-100-100,hindsight,2025-07-21,billing,0,9,1441,4033,432,432,5042,3601,0.9210814760686884
24-100-100,hindsight,2025-07-21,technical,0,13,1416,4190,416,416,5190,3774,0.9257937923653229
24-100-100,hindsight,2025-07-21,privacy,0,2,146,345,48,48,443,297,0.9022403258655805
24-100-100,hindsight,2025-07-28,billing,0,9,1549,5042,432,432,6159,4610,0.9344560764679107
24-100-100,hindsight,2025-07-28,technical,0,13,1452,5190,416,416,6226,4774,0.9373682625715146
24-100-100,hindsight,2025-07-28,privacy,0,2,158,443,48,48,553,395,0.9201331114808652
24-100-100,hindsight,2025-08-04,billing,0,9,1592,6159,432,432,7319,5727,0.9442652560959877
24-100-100,hindsight,2025-08-04,technical,0,13,1516,6226,416,416,7326,5810,0.946267114440713
24-100-100,hindsight,2025-08-04,privacy,0,2,172,553,48,48,677,505,0.9337931034482758
24-100-100,hindsight,2025-08-11,billing,0,9,1442,7319,432,432,8329,6887,0.9506905604383061
24-100-100,hindsight,2025-08-11,technical,0,13,1502,7326,416,416,8412,6910,0.9528772088808337
24-100-100,hindsight,2025-08-11,privacy,0,2,151,677,48,48,780,629,0.9420289855072463
24-100-100,hindsight,2025-08-18,billing,0,9,1442,8329,432,432,9339,7897,0.9557875345409886
24-100-100,hindsight,2025-08-18,technical,0,13,1369,8412,416,416,9365,7996,0.9574685614967795
24-100-100,hindsight,2025-08-18,privacy,0,2,165,780,48,48,897,732,0.9492063492063492
24-100-100,hindsight,2025-08-25,billing,0,9,1489,9339,432,432,10396,8907,0.9601034355374953
24-100-100,hindsight,2025-08-25,technical,0,13,1275,9365,416,416,10224,8949,0.9609022556390977
24-100-100,hindsight,2025-08-25,privacy,0,2,130,897,48,48,979,849,0.9532619279454723
24-100-100,hindsight,2025-09-01,billing,0,9,1465,10396,432,432,11429,9964,0.9635781131439171
24-100-100,hindsight,2025-09-01,technical,0,13,1258,10224,416,416,11066,9808,0.9637693781571155
24-100-100,hindsight,2025-09-01,privacy,0,2,106,979,48,48,1037,931,0.9557603686635945
24-100-100,hindsight,2025-09-08,billing,0,9,1506,11429,432,432,12503,10997,0.9666022419791264
24-100-100,hindsight,2025-09-08,technical,0,13,1327,11066,416,416,11977,10650,0.9664326636004196
24-100-100,hindsight,2025-09-08,privacy,0,2,114,1037,48,48,1103,989,0.9582971329278888
24-100-125,fixed,2025-06-23,billing,0,10,1510,0,600,600,910,0,0.6026490066225165
24-100-125,fixed,2025-06-23,technical,0,12,1591,0,480,480,1111,0,0.6983029541169076
24-100-125,fixed,2025-06-23,privacy,0,2,152,0,60,60,92,0,0.6052631578947368
24-100-125,fixed,2025-06-30,billing,0,10,1238,910,600,600,1548,310,0.7206703910614525
24-100-125,fixed,2025-06-30,technical,0,12,1356,1111,480,480,1987,631,0.8054316984191325
24-100-125,fixed,2025-06-30,privacy,0,2,123,92,60,60,155,32,0.7209302325581395
24-100-125,fixed,2025-07-07,billing,0,10,1572,1548,600,600,2520,948,0.8076923076923077
24-100-125,fixed,2025-07-07,technical,0,12,1490,1987,480,480,2997,1507,0.8619499568593615
24-100-125,fixed,2025-07-07,privacy,0,2,128,155,60,60,223,95,0.7879858657243817
24-100-125,fixed,2025-07-14,billing,0,10,1393,2520,600,600,3313,1920,0.8466649629440327
24-100-125,fixed,2025-07-14,technical,0,12,1449,2997,480,480,3966,2517,0.8920377867746289
24-100-125,fixed,2025-07-14,privacy,0,2,134,223,60,60,297,163,0.8319327731092437
24-100-125,fixed,2025-07-21,billing,0,10,1441,3313,600,600,4154,2713,0.8737904922170804
24-100-125,fixed,2025-07-21,technical,0,12,1416,3966,480,480,4902,3486,0.9108138238573021
24-100-125,fixed,2025-07-21,privacy,0,2,146,297,60,60,383,237,0.8645598194130926
24-100-125,fixed,2025-07-28,billing,0,10,1549,4154,600,600,5103,3554,0.8947922146238821
24-100-125,fixed,2025-07-28,technical,0,12,1452,4902,480,480,5874,4422,0.9244570349386213
24-100-125,fixed,2025-07-28,privacy,0,2,158,383,60,60,481,323,0.88909426987061
24-100-125,fixed,2025-08-04,billing,0,10,1592,5103,600,600,6095,4503,0.9103808812546677
24-100-125,fixed,2025-08-04,technical,0,12,1516,5874,480,480,6910,5394,0.9350473612990527
24-100-125,fixed,2025-08-04,privacy,0,2,172,481,60,60,593,421,0.9081163859111792
24-100-125,fixed,2025-08-11,billing,0,10,1442,6095,600,600,6937,5495,0.9203927292026005
24-100-125,fixed,2025-08-11,technical,0,12,1502,6910,480,480,7932,6430,0.9429386590584878
24-100-125,fixed,2025-08-11,privacy,0,2,151,593,60,60,684,533,0.9193548387096774
24-100-125,fixed,2025-08-18,billing,0,10,1442,6937,600,600,7779,6337,0.9283924095954171
24-100-125,fixed,2025-08-18,technical,0,12,1369,7932,480,480,8821,7452,0.9483926459520482
24-100-125,fixed,2025-08-18,privacy,0,2,165,684,60,60,789,624,0.9293286219081273
24-100-125,fixed,2025-08-25,billing,0,10,1489,7779,600,600,8668,7179,0.9352611135088477
24-100-125,fixed,2025-08-25,technical,0,12,1275,8821,480,480,9616,8341,0.9524564183835182
24-100-125,fixed,2025-08-25,privacy,0,2,130,789,60,60,859,729,0.9347116430903155
24-100-125,fixed,2025-09-01,billing,0,10,1465,8668,600,600,9533,8068,0.9407875259054574
24-100-125,fixed,2025-09-01,technical,0,12,1258,9616,480,480,10394,9136,0.9558580099319478
24-100-125,fixed,2025-09-01,privacy,0,2,106,859,60,60,905,799,0.9378238341968912
24-100-125,fixed,2025-09-08,billing,0,10,1506,9533,600,600,10439,8933,0.9456472506567624
24-100-125,fixed,2025-09-08,technical,0,12,1327,10394,480,480,11241,9914,0.9590478628103404
24-100-125,fixed,2025-09-08,privacy,0,2,114,905,60,60,959,845,0.9411187438665358
24-100-125,adaptive,2025-06-23,billing,0,8,1510,0,480,480,1030,0,0.6821192052980133
24-100-125,adaptive,2025-06-23,technical,0,14,1591,0,560,560,1031,0,0.6480201131363922
24-100-125,adaptive,2025-06-23,privacy,0,2,152,0,60,60,92,0,0.6052631578947368
24-100-125,adaptive,2025-06-30,billing,0,9,1238,1030,540,540,1728,490,0.7619047619047619
24-100-125,adaptive,2025-06-30,technical,0,13,1356,1031,520,520,1867,511,0.7821533305404273
24-100-125,adaptive,2025-06-30,privacy,0,2,123,92,60,60,155,32,0.7209302325581395
24-100-125,adaptive,2025-07-07,billing,0,8,1572,1728,480,480,2820,1248,0.8545454545454545
24-100-125,adaptive,2025-07-07,technical,0,14,1490,1867,560,560,2797,1307,0.8331843908251415
24-100-125,adaptive,2025-07-07,privacy,0,2,128,155,60,60,223,95,0.7879858657243817
24-100-125,adaptive,2025-07-14,billing,0,9,1393,2820,540,540,3673,2280,0.8718253026347021
24-100-125,adaptive,2025-07-14,technical,0,13,1449,2797,520,520,3726,2277,0.8775317946302402
24-100-125,adaptive,2025-07-14,privacy,0,2,134,223,60,60,297,163,0.8319327731092437
24-100-125,adaptive,2025-07-21,billing,0,9,1441,3673,540,540,4574,3133,0.8944075087993743
24-100-125,adaptive,2025-07-21,technical,0,14,1416,3726,560,560,4582,3166,0.8910929599377674
24-100-125,adaptive,2025-07-21,privacy,0,1,146,297,30,30,413,267,0.9322799097065463
24-100-125,adaptive,2025-07-28,billing,0,9,1549,4574,540,540,5583,4034,0.9118079372856442
24-100-125,adaptive,2025-07-28,technical,0,13,1452,4582,520,520,5514,4062,0.9138216771627444
24-100-125,adaptive,2025-07-28,privacy,0,2,158,413,60,60,511,353,0.8949211908931699
24-100-125,adaptive,2025-08-04,billing,0,9,1592,5583,540,540,6635,5043,0.9247386759581881
24-100-125,adaptive,2025-08-04,technical,0,13,1516,5514,520,520,6510,4994,0.9260312944523471
24-100-125,adaptive,2025-08-04,privacy,0,2,172,511,60,60,623,451,0.9121522693997072
24-100-125,adaptive,2025-08-11,billing,0,9,1442,6635,540,540,7537,6095,0.933143493871487
24-100-125,adaptive,2025-08-11,technical,0,13,1502,6510,520,520,7492,5990,0.9350973539690465
24-100-125,adaptive,2025-08-11,privacy,0,2,151,623,60,60,714,563,0.9224806201550387
24-100-125,adaptive,2025-08-18,billing,0,9,1442,7537,540,540,8439,6997,0.9398596725693285
24-100-125,adaptive,2025-08-18,technical,0,13,1369,7492,520,520,8341,6972,0.9413158785690102
24-100-125,adaptive,2025-08-18,privacy,0,2,165,714,60,60,819,654,0.931740614334471
24-100-125,adaptive,2025-08-25,billing,0,9,1489,8439,540,540,9388,7899,0.9456083803384367
24-100-125,adaptive,2025-08-25,technical,0,13,1275,8341,520,520,9096,7821,0.9459234608985025
24-100-125,adaptive,2025-08-25,privacy,0,2,130,819,60,60,889,759,0.9367755532139094
24-100-125,adaptive,2025-09-01,billing,0,9,1465,9388,540,540,10313,8848,0.9502441721183083
24-100-125,adaptive,2025-09-01,technical,0,13,1258,9096,520,520,9834,8576,0.9497778636275835
24-100-125,adaptive,2025-09-01,privacy,0,2,106,889,60,60,935,829,0.9396984924623115
24-100-125,adaptive,2025-09-08,billing,0,9,1506,10313,540,540,11279,9773,0.9543108554023183
24-100-125,adaptive,2025-09-08,technical,0,13,1327,9834,520,520,10641,9314,0.9534091927246663
24-100-125,adaptive,2025-09-08,privacy,0,2,114,935,60,60,989,875,0.9428026692087702
24-100-125,optimized,2025-06-23,billing,0,8,1510,0,480,480,1030,0,0.6821192052980133
24-100-125,optimized,2025-06-23,technical,0,14,1591,0,560,560,1031,0,0.6480201131363922
24-100-125,optimized,2025-06-23,privacy,0,2,152,0,60,60,92,0,0.6052631578947368
24-100-125,optimized,2025-06-30,billing,0,9,1238,1030,540,540,1728,490,0.7619047619047619
24-100-125,optimized,2025-06-30,technical,0,13,1356,1031,520,520,1867,511,0.7821533305404273
24-100-125,optimized,2025-06-30,privacy,0,2,123,92,60,60,155,32,0.7209302325581395
24-100-125,optimized,2025-07-07,billing,0,8,1572,1728,480,480,2820,1248,0.8545454545454545
24-100-125,optimized,2025-07-07,technical,0,14,1490,1867,560,560,2797,1307,0.8331843908251415
24-100-125,optimized,2025-07-07,privacy,0,2,128,155,60,60,223,95,0.7879858657243817
24-100-125,optimized,2025-07-14,billing,0,9,1393,2820,540,540,3673,2280,0.8718253026347021
24-100-125,optimized,2025-07-14,technical,0,13,1449,2797,520,520,3726,2277,0.8775317946302402
24-100-125,optimized,2025-07-14,privacy,0,2,134,223,60,60,297,163,0.8319327731092437
24-100-125,optimized,2025-07-21,billing,0,9,1441,3673,540,540,4574,3133,0.8944075087993743
24-100-125,optimized,2025-07-21,technical,0,13,1416,3726,520,520,4622,3206,0.8988720342279268
24-100-125,optimized,2025-07-21,privacy,0,2,146,297,60,60,383,237,0.8645598194130926
24-100-125,optimized,2025-07-28,billing,0,9,1549,4574,540,540,5583,4034,0.9118079372856442
24-100-125,optimized,2025-07-28,technical,0,13,1452,4622,520,520,5554,4102,0.914389199868291
24-100-125,optimized,2025-07-28,privacy,0,2,158,383,60,60,481,323,0.88909426987061
24-100-125,optimized,2025-08-04,billing,0,9,1592,5583,540,540,6635,5043,0.9247386759581881
24-100-125,optimized,2025-08-04,technical,0,13,1516,5554,520,520,6550,5034,0.9264497878359265
24-100-125,optimized,2025-08-04,privacy,0,2,172,481,60,60,593,421,0.9081163859111792
24-100-125,optimized,2025-08-11,billing,0,9,1442,6635,540,540,7537,6095,0.933143493871487
24-100-125,optimized,2025-08-11,technical,0,13,1502,6550,520,520,7532,6030,0.9354197714853453
24-100-125,optimized,2025-08-11,privacy,0,2,151,593,60,60,684,533,0.9193548387096774
24-100-125,optimized,2025-08-18,billing,0,9,1442,7537,540,540,8439,6997,0.9398596725693285
24-100-125,optimized,2025-08-18,technical,0,13,1369,7532,520,520,8381,7012,0.9415795977980003
24-100-125,optimized,2025-08-18,privacy,0,2,165,684,60,60,789,624,0.9293286219081273
24-100-125,optimized,2025-08-25,billing,0,9,1489,8439,540,540,9388,7899,0.9456083803384367
24-100-125,optimized,2025-08-25,technical,0,13,1275,8381,520,520,9136,7861,0.9461474730737366
24-100-125,optimized,2025-08-25,privacy,0,2,130,789,60,60,859,729,0.9347116430903155
24-100-125,optimized,2025-09-01,billing,0,9,1465,9388,540,540,10313,8848,0.9502441721183083
24-100-125,optimized,2025-09-01,technical,0,13,1258,9136,520,520,9874,8616,0.9499711371945353
24-100-125,optimized,2025-09-01,privacy,0,2,106,859,60,60,905,799,0.9378238341968912
24-100-125,optimized,2025-09-08,billing,0,9,1506,10313,540,540,11279,9773,0.9543108554023183
24-100-125,optimized,2025-09-08,technical,0,13,1327,9874,520,520,10681,9354,0.9535755736094992
24-100-125,optimized,2025-09-08,privacy,0,2,114,905,60,60,959,845,0.9411187438665358
24-100-125,hindsight,2025-06-23,billing,0,9,1510,0,540,540,970,0,0.6423841059602649
24-100-125,hindsight,2025-06-23,technical,0,13,1591,0,520,520,1071,0,0.6731615336266499
24-100-125,hindsight,2025-06-23,privacy,0,2,152,0,60,60,92,0,0.6052631578947368
24-100-125,hindsight,2025-06-30,billing,0,8,1238,970,480,480,1728,490,0.782608695652174
24-100-125,hindsight,2025-06-30,technical,0,14,1356,1071,560,560,1867,511,0.76926246394726
24-100-125,hindsight,2025-06-30,privacy,0,2,123,92,60,60,155,32,0.7209302325581395
24-100-125,hindsight,2025-07-07,billing,0,9,1572,1728,540,540,2760,1188,0.8363636363636363
24-100-125,hindsight,2025-07-07,technical,0,13,1490,1867,520,520,2837,1347,0.8450997914804885
24-100-125,hindsight,2025-07-07,privacy,0,2,128,155,60,60,223,95,0.7879858657243817
24-100-125,hindsight,2025-07-14,billing,0,9,1393,2760,540,540,3613,2220,0.8699735131230436
24-100-125,hindsight,2025-07-14,technical,0,13,1449,2837,520,520,3766,2317,0.8786747550163323
24-100-125,hindsight,2025-07-14,privacy,0,2,134,223,60,60,297,163,0.8319327731092437
24-100-125,hindsight,2025-07-21,billing,0,9,1441,3613,540,540,4514,3073,0.8931539374752672
24-100-125,hindsight,2025-07-21,technical,0,13,1416,3766,520,520,4662,3246,0.8996526437668854
24-100-125,hindsight,2025-07-21,privacy,0,2,146,297,60,60,383,237,0.8645598194130926
24-100-125,hindsight,2025-07-28,billing,0,9,1549,4514,540,540,5523,3974,0.9109351806036615
24-100-125,hindsight,2025-07-28,technical,0,13,1452,4662,520,520,5594,4142,0.9149492966961073
24-100-125,hindsight,2025-07-28,privacy,0,2,158,383,60,60,481,323,0.88909426987061
24-100-125,hindsight,2025-08-04,billing,0,9,1592,5523,540,540,6575,4983,0.9241040056219255
24-100-125,hindsight,2025-08-04,technical,0,13,1516,5594,520,520,6590,5074,0.9268635724331927
24-100-125,hindsight,2025-08-04,privacy,0,2,172,481,60,60,593,421,0.9081163859111792
24-100-125,hindsight,2025-08-11,billing,0,9,1442,6575,540,540,7477,6035,0.9326431333416489
24-100-125,hindsight,2025-08-11,technical,0,13,1502,6590,520,520,7572,6070,0.9357390014829461
24-100-125,hindsight,2025-08-11,privacy,0,2,151,593,60,60,684,533,0.9193548387096774
24-100-125,hindsight,2025-08-18,billing,0,9,1442,7477,540,540,8379,6937,0.9394550958627649
24-100-125,hindsight,2025-08-18,technical,0,13,1369,7572,520,520,8421,7052,0.9418409573873169
24-100-125,hindsight,2025-08-18,privacy,0,2,165,684,60,60,789,624,0.9293286219081273
24-100-125,hindsight,2025-08-25,billing,0,9,1489,8379,540,540,9328,7839,0.945277665180381
24-100-125,hindsight,2025-08-25,technical,0,13,1275,8421,520,520,9176,7901,0.9463696369636964
24-100-125,hindsight,2025-08-25,privacy,0,2,130,789,60,60,859,729,0.9347116430903155
24-100-125,hindsight,2025-09-01,billing,0,9,1465,9328,540,540,10253,8788,0.9499675715741684
24-100-125,hindsight,2025-09-01,technical,0,13,1258,9176,520,520,9914,8656,0.9501629288863331
24-100-125,hindsight,2025-09-01,privacy,0,2,106,859,60,60,905,799,0.9378238341968912
24-100-125,hindsight,2025-09-08,billing,0,9,1506,10253,540,540,11219,9713,0.9540777276979335
24-100-125,hindsight,2025-09-08,technical,0,13,1327,9914,520,520,10721,9394,0.9537407703940931
24-100-125,hindsight,2025-09-08,privacy,0,2,114,905,60,60,959,845,0.9411187438665358
36-0-75,fixed,2025-06-23,billing,16,0,1510,0,720,720,790,0,0.5231788079470199
36-0-75,fixed,2025-06-23,technical,16,0,1591,0,480,480,1111,0,0.6983029541169076
36-0-75,fixed,2025-06-23,privacy,4,0,152,0,90,90,62,0,0.40789473684210525
36-0-75,fixed,2025-06-30,billing,16,0,1238,790,720,720,1308,70,0.6449704142011834
36-0-75,fixed,2025-06-30,technical,16,0,1356,1111,480,480,1987,631,0.8054316984191325
36-0-75,fixed,2025-06-30,privacy,4,0,123,62,90,90,95,0,0.5135135135135135
36-0-75,fixed,2025-07-07,billing,16,0,1572,1308,720,720,2160,588,0.75
36-0-75,fixed,2025-07-07,technical,16,0,1490,1987,480,480,2997,1507,0.8619499568593615
36-0-75,fixed,2025-07-07,privacy,4,0,128,95,90,90,133,5,0.5964125560538116
36-0-75,fixed,2025-07-14,billing,16,0,1393,2160,720,720,2833,1440,0.7973543484379397
36-0-75,fixed,2025-07-14,technical,16,0,1449,2997,480,480,3966,2517,0.8920377867746289
36-0-75,fixed,2025-07-14,privacy,4,0,134,133,90,90,177,43,0.6629213483146067
36-0-75,fixed,2025-07-21,billing,16,0,1441,2833,720,720,3554,2113,0.8315395414131961
36-0-75,fixed,2025-07-21,technical,16,0,1416,3966,480,480,4902,3486,0.9108138238573021
36-0-75,fixed,2025-07-21,privacy,4,0,146,177,90,90,233,87,0.7213622291021672
36-0-75,fixed,2025-07-28,billing,16,0,1549,3554,720,720,4383,2834,0.8589065255731922
36-0-75,fixed,2025-07-28,technical,16,0,1452,4902,480,480,5874,4422,0.9244570349386213
36-0-75,fixed,2025-07-28,privacy,4,0,158,233,90,90,301,143,0.7698209718670077
36-0-75,fixed,2025-08-04,billing,16,0,1592,4383,720,720,5255,3663,0.8794979079497908
36-0-75,fixed,2025-08-04,technical,16,0,1516,5874,480,480,6910,5394,0.9350473612990527
36-0-75,fixed,2025-08-04,privacy,4,0,172,301,90,90,383,211,0.8097251585623678
36-0-75,fixed,2025-08-11,billing,16,0,1442,5255,720,720,5977,4535,0.89248917425713
36-0-75,fixed,2025-08-11,technical,16,0,1502,6910,480,480,7932,6430,0.9429386590584878
36-0-75,fixed,2025-08-11,privacy,4,0,151,383,90,90,444,293,0.8314606741573034
36-0-75,fixed,2025-08-18,billing,16,0,1442,5977,720,720,6699,5257,0.9029518803073191
36-0-75,fixed,2025-08-18,technical,16,0,1369,7932,480,480,8821,7452,0.9483926459520482
36-0-75,fixed,2025-08-18,privacy,4,0,165,444,90,90,519,354,0.8522167487684729
36-0-75,fixed,2025-08-25,billing,16,0,1489,6699,720,720,7468,5979,0.912066438690767
36-0-75,fixed,2025-08-25,technical,16,0,1275,8821,480,480,9616,8341,0.9524564183835182
36-0-75,fixed,2025-08-25,privacy,4,0,130,519,90,90,559,429,0.8613251155624037
36-0-75,fixed,2025-09-01,billing,16,0,1465,7468,720,720,8213,6748,0.9193999776111049
36-0-75,fixed,2025-09-01,technical,16,0,1258,9616,480,480,10394,9136,0.9558580099319478
36-0-75,fixed,2025-09-01,privacy,4,0,106,559,90,90,575,469,0.8646616541353384
36-0-75,fixed,2025-09-08,billing,16,0,1506,8213,720,720,8999,7493,0.9259183043522996
36-0-75,fixed,2025-09-08,technical,16,0,1327,10394,480,480,11241,9914,0.9590478628103404
36-0-75,fixed,2025-09-08,privacy,4,0,114,575,90,90,599,485,0.8693759071117562
36-0-75,adaptive,2025-06-23,billing,16,0,1510,0,720,720,790,0,0.5231788079470199
36-0-75,adaptive,2025-06-23,technical,16,0,1591,0,480,480,1111,0,0.6983029541169076
36-0-75,adaptive,2025-06-23,privacy,4,0,152,0,90,90,62,0,0.40789473684210525
36-0-75,adaptive,2025-06-30,billing,16,0,1238,790,720,720,1308,70,0.6449704142011834
36-0-75,adaptive,2025-06-30,technical,16,0,1356,1111,480,480,1987,631,0.8054316984191325
36-0-75,adaptive,2025-06-30,privacy,4,0,123,62,90,90,95,0,0.5135135135135135
36-0-75,adaptive,2025-07-07,billing,16,0,1572,1308,720,720,2160,588,0.75
36-0-75,adaptive,2025-07-07,technical,16,0,1490,1987,480,480,2997,1507,0.8619499568593615
36-0-75,adaptive,2025-07-07,privacy,4,0,128,95,90,90,133,5,0.5964125560538116
36-0-75,adaptive,2025-07-14,billing,16,0,1393,2160,720,720,2833,1440,0.7973543484379397
36-0-75,adaptive,2025-07-14,technical,16,0,1449,2997,480,480,3966,2517,0.8920377867746289
36-0-75,adaptive,2025-07-14,privacy,4,0,134,133,90,90,177,43,0.6629213483146067
36-0-75,adaptive,2025-07-21,billing,16,0,1441,2833,720,720,3554,2113,0.8315395414131961
36-0-75,adaptive,2025-07-21,technical,16,0,1416,3966,480,480,4902,3486,0.9108138238573021
36-0-75,adaptive,2025-07-21,privacy,4,0,146,177,90,90,233,87,0.7213622291021672
36-0-75,adaptive,2025-07-28,billing,16,0,1549,3554,720,720,4383,2834,0.8589065255731922
36-0-75,adaptive,2025-07-28,technical,16,0,1452,4902,480,480,5874,4422,0.9244570349386213
36-0-75,adaptive,2025-07-28,privacy,4,0,158,233,90,90,301,143,0.7698209718670077
36-0-75,adaptive,2025-08-04,billing,16,0,1592,4383,720,720,5255,3663,0.8794979079497908
36-0-75,adaptive,2025-08-04,technical,16,0,1516,5874,480,480,6910,5394,0.9350473612990527
36-0-75,adaptive,2025-08-04,privacy,4,0,172,301,90,90,383,211,0.8097251585623678
36-0-75,adaptive,2025-08-11,billing,16,0,1442,5255,720,720,5977,4535,0.89248917425713
36-0-75,adaptive,2025-08-11,technical,16,0,1502,6910,480,480,7932,6430,0.9429386590584878
36-0-75,adaptive,2025-08-11,privacy,4,0,151,383,90,90,444,293,0.8314606741573034
36-0-75,adaptive,2025-08-18,billing,16,0,1442,5977,720,720,6699,5257,0.9029518803073191
36-0-75,adaptive,2025-08-18,technical,16,0,1369,7932,480,480,8821,7452,0.9483926459520482
36-0-75,adaptive,2025-08-18,privacy,4,0,165,444,90,90,519,354,0.8522167487684729
36-0-75,adaptive,2025-08-25,billing,16,0,1489,6699,720,720,7468,5979,0.912066438690767
36-0-75,adaptive,2025-08-25,technical,16,0,1275,8821,480,480,9616,8341,0.9524564183835182
36-0-75,adaptive,2025-08-25,privacy,4,0,130,519,90,90,559,429,0.8613251155624037
36-0-75,adaptive,2025-09-01,billing,16,0,1465,7468,720,720,8213,6748,0.9193999776111049
36-0-75,adaptive,2025-09-01,technical,16,0,1258,9616,480,480,10394,9136,0.9558580099319478
36-0-75,adaptive,2025-09-01,privacy,4,0,106,559,90,90,575,469,0.8646616541353384
36-0-75,adaptive,2025-09-08,billing,16,0,1506,8213,720,720,8999,7493,0.9259183043522996
36-0-75,adaptive,2025-09-08,technical,16,0,1327,10394,480,480,11241,9914,0.9590478628103404
36-0-75,adaptive,2025-09-08,privacy,4,0,114,575,90,90,599,485,0.8693759071117562
36-0-75,optimized,2025-06-23,billing,16,0,1510,0,720,720,790,0,0.5231788079470199
36-0-75,optimized,2025-06-23,technical,16,0,1591,0,480,480,1111,0,0.6983029541169076
36-0-75,optimized,2025-06-23,privacy,4,0,152,0,90,90,62,0,0.40789473684210525
36-0-75,optimized,2025-06-30,billing,16,0,1238,790,720,720,1308,70,0.6449704142011834
36-0-75,optimized,2025-06-30,technical,16,0,1356,1111,480,480,1987,631,0.8054316984191325
36-0-75,optimized,2025-06-30,privacy,4,0,123,62,90,90,95,0,0.5135135135135135
36-0-75,optimized,2025-07-07,billing,16,0,1572,1308,720,720,2160,588,0.75
36-0-75,optimized,2025-07-07,technical,16,0,1490,1987,480,480,2997,1507,0.8619499568593615
36-0-75,optimized,2025-07-07,privacy,4,0,128,95,90,90,133,5,0.5964125560538116
36-0-75,optimized,2025-07-14,billing,16,0,1393,2160,720,720,2833,1440,0.7973543484379397
36-0-75,optimized,2025-07-14,technical,16,0,1449,2997,480,480,3966,2517,0.8920377867746289
36-0-75,optimized,2025-07-14,privacy,4,0,134,133,90,90,177,43,0.6629213483146067
36-0-75,optimized,2025-07-21,billing,16,0,1441,2833,720,720,3554,2113,0.8315395414131961
36-0-75,optimized,2025-07-21,technical,16,0,1416,3966,480,480,4902,3486,0.9108138238573021
36-0-75,optimized,2025-07-21,privacy,4,0,146,177,90,90,233,87,0.7213622291021672
36-0-75,optimized,2025-07-28,billing,16,0,1549,3554,720,720,4383,2834,0.8589065255731922
36-0-75,optimized,2025-07-28,technical,16,0,1452,4902,480,480,5874,4422,0.9244570349386213
36-0-75,optimized,2025-07-28,privacy,4,0,158,233,90,90,301,143,0.7698209718670077
36-0-75,optimized,2025-08-04,billing,16,0,1592,4383,720,720,5255,3663,0.8794979079497908
36-0-75,optimized,2025-08-04,technical,16,0,1516,5874,480,480,6910,5394,0.9350473612990527
36-0-75,optimized,2025-08-04,privacy,4,0,172,301,90,90,383,211,0.8097251585623678
36-0-75,optimized,2025-08-11,billing,16,0,1442,5255,720,720,5977,4535,0.89248917425713
36-0-75,optimized,2025-08-11,technical,16,0,1502,6910,480,480,7932,6430,0.9429386590584878
36-0-75,optimized,2025-08-11,privacy,4,0,151,383,90,90,444,293,0.8314606741573034
36-0-75,optimized,2025-08-18,billing,16,0,1442,5977,720,720,6699,5257,0.9029518803073191
36-0-75,optimized,2025-08-18,technical,16,0,1369,7932,480,480,8821,7452,0.9483926459520482
36-0-75,optimized,2025-08-18,privacy,4,0,165,444,90,90,519,354,0.8522167487684729
36-0-75,optimized,2025-08-25,billing,16,0,1489,6699,720,720,7468,5979,0.912066438690767
36-0-75,optimized,2025-08-25,technical,16,0,1275,8821,480,480,9616,8341,0.9524564183835182
36-0-75,optimized,2025-08-25,privacy,4,0,130,519,90,90,559,429,0.8613251155624037
36-0-75,optimized,2025-09-01,billing,16,0,1465,7468,720,720,8213,6748,0.9193999776111049
36-0-75,optimized,2025-09-01,technical,16,0,1258,9616,480,480,10394,9136,0.9558580099319478
36-0-75,optimized,2025-09-01,privacy,4,0,106,559,90,90,575,469,0.8646616541353384
36-0-75,optimized,2025-09-08,billing,16,0,1506,8213,720,720,8999,7493,0.9259183043522996
36-0-75,optimized,2025-09-08,technical,16,0,1327,10394,480,480,11241,9914,0.9590478628103404
36-0-75,optimized,2025-09-08,privacy,4,0,114,575,90,90,599,485,0.8693759071117562
36-0-75,hindsight,2025-06-23,billing,16,0,1510,0,720,720,790,0,0.5231788079470199
36-0-75,hindsight,2025-06-23,technical,16,0,1591,0,480,480,1111,0,0.6983029541169076
36-0-75,hindsight,2025-06-23,privacy,4,0,152,0,90,90,62,0,0.40789473684210525
36-0-75,hindsight,2025-06-30,billing,16,0,1238,790,720,720,1308,70,0.6449704142011834
36-0-75,hindsight,2025-06-30,technical,16,0,1356,1111,480,480,1987,631,0.8054316984191325
36-0-75,hindsight,2025-06-30,privacy,4,0,123,62,90,90,95,0,0.5135135135135135
36-0-75,hindsight,2025-07-07,billing,16,0,1572,1308,720,720,2160,588,0.75
36-0-75,hindsight,2025-07-07,technical,16,0,1490,1987,480,480,2997,1507,0.8619499568593615
36-0-75,hindsight,2025-07-07,privacy,4,0,128,95,90,90,133,5,0.5964125560538116
36-0-75,hindsight,2025-07-14,billing,16,0,1393,2160,720,720,2833,1440,0.7973543484379397
36-0-75,hindsight,2025-07-14,technical,16,0,1449,2997,480,480,3966,2517,0.8920377867746289
36-0-75,hindsight,2025-07-14,privacy,4,0,134,133,90,90,177,43,0.6629213483146067
36-0-75,hindsight,2025-07-21,billing,16,0,1441,2833,720,720,3554,2113,0.8315395414131961
36-0-75,hindsight,2025-07-21,technical,16,0,1416,3966,480,480,4902,3486,0.9108138238573021
36-0-75,hindsight,2025-07-21,privacy,4,0,146,177,90,90,233,87,0.7213622291021672
36-0-75,hindsight,2025-07-28,billing,16,0,1549,3554,720,720,4383,2834,0.8589065255731922
36-0-75,hindsight,2025-07-28,technical,16,0,1452,4902,480,480,5874,4422,0.9244570349386213
36-0-75,hindsight,2025-07-28,privacy,4,0,158,233,90,90,301,143,0.7698209718670077
36-0-75,hindsight,2025-08-04,billing,16,0,1592,4383,720,720,5255,3663,0.8794979079497908
36-0-75,hindsight,2025-08-04,technical,16,0,1516,5874,480,480,6910,5394,0.9350473612990527
36-0-75,hindsight,2025-08-04,privacy,4,0,172,301,90,90,383,211,0.8097251585623678
36-0-75,hindsight,2025-08-11,billing,16,0,1442,5255,720,720,5977,4535,0.89248917425713
36-0-75,hindsight,2025-08-11,technical,16,0,1502,6910,480,480,7932,6430,0.9429386590584878
36-0-75,hindsight,2025-08-11,privacy,4,0,151,383,90,90,444,293,0.8314606741573034
36-0-75,hindsight,2025-08-18,billing,16,0,1442,5977,720,720,6699,5257,0.9029518803073191
36-0-75,hindsight,2025-08-18,technical,16,0,1369,7932,480,480,8821,7452,0.9483926459520482
36-0-75,hindsight,2025-08-18,privacy,4,0,165,444,90,90,519,354,0.8522167487684729
36-0-75,hindsight,2025-08-25,billing,16,0,1489,6699,720,720,7468,5979,0.912066438690767
36-0-75,hindsight,2025-08-25,technical,16,0,1275,8821,480,480,9616,8341,0.9524564183835182
36-0-75,hindsight,2025-08-25,privacy,4,0,130,519,90,90,559,429,0.8613251155624037
36-0-75,hindsight,2025-09-01,billing,16,0,1465,7468,720,720,8213,6748,0.9193999776111049
36-0-75,hindsight,2025-09-01,technical,16,0,1258,9616,480,480,10394,9136,0.9558580099319478
36-0-75,hindsight,2025-09-01,privacy,4,0,106,559,90,90,575,469,0.8646616541353384
36-0-75,hindsight,2025-09-08,billing,16,0,1506,8213,720,720,8999,7493,0.9259183043522996
36-0-75,hindsight,2025-09-08,technical,16,0,1327,10394,480,480,11241,9914,0.9590478628103404
36-0-75,hindsight,2025-09-08,privacy,4,0,114,575,90,90,599,485,0.8693759071117562
36-0-100,fixed,2025-06-23,billing,16,0,1510,0,960,960,550,0,0.36423841059602646
36-0-100,fixed,2025-06-23,technical,16,0,1591,0,640,640,951,0,0.5977372721558768
36-0-100,fixed,2025-06-23,privacy,4,0,152,0,120,120,32,0,0.21052631578947367
36-0-100,fixed,2025-06-30,billing,16,0,1238,550,960,960,828,0,0.46308724832214765
36-0-100,fixed,2025-06-30,technical,16,0,1356,951,640,640,1667,311,0.7225834416991764
36-0-100,fixed,2025-06-30,privacy,4,0,123,32,120,120,35,0,0.22580645161290322
36-0-100,fixed,2025-07-07,billing,16,0,1572,828,960,960,1440,0,0.6
36-0-100,fixed,2025-07-07,technical,16,0,1490,1667,640,640,2517,1027,0.7972758948368704
36-0-100,fixed,2025-07-07,privacy,4,0,128,35,120,120,43,0,0.26380368098159507
36-0-100,fixed,2025-07-14,billing,16,0,1393,1440,960,960,1873,480,0.661136604306389
36-0-100,fixed,2025-07-14,technical,16,0,1449,2517,640,640,3326,1877,0.8386283408976298
36-0-100,fixed,2025-07-14,privacy,4,0,134,43,120,120,57,0,0.3220338983050847
36-0-100,fixed,2025-07-21,billing,16,0,1441,1873,960,960,2354,913,0.7103198551599276
36-0-100,fixed,2025-07-21,technical,16,0,1416,3326,640,640,4102,2686,0.8650358498523829
36-0-100,fixed,2025-07-21,privacy,4,0,146,57,120,120,83,0,0.4088669950738916
36-0-100,fixed,2025-07-28,billing,16,0,1549,2354,960,960,2943,1394,0.7540353574173713
36-0-100,fixed,2025-07-28,technical,16,0,1452,4102,640,640,4914,3462,0.8847677349657904
36-0-100,fixed,2025-07-28,privacy,4,0,158,83,120,120,121,0,0.5020746887966805
36-0-100,fixed,2025-08-04,billing,16,0,1592,2943,960,960,3575,1983,0.7883131201764058
36-0-100,fixed,2025-08-04,technical,16,0,1516,4914,640,640,5790,4274,0.9004665629860031
36-0-100,fixed,2025-08-04,privacy,4,0,172,121,120,120,173,1,0.590443686006826
36-0-100,fixed,2025-08-11,billing,16,0,1442,3575,960,960,4057,2615,0.8086505880007973
36-0-100,fixed,2025-08-11,technical,16,0,1502,5790,640,640,6652,5150,0.9122325836533187
36-0-100,fixed,2025-08-11,privacy,4,0,151,173,120,120,204,53,0.6296296296296297
36-0-100,fixed,2025-08-18,billing,16,0,1442,4057,960,960,4539,3097,0.8254228041462084
36-0-100,fixed,2025-08-18,technical,16,0,1369,6652,640,640,7381,6012,0.9202094501932427
36-0-100,fixed,2025-08-18,privacy,4,0,165,204,120,120,249,84,0.6747967479674797
36-0-100,fixed,2025-08-25,billing,16,0,1489,4539,960,960,5068,3579,0.840743198407432
36-0-100,fixed,2025-08-25,technical,16,0,1275,7381,640,640,8016,6741,0.9260628465804066
36-0-100,fixed,2025-08-25,privacy,4,0,130,249,120,120,259,129,0.683377308707124
36-0-100,fixed,2025-09-01,billing,16,0,1465,5068,960,960,5573,4108,0.8530537272309812
36-0-100,fixed,2025-09-01,technical,16,0,1258,8016,640,640,8634,7376,0.930989864136295
36-0-100,fixed,2025-09-01,privacy,4,0,106,259,120,120,245,139,0.6712328767123288
36-0-100,fixed,2025-09-08,billing,16,0,1506,5573,960,960,6119,4613,0.864387625370815
36-0-100,fixed,2025-09-08,technical,16,0,1327,8634,640,640,9321,7994,0.93574942274872
36-0-100,fixed,2025-09-08,privacy,4,0,114,245,120,120,239,125,0.6657381615598886
36-0-100,adaptive,2025-06-23,billing,16,0,1510,0,960,960,550,0,0.36423841059602646
36-0-100,adaptive,2025-06-23,technical,16,0,1591,0,640,640,951,0,0.5977372721558768
36-0-100,adaptive,2025-06-23,privacy,4,0,152,0,120,120,32,0,0.21052631578947367
36-0-100,adaptive,2025-06-30,billing,16,0,1238,550,960,960,828,0,0.46308724832214765
36-0-100,adaptive,2025-06-30,technical,16,0,1356,951,640,640,1667,311,0.7225834416991764
36-0-100,adaptive,2025-06-30,privacy,4,0,123,32,120,120,35,0,0.22580645161290322
36-0-100,adaptive,2025-07-07,billing,16,0,1572,828,960,960,1440,0,0.6
36-0-100,adaptive,2025-07-07,technical,16,0,1490,1667,640,640,2517,1027,0.7972758948368704
36-0-100,adaptive,2025-07-07,privacy,4,0,128,35,120,120,43,0,0.26380368098159507
36-0-100,adaptive,2025-07-14,billing,16,0,1393,1440,960,960,1873,480,0.661136604306389
36-0-100,adaptive,2025-07-14,technical,16,0,1449,2517,640,640,3326,1877,0.8386283408976298
36-0-100,adaptive,2025-07-14,privacy,4,0,134,43,120,120,57,0,0.3220338983050847
36-0-100,adaptive,2025-07-21,billing,16,0,1441,1873,960,960,2354,913,0.7103198551599276
36-0-100,adaptive,2025-07-21,technical,16,0,1416,3326,640,640,4102,2686,0.8650358498523829
36-0-100,adaptive,2025-07-21,privacy,4,0,146,57,120,120,83,0,0.4088669950738916
36-0-100,adaptive,2025-07-28,billing,16,0,1549,2354,960,960,2943,1394,0.7540353574173713
36-0-100,adaptive,2025-07-28,technical,16,0,1452,4102,640,640,4914,3462,0.8847677349657904
36-0-100,adaptive,2025-07-28,privacy,4,0,158,83,120,120,121,0,0.5020746887966805
36-0-100,adaptive,2025-08-04,billing,16,0,1592,2943,960,960,3575,1983,0.7883131201764058
36-0-100,adaptive,2025-08-04,technical,16,0,1516,4914,640,640,5790,4274,0.9004665629860031
36-0-100,adaptive,2025-08-04,privacy,4,0,172,121,120,120,173,1,0.590443686006826
36-0-100,adaptive,2025-08-11,billing,16,0,1442,3575,960,960,4057,2615,0.8086505880007973
36-0-100,adaptive,2025-08-11,technical,16,0,1502,5790,640,640,6652,5150,0.9122325836533187
36-0-100,adaptive,2025-08-11,privacy,4,0,151,173,120,120,204,53,0.6296296296296297
36-0-100,adaptive,2025-08-18,billing,16,0,1442,4057,960,960,4539,3097,0.8254228041462084
36-0-100,adaptive,2025-08-18,technical,16,0,1369,6652,640,640,7381,6012,0.9202094501932427
36-0-100,adaptive,2025-08-18,privacy,4,0,165,204,120,120,249,84,0.6747967479674797
36-0-100,adaptive,2025-08-25,billing,16,0,1489,4539,960,960,5068,3579,0.840743198407432
36-0-100,adaptive,2025-08-25,technical,16,0,1275,7381,640,640,8016,6741,0.9260628465804066
36-0-100,adaptive,2025-08-25,privacy,4,0,130,249,120,120,259,129,0.683377308707124
36-0-100,adaptive,2025-09-01,billing,16,0,1465,5068,960,960,5573,4108,0.8530537272309812
36-0-100,adaptive,2025-09-01,technical,16,0,1258,8016,640,640,8634,7376,0.930989864136295
36-0-100,adaptive,2025-09-01,privacy,4,0,106,259,120,120,245,139,0.6712328767123288
36-0-100,adaptive,2025-09-08,billing,16,0,1506,5573,960,960,6119,4613,0.864387625370815
36-0-100,adaptive,2025-09-08,technical,16,0,1327,8634,640,640,9321,7994,0.93574942274872
36-0-100,adaptive,2025-09-08,privacy,4,0,114,245,120,120,239,125,0.6657381615598886
36-0-100,optimized,2025-06-23,billing,16,0,1510,0,960,960,550,0,0.36423841059602646
36-0-100,optimized,2025-06-23,technical,16,0,1591,0,640,640,951,0,0.5977372721558768
36-0-100,optimized,2025-06-23,privacy,4,0,152,0,120,120,32,0,0.21052631578947367
36-0-100,optimized,2025-06-30,billing,16,0,1238,550,960,960,828,0,0.46308724832214765
36-0-100,optimized,2025-06-30,technical,16,0,1356,951,640,640,1667,311,0.7225834416991764
36-0-100,optimized,2025-06-30,privacy,4,0,123,32,120,120,35,0,0.22580645161290322
36-0-100,optimized,2025-07-07,billing,16,0,1572,828,960,960,1440,0,0.6
36-0-100,optimized,2025-07-07,technical,16,0,1490,1667,640,640,2517,1027,0.7972758948368704
36-0-100,optimized,2025-07-07,privacy,4,0,128,35,120,120,43,0,0.26380368098159507
36-0-100,optimized,2025-07-14,billing,16,0,1393,1440,960,960,1873,480,0.661136604306389
36-0-100,optimized,2025-07-14,technical,16,0,1449,2517,640,640,3326,1877,0.8386283408976298
36-0-100,optimized,2025-07-14,privacy,4,0,134,43,120,120,57,0,0.3220338983050847
36-0-100,optimized,2025-07-21,billing,16,0,1441,1873,960,960,2354,913,0.7103198551599276
36-0-100,optimized,2025-07-21,technical,16,0,1416,3326,640,640,4102,2686,0.8650358498523829
36-0-100,optimized,2025-07-21,privacy,4,0,146,57,120,120,83,0,0.4088669950738916
36-0-100,optimized,2025-07-28,billing,16,0,1549,2354,960,960,2943,1394,0.7540353574173713
36-0-100,optimized,2025-07-28,technical,16,0,1452,4102,640,640,4914,3462,0.8847677349657904
36-0-100,optimized,2025-07-28,privacy,4,0,158,83,120,120,121,0,0.5020746887966805
36-0-100,optimized,2025-08-04,billing,16,0,1592,2943,960,960,3575,1983,0.7883131201764058
36-0-100,optimized,2025-08-04,technical,16,0,1516,4914,640,640,5790,4274,0.9004665629860031
36-0-100,optimized,2025-08-04,privacy,4,0,172,121,120,120,173,1,0.590443686006826
36-0-100,optimized,2025-08-11,billing,16,0,1442,3575,960,960,4057,2615,0.8086505880007973
36-0-100,optimized,2025-08-11,technical,16,0,1502,5790,640,640,6652,5150,0.9122325836533187
36-0-100,optimized,2025-08-11,privacy,4,0,151,173,120,120,204,53,0.6296296296296297
36-0-100,optimized,2025-08-18,billing,16,0,1442,4057,960,960,4539,3097,0.8254228041462084
36-0-100,optimized,2025-08-18,technical,16,0,1369,6652,640,640,7381,6012,0.9202094501932427
36-0-100,optimized,2025-08-18,privacy,4,0,165,204,120,120,249,84,0.6747967479674797
36-0-100,optimized,2025-08-25,billing,16,0,1489,4539,960,960,5068,3579,0.840743198407432
36-0-100,optimized,2025-08-25,technical,16,0,1275,7381,640,640,8016,6741,0.9260628465804066
36-0-100,optimized,2025-08-25,privacy,4,0,130,249,120,120,259,129,0.683377308707124
36-0-100,optimized,2025-09-01,billing,16,0,1465,5068,960,960,5573,4108,0.8530537272309812
36-0-100,optimized,2025-09-01,technical,16,0,1258,8016,640,640,8634,7376,0.930989864136295
36-0-100,optimized,2025-09-01,privacy,4,0,106,259,120,120,245,139,0.6712328767123288
36-0-100,optimized,2025-09-08,billing,16,0,1506,5573,960,960,6119,4613,0.864387625370815
36-0-100,optimized,2025-09-08,technical,16,0,1327,8634,640,640,9321,7994,0.93574942274872
36-0-100,optimized,2025-09-08,privacy,4,0,114,245,120,120,239,125,0.6657381615598886
36-0-100,hindsight,2025-06-23,billing,16,0,1510,0,960,960,550,0,0.36423841059602646
36-0-100,hindsight,2025-06-23,technical,16,0,1591,0,640,640,951,0,0.5977372721558768
36-0-100,hindsight,2025-06-23,privacy,4,0,152,0,120,120,32,0,0.21052631578947367
36-0-100,hindsight,2025-06-30,billing,16,0,1238,550,960,960,828,0,0.46308724832214765
36-0-100,hindsight,2025-06-30,technical,16,0,1356,951,640,640,1667,311,0.7225834416991764
36-0-100,hindsight,2025-06-30,privacy,4,0,123,32,120,120,35,0,0.22580645161290322
36-0-100,hindsight,2025-07-07,billing,16,0,1572,828,960,960,1440,0,0.6
36-0-100,hindsight,2025-07-07,technical,16,0,1490,1667,640,640,2517,1027,0.7972758948368704
36-0-100,hindsight,2025-07-07,privacy,4,0,128,35,120,120,43,0,0.26380368098159507
36-0-100,hindsight,2025-07-14,billing,16,0,1393,1440,960,960,1873,480,0.661136604306389
36-0-100,hindsight,2025-07-14,technical,16,0,1449,2517,640,640,3326,1877,0.8386283408976298
36-0-100,hindsight,2025-07-14,privacy,4,0,134,43,120,120,57,0,0.3220338983050847
36-0-100,hindsight,2025-07-21,billing,16,0,1441,1873,960,960,2354,913,0.7103198551599276
36-0-100,hindsight,2025-07-21,technical,16,0,1416,3326,640,640,4102,2686,0.8650358498523829
36-0-100,hindsight,2025-07-21,privacy,4,0,146,57,120,120,83,0,0.4088669950738916
36-0-100,hindsight,2025-07-28,billing,16,0,1549,2354,960,960,2943,1394,0.7540353574173713
36-0-100,hindsight,2025-07-28,technical,16,0,1452,4102,640,640,4914,3462,0.8847677349657904
36-0-100,hindsight,2025-07-28,privacy,4,0,158,83,120,120,121,0,0.5020746887966805
36-0-100,hindsight,2025-08-04,billing,16,0,1592,2943,960,960,3575,1983,0.7883131201764058
36-0-100,hindsight,2025-08-04,technical,16,0,1516,4914,640,640,5790,4274,0.9004665629860031
36-0-100,hindsight,2025-08-04,privacy,4,0,172,121,120,120,173,1,0.590443686006826
36-0-100,hindsight,2025-08-11,billing,16,0,1442,3575,960,960,4057,2615,0.8086505880007973
36-0-100,hindsight,2025-08-11,technical,16,0,1502,5790,640,640,6652,5150,0.9122325836533187
36-0-100,hindsight,2025-08-11,privacy,4,0,151,173,120,120,204,53,0.6296296296296297
36-0-100,hindsight,2025-08-18,billing,16,0,1442,4057,960,960,4539,3097,0.8254228041462084
36-0-100,hindsight,2025-08-18,technical,16,0,1369,6652,640,640,7381,6012,0.9202094501932427
36-0-100,hindsight,2025-08-18,privacy,4,0,165,204,120,120,249,84,0.6747967479674797
36-0-100,hindsight,2025-08-25,billing,16,0,1489,4539,960,960,5068,3579,0.840743198407432
36-0-100,hindsight,2025-08-25,technical,16,0,1275,7381,640,640,8016,6741,0.9260628465804066
36-0-100,hindsight,2025-08-25,privacy,4,0,130,249,120,120,259,129,0.683377308707124
36-0-100,hindsight,2025-09-01,billing,16,0,1465,5068,960,960,5573,4108,0.8530537272309812
36-0-100,hindsight,2025-09-01,technical,16,0,1258,8016,640,640,8634,7376,0.930989864136295
36-0-100,hindsight,2025-09-01,privacy,4,0,106,259,120,120,245,139,0.6712328767123288
36-0-100,hindsight,2025-09-08,billing,16,0,1506,5573,960,960,6119,4613,0.864387625370815
36-0-100,hindsight,2025-09-08,technical,16,0,1327,8634,640,640,9321,7994,0.93574942274872
36-0-100,hindsight,2025-09-08,privacy,4,0,114,245,120,120,239,125,0.6657381615598886
36-0-125,fixed,2025-06-23,billing,16,0,1510,0,1200,1200,310,0,0.2052980132450331
36-0-125,fixed,2025-06-23,technical,16,0,1591,0,800,800,791,0,0.497171590194846
36-0-125,fixed,2025-06-23,privacy,4,0,152,0,150,150,2,0,0.013157894736842105
36-0-125,fixed,2025-06-30,billing,16,0,1238,310,1200,1200,348,0,0.2248062015503876
36-0-125,fixed,2025-06-30,technical,16,0,1356,791,800,800,1347,0,0.6273870517000466
36-0-125,fixed,2025-06-30,privacy,4,0,123,2,150,125,0,0,0.0
36-0-125,fixed,2025-07-07,billing,16,0,1572,348,1200,1200,720,0,0.375
36-0-125,fixed,2025-07-07,technical,16,0,1490,1347,800,800,2037,547,0.7180119844906592
36-0-125,fixed,2025-07-07,privacy,4,0,128,0,150,128,0,0,0.0
36-0-125,fixed,2025-07-14,billing,16,0,1393,720,1200,1200,913,0,0.43208707998106954
36-0-125,fixed,2025-07-14,technical,16,0,1449,2037,800,800,2686,1237,0.7705106138841079
36-0-125,fixed,2025-07-14,privacy,4,0,134,0,150,134,0,0,0.0
36-0-125,fixed,2025-07-21,billing,16,0,1441,913,1200,1200,1154,0,0.49022939677145283
36-0-125,fixed,2025-07-21,technical,16,0,1416,2686,800,800,3302,1886,0.8049731838127743
36-0-125,fixed,2025-07-21,privacy,4,0,146,0,150,146,0,0,0.0
36-0-125,fixed,2025-07-28,billing,16,0,1549,1154,1200,1200,1503,0,0.5560488346281909
36-0-125,fixed,2025-07-28,technical,16,0,1452,3302,800,800,3954,2502,0.8317206562894405
36-0-125,fixed,2025-07-28,privacy,4,0,158,0,150,150,8,0,0.05063291139240506
36-0-125,fixed,2025-08-04,billing,16,0,1592,1503,1200,1200,1895,303,0.6122778675282714
36-0-125,fixed,2025-08-04,technical,16,0,1516,3954,800,800,4670,3154,0.8537477148080439
36-0-125,fixed,2025-08-04,privacy,4,0,172,8,150,150,30,0,0.16666666666666666
36-0-125,fixed,2025-08-11,billing,16,0,1442,1895,1200,1200,2137,695,0.6403955648786335
36-0-125,fixed,2025-08-11,technical,16,0,1502,4670,800,800,5372,3870,0.8703823720025924
36-0-125,fixed,2025-08-11,privacy,4,0,151,30,150,150,31,0,0.1712707182320442
36-0-125,fixed,2025-08-18,billing,16,0,1442,2137,1200,1200,2379,937,0.6647108130762783
36-0-125,fixed,2025-08-18,technical,16,0,1369,5372,800,800,5941,4572,0.8813232458092272
36-0-125,fixed,2025-08-18,privacy,4,0,165,31,150,150,46,0,0.23469387755102042
36-0-125,fixed,2025-08-25,billing,16,0,1489,2379,1200,1200,2668,1179,0.6897621509824199
36-0-125,fixed,2025-08-25,technical,16,0,1275,5941,800,800,6416,5141,0.8891352549889135
36-0-125,fixed,2025-08-25,privacy,4,0,130,46,150,150,26,0,0.14772727272727273
36-0-125,fixed,2025-09-01,billing,16,0,1465,2668,1200,1200,2933,1468,0.7096540043551899
36-0-125,fixed,2025-09-01,technical,16,0,1258,6416,800,800,6874,5616,0.8957518894970029
36-0-125,fixed,2025-09-01,privacy,4,0,106,26,150,132,0,0,0.0
36-0-125,fixed,2025-09-08,billing,16,0,1506,2933,1200,1200,3239,1733,0.7296688443343096
36-0-125,fixed,2025-09-08,technical,16,0,1327,6874,800,800,7401,6074,0.9024509206194367
36-0-125,fixed,2025-09-08,privacy,4,0,114,0,150,114,0,0,0.0
36-0-125,adaptive,2025-06-23,billing,16,0,1510,0,1200,1200,310,0,0.2052980132450331
36-0-125,adaptive,2025-06-23,technical,16,0,1591,0,800,800,791,0,0.497171590194846
36-0-125,adaptive,2025-06-23,privacy,4,0,152,0,150,150,2,0,0.013157894736842105
36-0-125,adaptive,2025-06-30,billing,16,0,1238,310,1200,1200,348,0,0.2248062015503876
36-0-125,adaptive,2025-06-30,technical,16,0,1356,791,800,800,1347,0,0.6273870517000466
36-0-125,adaptive,2025-06-30,privacy,4,0,123,2,150,125,0,0,0.0
36-0-125,adaptive,2025-07-07,billing,16,0,1572,348,1200,1200,720,0,0.375
36-0-125,adaptive,2025-07-07,technical,16,0,1490,1347,800,800,2037,547,0.7180119844906592
36-0-125,adaptive,2025-07-07,privacy,4,0,128,0,150,128,0,0,0.0
36-0-125,adaptive,2025-07-14,billing,16,0,1393,720,1200,1200,913,0,0.43208707998106954
36-0-125,adaptive,2025-07-14,technical,16,0,1449,2037,800,800,2686,1237,0.7705106138841079
36-0-125,adaptive,2025-07-14,privacy,4,0,134,0,150,134,0,0,0.0
36-0-125,adaptive,2025-07-21,billing,16,0,1441,913,1200,1200,1154,0,0.49022939677145283
36-0-125,adaptive,2025-07-21,technical,16,0,1416,2686,800,800,3302,1886,0.8049731838127743
36-0-125,adaptive,2025-07-21,privacy,4,0,146,0,150,146,0,0,0.0
36-0-125,adaptive,2025-07-28,billing,16,0,1549,1154,1200,1200,1503,0,0.5560488346281909
36-0-125,adaptive,2025-07-28,technical,16,0,1452,3302,800,800,3954,2502,0.8317206562894405
36-0-125,adaptive,2025-07-28,privacy,4,0,158,0,150,150,8,0,0.05063291139240506
36-0-125,adaptive,2025-08-04,billing,16,0,1592,1503,1200,1200,1895,303,0.6122778675282714
36-0-125,adaptive,2025-08-04,technical,16,0,1516,3954,800,800,4670,3154,0.8537477148080439
36-0-125,adaptive,2025-08-04,privacy,4,0,172,8,150,150,30,0,0.16666666666666666
36-0-125,adaptive,2025-08-11,billing,16,0,1442,1895,1200,1200,2137,695,0.6403955648786335
36-0-125,adaptive,2025-08-11,technical,16,0,1502,4670,800,800,5372,3870,0.8703823720025924
36-0-125,adaptive,2025-08-11,privacy,4,0,151,30,150,150,31,0,0.1712707182320442
36-0-125,adaptive,2025-08-18,billing,16,0,1442,2137,1200,1200,2379,937,0.6647108130762783
36-0-125,adaptive,2025-08-18,technical,16,0,1369,5372,800,800,5941,4572,0.8813232458092272
36-0-125,adaptive,2025-08-18,privacy,4,0,165,31,150,150,46,0,0.23469387755102042
36-0-125,adaptive,2025-08-25,billing,16,0,1489,2379,1200,1200,2668,1179,0.6897621509824199
36-0-125,adaptive,2025-08-25,technical,16,0,1275,5941,800,800,6416,5141,0.8891352549889135
36-0-125,adaptive,2025-08-25,privacy,4,0,130,46,150,150,26,0,0.14772727272727273
36-0-125,adaptive,2025-09-01,billing,16,0,1465,2668,1200,1200,2933,1468,0.7096540043551899
36-0-125,adaptive,2025-09-01,technical,16,0,1258,6416,800,800,6874,5616,0.8957518894970029
36-0-125,adaptive,2025-09-01,privacy,4,0,106,26,150,132,0,0,0.0
36-0-125,adaptive,2025-09-08,billing,16,0,1506,2933,1200,1200,3239,1733,0.7296688443343096
36-0-125,adaptive,2025-09-08,technical,16,0,1327,6874,800,800,7401,6074,0.9024509206194367
36-0-125,adaptive,2025-09-08,privacy,4,0,114,0,150,114,0,0,0.0
36-0-125,optimized,2025-06-23,billing,16,0,1510,0,1200,1200,310,0,0.2052980132450331
36-0-125,optimized,2025-06-23,technical,16,0,1591,0,800,800,791,0,0.497171590194846
36-0-125,optimized,2025-06-23,privacy,4,0,152,0,150,150,2,0,0.013157894736842105
36-0-125,optimized,2025-06-30,billing,16,0,1238,310,1200,1200,348,0,0.2248062015503876
36-0-125,optimized,2025-06-30,technical,16,0,1356,791,800,800,1347,0,0.6273870517000466
36-0-125,optimized,2025-06-30,privacy,4,0,123,2,150,125,0,0,0.0
36-0-125,optimized,2025-07-07,billing,16,0,1572,348,1200,1200,720,0,0.375
36-0-125,optimized,2025-07-07,technical,16,0,1490,1347,800,800,2037,547,0.7180119844906592
36-0-125,optimized,2025-07-07,privacy,4,0,128,0,150,128,0,0,0.0
36-0-125,optimized,2025-07-14,billing,16,0,1393,720,1200,1200,913,0,0.43208707998106954
36-0-125,optimized,2025-07-14,technical,16,0,1449,2037,800,800,2686,1237,0.7705106138841079
36-0-125,optimized,2025-07-14,privacy,4,0,134,0,150,134,0,0,0.0
36-0-125,optimized,2025-07-21,billing,16,0,1441,913,1200,1200,1154,0,0.49022939677145283
36-0-125,optimized,2025-07-21,technical,16,0,1416,2686,800,800,3302,1886,0.8049731838127743
36-0-125,optimized,2025-07-21,privacy,4,0,146,0,150,146,0,0,0.0
36-0-125,optimized,2025-07-28,billing,16,0,1549,1154,1200,1200,1503,0,0.5560488346281909
36-0-125,optimized,2025-07-28,technical,16,0,1452,3302,800,800,3954,2502,0.8317206562894405
36-0-125,optimized,2025-07-28,privacy,4,0,158,0,150,150,8,0,0.05063291139240506
36-0-125,optimized,2025-08-04,billing,16,0,1592,1503,1200,1200,1895,303,0.6122778675282714
36-0-125,optimized,2025-08-04,technical,16,0,1516,3954,800,800,4670,3154,0.8537477148080439
36-0-125,optimized,2025-08-04,privacy,4,0,172,8,150,150,30,0,0.16666666666666666
36-0-125,optimized,2025-08-11,billing,16,0,1442,1895,1200,1200,2137,695,0.6403955648786335
36-0-125,optimized,2025-08-11,technical,16,0,1502,4670,800,800,5372,3870,0.8703823720025924
36-0-125,optimized,2025-08-11,privacy,4,0,151,30,150,150,31,0,0.1712707182320442
36-0-125,optimized,2025-08-18,billing,16,0,1442,2137,1200,1200,2379,937,0.6647108130762783
36-0-125,optimized,2025-08-18,technical,16,0,1369,5372,800,800,5941,4572,0.8813232458092272
36-0-125,optimized,2025-08-18,privacy,4,0,165,31,150,150,46,0,0.23469387755102042
36-0-125,optimized,2025-08-25,billing,16,0,1489,2379,1200,1200,2668,1179,0.6897621509824199
36-0-125,optimized,2025-08-25,technical,16,0,1275,5941,800,800,6416,5141,0.8891352549889135
36-0-125,optimized,2025-08-25,privacy,4,0,130,46,150,150,26,0,0.14772727272727273
36-0-125,optimized,2025-09-01,billing,16,0,1465,2668,1200,1200,2933,1468,0.7096540043551899
36-0-125,optimized,2025-09-01,technical,16,0,1258,6416,800,800,6874,5616,0.8957518894970029
36-0-125,optimized,2025-09-01,privacy,4,0,106,26,150,132,0,0,0.0
36-0-125,optimized,2025-09-08,billing,16,0,1506,2933,1200,1200,3239,1733,0.7296688443343096
36-0-125,optimized,2025-09-08,technical,16,0,1327,6874,800,800,7401,6074,0.9024509206194367
36-0-125,optimized,2025-09-08,privacy,4,0,114,0,150,114,0,0,0.0
36-0-125,hindsight,2025-06-23,billing,16,0,1510,0,1200,1200,310,0,0.2052980132450331
36-0-125,hindsight,2025-06-23,technical,16,0,1591,0,800,800,791,0,0.497171590194846
36-0-125,hindsight,2025-06-23,privacy,4,0,152,0,150,150,2,0,0.013157894736842105
36-0-125,hindsight,2025-06-30,billing,16,0,1238,310,1200,1200,348,0,0.2248062015503876
36-0-125,hindsight,2025-06-30,technical,16,0,1356,791,800,800,1347,0,0.6273870517000466
36-0-125,hindsight,2025-06-30,privacy,4,0,123,2,150,125,0,0,0.0
36-0-125,hindsight,2025-07-07,billing,16,0,1572,348,1200,1200,720,0,0.375
36-0-125,hindsight,2025-07-07,technical,16,0,1490,1347,800,800,2037,547,0.7180119844906592
36-0-125,hindsight,2025-07-07,privacy,4,0,128,0,150,128,0,0,0.0
36-0-125,hindsight,2025-07-14,billing,16,0,1393,720,1200,1200,913,0,0.43208707998106954
36-0-125,hindsight,2025-07-14,technical,16,0,1449,2037,800,800,2686,1237,0.7705106138841079
36-0-125,hindsight,2025-07-14,privacy,4,0,134,0,150,134,0,0,0.0
36-0-125,hindsight,2025-07-21,billing,16,0,1441,913,1200,1200,1154,0,0.49022939677145283
36-0-125,hindsight,2025-07-21,technical,16,0,1416,2686,800,800,3302,1886,0.8049731838127743
36-0-125,hindsight,2025-07-21,privacy,4,0,146,0,150,146,0,0,0.0
36-0-125,hindsight,2025-07-28,billing,16,0,1549,1154,1200,1200,1503,0,0.5560488346281909
36-0-125,hindsight,2025-07-28,technical,16,0,1452,3302,800,800,3954,2502,0.8317206562894405
36-0-125,hindsight,2025-07-28,privacy,4,0,158,0,150,150,8,0,0.05063291139240506
36-0-125,hindsight,2025-08-04,billing,16,0,1592,1503,1200,1200,1895,303,0.6122778675282714
36-0-125,hindsight,2025-08-04,technical,16,0,1516,3954,800,800,4670,3154,0.8537477148080439
36-0-125,hindsight,2025-08-04,privacy,4,0,172,8,150,150,30,0,0.16666666666666666
36-0-125,hindsight,2025-08-11,billing,16,0,1442,1895,1200,1200,2137,695,0.6403955648786335
36-0-125,hindsight,2025-08-11,technical,16,0,1502,4670,800,800,5372,3870,0.8703823720025924
36-0-125,hindsight,2025-08-11,privacy,4,0,151,30,150,150,31,0,0.1712707182320442
36-0-125,hindsight,2025-08-18,billing,16,0,1442,2137,1200,1200,2379,937,0.6647108130762783
36-0-125,hindsight,2025-08-18,technical,16,0,1369,5372,800,800,5941,4572,0.8813232458092272
36-0-125,hindsight,2025-08-18,privacy,4,0,165,31,150,150,46,0,0.23469387755102042
36-0-125,hindsight,2025-08-25,billing,16,0,1489,2379,1200,1200,2668,1179,0.6897621509824199
36-0-125,hindsight,2025-08-25,technical,16,0,1275,5941,800,800,6416,5141,0.8891352549889135
36-0-125,hindsight,2025-08-25,privacy,4,0,130,46,150,150,26,0,0.14772727272727273
36-0-125,hindsight,2025-09-01,billing,16,0,1465,2668,1200,1200,2933,1468,0.7096540043551899
36-0-125,hindsight,2025-09-01,technical,16,0,1258,6416,800,800,6874,5616,0.8957518894970029
36-0-125,hindsight,2025-09-01,privacy,4,0,106,26,150,132,0,0,0.0
36-0-125,hindsight,2025-09-08,billing,16,0,1506,2933,1200,1200,3239,1733,0.7296688443343096
36-0-125,hindsight,2025-09-08,technical,16,0,1327,6874,800,800,7401,6074,0.9024509206194367
36-0-125,hindsight,2025-09-08,privacy,4,0,114,0,150,114,0,0,0.0
36-25-75,fixed,2025-06-23,billing,12,3,1510,0,648,648,862,0,0.5708609271523178
36-25-75,fixed,2025-06-23,technical,12,5,1591,0,480,480,1111,0,0.6983029541169076
36-25-75,fixed,2025-06-23,privacy,3,1,152,0,85,85,67,0,0.4407894736842105
36-25-75,fixed,2025-06-30,billing,12,3,1238,862,648,648,1452,214,0.6914285714285714
36-25-75,fixed,2025-06-30,technical,12,5,1356,1111,480,480,1987,631,0.8054316984191325
36-25-75,fixed,2025-06-30,privacy,3,1,123,67,85,85,105,0,0.5526315789473685
36-25-75,fixed,2025-07-07,billing,12,3,1572,1452,648,648,2376,804,0.7857142857142857
36-25-75,fixed,2025-07-07,technical,12,5,1490,1987,480,480,2997,1507,0.8619499568593615
36-25-75,fixed,2025-07-07,privacy,3,1,128,105,85,85,148,20,0.6351931330472103
36-25-75,fixed,2025-07-14,billing,12,3,1393,2376,648,648,3121,1728,0.8280711063942691
36-25-75,fixed,2025-07-14,technical,12,5,1449,2997,480,480,3966,2517,0.8920377867746289
36-25-75,fixed,2025-07-14,privacy,3,1,134,148,85,85,197,63,0.6985815602836879
36-25-75,fixed,2025-07-21,billing,12,3,1441,3121,648,648,3914,2473,0.8579570363875493
36-25-75,fixed,2025-07-21,technical,12,5,1416,3966,480,480,4902,3486,0.9108138238573021
36-25-75,fixed,2025-07-21,privacy,3,1,146,197,85,85,258,112,0.7521865889212828
36-25-75,fixed,2025-07-28,billing,12,3,1549,3914,648,648,4815,3266,0.8813838550247117
36-25-75,fixed,2025-07-28,technical,12,5,1452,4902,480,480,5874,4422,0.9244570349386213
36-25-75,fixed,2025-07-28,privacy,3,1,158,258,85,85,331,173,0.7956730769230769
36-25-75,fixed,2025-08-04,billing,12,3,1592,4815,648,648,5759,4167,0.8988606211955673
36-25-75,fixed,2025-08-04,technical,12,5,1516,5874,480,480,6910,5394,0.9350473612990527
36-25-75,fixed,2025-08-04,privacy,3,1,172,331,85,85,418,246,0.831013916500994
36-25-75,fixed,2025-08-11,billing,12,3,1442,5759,648,648,6553,5111,0.91001249826413
36-25-75,fixed,2025-08-11,technical,12,5,1502,6910,480,480,7932,6430,0.9429386590584878
36-25-75,fixed,2025-08-11,privacy,3,1,151,418,85,85,484,333,0.8506151142355008
36-25-75,fixed,2025-08-18,billing,12,3,1442,6553,648,648,7347,5905,0.9189493433395872
36-25-75,fixed,2025-08-18,technical,12,5,1369,7932,480,480,8821,7452,0.9483926459520482
36-25-75,fixed,2025-08-18,privacy,3,1,165,484,85,85,564,399,0.8690292758089369
36-25-75,fixed,2025-08-25,billing,12,3,1489,7347,648,648,8188,6699,0.9266636487098234
36-25-75,fixed,2025-08-25,technical,12,5,1275,8821,480,480,9616,8341,0.9524564183835182
36-25-75,fixed,2025-08-25,privacy,3,1,130,564,85,85,609,479,0.877521613832853
36-25-75,fixed,2025-09-01,billing,12,3,1465,8188,648,648,9005,7540,0.9328706101730032
36-25-75,fixed,2025-09-01,technical,12,5,1258,9616,480,480,10394,9136,0.9558580099319478
36-25-75,fixed,2025-09-01,privacy,3,1,106,609,85,85,630,524,0.8811188811188811
36-25-75,fixed,2025-09-08,billing,12,3,1506,9005,648,648,9863,8357,0.9383502996860432
36-25-75,fixed,2025-09-08,technical,12,5,1327,10394,480,480,11241,9914,0.9590478628103404
36-25-75,fixed,2025-09-08,privacy,3,1,114,630,85,85,659,545,0.885752688172043
36-25-75,adaptive,2025-06-23,billing,12,3,1510,0,648,648,862,0,0.5708609271523178
36-25-75,adaptive,2025-06-23,technical,12,6,1591,0,504,504,1087,0,0.683218101822753
36-25-75,adaptive,2025-06-23,privacy,3,0,152,0,67,67,85,0,0.5592105263157895
36-25-75,adaptive,2025-06-30,billing,12,3,1238,862,648,648,1452,214,0.6914285714285714
36-25-75,adaptive,2025-06-30,technical,12,5,1356,1087,480,480,1963,607,0.803520261972984
36-25-75,adaptive,2025-06-30,privacy,3,1,123,85,85,85,123,0,0.5913461538461539
36-25-75,adaptive,2025-07-07,billing,12,3,1572,1452,648,648,2376,804,0.7857142857142857
36-25-75,adaptive,2025-07-07,technical,12,6,1490,1963,504,504,2949,1459,0.8540399652476107
36-25-75,adaptive,2025-07-07,privacy,3,0,128,123,67,67,184,56,0.7330677290836654
36-25-75,adaptive,2025-07-14,billing,12,3,1393,2376,648,648,3121,1728,0.8280711063942691
36-25-75,adaptive,2025-07-14,technical,12,6,1449,2949,504,504,3894,2445,0.8854024556616644
36-25-75,adaptive,2025-07-14,privacy,3,0,134,184,67,67,251,117,0.789308176100629
36-25-75,adaptive,2025-07-21,billing,12,3,1441,3121,648,648,3914,2473,0.8579570363875493
36-25-75,adaptive,2025-07-21,technical,12,6,1416,3894,504,504,4806,3390,0.9050847457627119
36-25-75,adaptive,2025-07-21,privacy,3,0,146,251,67,67,330,184,0.8312342569269522
36-25-75,adaptive,2025-07-28,billing,12,3,1549,3914,648,648,4815,3266,0.8813838550247117
36-25-75,adaptive,2025-07-28,technical,12,5,1452,4806,480,480,5778,4326,0.9232981783317353
36-25-75,adaptive,2025-07-28,privacy,3,1,158,330,85,85,403,245,0.8258196721311475
36-25-75,adaptive,2025-08-04,billing,12,3,1592,4815,648,648,5759,4167,0.8988606211955673
36-25-75,adaptive,2025-08-04,technical,12,5,1516,5778,480,480,6814,5298,0.9341924869755964
36-25-75,adaptive,2025-08-04,privacy,3,1,172,403,85,85,490,318,0.8521739130434782
36-25-75,adaptive,2025-08-11,billing,12,3,1442,5759,648,648,6553,5111,0.91001249826413
36-25-75,adaptive,2025-08-11,technical,12,5,1502,6814,480,480,7836,6334,0.9422799422799423
36-25-75,adaptive,2025-08-11,privacy,3,1,151,490,85,85,556,405,0.8673946957878315
36-25-75,adaptive,2025-08-18,billing,12,3,1442,6553,648,648,7347,5905,0.9189493433395872
36-25-75,adaptive,2025-08-18,technical,12,5,1369,7836,480,480,8725,7356,0.9478544269418794
36-25-75,adaptive,2025-08-18,privacy,3,1,165,556,85,85,636,471,0.8821081830790569
36-25-75,adaptive,2025-08-25,billing,12,3,1489,7347,648,648,8188,6699,0.9266636487098234
36-25-75,adaptive,2025-08-25,technical,12,5,1275,8725,480,480,9520,8245,0.952
36-25-75,adaptive,2025-08-25,privacy,3,1,130,636,85,85,681,551,0.8890339425587467
36-25-75,adaptive,2025-09-01,billing,12,3,1465,8188,648,648,9005,7540,0.9328706101730032
36-25-75,adaptive,2025-09-01,technical,12,5,1258,9520,480,480,10298,9040,0.9554648357765819
36-25-75,adaptive,2025-09-01,privacy,3,1,106,681,85,85,702,596,0.8919949174078781
36-25-75,adaptive,2025-09-08,billing,12,3,1506,9005,648,648,9863,8357,0.9383502996860432
36-25-75,adaptive,2025-09-08,technical,12,5,1327,10298,480,480,11145,9818,0.9587096774193549
36-25-75,adaptive,2025-09-08,privacy,3,1,114,702,85,85,731,617,0.8958333333333334
36-25-75,optimized,2025-06-23,billing,12,0,1510,0,540,540,970,0,0.6423841059602649
36-25-75,optimized,2025-06-23,technical,12,9,1591,0,576,576,1015,0,0.6379635449402892
36-25-75,optimized,2025-06-23,privacy,3,0,152,0,67,67,85,0,0.5592105263157895
36-25-75,optimized,2025-06-30,billing,12,0,1238,970,540,540,1668,430,0.7554347826086957
36-25-75,optimized,2025-06-30,technical,12,9,1356,1015,576,576,1795,439,0.7570645297342893
36-25-75,optimized,2025-06-30,privacy,3,0,123,85,67,67,141,18,0.6778846153846154
36-25-75,optimized,2025-07-07,billing,12,0,1572,1668,540,540,2700,1128,0.8333333333333334
36-25-75,optimized,2025-07-07,technical,12,9,1490,1795,576,576,2709,1219,0.8246575342465754
36-25-75,optimized,2025-07-07,privacy,3,0,128,141,67,67,202,74,0.7509293680297398
36-25-75,optimized,2025-07-14,billing,12,1,1393,2700,576,576,3517,2124,0.8592719276814073
36-25-75,optimized,2025-07-14,technical,12,8,1449,2709,552,552,3606,2157,0.8672438672438673
36-25-75,optimized,2025-07-14,privacy,3,0,134,202,67,67,269,135,0.8005952380952381
36-25-75,optimized,2025-07-21,billing,12,0,1441,3517,540,540,4418,2977,0.891085114965712
36-25-75,optimized,2025-07-21,technical,12,9,1416,3606,576,576,4446,3030,0.8853046594982079
36-25-75,optimized,2025-07-21,privacy,3,0,146,269,67,67,348,202,0.8385542168674699
36-25-75,optimized,2025-07-28,billing,12,1,1549,4418,576,576,5391,3842,0.9034690799396682
36-25-75,optimized,2025-07-28,technical,12,8,1452,4446,552,552,5346,3894,0.9064089521871821
36-25-75,optimized,2025-07-28,privacy,3,0,158,348,67,67,439,281,0.8675889328063241
36-25-75,optimized,2025-08-04,billing,12,1,1592,5391,576,576,6407,4815,0.9175139624803094
36-25-75,optimized,2025-08-04,technical,12,8,1516,5346,552,552,6310,4794,0.9195569804721655
36-25-75,optimized,2025-08-04,privacy,3,0,172,439,67,67,544,372,0.8903436988543372
36-25-75,optimized,2025-08-11,billing,12,1,1442,6407,576,576,7273,5831,0.9266148553955917
36-25-75,optimized,2025-08-11,technical,12,8,1502,6310,552,552,7260,5758,0.9293394777265745
36-25-75,optimized,2025-08-11,privacy,3,0,151,544,67,67,628,477,0.9035971223021583
36-25-75,optimized,2025-08-18,billing,12,1,1442,7273,576,576,8139,6697,0.9339070567986231
36-25-75,optimized,2025-08-18,technical,12,8,1369,7260,552,552,8077,6708,0.9360296674006258
36-25-75,optimized,2025-08-18,privacy,3,0,165,628,67,67,726,561,0.9155107187894073
36-25-75,optimized,2025-08-25,billing,12,1,1489,8139,576,576,9052,7563,0.9401744910677191
36-25-75,optimized,2025-08-25,technical,12,8,1275,8077,552,552,8800,7525,0.9409751924721984
36-25-75,optimized,2025-08-25,privacy,3,0,130,726,67,67,789,659,0.9217289719626168
36-25-75,optimized,2025-09-01,billing,12,1,1465,9052,576,576,9941,8476,0.945231529903965
36-25-75,optimized,2025-09-01,technical,12,8,1258,8800,552,552,9506,8248,0.9451183137800756
36-25-75,optimized,2025-09-01,privacy,3,0,106,789,67,67,828,722,0.9251396648044693
36-25-75,optimized,2025-09-08,billing,12,1,1506,9941,576,576,10871,9365,0.9496811391630995
36-25-75,optimized,2025-09-08,technical,12,8,1327,9506,552,552,10281,8954,0.9490445859872612
36-25-75,optimized,2025-09-08,privacy,3,0,114,828,67,67,875,761,0.9288747346072187
36-25-75,hindsight,2025-06-23,billing,12,0,1510,0,540,540,970,0,0.6423841059602649
36-25-75,hindsight,2025-06-23,technical,12,9,1591,0,576,576,1015,0,0.6379635449402892
36-25-75,hindsight,2025-06-23,privacy,3,0,152,0,67,67,85,0,0.5592105263157895
36-25-75,hindsight,2025-06-30,billing,12,0,1238,970,540,540,1668,430,0.7554347826086957
36-25-75,hindsight,2025-06-30,technical,12,9,1356,1015,576,576,1795,439,0.7570645297342893
36-25-75,hindsight,2025-06-30,privacy,3,0,123,85,67,67,141,18,0.6778846153846154
36-25-75,hindsight,2025-07-07,billing,12,1,1572,1668,576,576,2664,1092,0.8222222222222222
36-25-75,hindsight,2025-07-07,technical,12,8,1490,1795,552,552,2733,1243,0.8319634703196347
36-25-75,hindsight,2025-07-07,privacy,3,0,128,141,67,67,202,74,0.7509293680297398
36-25-75,hindsight,2025-07-14,billing,12,0,1393,2664,540,540,3517,2124,0.8668967217155533
36-25-75,hindsight,2025-07-14,technical,12,9,1449,2733,576,576,3606,2157,0.8622668579626973
36-25-75,hindsight,2025-07-14,privacy,3,0,134,202,67,67,269,135,0.8005952380952381
36-25-75,hindsight,2025-07-21,billing,12,1,1441,3517,576,576,4382,2941,0.8838241226300928
36-25-75,hindsight,2025-07-21,technical,12,8,1416,3606,552,552,4470,3054,0.8900836320191159
36-25-75,hindsight,2025-07-21,privacy,3,0,146,269,67,67,348,202,0.8385542168674699
36-25-75,hindsight,2025-07-28,billing,12,1,1549,4382,576,576,5355,3806,0.9028831562974203
36-25-75,hindsight,2025-07-28,technical,12,8,1452,4470,552,552,5370,3918,0.9067882472137792
36-25-75,hindsight,2025-07-28,privacy,3,0,158,348,67,67,439,281,0.8675889328063241
36-25-75,hindsight,2025-08-04,billing,12,1,1592,5355,576,576,6371,4779,0.9170865121635238
36-25-75,hindsight,2025-08-04,technical,12,8,1516,5370,552,552,6334,4818,0.9198373511472553
36-25-75,hindsight,2025-08-04,privacy,3,0,172,439,67,67,544,372,0.8903436988543372
36-25-75,hindsight,2025-08-11,billing,12,1,1442,6371,576,576,7237,5795,0.9262767182900294
36-25-75,hindsight,2025-08-11,technical,12,8,1502,6334,552,552,7284,5782,0.9295558958652373
36-25-75,hindsight,2025-08-11,privacy,3,0,151,544,67,67,628,477,0.9035971223021583
36-25-75,hindsight,2025-08-18,billing,12,1,1442,7237,576,576,8103,6661,0.9336329070169375
36-25-75,hindsight,2025-08-18,technical,12,8,1369,7284,552,552,8101,6732,0.9362070958049231
36-25-75,hindsight,2025-08-18,privacy,3,0,165,628,67,67,726,561,0.9155107187894073
36-25-75,hindsight,2025-08-25,billing,12,1,1489,8103,576,576,9016,7527,0.9399499582985822
36-25-75,hindsight,2025-08-25,technical,12,8,1275,8101,552,552,8824,7549,0.9411262798634812
36-25-75,hindsight,2025-08-25,privacy,3,0,130,726,67,67,789,659,0.9217289719626168
36-25-75,hindsight,2025-09-01,billing,12,1,1465,9016,576,576,9905,8440,0.9450434118881786
36-25-75,hindsight,2025-09-01,technical,12,8,1258,8824,552,552,9530,8272,0.9452489585399723
36-25-75,hindsight,2025-09-01,privacy,3,0,106,789,67,67,828,722,0.9251396648044693
36-25-75,hindsight,2025-09-08,billing,12,1,1506,9905,576,576,10835,9329,0.9495223906756638
36-25-75,hindsight,2025-09-08,technical,12,8,1327,9530,552,552,10305,8978,0.9491572257529705
36-25-75,hindsight,2025-09-08,privacy,3,0,114,828,67,67,875,761,0.9288747346072187
36-25-100,fixed,2025-06-23,billing,12,3,1510,0,864,864,646,0,0.4278145695364238
36-25-100,fixed,2025-06-23,technical,12,5,1591,0,640,640,951,0,0.5977372721558768
36-25-100,fixed,2025-06-23,privacy,3,1,152,0,114,114,38,0,0.25
36-25-100,fixed,2025-06-30,billing,12,3,1238,646,864,864,1020,0,0.5414012738853503
36-25-100,fixed,2025-06-30,technical,12,5,1356,951,640,640,1667,311,0.7225834416991764
36-25-100,fixed,2025-06-30,privacy,3,1,123,38,114,114,47,0,0.2919254658385093
36-25-100,fixed,2025-07-07,billing,12,3,1572,1020,864,864,1728,156,0.6666666666666666
36-25-100,fixed,2025-07-07,technical,12,5,1490,1667,640,640,2517,1027,0.7972758948368704
36-25-100,fixed,2025-07-07,privacy,3,1,128,47,114,114,61,0,0.3485714285714286
36-25-100,fixed,2025-07-14,billing,12,3,1393,1728,864,864,2257,864,0.7231656520346043
36-25-100,fixed,2025-07-14,technical,12,5,1449,2517,640,640,3326,1877,0.8386283408976298
36-25-100,fixed,2025-07-14,privacy,3,1,134,61,114,114,81,0,0.4153846153846154
36-25-100,fixed,2025-07-21,billing,12,3,1441,2257,864,864,2834,1393,0.7663601946998377
36-25-100,fixed,2025-07-21,technical,12,5,1416,3326,640,640,4102,2686,0.8650358498523829
36-25-100,fixed,2025-07-21,privacy,3,1,146,81,114,114,113,0,0.4977973568281938
36-25-100,fixed,2025-07-28,billing,12,3,1549,2834,864,864,3519,1970,0.8028747433264887
36-25-100,fixed,2025-07-28,technical,12,5,1452,4102,640,640,4914,3462,0.8847677349657904
36-25-100,fixed,2025-07-28,privacy,3,1,158,113,114,114,157,0,0.5793357933579336
36-25-100,fixed,2025-08-04,billing,12,3,1592,3519,864,864,4247,2655,0.8309528468010174
36-25-100,fixed,2025-08-04,technical,12,5,1516,4914,640,640,5790,4274,0.9004665629860031
36-25-100,fixed,2025-08-04,privacy,3,1,172,157,114,114,215,43,0.6534954407294833
36-25-100,fixed,2025-08-11,billing,12,3,1442,4247,864,864,4825,3383,0.8481279662506591
36-25-100,fixed,2025-08-11,technical,12,5,1502,5790,640,640,6652,5150,0.9122325836533187
36-25-100,fixed,2025-08-11,privacy,3,1,151,215,114,114,252,101,0.6885245901639344
36-25-100,fixed,2025-08-18,billing,12,3,1442,4825,864,864,5403,3961,0.8621349928195309
36-25-100,fixed,2025-08-18,technical,12,5,1369,6652,640,640,7381,6012,0.9202094501932427
36-25-100,fixed,2025-08-18,privacy,3,1,165,252,114,114,303,138,0.7266187050359713
36-25-100,fixed,2025-08-25,billing,12,3,1489,5403,864,864,6028,4539,0.8746372605919908
36-25-100,fixed,2025-08-25,technical,12,5,1275,7381,640,640,8016,6741,0.9260628465804066
36-25-100,fixed,2025-08-25,privacy,3,1,130,303,114,114,319,189,0.7367205542725174
36-25-100,fixed,2025-09-01,billing,12,3,1465,6028,864,864,6629,5164,0.8846923795542506
36-25-100,fixed,2025-09-01,technical,12,5,1258,8016,640,640,8634,7376,0.930989864136295
36-25-100,fixed,2025-09-01,privacy,3,1,106,319,114,114,311,205,0.731764705882353
36-25-100,fixed,2025-09-08,billing,12,3,1506,6629,864,864,7271,5765,0.8937922556853104
36-25-100,fixed,2025-09-08,technical,12,5,1327,8634,640,640,9321,7994,0.93574942274872
36-25-100,fixed,2025-09-08,privacy,3,1,114,311,114,114,311,197,0.731764705882353
36-25-100,adaptive,2025-06-23,billing,12,2,1510,0,816,816,694,0,0.4596026490066225
36-25-100,adaptive,2025-06-23,technical,12,6,1591,0,672,672,919,0,0.5776241357636707
36-25-100,adaptive,2025-06-23,privacy,3,1,152,0,114,114,38,0,0.25
36-25-100,adaptive,2025-06-30,billing,12,3,1238,694,864,864,1068,0,0.5527950310559007
36-25-100,adaptive,2025-06-30,technical,12,6,1356,919,672,672,1603,247,0.7046153846153846
36-25-100,adaptive,2025-06-30,privacy,3,0,123,38,90,90,71,0,0.4409937888198758
36-25-100,adaptive,2025-07-07,billing,12,3,1572,1068,864,864,1776,204,0.6727272727272727
36-25-100,adaptive,2025-07-07,technical,12,6,1490,1603,672,672,2421,931,0.7827352085354026
36-25-100,adaptive,2025-07-07,privacy,3,0,128,71,90,90,109,0,0.5477386934673367
36-25-100,adaptive,2025-07-14,billing,12,3,1393,1776,864,864,2305,912,0.7273587882612812
36-25-100,adaptive,2025-07-14,technical,12,6,1449,2421,672,672,3198,1749,0.8263565891472868
36-25-100,adaptive,2025-07-14,privacy,3,0,134,109,90,90,153,19,0.6296296296296297
36-25-100,adaptive,2025-07-21,billing,12,3,1441,2305,864,864,2882,1441,0.7693539775760811
36-25-100,adaptive,2025-07-21,technical,12,6,1416,3198,672,672,3942,2526,0.8543563068920677
36-25-100,adaptive,2025-07-21,privacy,3,0,146,153,90,90,209,63,0.6989966555183946
36-25-100,adaptive,2025-07-28,billing,12,3,1549,2882,864,864,3567,2018,0.8050101557210562
36-25-100,adaptive,2025-07-28,technical,12,6,1452,3942,672,672,4722,3270,0.8754171301446051
36-25-100,adaptive,2025-07-28,privacy,3,0,158,209,90,90,277,119,0.7547683923705722
36-25-100,adaptive,2025-08-04,billing,12,3,1592,3567,864,864,4295,2703,0.832525683271952
36-25-100,adaptive,2025-08-04,technical,12,6,1516,4722,672,672,5566,4050,0.8922731644757935
36-25-100,adaptive,2025-08-04,privacy,3,0,172,277,90,90,359,187,0.799554565701559
36-25-100,adaptive,2025-08-11,billing,12,3,1442,4295,864,864,4873,3431,0.8493986404043925
36-25-100,adaptive,2025-08-11,technical,12,6,1502,5566,672,672,6396,4894,0.9049235993208828
36-25-100,adaptive,2025-08-11,privacy,3,0,151,359,90,90,420,269,0.8235294117647058
36-25-100,adaptive,2025-08-18,billing,12,3,1442,4873,864,864,5451,4009,0.8631828978622328
36-25-100,adaptive,2025-08-18,technical,12,6,1369,6396,672,672,7093,5724,0.9134578235672891
36-25-100,adaptive,2025-08-18,privacy,3,0,165,420,90,90,495,330,0.8461538461538461
36-25-100,adaptive,2025-08-25,billing,12,3,1489,5451,864,864,6076,4587,0.8755043227665706
36-25-100,adaptive,2025-08-25,technical,12,6,1275,7093,672,672,7696,6421,0.9196940726577438
36-25-100,adaptive,2025-08-25,privacy,3,0,130,495,90,90,535,405,0.856
36-25-100,adaptive,2025-09-01,billing,12,3,1465,6076,864,864,6677,5212,0.8854263360297043
36-25-100,adaptive,2025-09-01,technical,12,6,1258,7696,672,672,8282,7024,0.9249497431315613
36-25-100,adaptive,2025-09-01,privacy,3,0,106,535,90,90,551,445,0.859594383775351
36-25-100,adaptive,2025-09-08,billing,12,3,1506,6677,864,864,7319,5813,0.8944152511303923
36-25-100,adaptive,2025-09-08,technical,12,6,1327,8282,672,672,8937,7610,0.9300655635341867
36-25-100,adaptive,2025-09-08,privacy,3,0,114,551,90,90,575,461,0.8646616541353384
36-25-100,optimized,2025-06-23,billing,12,0,1510,0,720,720,790,0,0.5231788079470199
36-25-100,optimized,2025-06-23,technical,12,9,1591,0,768,768,823,0,0.5172847265870522
36-25-100,optimized,2025-06-23,privacy,3,0,152,0,90,90,62,0,0.40789473684210525
36-25-100,optimized,2025-06-30,billing,12,0,1238,790,720,720,1308,70,0.6449704142011834
36-25-100,optimized,2025-06-30,technical,12,9,1356,823,768,768,1411,55,0.6475447452960074
36-25-100,optimized,2025-06-30,privacy,3,0,123,62,90,90,95,0,0.5135135135135135
36-25-100,optimized,2025-07-07,billing,12,0,1572,1308,720,720,2160,588,0.75
36-25-100,optimized,2025-07-07,technical,12,9,1490,1411,768,768,2133,643,0.7352637021716649
36-25-100,optimized,2025-07-07,privacy,3,0,128,95,90,90,133,5,0.5964125560538116
36-25-100,optimized,2025-07-14,billing,12,1,1393,2160,768,768,2785,1392,0.7838446383338025
36-25-100,optimized,2025-07-14,technical,12,8,1449,2133,736,736,2846,1397,0.7945281965382468
36-25-100,optimized,2025-07-14,privacy,3,0,134,133,90,90,177,43,0.6629213483146067
36-25-100,optimized,2025-07-21,billing,12,0,1441,2785,720,720,3506,2065,0.8296261239943209
36-25-100,optimized,2025-07-21,technical,12,9,1416,2846,768,768,3494,2078,0.8198029094321915
36-25-100,optimized,2025-07-21,privacy,3,0,146,177,90,90,233,87,0.7213622291021672
36-25-100,optimized,2025-07-28,billing,12,1,1549,3506,768,768,4287,2738,0.8480712166172106
36-25-100,optimized,2025-07-28,technical,12,8,1452,3494,736,736,4210,2758,0.8511928831378892
36-25-100,optimized,2025-07-28,privacy,3,0,158,233,90,90,301,143,0.7698209718670077
36-25-100,optimized,2025-08-04,billing,12,1,1592,4287,768,768,5111,3519,0.8693655383568634
36-25-100,optimized,2025-08-04,technical,12,8,1516,4210,736,736,4990,3474,0.871463499825358
36-25-100,optimized,2025-08-04,privacy,3,0,172,301,90,90,383,211,0.8097251585623678
36-25-100,optimized,2025-08-11,billing,12,1,1442,5111,768,768,5785,4343,0.8828017701815962
36-25-100,optimized,2025-08-11,technical,12,8,1502,4990,736,736,5756,4254,0.8866296980899568
36-25-100,optimized,2025-08-11,privacy,3,0,151,383,90,90,444,293,0.8314606741573034
36-25-100,optimized,2025-08-18,billing,12,1,1442,5785,768,768,6459,5017,0.8937318389373183
36-25-100,optimized,2025-08-18,technical,12,8,1369,5756,736,736,6389,5020,0.8967017543859649
36-25-100,optimized,2025-08-18,privacy,3,0,165,444,90,90,519,354,0.8522167487684729
36-25-100,optimized,2025-08-25,billing,12,1,1489,6459,768,768,7180,5691,0.9033719174635129
36-25-100,optimized,2025-08-25,technical,12,8,1275,6389,736,736,6928,5653,0.9039665970772442
36-25-100,optimized,2025-08-25,privacy,3,0,130,519,90,90,559,429,0.8613251155624037
36-25-100,optimized,2025-09-01,billing,12,1,1465,7180,768,768,7877,6412,0.9111625216888375
36-25-100,optimized,2025-09-01,technical,12,8,1258,6928,736,736,7450,6192,0.9100903982408991
36-25-100,optimized,2025-09-01,privacy,3,0,106,559,90,90,575,469,0.8646616541353384
36-25-100,optimized,2025-09-08,billing,12,1,1506,7877,768,768,8615,7109,0.9181498454652031
36-25-100,optimized,2025-09-08,technical,12,8,1327,7450,736,736,8041,6714,0.9161444684972087
36-25-100,optimized,2025-09-08,privacy,3,0,114,575,90,90,599,485,0.8693759071117562
36-25-100,hindsight,2025-06-23,billing,12,0,1510,0,720,720,790,0,0.5231788079470199
36-25-100,hindsight,2025-06-23,technical,12,9,1591,0,768,768,823,0,0.5172847265870522
36-25-100,hindsight,2025-06-23,privacy,3,0,152,0,90,90,62,0,0.40789473684210525
36-25-100,hindsight,2025-06-30,billing,12,0,1238,790,720,720,1308,70,0.6449704142011834
36-25-100,hindsight,2025-06-30,technical,12,9,1356,823,768,768,1411,55,0.6475447452960074
36-25-100,hindsight,2025-06-30,privacy,3,0,123,62,90,90,95,0,0.5135135135135135
36-25-100,hindsight,2025-07-07,billing,12,1,1572,1308,768,768,2112,540,0.7333333333333333
36-25-100,hindsight,2025-07-07,technical,12,8,1490,1411,736,736,2165,675,0.7462943812478455
36-25-100,hindsight,2025-07-07,privacy,3,0,128,95,90,90,133,5,0.5964125560538116
36-25-100,hindsight,2025-07-14,billing,12,0,1393,2112,720,720,2785,1392,0.7945791726105563
36-25-100,hindsight,2025-07-14,technical,12,9,1449,2165,768,768,2846,1397,0.7874930824571112
36-25-100,hindsight,2025-07-14,privacy,3,0,134,133,90,90,177,43,0.6629213483146067
36-25-100,hindsight,2025-07-21,billing,12,1,1441,2785,768,768,3458,2017,0.8182678655939423
36-25-100,hindsight,2025-07-21,technical,12,8,1416,2846,736,736,3526,2110,0.8273111215391835
36-25-100,hindsight,2025-07-21,privacy,3,0,146,177,90,90,233,87,0.7213622291021672
36-25-100,hindsight,2025-07-28,billing,12,1,1549,3458,768,768,4239,2690,0.8466147393648892
36-25-100,hindsight,2025-07-28,technical,12,8,1452,3526,736,736,4242,2790,0.8521494576134994
36-25-100,hindsight,2025-07-28,privacy,3,0,158,233,90,90,301,143,0.7698209718670077
36-25-100,hindsight,2025-08-04,billing,12,1,1592,4239,768,768,5063,3471,0.868290173212142
36-25-100,hindsight,2025-08-04,technical,12,8,1516,4242,736,736,5022,3506,0.8721778395276137
36-25-100,hindsight,2025-08-04,privacy,3,0,172,301,90,90,383,211,0.8097251585623678
36-25-100,hindsight,2025-08-11,billing,12,1,1442,5063,768,768,5737,4295,0.8819369715603382
36-25-100,hindsight,2025-08-11,technical,12,8,1502,5022,736,736,5788,4286,0.8871857755977928
36-25-100,hindsight,2025-08-11,privacy,3,0,151,383,90,90,444,293,0.8314606741573034
36-25-100,hindsight,2025-08-18,billing,12,1,1442,5737,768,768,6411,4969,0.893021312160468
36-25-100,hindsight,2025-08-18,technical,12,8,1369,5788,736,736,6421,5052,0.8971636160402403
36-25-100,hindsight,2025-08-18,privacy,3,0,165,444,90,90,519,354,0.8522167487684729
36-25-100,hindsight,2025-08-25,billing,12,1,1489,6411,768,768,7132,5643,0.9027848101265823
36-25-100,hindsight,2025-08-25,technical,12,8,1275,6421,736,736,6960,5685,0.9043659043659044
36-25-100,hindsight,2025-08-25,privacy,3,0,130,519,90,90,559,429,0.8613251155624037
36-25-100,hindsight,2025-09-01,billing,12,1,1465,7132,768,768,7829,6364,0.9106665115738048
36-25-100,hindsight,2025-09-01,technical,12,8,1258,6960,736,736,7482,6224,0.9104404964711609
36-25-100,hindsight,2025-09-01,privacy,3,0,106,559,90,90,575,469,0.8646616541353384
36-25-100,hindsight,2025-09-08,billing,12,1,1506,7829,768,768,8567,7061,0.9177289769683985
36-25-100,hindsight,2025-09-08,technical,12,8,1327,7482,736,736,8073,6746,0.9164490861618799
36-25-100,hindsight,2025-09-08,privacy,3,0,114,575,90,90,599,485,0.8693759071117562
36-25-125,fixed,2025-06-23,billing,12,3,1510,0,1080,1080,430,0,0.2847682119205298
36-25-125,fixed,2025-06-23,technical,12,5,1591,0,800,800,791,0,0.497171590194846
36-25-125,fixed,2025-06-23,privacy,3,1,152,0,142,142,10,0,0.06578947368421052
36-25-125,fixed,2025-06-30,billing,12,3,1238,430,1080,1080,588,0,0.35251798561151076
36-25-125,fixed,2025-06-30,technical,12,5,1356,791,800,800,1347,0,0.6273870517000466
36-25-125,fixed,2025-06-30,privacy,3,1,123,10,142,133,0,0,0.0
36-25-125,fixed,2025-07-07,billing,12,3,1572,588,1080,1080,1080,0,0.5
36-25-125,fixed,2025-07-07,technical,12,5,1490,1347,800,800,2037,547,0.7180119844906592
36-25-125,fixed,2025-07-07,privacy,3,1,128,0,142,128,0,0,0.0
36-25-125,fixed,2025-07-14,billing,12,3,1393,1080,1080,1080,1393,0,0.5632834613829357
36-25-125,fixed,2025-07-14,technical,12,5,1449,2037,800,800,2686,1237,0.7705106138841079
36-25-125,fixed,2025-07-14,privacy,3,1,134,0,142,134,0,0,0.0
36-25-125,fixed,2025-07-21,billing,12,3,1441,1393,1080,1080,1754,313,0.6189131968948482
36-25-125,fixed,2025-07-21,technical,12,5,1416,2686,800,800,3302,1886,0.8049731838127743
36-25-125,fixed,2025-07-21,privacy,3,1,146,0,142,142,4,0,0.0273972602739726
36-25-125,fixed,2025-07-28,billing,12,3,1549,1754,1080,1080,2223,674,0.6730245231607629
36-25-125,fixed,2025-07-28,technical,12,5,1452,3302,800,800,3954,2502,0.8317206562894405
36-25-125,fixed,2025-07-28,privacy,3,1,158,4,142,142,20,0,0.12345679012345678
36-25-125,fixed,2025-08-04,billing,12,3,1592,2223,1080,1080,2735,1143,0.7169069462647444
36-25-125,fixed,2025-08-04,technical,12,5,1516,3954,800,800,4670,3154,0.8537477148080439
36-25-125,fixed,2025-08-04,privacy,3,1,172,20,142,142,50,0,0.2604166666666667
36-25-125,fixed,2025-08-11,billing,12,3,1442,2735,1080,1080,3097,1655,0.741441225760115
36-25-125,fixed,2025-08-11,technical,12,5,1502,4670,800,800,5372,3870,0.8703823720025924
36-25-125,fixed,2025-08-11,privacy,3,1,151,50,142,142,59,0,0.2935323383084577
36-25-125,fixed,2025-08-18,billing,12,3,1442,3097,1080,1080,3459,2017,0.7620621282220753
36-25-125,fixed,2025-08-18,technical,12,5,1369,5372,800,800,5941,4572,0.8813232458092272
36-25-125,fixed,2025-08-18,privacy,3,1,165,59,142,142,82,0,0.36607142857142855
36-25-125,fixed,2025-08-25,billing,12,3,1489,3459,1080,1080,3868,2379,0.7817299919159256
36-25-125,fixed,2025-08-25,technical,12,5,1275,5941,800,800,6416,5141,0.8891352549889135
36-25-125,fixed,2025-08-25,privacy,3,1,130,82,142,142,70,0,0.330188679245283
36-25-125,fixed,2025-09-01,billing,12,3,1465,3868,1080,1080,4253,2788,0.797487342958935
36-25-125,fixed,2025-09-01,technical,12,5,1258,6416,800,800,6874,5616,0.8957518894970029
36-25-125,fixed,2025-09-01,privacy,3,1,106,70,142,142,34,0,0.19318181818181818
36-25-125,fixed,2025-09-08,billing,12,3,1506,4253,1080,1080,4679,3173,0.812467442264282
36-25-125,fixed,2025-09-08,technical,12,5,1327,6874,800,800,7401,6074,0.9024509206194367
36-25-125,fixed,2025-09-08,privacy,3,1,114,34,142,142,6,0,0.04054054054054054
36-25-125,adaptive,2025-06-23,billing,12,2,1510,0,1020,1020,490,0,0.32450331125827814
36-25-125,adaptive,2025-06-23,technical,12,7,1591,0,880,880,711,0,0.4468887492143306
36-25-125,adaptive,2025-06-23,privacy,3,0,152,0,112,112,40,0,0.2631578947368421
36-25-125,adaptive,2025-06-30,billing,12,3,1238,490,1080,1080,648,0,0.375
36-25-125,adaptive,2025-06-30,technical,12,6,1356,711,840,840,1227,0,0.5936139332365747
36-25-125,adaptive,2025-06-30,privacy,3,0,123,40,112,112,51,0,0.3128834355828221
36-25-125,adaptive,2025-07-07,billing,12,2,1572,648,1020,1020,1200,0,0.5405405405405406
36-25-125,adaptive,2025-07-07,technical,12,7,1490,1227,880,880,1837,347,0.6761133603238867
36-25-125,adaptive,2025-07-07,privacy,3,0,128,51,112,112,67,0,0.3743016759776536
36-25-125,adaptive,2025-07-14,billing,12,3,1393,1200,1080,1080,1513,120,0.5834940223679136
36-25-125,adaptive,2025-07-14,technical,12,6,1449,1837,840,840,2446,997,0.7443700547778455
36-25-125,adaptive,2025-07-14,privacy,3,0,134,67,112,112,89,0,0.4427860696517413
36-25-125,adaptive,2025-07-21,billing,12,3,1441,1513,1080,1080,1874,433,0.6343940419769803
36-25-125,adaptive,2025-07-21,technical,12,6,1416,2446,840,840,3022,1606,0.7824961160020715
36-25-125,adaptive,2025-07-21,privacy,3,0,146,89,112,112,123,0,0.5234042553191489
36-25-125,adaptive,2025-07-28,billing,12,3,1549,1874,1080,1080,2343,794,0.684487291849255
36-25-125,adaptive,2025-07-28,technical,12,6,1452,3022,840,840,3634,2182,0.8122485471613768
36-25-125,adaptive,2025-07-28,privacy,3,0,158,123,112,112,169,11,0.6014234875444839
36-25-125,adaptive,2025-08-04,billing,12,3,1592,2343,1080,1080,2855,1263,0.7255400254129606
36-25-125,adaptive,2025-08-04,technical,12,6,1516,3634,840,840,4310,2794,0.8368932038834952
36-25-125,adaptive,2025-08-04,privacy,3,0,172,169,112,112,229,57,0.6715542521994134
36-25-125,adaptive,2025-08-11,billing,12,3,1442,2855,1080,1080,3217,1775,0.7486618571096113
36-25-125,adaptive,2025-08-11,technical,12,6,1502,4310,840,840,4972,3470,0.8554714384033035
36-25-125,adaptive,2025-08-11,privacy,3,0,151,229,112,112,268,117,0.7052631578947368
36-25-125,adaptive,2025-08-18,billing,12,3,1442,3217,1080,1080,3579,2137,0.768190598840953
36-25-125,adaptive,2025-08-18,technical,12,6,1369,4972,840,840,5501,4132,0.867528780949377
36-25-125,adaptive,2025-08-18,privacy,3,0,165,268,112,112,321,156,0.7413394919168591
36-25-125,adaptive,2025-08-25,billing,12,3,1489,3579,1080,1080,3988,2499,0.7868981846882399
36-25-125,adaptive,2025-08-25,technical,12,6,1275,5501,840,840,5936,4661,0.8760330578512396
36-25-125,adaptive,2025-08-25,privacy,3,0,130,321,112,112,339,209,0.7516629711751663
36-25-125,adaptive,2025-09-01,billing,12,3,1465,3988,1080,1080,4373,2908,0.8019438841004951
36-25-125,adaptive,2025-09-01,technical,12,6,1258,5936,840,840,6354,5096,0.8832360300250208
36-25-125,adaptive,2025-09-01,privacy,3,0,106,339,112,112,333,227,0.748314606741573
36-25-125,adaptive,2025-09-08,billing,12,3,1506,4373,1080,1080,4799,3293,0.8162952883143392
36-25-125,adaptive,2025-09-08,technical,12,6,1327,6354,840,840,6841,5514,0.890639239682333
36-25-125,adaptive,2025-09-08,privacy,3,0,114,333,112,112,335,221,0.7494407158836689
36-25-125,optimized,2025-06-23,billing,12,0,1510,0,900,900,610,0,0.40397350993377484
36-25-125,optimized,2025-06-23,technical,12,9,1591,0,960,960,631,0,0.3966059082338152
36-25-125,optimized,2025-06-23,privacy,3,0,152,0,112,112,40,0,0.2631578947368421
36-25-125,optimized,2025-06-30,billing,12,0,1238,610,900,900,948,0,0.512987012987013
36-25-125,optimized,2025-06-30,technical,12,9,1356,631,960,960,1027,0,0.5168595873175642
36-25-125,optimized,2025-06-30,privacy,3,0,123,40,112,112,51,0,0.3128834355828221
36-25-125,optimized,2025-07-07,billing,12,0,1572,948,900,900,1620,48,0.6428571428571429
36-25-125,optimized,2025-07-07,technical,12,9,1490,1027,960,960,1557,67,0.6185935637663885
36-25-125,optimized,2025-07-07,privacy,3,0,128,51,112,112,67,0,0.3743016759776536
36-25-125,optimized,2025-07-14,billing,12,1,1393,1620,960,960,2053,660,0.6813806837039496
36-25-125,optimized,2025-07-14,technical,12,8,1449,1557,920,920,2086,637,0.6939454424484365
36-25-125,optimized,2025-07-14,privacy,3,0,134,67,112,112,89,0,0.4427860696517413
36-25-125,optimized,2025-07-21,billing,12,0,1441,2053,900,900,2594,1153,0.7424155695477962
36-25-125,optimized,2025-07-21,technical,12,9,1416,2086,960,960,2542,1126,0.7258709308966305
36-25-125,optimized,2025-07-21,privacy,3,0,146,89,112,112,123,0,0.5234042553191489
36-25-125,optimized,2025-07-28,billing,12,1,1549,2594,960,960,3183,1634,0.7682838522809559
36-25-125,optimized,2025-07-28,technical,12,8,1452,2542,920,920,3074,1622,0.7696544817225839
36-25-125,optimized,2025-07-28,privacy,3,0,158,123,112,112,169,11,0.6014234875444839
36-25-125,optimized,2025-08-04,billing,12,1,1592,3183,960,960,3815,2223,0.7989528795811518
36-25-125,optimized,2025-08-04,technical,12,8,1516,3074,920,920,3670,2154,0.7995642701525054
36-25-125,optimized,2025-08-04,privacy,3,0,172,169,112,112,229,57,0.6715542521994134
36-25-125,optimized,2025-08-11,billing,12,1,1442,3815,960,960,4297,2855,0.8173863420201636
36-25-125,optimized,2025-08-11,technical,12,8,1502,3670,920,920,4252,2750,0.8221191028615623
36-25-125,optimized,2025-08-11,privacy,3,0,151,229,112,112,268,117,0.7052631578947368
36-25-125,optimized,2025-08-18,billing,12,1,1442,4297,960,960,4779,3337,0.832723470987977
36-25-125,optimized,2025-08-18,technical,12,8,1369,4252,920,920,4701,3332,0.8363280555061376
36-25-125,optimized,2025-08-18,privacy,3,0,165,268,112,112,321,156,0.7413394919168591
36-25-125,optimized,2025-08-25,billing,12,1,1489,4779,960,960,5308,3819,0.8468410976388002
36-25-125,optimized,2025-08-25,technical,12,8,1275,4701,920,920,5056,3781,0.8460508701472557
36-25-125,optimized,2025-08-25,privacy,3,0,130,321,112,112,339,209,0.7516629711751663
36-25-125,optimized,2025-09-01,billing,12,1,1465,5308,960,960,5813,4348,0.8582607411782076
36-25-125,optimized,2025-09-01,technical,12,8,1258,5056,920,920,5394,4136,0.8542920494140006
36-25-125,optimized,2025-09-01,privacy,3,0,106,339,112,112,333,227,0.748314606741573
36-25-125,optimized,2025-09-08,billing,12,2,1506,5813,1020,1020,6299,4793,0.860636699002596
36-25-125,optimized,2025-09-08,technical,12,7,1327,5394,880,880,5841,4514,0.8690671031096563
36-25-125,optimized,2025-09-08,privacy,3,0,114,333,112,112,335,221,0.7494407158836689
36-25-125,hindsight,2025-06-23,billing,12,0,1510,0,900,900,610,0,0.40397350993377484
36-25-125,hindsight,2025-06-23,technical,12,9,1591,0,960,960,631,0,0.3966059082338152
36-25-125,hindsight,2025-06-23,privacy,3,0,152,0,112,112,40,0,0.2631578947368421
36-25-125,hindsight,2025-06-30,billing,12,0,1238,610,900,900,948,0,0.512987012987013
36-25-125,hindsight,2025-06-30,technical,12,9,1356,631,960,960,1027,0,0.5168595873175642
36-25-125,hindsight,2025-06-30,privacy,3,0,123,40,112,112,51,0,0.3128834355828221
36-25-125,hindsight,2025-07-07,billing,12,1,1572,948,960,960,1560,0,0.6190476190476191
36-25-125,hindsight,2025-07-07,technical,12,8,1490,1027,920,920,1597,107,0.6344854986094557
36-25-125,hindsight,2025-07-07,privacy,3,0,128,51,112,112,67,0,0.3743016759776536
36-25-125,hindsight,2025-07-14,billing,12,0,1393,1560,900,900,2053,660,0.6952251947172368
36-25-125,hindsight,2025-07-14,technical,12,9,1449,1597,960,960,2086,637,0.6848325673013789
36-25-125,hindsight,2025-07-14,privacy,3,0,134,67,112,112,89,0,0.4427860696517413
36-25-125,hindsight,2025-07-21,billing,12,1,1441,2053,960,960,2534,1093,0.725243274184316
36-25-125,hindsight,2025-07-21,technical,12,8,1416,2086,920,920,2582,1166,0.7372929754426042
36-25-125,hindsight,2025-07-21,privacy,3,0,146,89,112,112,123,0,0.5234042553191489
36-25-125,hindsight,2025-07-28,billing,12,1,1549,2534,960,960,3123,1574,0.7648787656135194
36-25-125,hindsight,2025-07-28,technical,12,8,1452,2582,920,920,3114,1662,0.7719385225582548
36-25-125,hindsight,2025-07-28,privacy,3,0,158,123,112,112,169,11,0.6014234875444839
36-25-125,hindsight,2025-08-04,billing,12,1,1592,3123,960,960,3755,2163,0.7963944856839873
36-25-125,hindsight,2025-08-04,technical,12,8,1516,3114,920,920,3710,2194,0.8012958963282938
36-25-125,hindsight,2025-08-04,privacy,3,0,172,169,112,112,229,57,0.6715542521994134
36-25-125,hindsight,2025-08-11,billing,12,1,1442,3755,960,960,4237,2795,0.8152780450259766
36-25-125,hindsight,2025-08-11,technical,12,8,1502,3710,920,920,4292,2790,0.8234842670759785
36-25-125,hindsight,2025-08-11,privacy,3,0,151,229,112,112,268,117,0.7052631578947368
36-25-125,hindsight,2025-08-18,billing,12,1,1442,4237,960,960,4719,3277,0.8309561542525092
36-25-125,hindsight,2025-08-18,technical,12,8,1369,4292,920,920,4741,3372,0.8374845433668963
36-25-125,hindsight,2025-08-18,privacy,3,0,165,268,112,112,321,156,0.7413394919168591
36-25-125,hindsight,2025-08-25,billing,12,1,1489,4719,960,960,5248,3759,0.845360824742268
36-25-125,hindsight,2025-08-25,technical,12,8,1275,4741,920,920,5096,3821,0.8470744680851063
36-25-125,hindsight,2025-08-25,privacy,3,0,130,321,112,112,339,209,0.7516629711751663
36-25-125,hindsight,2025-09-01,billing,12,1,1465,5248,960,960,5753,4288,0.8569938924474899
36-25-125,hindsight,2025-09-01,technical,12,8,1258,5096,920,920,5434,4176,0.8552093169656909
36-25-125,hindsight,2025-09-01,privacy,3,0,106,339,112,112,333,227,0.748314606741573
36-25-125,hindsight,2025-09-08,billing,12,1,1506,5753,960,960,6299,4793,0.8677503788400606
36-25-125,hindsight,2025-09-08,technical,12,8,1327,5434,920,920,5841,4514,0.8639254548143765
36-25-125,hindsight,2025-09-08,privacy,3,0,114,333,112,112,335,221,0.7494407158836689
36-50-75,fixed,2025-06-23,billing,8,7,1510,0,612,612,898,0,0.5947019867549669
36-50-75,fixed,2025-06-23,technical,8,9,1591,0,456,456,1135,0,0.7133878064110623
36-50-75,fixed,2025-06-23,privacy,2,2,152,0,81,81,71,0,0.46710526315789475
36-50-75,fixed,2025-06-30,billing,8,7,1238,898,612,612,1524,286,0.7134831460674157
36-50-75,fixed,2025-06-30,technical,8,9,1356,1135,456,456,2035,679,0.8169409875551987
36-50-75,fixed,2025-06-30,privacy,2,2,123,71,81,81,113,0,0.5824742268041238
36-50-75,fixed,2025-07-07,billing,8,7,1572,1524,612,612,2484,912,0.8023255813953488
36-50-75,fixed,2025-07-07,technical,8,9,1490,2035,456,456,3069,1579,0.8706382978723404
36-50-75,fixed,2025-07-07,privacy,2,2,128,113,81,81,160,32,0.6639004149377593
36-50-75,fixed,2025-07-14,billing,8,7,1393,2484,612,612,3265,1872,0.8421459891668817
36-50-75,fixed,2025-07-14,technical,8,9,1449,3069,456,456,4062,2613,0.899070385126162
36-50-75,fixed,2025-07-14,privacy,2,2,134,160,81,81,213,79,0.7244897959183674
36-50-75,fixed,2025-07-21,billing,8,7,1441,3265,612,612,4094,2653,0.8699532511687208
36-50-75,fixed,2025-07-21,technical,8,9,1416,4062,456,456,5022,3606,0.9167579408543264
36-50-75,fixed,2025-07-21,privacy,2,2,146,213,81,81,278,132,0.7743732590529248
36-50-75,fixed,2025-07-28,billing,8,7,1549,4094,612,612,5031,3482,0.8915470494417863
36-50-75,fixed,2025-07-28,technical,8,9,1452,5022,456,456,6018,4566,0.9295644114921223
36-50-75,fixed,2025-07-28,privacy,2,2,158,278,81,81,355,197,0.8142201834862385
36-50-75,fixed,2025-08-04,billing,8,7,1592,5031,612,612,6011,4419,0.9075947455835724
36-50-75,fixed,2025-08-04,technical,8,9,1516,6018,456,456,7078,5562,0.9394743827979825
36-50-75,fixed,2025-08-04,privacy,2,2,172,355,81,81,446,274,0.8462998102466793
36-50-75,fixed,2025-08-11,billing,8,7,1442,6011,612,612,6841,5399,0.9178854152690192
36-50-75,fixed,2025-08-11,technical,8,9,1502,7078,456,456,8124,6622,0.9468531468531468
36-50-75,fixed,2025-08-11,privacy,2,2,151,446,81,81,516,365,0.864321608040201
36-50-75,fixed,2025-08-18,billing,8,7,1442,6841,612,612,7671,6229,0.9261137269105396
36-50-75,fixed,2025-08-18,technical,8,9,1369,8124,456,456,9037,7668,0.9519646054987886
36-50-75,fixed,2025-08-18,privacy,2,2,165,516,81,81,600,435,0.8810572687224669
36-50-75,fixed,2025-08-25,billing,8,7,1489,7671,612,612,8548,7059,0.9331877729257642
36-50-75,fixed,2025-08-25,technical,8,9,1275,9037,456,456,9856,8581,0.9557796741660202
36-50-75,fixed,2025-08-25,privacy,2,2,130,600,81,81,649,519,0.8890410958904109
36-50-75,fixed,2025-09-01,billing,8,7,1465,8548,612,612,9401,7936,0.9388794567062818
36-50-75,fixed,2025-09-01,technical,8,9,1258,9856,456,456,10658,9400,0.9589706676264171
36-50-75,fixed,2025-09-01,privacy,2,2,106,649,81,81,674,568,0.8927152317880794
36-50-75,fixed,2025-09-08,billing,8,7,1506,9401,612,612,10295,8789,0.9438892454387091
36-50-75,fixed,2025-09-08,technical,8,9,1327,10658,456,456,11529,10202,0.9619524405506884
36-50-75,fixed,2025-09-08,privacy,2,2,114,674,81,81,707,593,0.8972081218274112
36-50-75,adaptive,2025-06-23,billing,8,6,1510,0,576,576,934,0,0.6185430463576159
36-50-75,adaptive,2025-06-23,technical,8,11,1591,0,504,504,1087,0,0.683218101822753
36-50-75,adaptive,2025-06-23,privacy,2,1,152,0,63,63,89,0,0.5855263157894737
36-50-75,adaptive,2025-06-30,billing,8,6,1238,934,576,576,1596,358,0.7348066298342542
36-50-75,adaptive,2025-06-30,technical,8,11,1356,1087,504,504,1939,583,0.7936962750716332
36-50-75,adaptive,2025-06-30,privacy,2,1,123,89,63,63,149,26,0.7028301886792453
36-50-75,adaptive,2025-07-07,billing,8,6,1572,1596,576,576,2592,1020,0.8181818181818182
36-50-75,adaptive,2025-07-07,technical,8,11,1490,1939,504,504,2925,1435,0.8530183727034121
36-50-75,adaptive,2025-07-07,privacy,2,1,128,149,63,63,214,86,0.7725631768953068
36-50-75,adaptive,2025-07-14,billing,8,6,1393,2592,576,576,3409,2016,0.8554579673776662
36-50-75,adaptive,2025-07-14,technical,8,11,1449,2925,504,504,3870,2421,0.8847736625514403
36-50-75,adaptive,2025-07-14,privacy,2,1,134,214,63,63,285,151,0.8189655172413793
36-50-75,adaptive,2025-07-21,billing,8,6,1441,3409,576,576,4274,2833,0.8812371134020619
36-50-75,adaptive,2025-07-21,technical,8,11,1416,3870,504,504,4782,3366,0.9046538024971623
36-50-75,adaptive,2025-07-21,privacy,2,1,146,285,63,63,368,222,0.8538283062645011
36-50-75,adaptive,2025-07-28,billing,8,6,1549,4274,576,576,5247,3698,0.9010819165378671
36-50-75,adaptive,2025-07-28,technical,8,11,1452,4782,504,504,5730,4278,0.9191530317613089
36-50-75,adaptive,2025-07-28,privacy,2,1,158,368,63,63,463,305,0.8802281368821293
36-50-75,adaptive,2025-08-04,billing,8,7,1592,5247,612,612,6227,4635,0.9105132329287907
36-50-75,adaptive,2025-08-04,technical,8,10,1516,5730,480,480,6766,5250,0.9337565553408778
36-50-75,adaptive,2025-08-04,privacy,2,1,172,463,63,63,572,400,0.9007874015748032
36-50-75,adaptive,2025-08-11,billing,8,7,1442,6227,612,612,7057,5615,0.9201982005476594
36-50-75,adaptive,2025-08-11,technical,8,10,1502,6766,480,480,7788,6286,0.941944847605225
36-50-75,adaptive,2025-08-11,privacy,2,1,151,572,63,63,660,509,0.9128630705394191
36-50-75,adaptive,2025-08-18,billing,8,6,1442,7057,576,576,7923,6481,0.9322273208612778
36-50-75,adaptive,2025-08-18,technical,8,11,1369,7788,504,504,8653,7284,0.944960139783772
36-50-75,adaptive,2025-08-18,privacy,2,1,165,660,63,63,762,597,0.9236363636363636
36-50-75,adaptive,2025-08-25,billing,8,6,1489,7923,576,576,8836,7347,0.9388015299617509
36-50-75,adaptive,2025-08-25,technical,8,11,1275,8653,504,504,9424,8149,0.9492344883158743
36-50-75,adaptive,2025-08-25,privacy,2,1,130,762,63,63,829,699,0.929372197309417
36-50-75,adaptive,2025-09-01,billing,8,7,1465,8836,612,612,9689,8224,0.9405882923987963
36-50-75,adaptive,2025-09-01,technical,8,10,1258,9424,480,480,10202,8944,0.9550645946451976
36-50-75,adaptive,2025-09-01,privacy,2,1,106,829,63,63,872,766,0.932620320855615
36-50-75,adaptive,2025-09-08,billing,8,7,1506,9689,612,612,10583,9077,0.9453327378293881
36-50-75,adaptive,2025-09-08,technical,8,10,1327,10202,480,480,11049,9722,0.9583658600052043
36-50-75,adaptive,2025-09-08,privacy,2,1,114,872,63,63,923,809,0.936105476673428
36-50-75,optimized,2025-06-23,billing,8,4,1510,0,504,504,1006,0,0.6662251655629139
36-50-75,optimized,2025-06-23,technical,8,13,1591,0,552,552,1039,0,0.6530483972344437
36-50-75,optimized,2025-06-23,privacy,2,1,152,0,63,63,89,0,0.5855263157894737
36-50-75,optimized,2025-06-30,billing,8,5,1238,1006,540,540,1704,466,0.7593582887700535
36-50-75,optimized,2025-06-30,technical,8,12,1356,1039,528,528,1867,511,0.7795407098121085
36-50-75,optimized,2025-06-30,privacy,2,1,123,89,63,63,149,26,0.7028301886792453
36-50-75,optimized,2025-07-07,billing,8,4,1572,1704,504,504,2772,1200,0.8461538461538461
36-50-75,optimized,2025-07-07,technical,8,13,1490,1867,552,552,2805,1315,0.8355674709562109
36-50-75,optimized,2025-07-07,privacy,2,1,128,149,63,63,214,86,0.7725631768953068
36-50-75,optimized,2025-07-14,billing,8,5,1393,2772,540,540,3625,2232,0.8703481392557023
36-50-75,optimized,2025-07-14,technical,8,13,1449,2805,552,552,3702,2253,0.8702397743300423
36-50-75,optimized,2025-07-14,privacy,2,0,134,214,45,45,303,169,0.8706896551724138
36-50-75,optimized,2025-07-21,billing,8,5,1441,3625,540,540,4526,3085,0.8934070272404264
36-50-75,optimized,2025-07-21,technical,8,13,1416,3702,552,552,4566,3150,0.8921453692848769
36-50-75,optimized,2025-07-21,privacy,2,0,146,303,45,45,404,258,0.8997772828507795
36-50-75,optimized,2025-07-28,billing,8,5,1549,4526,540,540,5535,3986,0.9111111111111111
36-50-75,optimized,2025-07-28,technical,8,12,1452,4566,528,528,5490,4038,0.9122632103688934
36-50-75,optimized,2025-07-28,privacy,2,1,158,404,63,63,499,341,0.8879003558718861
36-50-75,optimized,2025-08-04,billing,8,5,1592,5535,540,540,6587,4995,0.9242317945839764
36-50-75,optimized,2025-08-04,technical,8,12,1516,5490,528,528,6478,4962,0.924636026263203
36-50-75,optimized,2025-08-04,privacy,2,1,172,499,63,63,608,436,0.9061102831594635
36-50-75,optimized,2025-08-11,billing,8,5,1442,6587,540,540,7489,6047,0.9327438037115456
36-50-75,optimized,2025-08-11,technical,8,12,1502,6478,528,528,7452,5950,0.9338345864661655
36-50-75,optimized,2025-08-11,privacy,2,1,151,608,63,63,696,545,0.9169960474308301
36-50-75,optimized,2025-08-18,billing,8,5,1442,7489,540,540,8391,6949,0.9395364460866644
36-50-75,optimized,2025-08-18,technical,8,12,1369,7452,528,528,8293,6924,0.9401428409477384
36-50-75,optimized,2025-08-18,privacy,2,1,165,696,63,63,798,633,0.926829268292683
36-50-75,optimized,2025-08-25,billing,8,5,1489,8391,540,540,9340,7851,0.9453441295546559
36-50-75,optimized,2025-08-25,technical,8,12,1275,8293,528,528,9040,7765,0.9448160535117057
36-50-75,optimized,2025-08-25,privacy,2,1,130,798,63,63,865,735,0.9321120689655172
36-50-75,optimized,2025-09-01,billing,8,5,1465,9340,540,540,10265,8800,0.950023137436372
36-50-75,optimized,2025-09-01,technical,8,12,1258,9040,528,528,9770,8512,0.9487279083317149
36-50-75,optimized,2025-09-01,privacy,2,1,106,865,63,63,908,802,0.9351184346035015
36-50-75,optimized,2025-09-08,billing,8,5,1506,10265,540,540,11231,9725,0.9541245433692974
36-50-75,optimized,2025-09-08,technical,8,12,1327,9770,528,528,10569,9242,0.9524195728575291
36-50-75,optimized,2025-09-08,privacy,2,1,114,908,63,63,959,845,0.9383561643835616
36-50-75,hindsight,2025-06-23,billing,8,4,1510,0,504,504,1006,0,0.6662251655629139
36-50-75,hindsight,2025-06-23,technical,8,13,1591,0,552,552,1039,0,0.6530483972344437
36-50-75,hindsight,2025-06-23,privacy,2,1,152,0,63,63,89,0,0.5855263157894737
36-50-75,hindsight,2025-06-30,billing,8,4,1238,1006,504,504,1740,502,0.7754010695187166
36-50-75,hindsight,2025-06-30,technical,8,13,1356,1039,552,552,1843,487,0.7695198329853862
36-50-75,hindsight,2025-06-30,privacy,2,1,123,89,63,63,149,26,0.7028301886792453
36-50-75,hindsight,2025-07-07,billing,8,5,1572,1740,540,540,2772,1200,0.8369565217391305
36-50-75,hindsight,2025-07-07,technical,8,13,1490,1843,552,552,2781,1291,0.8343834383438344
36-50-75,hindsight,2025-07-07,privacy,2,0,128,149,45,45,232,104,0.8375451263537906
36-50-75,hindsight,2025-07-14,billing,8,5,1393,2772,540,540,3625,2232,0.8703481392557023
36-50-75,hindsight,2025-07-14,technical,8,12,1449,2781,528,528,3702,2253,0.875177304964539
36-50-75,hindsight,2025-07-14,privacy,2,1,134,232,63,63,303,169,0.8278688524590164
36-50-75,hindsight,2025-07-21,billing,8,5,1441,3625,540,540,4526,3085,0.8934070272404264
36-50-75,hindsight,2025-07-21,technical,8,12,1416,3702,528,528,4590,3174,0.8968347010550997
36-50-75,hindsight,2025-07-21,privacy,2,1,146,303,63,63,386,240,0.8596881959910914
36-50-75,hindsight,2025-07-28,billing,8,5,1549,4526,540,540,5535,3986,0.9111111111111111
36-50-75,hindsight,2025-07-28,technical,8,12,1452,4590,528,528,5514,4062,0.9126117179741807
36-50-75,hindsight,2025-07-28,privacy,2,1,158,386,63,63,481,323,0.8841911764705882
36-50-75,hindsight,2025-08-04,billing,8,5,1592,5535,540,540,6587,4995,0.9242317945839764
36-50-75,hindsight,2025-08-04,technical,8,12,1516,5514,528,528,6502,4986,0.9248933143669986
36-50-75,hindsight,2025-08-04,privacy,2,1,172,481,63,63,590,418,0.9035222052067381
36-50-75,hindsight,2025-08-11,billing,8,5,1442,6587,540,540,7489,6047,0.9327438037115456
36-50-75,hindsight,2025-08-11,technical,8,12,1502,6502,528,528,7476,5974,0.9340329835082459
36-50-75,hindsight,2025-08-11,privacy,2,1,151,590,63,63,678,527,0.9149797570850202
36-50-75,hindsight,2025-08-18,billing,8,5,1442,7489,540,540,8391,6949,0.9395364460866644
36-50-75,hindsight,2025-08-18,technical,8,12,1369,7476,528,528,8317,6948,0.9403052572074618
36-50-75,hindsight,2025-08-18,privacy,2,1,165,678,63,63,780,615,0.9252669039145908
36-50-75,hindsight,2025-08-25,billing,8,5,1489,8391,540,540,9340,7851,0.9453441295546559
36-50-75,hindsight,2025-08-25,technical,8,12,1275,8317,528,528,9064,7789,0.944954128440367
36-50-75,hindsight,2025-08-25,privacy,2,1,130,780,63,63,847,717,0.9307692307692308
36-50-75,hindsight,2025-09-01,billing,8,5,1465,9340,540,540,10265,8800,0.950023137436372
36-50-75,hindsight,2025-09-01,technical,8,12,1258,9064,528,528,9794,8536,0.9488471226506491
36-50-75,hindsight,2025-09-01,privacy,2,1,106,847,63,63,890,784,0.9338929695697796
36-50-75,hindsight,2025-09-08,billing,8,5,1506,10265,540,540,11231,9725,0.9541245433692974
36-50-75,hindsight,2025-09-08,technical,8,12,1327,9794,528,528,10593,9266,0.9525222551928784
36-50-75,hindsight,2025-09-08,privacy,2,1,114,890,63,63,941,827,0.9372509960159362
36-50-100,fixed,2025-06-23,billing,8,7,1510,0,816,816,694,0,0.4596026490066225
36-50-100,fixed,2025-06-23,technical,8,9,1591,0,608,608,983,0,0.6178504085480829
36-50-100,fixed,2025-06-23,privacy,2,2,152,0,108,108,44,0,0.2894736842105263
36-50-100,fixed,2025-06-30,billing,8,7,1238,694,816,816,1116,0,0.577639751552795
36-50-100,fixed,2025-06-30,technical,8,9,1356,983,608,608,1731,375,0.7400598546387345
36-50-100,fixed,2025-06-30,privacy,2,2,123,44,108,108,59,0,0.3532934131736527
36-50-100,fixed,2025-07-07,billing,8,7,1572,1116,816,816,1872,300,0.6964285714285714
36-50-100,fixed,2025-07-07,technical,8,9,1490,1731,608,608,2613,1123,0.8112387457311394
36-50-100,fixed,2025-07-07,privacy,2,2,128,59,108,108,79,0,0.42245989304812837
36-50-100,fixed,2025-07-14,billing,8,7,1393,1872,816,816,2449,1056,0.7500765696784073
36-50-100,fixed,2025-07-14,technical,8,9,1449,2613,608,608,3454,2005,0.8503200393894633
36-50-100,fixed,2025-07-14,privacy,2,2,134,79,108,108,105,0,0.49295774647887325
36-50-100,fixed,2025-07-21,billing,8,7,1441,2449,816,816,3074,1633,0.7902313624678663
36-50-100,fixed,2025-07-21,technical,8,9,1416,3454,608,608,4262,2846,0.8751540041067761
36-50-100,fixed,2025-07-21,privacy,2,2,146,105,108,108,143,0,0.5697211155378487
36-50-100,fixed,2025-07-28,billing,8,7,1549,3074,816,816,3807,2258,0.8234912394548994
36-50-100,fixed,2025-07-28,technical,8,9,1452,4262,608,608,5106,3654,0.8935946797339867
36-50-100,fixed,2025-07-28,privacy,2,2,158,143,108,108,193,35,0.6411960132890365
36-50-100,fixed,2025-08-04,billing,8,7,1592,3807,816,816,4583,2991,0.8488609001666976
36-50-100,fixed,2025-08-04,technical,8,9,1516,5106,608,608,6014,4498,0.9081848384173966
36-50-100,fixed,2025-08-04,privacy,2,2,172,193,108,108,257,85,0.7041095890410959
36-50-100,fixed,2025-08-11,billing,8,7,1442,4583,816,816,5209,3767,0.8645643153526971
36-50-100,fixed,2025-08-11,technical,8,9,1502,6014,608,608,6908,5406,0.9191059073975519
36-50-100,fixed,2025-08-11,privacy,2,2,151,257,108,108,300,149,0.7352941176470589
36-50-100,fixed,2025-08-18,billing,8,7,1442,5209,816,816,5835,4393,0.8773116824537663
36-50-100,fixed,2025-08-18,technical,8,9,1369,6908,608,608,7669,6300,0.9265434336112118
36-50-100,fixed,2025-08-18,privacy,2,2,165,300,108,108,357,192,0.7677419354838709
36-50-100,fixed,2025-08-25,billing,8,7,1489,5835,816,816,6508,5019,0.888585472419443
36-50-100,fixed,2025-08-25,technical,8,9,1275,7669,608,608,8336,7061,0.9320214669051878
36-50-100,fixed,2025-08-25,privacy,2,2,130,357,108,108,379,249,0.7782340862422998
36-50-100,fixed,2025-09-01,billing,8,7,1465,6508,816,816,7157,5692,0.8976545842217484
36-50-100,fixed,2025-09-01,technical,8,9,1258,8336,608,608,8986,7728,0.9366270585782781
36-50-100,fixed,2025-09-01,privacy,2,2,106,379,108,108,377,271,0.777319587628866
36-50-100,fixed,2025-09-08,billing,8,7,1506,7157,816,816,7847,6341,0.9058063026665127
36-50-100,fixed,2025-09-08,technical,8,9,1327,8986,608,608,9705,8378,0.9410452826529623
36-50-100,fixed,2025-09-08,privacy,2,2,114,377,108,108,383,269,0.780040733197556
36-50-100,adaptive,2025-06-23,billing,8,6,1510,0,768,768,742,0,0.4913907284768212
36-50-100,adaptive,2025-06-23,technical,8,11,1591,0,672,672,919,0,0.5776241357636707
36-50-100,adaptive,2025-06-23,privacy,2,1,152,0,84,84,68,0,0.4473684210526316
36-50-100,adaptive,2025-06-30,billing,8,6,1238,742,768,768,1212,0,0.6121212121212121
36-50-100,adaptive,2025-06-30,technical,8,11,1356,919,672,672,1603,247,0.7046153846153846
36-50-100,adaptive,2025-06-30,privacy,2,1,123,68,84,84,107,0,0.5602094240837696
36-50-100,adaptive,2025-07-07,billing,8,6,1572,1212,768,768,2016,444,0.7241379310344828
36-50-100,adaptive,2025-07-07,technical,8,11,1490,1603,672,672,2421,931,0.7827352085354026
36-50-100,adaptive,2025-07-07,privacy,2,1,128,107,84,84,151,23,0.6425531914893617
36-50-100,adaptive,2025-07-14,billing,8,6,1393,2016,768,768,2641,1248,0.77471399237313
36-50-100,adaptive,2025-07-14,technical,8,11,1449,2421,672,672,3198,1749,0.8263565891472868
36-50-100,adaptive,2025-07-14,privacy,2,1,134,151,84,84,201,67,0.7052631578947368
36-50-100,adaptive,2025-07-21,billing,8,6,1441,2641,768,768,3314,1873,0.8118569328760411
36-50-100,adaptive,2025-07-21,technical,8,11,1416,3198,672,672,3942,2526,0.8543563068920677
36-50-100,adaptive,2025-07-21,privacy,2,1,146,201,84,84,263,117,0.7579250720461095
36-50-100,adaptive,2025-07-28,billing,8,6,1549,3314,768,768,4095,2546,0.8420727945712523
36-50-100,adaptive,2025-07-28,technical,8,11,1452,3942,672,672,4722,3270,0.8754171301446051
36-50-100,adaptive,2025-07-28,privacy,2,1,158,263,84,84,337,179,0.8004750593824228
36-50-100,adaptive,2025-08-04,billing,8,6,1592,4095,768,768,4919,3327,0.8649551608932653
36-50-100,adaptive,2025-08-04,technical,8,11,1516,4722,672,672,5566,4050,0.8922731644757935
36-50-100,adaptive,2025-08-04,privacy,2,1,172,337,84,84,425,253,0.8349705304518664
36-50-100,adaptive,2025-08-11,billing,8,6,1442,4919,768,768,5593,4151,0.8792642666247446
36-50-100,adaptive,2025-08-11,technical,8,11,1502,5566,672,672,6396,4894,0.9049235993208828
36-50-100,adaptive,2025-08-11,privacy,2,1,151,425,84,84,492,341,0.8541666666666666
36-50-100,adaptive,2025-08-18,billing,8,6,1442,5593,768,768,6267,4825,0.8908315565031983
36-50-100,adaptive,2025-08-18,technical,8,11,1369,6396,672,672,7093,5724,0.9134578235672891
36-50-100,adaptive,2025-08-18,privacy,2,1,165,492,84,84,573,408,0.8721461187214612
36-50-100,adaptive,2025-08-25,billing,8,6,1489,6267,768,768,6988,5499,0.9009798865394534
36-50-100,adaptive,2025-08-25,technical,8,11,1275,7093,672,672,7696,6421,0.9196940726577438
36-50-100,adaptive,2025-08-25,privacy,2,1,130,573,84,84,619,489,0.8805120910384068
36-50-100,adaptive,2025-09-01,billing,8,6,1465,6988,768,768,7685,6220,0.9091446823612919
36-50-100,adaptive,2025-09-01,technical,8,11,1258,7696,672,672,8282,7024,0.9249497431315613
36-50-100,adaptive,2025-09-01,privacy,2,1,106,619,84,84,641,535,0.8841379310344828
36-50-100,adaptive,2025-09-08,billing,8,7,1506,7685,816,816,8375,6869,0.9112174953759112
36-50-100,adaptive,2025-09-08,technical,8,10,1327,8282,640,640,8969,7642,0.9333957747944636
36-50-100,adaptive,2025-09-08,privacy,2,1,114,641,84,84,671,557,0.8887417218543047
36-50-100,optimized,2025-06-23,billing,8,4,1510,0,672,672,838,0,0.5549668874172186
36-50-100,optimized,2025-06-23,technical,8,13,1591,0,736,736,855,0,0.5373978629792583
36-50-100,optimized,2025-06-23,privacy,2,1,152,0,84,84,68,0,0.4473684210526316
36-50-100,optimized,2025-06-30,billing,8,5,1238,838,720,720,1356,118,0.653179190751445
36-50-100,optimized,2025-06-30,technical,8,12,1356,855,704,704,1507,151,0.681592039800995
36-50-100,optimized,2025-06-30,privacy,2,1,123,68,84,84,107,0,0.5602094240837696
36-50-100,optimized,2025-07-07,billing,8,4,1572,1356,672,672,2256,684,0.7704918032786885
36-50-100,optimized,2025-07-07,technical,8,14,1490,1507,768,768,2229,739,0.7437437437437437
36-50-100,optimized,2025-07-07,privacy,2,0,128,107,60,60,175,47,0.7446808510638298
36-50-100,optimized,2025-07-14,billing,8,6,1393,2256,768,768,2881,1488,0.789531378459852
36-50-100,optimized,2025-07-14,technical,8,12,1449,2229,704,704,2974,1525,0.8085916258836324
36-50-100,optimized,2025-07-14,privacy,2,0,134,175,60,60,249,115,0.8058252427184466
36-50-100,optimized,2025-07-21,billing,8,5,1441,2881,720,720,3602,2161,0.8334104581212401
36-50-100,optimized,2025-07-21,technical,8,12,1416,2974,704,704,3686,2270,0.8396355353075171
36-50-100,optimized,2025-07-21,privacy,2,1,146,249,84,84,311,165,0.7873417721518987
36-50-100,optimized,2025-07-28,billing,8,5,1549,3602,720,720,4431,2882,0.860221316249272
36-50-100,optimized,2025-07-28,technical,8,12,1452,3686,704,704,4434,2982,0.8629817049435579
36-50-100,optimized,2025-07-28,privacy,2,1,158,311,84,84,385,227,0.8208955223880597
36-50-100,optimized,2025-08-04,billing,8,5,1592,4431,720,720,5303,3711,0.8804582434002989
36-50-100,optimized,2025-08-04,technical,8,12,1516,4434,704,704,5246,3730,0.8816806722689076
36-50-100,optimized,2025-08-04,privacy,2,1,172,385,84,84,473,301,0.8491921005385996
36-50-100,optimized,2025-08-11,billing,8,5,1442,5303,720,720,6025,4583,0.8932542624166049
36-50-100,optimized,2025-08-11,technical,8,12,1502,5246,704,704,6044,4542,0.8956727919383521
36-50-100,optimized,2025-08-11,privacy,2,1,151,473,84,84,540,389,0.8653846153846154
36-50-100,optimized,2025-08-18,billing,8,5,1442,6025,720,720,6747,5305,0.9035757332261952
36-50-100,optimized,2025-08-18,technical,8,12,1369,6044,704,704,6709,5340,0.9050317010656954
36-50-100,optimized,2025-08-18,privacy,2,1,165,540,84,84,621,456,0.8808510638297873
36-50-100,optimized,2025-08-25,billing,8,5,1489,6747,720,720,7516,6027,0.9125789218067023
36-50-100,optimized,2025-08-25,technical,8,12,1275,6709,704,704,7280,6005,0.9118236472945892
36-50-100,optimized,2025-08-25,privacy,2,1,130,621,84,84,667,537,0.8881491344873502
36-50-100,optimized,2025-09-01,billing,8,5,1465,7516,720,720,8261,6796,0.9198307538136065
36-50-100,optimized,2025-09-01,technical,8,12,1258,7280,704,704,7834,6576,0.917545092527524
36-50-100,optimized,2025-09-01,privacy,2,1,106,667,84,84,689,583,0.8913324708926261
36-50-100,optimized,2025-09-08,billing,8,6,1506,8261,768,768,8999,7493,0.9213678714037064
36-50-100,optimized,2025-09-08,technical,8,12,1327,7834,704,704,8457,7130,0.9231524942691846
36-50-100,optimized,2025-09-08,privacy,2,0,114,689,60,60,743,629,0.925280199252802
36-50-100,hindsight,2025-06-23,billing,8,4,1510,0,672,672,838,0,0.5549668874172186
36-50-100,hindsight,2025-06-23,technical,8,13,1591,0,736,736,855,0,0.5373978629792583
36-50-100,hindsight,2025-06-23,privacy,2,1,152,0,84,84,68,0,0.4473684210526316
36-50-100,hindsight,2025-06-30,billing,8,4,1238,838,672,672,1404,166,0.6763005780346821
36-50-100,hindsight,2025-06-30,technical,8,13,1356,855,736,736,1475,119,0.6671189507010402
36-50-100,hindsight,2025-06-30,privacy,2,1,123,68,84,84,107,0,0.5602094240837696
36-50-100,hindsight,2025-07-07,billing,8,5,1572,1404,720,720,2256,684,0.7580645161290323
36-50-100,hindsight,2025-07-07,technical,8,13,1490,1475,736,736,2229,739,0.7517706576728499
36-50-100,hindsight,2025-07-07,privacy,2,0,128,107,60,60,175,47,0.7446808510638298
36-50-100,hindsight,2025-07-14,billing,8,5,1393,2256,720,720,2929,1536,0.8026856673061112
36-50-100,hindsight,2025-07-14,technical,8,13,1449,2229,736,736,2942,1493,0.7998912452419793
36-50-100,hindsight,2025-07-14,privacy,2,0,134,175,60,60,249,115,0.8058252427184466
36-50-100,hindsight,2025-07-21,billing,8,5,1441,2929,720,720,3650,2209,0.8352402745995423
36-50-100,hindsight,2025-07-21,technical,8,12,1416,2942,704,704,3654,2238,0.8384580082606701
36-50-100,hindsight,2025-07-21,privacy,2,1,146,249,84,84,311,165,0.7873417721518987
36-50-100,hindsight,2025-07-28,billing,8,5,1549,3650,720,720,4479,2930,0.8615118291979227
36-50-100,hindsight,2025-07-28,technical,8,12,1452,3654,704,704,4402,2950,0.8621229925577751
36-50-100,hindsight,2025-07-28,privacy,2,1,158,311,84,84,385,227,0.8208955223880597
36-50-100,hindsight,2025-08-04,billing,8,5,1592,4479,720,720,5351,3759,0.8814033931806952
36-50-100,hindsight,2025-08-04,technical,8,12,1516,4402,704,704,5214,3698,0.8810408921933085
36-50-100,hindsight,2025-08-04,privacy,2,1,172,385,84,84,473,301,0.8491921005385996
36-50-100,hindsight,2025-08-11,billing,8,5,1442,5351,720,720,6073,4631,0.8940085382010894
36-50-100,hindsight,2025-08-11,technical,8,12,1502,5214,704,704,6012,4510,0.8951756998213222
36-50-100,hindsight,2025-08-11,privacy,2,1,151,473,84,84,540,389,0.8653846153846154
36-50-100,hindsight,2025-08-18,billing,8,5,1442,6073,720,720,6795,5353,0.9041916167664671
36-50-100,hindsight,2025-08-18,technical,8,12,1369,6012,704,704,6677,5308,0.9046199701937406
36-50-100,hindsight,2025-08-18,privacy,2,1,165,540,84,84,621,456,0.8808510638297873
36-50-100,hindsight,2025-08-25,billing,8,5,1489,6795,720,720,7564,6075,0.9130854659584742
36-50-100,hindsight,2025-08-25,technical,8,12,1275,6677,704,704,7248,5973,0.9114688128772636
36-50-100,hindsight,2025-08-25,privacy,2,1,130,621,84,84,667,537,0.8881491344873502
36-50-100,hindsight,2025-09-01,billing,8,5,1465,7564,720,720,8309,6844,0.920256949828331
36-50-100,hindsight,2025-09-01,technical,8,12,1258,7248,704,704,7802,6544,0.9172348930166941
36-50-100,hindsight,2025-09-01,privacy,2,1,106,667,84,84,689,583,0.8913324708926261
36-50-100,hindsight,2025-09-08,billing,8,6,1506,8309,768,768,9047,7541,0.9217524197656648
36-50-100,hindsight,2025-09-08,technical,8,12,1327,7802,704,704,8425,7098,0.9228831197283383
36-50-100,hindsight,2025-09-08,privacy,2,0,114,689,60,60,743,629,0.925280199252802
36-50-125,fixed,2025-06-23,billing,8,7,1510,0,1020,1020,490,0,0.32450331125827814
36-50-125,fixed,2025-06-23,technical,8,9,1591,0,760,760,831,0,0.5223130106851037
36-50-125,fixed,2025-06-23,privacy,2,2,152,0,135,135,17,0,0.1118421052631579
36-50-125,fixed,2025-06-30,billing,8,7,1238,490,1020,1020,708,0,0.4097222222222222
36-50-125,fixed,2025-06-30,technical,8,9,1356,831,760,760,1427,71,0.6524919981710106
36-50-125,fixed,2025-06-30,privacy,2,2,123,17,135,135,5,0,0.03571428571428571
36-50-125,fixed,2025-07-07,billing,8,7,1572,708,1020,1020,1260,0,0.5526315789473685
36-50-125,fixed,2025-07-07,technical,8,9,1490,1427,760,760,2157,667,0.7394583476174151
36-50-125,fixed,2025-07-07,privacy,2,2,128,5,135,133,0,0,0.0
36-50-125,fixed,2025-07-14,billing,8,7,1393,1260,1020,1020,1633,240,0.6155295891443648
36-50-125,fixed,2025-07-14,technical,8,9,1449,2157,760,760,2846,1397,0.7892401552967276
36-50-125,fixed,2025-07-14,privacy,2,2,134,0,135,134,0,0,0.0
36-50-125,fixed,2025-07-21,billing,8,7,1441,1633,1020,1020,2054,613,0.6681847755367599
36-50-125,fixed,2025-07-21,technical,8,9,1416,2846,760,760,3502,2086,0.8216799624589395
36-50-125,fixed,2025-07-21,privacy,2,2,146,0,135,135,11,0,0.07534246575342465
36-50-125,fixed,2025-07-28,billing,8,7,1549,2054,1020,1020,2583,1034,0.7169025811823481
36-50-125,fixed,2025-07-28,technical,8,9,1452,3502,760,760,4194,2742,0.8465886152603956
36-50-125,fixed,2025-07-28,privacy,2,2,158,11,135,135,34,0,0.20118343195266272
36-50-125,fixed,2025-08-04,billing,8,7,1592,2583,1020,1020,3155,1563,0.755688622754491
36-50-125,fixed,2025-08-04,technical,8,9,1516,4194,760,760,4950,3434,0.8669001751313485
36-50-125,fixed,2025-08-04,privacy,2,2,172,34,135,135,71,0,0.3446601941747573
36-50-125,fixed,2025-08-11,billing,8,7,1442,3155,1020,1020,3577,2135,0.778116162714814
36-50-125,fixed,2025-08-11,technical,8,9,1502,4950,760,760,5692,4190,0.8822070675759455
36-50-125,fixed,2025-08-11,privacy,2,2,151,71,135,135,87,0,0.3918918918918919
36-50-125,fixed,2025-08-18,billing,8,7,1442,3577,1020,1020,3999,2557,0.7967722653915122
36-50-125,fixed,2025-08-18,technical,8,9,1369,5692,760,760,6301,4932,0.8923665203229004
36-50-125,fixed,2025-08-18,privacy,2,2,165,87,135,135,117,0,0.4642857142857143
36-50-125,fixed,2025-08-25,billing,8,7,1489,3999,1020,1020,4468,2979,0.8141399416909622
36-50-125,fixed,2025-08-25,technical,8,9,1275,6301,760,760,6816,5541,0.8996832101372756
36-50-125,fixed,2025-08-25,privacy,2,2,130,117,135,135,112,0,0.4534412955465587
36-50-125,fixed,2025-09-01,billing,8,7,1465,4468,1020,1020,4913,3448,0.828080229226361
36-50-125,fixed,2025-09-01,technical,8,9,1258,6816,760,760,7314,6056,0.9058706960614318
36-50-125,fixed,2025-09-01,privacy,2,2,106,112,135,135,83,0,0.38073394495412843
36-50-125,fixed,2025-09-08,billing,8,7,1506,4913,1020,1020,5399,3893,0.8410967440411279
36-50-125,fixed,2025-09-08,technical,8,9,1327,7314,760,760,7881,6554,0.9120472167573197
36-50-125,fixed,2025-09-08,privacy,2,2,114,83,135,135,62,0,0.3147208121827411
36-50-125,adaptive,2025-06-23,billing,8,5,1510,0,900,900,610,0,0.40397350993377484
36-50-125,adaptive,2025-06-23,technical,8,12,1591,0,880,880,711,0,0.4468887492143306
36-50-125,adaptive,2025-06-23,privacy,2,1,152,0,105,105,47,0,0.3092105263157895
36-50-125,adaptive,2025-06-30,billing,8,6,1238,610,960,960,888,0,0.4805194805194805
36-50-125,adaptive,2025-06-30,technical,8,11,1356,711,840,840,1227,0,0.5936139332365747
36-50-125,adaptive,2025-06-30,privacy,2,1,123,47,105,105,65,0,0.38235294117647056
36-50-125,adaptive,2025-07-07,billing,8,5,1572,888,900,900,1560,0,0.6341463414634146
36-50-125,adaptive,2025-07-07,technical,8,12,1490,1227,880,880,1837,347,0.6761133603238867
36-50-125,adaptive,2025-07-07,privacy,2,1,128,65,105,105,88,0,0.45595854922279794
36-50-125,adaptive,2025-07-14,billing,8,6,1393,1560,960,960,1993,600,0.6749068743650525
36-50-125,adaptive,2025-07-14,technical,8,11,1449,1837,840,840,2446,997,0.7443700547778455
36-50-125,adaptive,2025-07-14,privacy,2,1,134,88,105,105,117,0,0.527027027027027
36-50-125,adaptive,2025-07-21,billing,8,6,1441,1993,960,960,2474,1033,0.720442632498544
36-50-125,adaptive,2025-07-21,technical,8,11,1416,2446,840,840,3022,1606,0.7824961160020715
36-50-125,adaptive,2025-07-21,privacy,2,1,146,117,105,105,158,12,0.6007604562737643
36-50-125,adaptive,2025-07-28,billing,8,6,1549,2474,960,960,3063,1514,0.761372110365399
36-50-125,adaptive,2025-07-28,technical,8,11,1452,3022,840,840,3634,2182,0.8122485471613768
36-50-125,adaptive,2025-07-28,privacy,2,1,158,158,105,105,211,53,0.6677215189873418
36-50-125,adaptive,2025-08-04,billing,8,6,1592,3063,960,960,3695,2103,0.7937701396348013
36-50-125,adaptive,2025-08-04,technical,8,11,1516,3634,840,840,4310,2794,0.8368932038834952
36-50-125,adaptive,2025-08-04,privacy,2,1,172,211,105,105,278,106,0.7258485639686684
36-50-125,adaptive,2025-08-11,billing,8,6,1442,3695,960,960,4177,2735,0.8131204983453377
36-50-125,adaptive,2025-08-11,technical,8,11,1502,4310,840,840,4972,3470,0.8554714384033035
36-50-125,adaptive,2025-08-11,privacy,2,1,151,278,105,105,324,173,0.7552447552447552
36-50-125,adaptive,2025-08-18,billing,8,6,1442,4177,960,960,4659,3217,0.8291510945008008
36-50-125,adaptive,2025-08-18,technical,8,11,1369,4972,840,840,5501,4132,0.867528780949377
36-50-125,adaptive,2025-08-18,privacy,2,1,165,324,105,105,384,219,0.7852760736196319
36-50-125,adaptive,2025-08-25,billing,8,6,1489,4659,960,960,5188,3699,0.8438516590761224
36-50-125,adaptive,2025-08-25,technical,8,11,1275,5501,840,840,5936,4661,0.8760330578512396
36-50-125,adaptive,2025-08-25,privacy,2,1,130,384,105,105,409,279,0.7957198443579766
36-50-125,adaptive,2025-09-01,billing,8,6,1465,5188,960,960,5693,4228,0.8557041935968736
36-50-125,adaptive,2025-09-01,technical,8,11,1258,5936,840,840,6354,5096,0.8832360300250208
36-50-125,adaptive,2025-09-01,privacy,2,1,106,409,105,105,410,304,0.7961165048543689
36-50-125,adaptive,2025-09-08,billing,8,6,1506,5693,960,960,6239,4733,0.8666481455757744
36-50-125,adaptive,2025-09-08,technical,8,11,1327,6354,840,840,6841,5514,0.890639239682333
36-50-125,adaptive,2025-09-08,privacy,2,1,114,410,105,105,419,305,0.799618320610687
36-50-125,optimized,2025-06-23,billing,8,4,1510,0,840,840,670,0,0.44370860927152317
36-50-125,optimized,2025-06-23,technical,8,13,1591,0,920,920,671,0,0.4217473287240729
36-50-125,optimized,2025-06-23,privacy,2,1,152,0,105,105,47,0,0.3092105263157895
36-50-125,optimized,2025-06-30,billing,8,5,1238,670,900,900,1008,0,0.5283018867924528
36-50-125,optimized,2025-06-30,technical,8,12,1356,671,880,880,1147,0,0.5658608781450419
36-50-125,optimized,2025-06-30,privacy,2,1,123,47,105,105,65,0,0.38235294117647056
36-50-125,optimized,2025-07-07,billing,8,4,1572,1008,840,840,1740,168,0.6744186046511628
36-50-125,optimized,2025-07-07,technical,8,14,1490,1147,960,960,1677,187,0.6359499431171786
36-50-125,optimized,2025-07-07,privacy,2,0,128,65,75,75,118,0,0.6113989637305699
36-50-125,optimized,2025-07-14,billing,8,6,1393,1740,960,960,2173,780,0.6935844238748803
36-50-125,optimized,2025-07-14,technical,8,12,1449,1677,880,880,2246,797,0.7184900831733845
36-50-125,optimized,2025-07-14,privacy,2,0,134,118,75,75,177,43,0.7023809523809523
36-50-125,optimized,2025-07-21,billing,8,5,1441,2173,900,900,2714,1273,0.7509684560044272
36-50-125,optimized,2025-07-21,technical,8,13,1416,2246,920,920,2742,1326,0.7487711632987438
36-50-125,optimized,2025-07-21,privacy,2,0,146,177,75,75,248,102,0.7678018575851393
36-50-125,optimized,2025-07-28,billing,8,5,1549,2714,900,900,3363,1814,0.788881069669247
36-50-125,optimized,2025-07-28,technical,8,12,1452,2742,880,880,3314,1862,0.7901764425369575
36-50-125,optimized,2025-07-28,privacy,2,1,158,248,105,105,301,143,0.7413793103448276
36-50-125,optimized,2025-08-04,billing,8,5,1592,3363,900,900,4055,2463,0.8183652875882946
36-50-125,optimized,2025-08-04,technical,8,12,1516,3314,880,880,3950,2434,0.8178053830227743
36-50-125,optimized,2025-08-04,privacy,2,1,172,301,105,105,368,196,0.7780126849894292
36-50-125,optimized,2025-08-11,billing,8,5,1442,4055,900,900,4597,3155,0.8362743314535201
36-50-125,optimized,2025-08-11,technical,8,12,1502,3950,880,880,4572,3070,0.8385913426265591
36-50-125,optimized,2025-08-11,privacy,2,1,151,368,105,105,414,263,0.7976878612716763
36-50-125,optimized,2025-08-18,billing,8,5,1442,4597,900,900,5139,3697,0.8509687034277198
36-50-125,optimized,2025-08-18,technical,8,12,1369,4572,880,880,5061,3692,0.851876788419458
36-50-125,optimized,2025-08-18,privacy,2,1,165,414,105,105,474,309,0.8186528497409327
36-50-125,optimized,2025-08-25,billing,8,5,1489,5139,900,900,5728,4239,0.864212432106216
36-50-125,optimized,2025-08-25,technical,8,12,1275,5061,880,880,5456,4181,0.8611111111111112
36-50-125,optimized,2025-08-25,privacy,2,1,130,474,105,105,499,369,0.8261589403973509
36-50-125,optimized,2025-09-01,billing,8,6,1465,5728,960,960,6233,4768,0.8665369108855832
36-50-125,optimized,2025-09-01,technical,8,11,1258,5456,840,840,5874,4616,0.8748882931188561
36-50-125,optimized,2025-09-01,privacy,2,1,106,499,105,105,500,394,0.8264462809917356
36-50-125,optimized,2025-09-08,billing,8,6,1506,6233,960,960,6779,5273,0.8759529654994185
36-50-125,optimized,2025-09-08,technical,8,12,1327,5874,880,880,6321,4994,0.8777947507290654
36-50-125,optimized,2025-09-08,privacy,2,0,114,500,75,75,539,425,0.8778501628664495
36-50-125,hindsight,2025-06-23,billing,8,4,1510,0,840,840,670,0,0.44370860927152317
36-50-125,hindsight,2025-06-23,technical,8,13,1591,0,920,920,671,0,0.4217473287240729
36-50-125,hindsight,2025-06-23,privacy,2,1,152,0,105,105,47,0,0.3092105263157895
36-50-125,hindsight,2025-06-30,billing,8,5,1238,670,900,900,1008,0,0.5283018867924528
36-50-125,hindsight,2025-06-30,technical,8,13,1356,671,920,920,1107,0,0.5461272816970892
36-50-125,hindsight,2025-06-30,privacy,2,0,123,47,75,75,95,0,0.5588235294117647
36-50-125,hindsight,2025-07-07,billing,8,5,1572,1008,900,900,1680,108,0.6511627906976745
36-50-125,hindsight,2025-07-07,technical,8,12,1490,1107,880,880,1717,227,0.6611474778590681
36-50-125,hindsight,2025-07-07,privacy,2,1,128,95,105,105,118,0,0.5291479820627802
36-50-125,hindsight,2025-07-14,billing,8,5,1393,1680,900,900,2173,780,0.707126586397657
36-50-125,hindsight,2025-07-14,technical,8,13,1449,1717,920,920,2246,797,0.7094125078963992
36-50-125,hindsight,2025-07-14,privacy,2,0,134,118,75,75,177,43,0.7023809523809523
36-50-125,hindsight,2025-07-21,billing,8,5,1441,2173,900,900,2714,1273,0.7509684560044272
36-50-125,hindsight,2025-07-21,technical,8,12,1416,2246,880,880,2782,1366,0.7596941561987984
36-50-125,hindsight,2025-07-21,privacy,2,1,146,177,105,105,218,72,0.6749226006191951
36-50-125,hindsight,2025-07-28,billing,8,5,1549,2714,900,900,3363,1814,0.788881069669247
36-50-125,hindsight,2025-07-28,technical,8,12,1452,2782,880,880,3354,1902,0.7921587151629664
36-50-125,hindsight,2025-07-28,privacy,2,1,158,218,105,105,271,113,0.7207446808510638
36-50-125,hindsight,2025-08-04,billing,8,5,1592,3363,900,900,4055,2463,0.8183652875882946
36-50-125,hindsight,2025-08-04,technical,8,12,1516,3354,880,880,3990,2474,0.8193018480492813
36-50-125,hindsight,2025-08-04,privacy,2,1,172,271,105,105,338,166,0.7629796839729119
36-50-125,hindsight,2025-08-11,billing,8,5,1442,4055,900,900,4597,3155,0.8362743314535201
36-50-125,hindsight,2025-08-11,technical,8,12,1502,3990,880,880,4612,3110,0.8397669337217771
36-50-125,hindsight,2025-08-11,privacy,2,1,151,338,105,105,384,233,0.7852760736196319
36-50-125,hindsight,2025-08-18,billing,8,5,1442,4597,900,900,5139,3697,0.8509687034277198
36-50-125,hindsight,2025-08-18,technical,8,12,1369,4612,880,880,5101,3732,0.8528674134760074
36-50-125,hindsight,2025-08-18,privacy,2,1,165,384,105,105,444,279,0.8087431693989071
36-50-125,hindsight,2025-08-25,billing,8,5,1489,5139,900,900,5728,4239,0.864212432106216
36-50-125,hindsight,2025-08-25,technical,8,12,1275,5101,880,880,5496,4221,0.8619824341279799
36-50-125,hindsight,2025-08-25,privacy,2,1,130,444,105,105,469,339,0.8170731707317073
36-50-125,hindsight,2025-09-01,billing,8,6,1465,5728,960,960,6233,4768,0.8665369108855832
36-50-125,hindsight,2025-09-01,technical,8,12,1258,5496,880,880,5874,4616,0.8697068403908795
36-50-125,hindsight,2025-09-01,privacy,2,0,106,469,75,75,500,394,0.8695652173913043
36-50-125,hindsight,2025-09-08,billing,8,6,1506,6233,960,960,6779,5273,0.8759529654994185
36-50-125,hindsight,2025-09-08,technical,8,12,1327,5874,880,880,6321,4994,0.8777947507290654
36-50-125,hindsight,2025-09-08,privacy,2,0,114,500,75,75,539,425,0.8778501628664495
36-100-75,fixed,2025-06-23,billing,0,14,1510,0,504,504,1006,0,0.6662251655629139
36-100-75,fixed,2025-06-23,technical,0,19,1591,0,456,456,1135,0,0.7133878064110623
36-100-75,fixed,2025-06-23,privacy,0,3,152,0,54,54,98,0,0.6447368421052632
36-100-75,fixed,2025-06-30,billing,0,14,1238,1006,504,504,1740,502,0.7754010695187166
36-100-75,fixed,2025-06-30,technical,0,19,1356,1135,456,456,2035,679,0.8169409875551987
36-100-75,fixed,2025-06-30,privacy,0,3,123,98,54,54,167,44,0.755656108597285
36-100-75,fixed,2025-07-07,billing,0,14,1572,1740,504,504,2808,1236,0.8478260869565217
36-100-75,fixed,2025-07-07,technical,0,19,1490,2035,456,456,3069,1579,0.8706382978723404
36-100-75,fixed,2025-07-07,privacy,0,3,128,167,54,54,241,113,0.8169491525423729
36-100-75,fixed,2025-07-14,billing,0,14,1393,2808,504,504,3697,2304,0.8800285646274697
36-100-75,fixed,2025-07-14,technical,0,19,1449,3069,456,456,4062,2613,0.899070385126162
36-100-75,fixed,2025-07-14,privacy,0,3,134,241,54,54,321,187,0.856
36-100-75,fixed,2025-07-21,billing,0,14,1441,3697,504,504,4634,3193,0.9019073569482289
36-100-75,fixed,2025-07-21,technical,0,19,1416,4062,456,456,5022,3606,0.9167579408543264
36-100-75,fixed,2025-07-21,privacy,0,3,146,321,54,54,413,267,0.8843683083511777
36-100-75,fixed,2025-07-28,billing,0,14,1549,4634,504,504,5679,4130,0.9184861717612809
36-100-75,fixed,2025-07-28,technical,0,19,1452,5022,456,456,6018,4566,0.9295644114921223
36-100-75,fixed,2025-07-28,privacy,0,3,158,413,54,54,517,359,0.9054290718038529
36-100-75,fixed,2025-08-04,billing,0,14,1592,5679,504,504,6767,5175,0.9306835373401183
36-100-75,fixed,2025-08-04,technical,0,19,1516,6018,456,456,7078,5562,0.9394743827979825
36-100-75,fixed,2025-08-04,privacy,0,3,172,517,54,54,635,463,0.9216255442670537
36-100-75,fixed,2025-08-11,billing,0,14,1442,6767,504,504,7705,6263,0.9386039712510659
36-100-75,fixed,2025-08-11,technical,0,19,1502,7078,456,456,8124,6622,0.9468531468531468
36-100-75,fixed,2025-08-11,privacy,0,3,151,635,54,54,732,581,0.9312977099236641
36-100-75,fixed,2025-08-18,billing,0,14,1442,7705,504,504,8643,7201,0.9448999672023615
36-100-75,fixed,2025-08-18,technical,0,19,1369,8124,456,456,9037,7668,0.9519646054987886
36-100-75,fixed,2025-08-18,privacy,0,3,165,732,54,54,843,678,0.939799331103679
36-100-75,fixed,2025-08-25,billing,0,14,1489,8643,504,504,9628,8139,0.950256612712199
36-100-75,fixed,2025-08-25,technical,0,19,1275,9037,456,456,9856,8581,0.9557796741660202
36-100-75,fixed,2025-08-25,privacy,0,3,130,843,54,54,919,789,0.9445015416238438
36-100-75,fixed,2025-09-01,billing,0,14,1465,9628,504,504,10589,9124,0.9545659424862526
36-100-75,fixed,2025-09-01,technical,0,19,1258,9856,456,456,10658,9400,0.9589706676264171
36-100-75,fixed,2025-09-01,privacy,0,3,106,919,54,54,971,865,0.9473170731707317
36-100-75,fixed,2025-09-08,billing,0,14,1506,10589,504,504,11591,10085,0.9583298883836296
36-100-75,fixed,2025-09-08,technical,0,19,1327,10658,456,456,11529,10202,0.9619524405506884
36-100-75,fixed,2025-09-08,privacy,0,3,114,971,54,54,1031,917,0.9502304147465438
36-100-75,adaptive,2025-06-23,billing,0,12,1510,0,432,432,1078,0,0.713907284768212
36-100-75,adaptive,2025-06-23,technical,0,21,1591,0,504,504,1087,0,0.683218101822753
36-100-75,adaptive,2025-06-23,privacy,0,3,152,0,54,54,98,0,0.6447368421052632
36-100-75,adaptive,2025-06-30,billing,0,13,1238,1078,468,468,1848,610,0.7979274611398963
36-100-75,adaptive,2025-06-30,technical,0,20,1356,1087,480,480,1963,607,0.803520261972984
36-100-75,adaptive,2025-06-30,privacy,0,3,123,98,54,54,167,44,0.755656108597285
36-100-75,adaptive,2025-07-07,billing,0,13,1572,1848,468,468,2952,1380,0.8631578947368421
36-100-75,adaptive,2025-07-07,technical,0,21,1490,1963,504,504,2949,1459,0.8540399652476107
36-100-75,adaptive,2025-07-07,privacy,0,2,128,167,36,36,259,131,0.8779661016949153
36-100-75,adaptive,2025-07-14,billing,0,14,1393,2952,504,504,3841,2448,0.8840046029919447
36-100-75,adaptive,2025-07-14,technical,0,20,1449,2949,480,480,3918,2469,0.8908594815825375
36-100-75,adaptive,2025-07-14,privacy,0,2,134,259,36,36,357,223,0.9083969465648855
36-100-75,adaptive,2025-07-21,billing,0,13,1441,3841,468,468,4814,3373,0.9113971980310488
36-100-75,adaptive,2025-07-21,technical,0,20,1416,3918,480,480,4854,3438,0.9100112485939258
36-100-75,adaptive,2025-07-21,privacy,0,3,146,357,54,54,449,303,0.8926441351888668
36-100-75,adaptive,2025-07-28,billing,0,13,1549,4814,468,468,5895,4346,0.9264497878359265
36-100-75,adaptive,2025-07-28,technical,0,20,1452,4854,480,480,5826,4374,0.9238820171265462
36-100-75,adaptive,2025-07-28,privacy,0,3,158,449,54,54,553,395,0.9110378912685337
36-100-75,adaptive,2025-08-04,billing,0,13,1592,5895,468,468,7019,5427,0.9374916521971417
36-100-75,adaptive,2025-08-04,technical,0,20,1516,5826,480,480,6862,5346,0.9346227186052847
36-100-75,adaptive,2025-08-04,privacy,0,3,172,553,54,54,671,499,0.9255172413793104
36-100-75,adaptive,2025-08-11,billing,0,13,1442,7019,468,468,7993,6551,0.9446873891974944
36-100-75,adaptive,2025-08-11,technical,0,20,1502,6862,480,480,7884,6382,0.9426111908177905
36-100-75,adaptive,2025-08-11,privacy,0,3,151,671,54,54,768,617,0.9343065693430657
36-100-75,adaptive,2025-08-18,billing,0,13,1442,7993,468,468,8967,7525,0.9503974562798092
36-100-75,adaptive,2025-08-18,technical,0,20,1369,7884,480,480,8773,7404,0.9481249324543392
36-100-75,adaptive,2025-08-18,privacy,0,3,165,768,54,54,879,714,0.9421221864951769
36-100-75,adaptive,2025-08-25,billing,0,13,1489,8967,468,468,9988,8499,0.9552410099464422
36-100-75,adaptive,2025-08-25,technical,0,20,1275,8773,480,480,9568,8293,0.9522292993630573
36-100-75,adaptive,2025-08-25,privacy,0,3,130,879,54,54,955,825,0.9464816650148662
36-100-75,adaptive,2025-09-01,billing,0,14,1465,9988,504,504,10949,9484,0.955994062690998
36-100-75,adaptive,2025-09-01,technical,0,19,1258,9568,456,456,10370,9112,0.9578791797524479
36-100-75,adaptive,2025-09-01,privacy,0,3,106,955,54,54,1007,901,0.9491046182846371
36-100-75,adaptive,2025-09-08,billing,0,14,1506,10949,504,504,11951,10445,0.9595343235648334
36-100-75,adaptive,2025-09-08,technical,0,20,1327,10370,480,480,11217,9890,0.9589638368812516
36-100-75,adaptive,2025-09-08,privacy,0,2,114,1007,36,36,1085,971,0.967885816235504
36-100-75,optimized,2025-06-23,billing,0,13,1510,0,468,468,1042,0,0.6900662251655629
36-100-75,optimized,2025-06-23,technical,0,20,1591,0,480,480,1111,0,0.6983029541169076
36-100-75,optimized,2025-06-23,privacy,0,3,152,0,54,54,98,0,0.6447368421052632
36-100-75,optimized,2025-06-30,billing,0,13,1238,1042,468,468,1812,574,0.7947368421052632
36-100-75,optimized,2025-06-30,technical,0,20,1356,1111,480,480,1987,631,0.8054316984191325
36-100-75,optimized,2025-06-30,privacy,0,3,123,98,54,54,167,44,0.755656108597285
36-100-75,optimized,2025-07-07,billing,0,13,1572,1812,468,468,2916,1344,0.8617021276595744
36-100-75,optimized,2025-07-07,technical,0,20,1490,1987,480,480,2997,1507,0.8619499568593615
36-100-75,optimized,2025-07-07,privacy,0,3,128,167,54,54,241,113,0.8169491525423729
36-100-75,optimized,2025-07-14,billing,0,13,1393,2916,468,468,3841,2448,0.8913901137154793
36-100-75,optimized,2025-07-14,technical,0,20,1449,2997,480,480,3966,2517,0.8920377867746289
36-100-75,optimized,2025-07-14,privacy,0,3,134,241,54,54,321,187,0.856
36-100-75,optimized,2025-07-21,billing,0,13,1441,3841,468,468,4814,3373,0.9113971980310488
36-100-75,optimized,2025-07-21,technical,0,20,1416,3966,480,480,4902,3486,0.9108138238573021
36-100-75,optimized,2025-07-21,privacy,0,3,146,321,54,54,413,267,0.8843683083511777
36-100-75,optimized,2025-07-28,billing,0,13,1549,4814,468,468,5895,4346,0.9264497878359265
36-100-75,optimized,2025-07-28,technical,0,20,1452,4902,480,480,5874,4422,0.9244570349386213
36-100-75,optimized,2025-07-28,privacy,0,3,158,413,54,54,517,359,0.9054290718038529
36-100-75,optimized,2025-08-04,billing,0,13,1592,5895,468,468,7019,5427,0.9374916521971417
36-100-75,optimized,2025-08-04,technical,0,20,1516,5874,480,480,6910,5394,0.9350473612990527
36-100-75,optimized,2025-08-04,privacy,0,3,172,517,54,54,635,463,0.9216255442670537
36-100-75,optimized,2025-08-11,billing,0,13,1442,7019,468,468,7993,6551,0.9446873891974944
36-100-75,optimized,2025-08-11,technical,0,20,1502,6910,480,480,7932,6430,0.9429386590584878
36-100-75,optimized,2025-08-11,privacy,0,3,151,635,54,54,732,581,0.9312977099236641
36-100-75,optimized,2025-08-18,billing,0,13,1442,7993,468,468,8967,7525,0.9503974562798092
36-100-75,optimized,2025-08-18,technical,0,20,1369,7932,480,480,8821,7452,0.9483926459520482
36-100-75,optimized,2025-08-18,privacy,0,3,165,732,54,54,843,678,0.939799331103679
36-100-75,optimized,2025-08-25,billing,0,13,1489,8967,468,468,9988,8499,0.9552410099464422
36-100-75,optimized,2025-08-25,technical,0,20,1275,8821,480,480,9616,8341,0.9524564183835182
36-100-75,optimized,2025-08-25,privacy,0,3,130,843,54,54,919,789,0.9445015416238438
36-100-75,optimized,2025-09-01,billing,0,14,1465,9988,504,504,10949,9484,0.955994062690998
36-100-75,optimized,2025-09-01,technical,0,19,1258,9616,456,456,10418,9160,0.9580651094353504
36-100-75,optimized,2025-09-01,privacy,0,3,106,919,54,54,971,865,0.9473170731707317
36-100-75,optimized,2025-09-08,billing,0,14,1506,10949,504,504,11951,10445,0.9595343235648334
36-100-75,optimized,2025-09-08,technical,0,19,1327,10418,456,456,11289,9962,0.9611749680715198
36-100-75,optimized,2025-09-08,privacy,0,3,114,971,54,54,1031,917,0.9502304147465438
36-100-75,hindsight,2025-06-23,billing,0,13,1510,0,468,468,1042,0,0.6900662251655629
36-100-75,hindsight,2025-06-23,technical,0,20,1591,0,480,480,1111,0,0.6983029541169076
36-100-75,hindsight,2025-06-23,privacy,0,3,152,0,54,54,98,0,0.6447368421052632
36-100-75,hindsight,2025-06-30,billing,0,13,1238,1042,468,468,1812,574,0.7947368421052632
36-100-75,hindsight,2025-06-30,technical,0,20,1356,1111,480,480,1987,631,0.8054316984191325
36-100-75,hindsight,2025-06-30,privacy,0,3,123,98,54,54,167,44,0.755656108597285
36-100-75,hindsight,2025-07-07,billing,0,13,1572,1812,468,468,2916,1344,0.8617021276595744
36-100-75,hindsight,2025-07-07,technical,0,20,1490,1987,480,480,2997,1507,0.8619499568593615
36-100-75,hindsight,2025-07-07,privacy,0,3,128,167,54,54,241,113,0.8169491525423729
36-100-75,hindsight,2025-07-14,billing,0,13,1393,2916,468,468,3841,2448,0.8913901137154793
36-100-75,hindsight,2025-07-14,technical,0,20,1449,2997,480,480,3966,2517,0.8920377867746289
36-100-75,hindsight,2025-07-14,privacy,0,3,134,241,54,54,321,187,0.856
36-100-75,hindsight,2025-07-21,billing,0,13,1441,3841,468,468,4814,3373,0.9113971980310488
36-100-75,hindsight,2025-07-21,technical,0,20,1416,3966,480,480,4902,3486,0.9108138238573021
36-100-75,hindsight,2025-07-21,privacy,0,3,146,321,54,54,413,267,0.8843683083511777
36-100-75,hindsight,2025-07-28,billing,0,13,1549,4814,468,468,5895,4346,0.9264497878359265
36-100-75,hindsight,2025-07-28,technical,0,20,1452,4902,480,480,5874,4422,0.9244570349386213
36-100-75,hindsight,2025-07-28,privacy,0,3,158,413,54,54,517,359,0.9054290718038529
36-100-75,hindsight,2025-08-04,billing,0,13,1592,5895,468,468,7019,5427,0.9374916521971417
36-100-75,hindsight,2025-08-04,technical,0,20,1516,5874,480,480,6910,5394,0.9350473612990527
36-100-75,hindsight,2025-08-04,privacy,0,3,172,517,54,54,635,463,0.9216255442670537
36-100-75,hindsight,2025-08-11,billing,0,13,1442,7019,468,468,7993,6551,0.9446873891974944
36-100-75,hindsight,2025-08-11,technical,0,20,1502,6910,480,480,7932,6430,0.9429386590584878
36-100-75,hindsight,2025-08-11,privacy,0,3,151,635,54,54,732,581,0.9312977099236641
36-100-75,hindsight,2025-08-18,billing,0,13,1442,7993,468,468,8967,7525,0.9503974562798092
36-100-75,hindsight,2025-08-18,technical,0,20,1369,7932,480,480,8821,7452,0.9483926459520482
36-100-75,hindsight,2025-08-18,privacy,0,3,165,732,54,54,843,678,0.939799331103679
36-100-75,hindsight,2025-08-25,billing,0,14,1489,8967,504,504,9952,8463,0.9517980107115531
36-100-75,hindsight,2025-08-25,technical,0,19,1275,8821,456,456,9640,8365,0.9548335974643423
36-100-75,hindsight,2025-08-25,privacy,0,3,130,843,54,54,919,789,0.9445015416238438
36-100-75,hindsight,2025-09-01,billing,0,14,1465,9952,504,504,10913,9448,0.9558553034947884
36-100-75,hindsight,2025-09-01,technical,0,19,1258,9640,456,456,10442,9184,0.9581574600844192
36-100-75,hindsight,2025-09-01,privacy,0,3,106,919,54,54,971,865,0.9473170731707317
36-100-75,hindsight,2025-09-08,billing,0,14,1506,10913,504,504,11915,10409,0.9594170223045334
36-100-75,hindsight,2025-09-08,technical,0,19,1327,10442,456,456,11313,9986,0.9612541422380831
36-100-75,hindsight,2025-09-08,privacy,0,3,114,971,54,54,1031,917,0.9502304147465438
36-100-100,fixed,2025-06-23,billing,0,14,1510,0,672,672,838,0,0.5549668874172186
36-100-100,fixed,2025-06-23,technical,0,19,1591,0,608,608,983,0,0.6178504085480829
36-100-100,fixed,2025-06-23,privacy,0,3,152,0,72,72,80,0,0.5263157894736842
36-100-100,fixed,2025-06-30,billing,0,14,1238,838,672,672,1404,166,0.6763005780346821
36-100-100,fixed,2025-06-30,technical,0,19,1356,983,608,608,1731,375,0.7400598546387345
36-100-100,fixed,2025-06-30,privacy,0,3,123,80,72,72,131,8,0.645320197044335
36-100-100,fixed,2025-07-07,billing,0,14,1572,1404,672,672,2304,732,0.7741935483870968
36-100-100,fixed,2025-07-07,technical,0,19,1490,1731,608,608,2613,1123,0.8112387457311394
36-100-100,fixed,2025-07-07,privacy,0,3,128,131,72,72,187,59,0.722007722007722
36-100-100,fixed,2025-07-14,billing,0,14,1393,2304,672,672,3025,1632,0.8182309981065728
36-100-100,fixed,2025-07-14,technical,0,19,1449,2613,608,608,3454,2005,0.8503200393894633
36-100-100,fixed,2025-07-14,privacy,0,3,134,187,72,72,249,115,0.7757009345794392
36-100-100,fixed,2025-07-21,billing,0,14,1441,3025,672,672,3794,2353,0.8495297805642633
36-100-100,fixed,2025-07-21,technical,0,19,1416,3454,608,608,4262,2846,0.8751540041067761
36-100-100,fixed,2025-07-21,privacy,0,3,146,249,72,72,323,177,0.8177215189873418
36-100-100,fixed,2025-07-28,billing,0,14,1549,3794,672,672,4671,3122,0.8742279618192027
36-100-100,fixed,2025-07-28,technical,0,19,1452,4262,608,608,5106,3654,0.8935946797339867
36-100-100,fixed,2025-07-28,privacy,0,3,158,323,72,72,409,251,0.8503118503118503
36-100-100,fixed,2025-08-04,billing,0,14,1592,4671,672,672,5591,3999,0.8927031773910267
36-100-100,fixed,2025-08-04,technical,0,19,1516,5106,608,608,6014,4498,0.9081848384173966
36-100-100,fixed,2025-08-04,privacy,0,3,172,409,72,72,509,337,0.8760757314974182
36-100-100,fixed,2025-08-11,billing,0,14,1442,5591,672,672,6361,4919,0.9044504478885256
36-100-100,fixed,2025-08-11,technical,0,19,1502,6014,608,608,6908,5406,0.9191059073975519
36-100-100,fixed,2025-08-11,privacy,0,3,151,509,72,72,588,437,0.8909090909090909
36-100-100,fixed,2025-08-18,billing,0,14,1442,6361,672,672,7131,5689,0.9138792772010765
36-100-100,fixed,2025-08-18,technical,0,19,1369,6908,608,608,7669,6300,0.9265434336112118
36-100-100,fixed,2025-08-18,privacy,0,3,165,588,72,72,681,516,0.9043824701195219
36-100-100,fixed,2025-08-25,billing,0,14,1489,7131,672,672,7948,6459,0.9220417633410672
36-100-100,fixed,2025-08-25,technical,0,19,1275,7669,608,608,8336,7061,0.9320214669051878
36-100-100,fixed,2025-08-25,privacy,0,3,130,681,72,72,739,609,0.9112207151664612
36-100-100,fixed,2025-09-01,billing,0,14,1465,7948,672,672,8741,7276,0.9286093700201848
36-100-100,fixed,2025-09-01,technical,0,19,1258,8336,608,608,8986,7728,0.9366270585782781
36-100-100,fixed,2025-09-01,privacy,0,3,106,739,72,72,773,667,0.914792899408284
36-100-100,fixed,2025-09-08,billing,0,14,1506,8741,672,672,9575,8069,0.9344198301942032
36-100-100,fixed,2025-09-08,technical,0,19,1327,8986,608,608,9705,8378,0.9410452826529623
36-100-100,fixed,2025-09-08,privacy,0,3,114,773,72,72,815,701,0.9188275084554679
36-100-100,adaptive,2025-06-23,billing,0,12,1510,0,576,576,934,0,0.6185430463576159
36-100-100,adaptive,2025-06-23,technical,0,21,1591,0,672,672,919,0,0.5776241357636707
36-100-100,adaptive,2025-06-23,privacy,0,3,152,0,72,72,80,0,0.5263157894736842
36-100-100,adaptive,2025-06-30,billing,0,13,1238,934,624,624,1548,310,0.712707182320442
36-100-100,adaptive,2025-06-30,technical,0,20,1356,919,640,640,1635,279,0.7186813186813187
36-100-100,adaptive,2025-06-30,privacy,0,3,123,80,72,72,131,8,0.645320197044335
36-100-100,adaptive,2025-07-07,billing,0,13,1572,1548,624,624,2496,924,0.8
36-100-100,adaptive,2025-07-07,technical,0,21,1490,1635,672,672,2453,963,0.78496
36-100-100,adaptive,2025-07-07,privacy,0,2,128,131,48,48,211,83,0.8146718146718147
36-100-100,adaptive,2025-07-14,billing,0,14,1393,2496,672,672,3217,1824,0.8272049370018
36-100-100,adaptive,2025-07-14,technical,0,20,1449,2453,640,640,3262,1813,0.8359815479241415
36-100-100,adaptive,2025-07-14,privacy,0,2,134,211,48,48,297,163,0.8608695652173913
36-100-100,adaptive,2025-07-21,billing,0,13,1441,3217,624,624,4034,2593,0.8660369257191928
36-100-100,adaptive,2025-07-21,technical,0,20,1416,3262,640,640,4038,2622,0.8631893971782814
36-100-100,adaptive,2025-07-21,privacy,0,3,146,297,72,72,371,225,0.837471783295711
36-100-100,adaptive,2025-07-28,billing,0,13,1549,4034,624,624,4959,3410,0.8882321332616873
36-100-100,adaptive,2025-07-28,technical,0,20,1452,4038,640,640,4850,3398,0.8834244080145719
36-100-100,adaptive,2025-07-28,privacy,0,3,158,371,72,72,457,299,0.8638941398865785
36-100-100,adaptive,2025-08-04,billing,0,14,1592,4959,672,672,5879,4287,0.897420241184552
36-100-100,adaptive,2025-08-04,technical,0,20,1516,4850,640,640,5726,4210,0.8994659126610116
36-100-100,adaptive,2025-08-04,privacy,0,2,172,457,48,48,581,409,0.9236883942766295
36-100-100,adaptive,2025-08-11,billing,0,13,1442,5879,624,624,6697,5255,0.9147657423849201
36-100-100,adaptive,2025-08-11,technical,0,20,1502,5726,640,640,6588,5086,0.9114554510237963
36-100-100,adaptive,2025-08-11,privacy,0,3,151,581,72,72,660,509,0.9016393442622951
36-100-100,adaptive,2025-08-18,billing,0,13,1442,6697,624,624,7515,6073,0.9233321046811648
36-100-100,adaptive,2025-08-18,technical,0,20,1369,6588,640,640,7317,5948,0.919567676259897
36-100-100,adaptive,2025-08-18,privacy,0,3,165,660,72,72,753,588,0.9127272727272727
36-100-100,adaptive,2025-08-25,billing,0,13,1489,7515,624,624,8380,6891,0.9306974677920924
36-100-100,adaptive,2025-08-25,technical,0,20,1275,7317,640,640,7952,6677,0.925512104283054
36-100-100,adaptive,2025-08-25,privacy,0,3,130,753,72,72,811,681,0.9184597961494904
36-100-100,adaptive,2025-09-01,billing,0,14,1465,8380,672,672,9173,7708,0.931742001015744
36-100-100,adaptive,2025-09-01,technical,0,19,1258,7952,608,608,8602,7344,0.9339847991313789
36-100-100,adaptive,2025-09-01,privacy,0,3,106,811,72,72,845,739,0.9214830970556162
36-100-100,adaptive,2025-09-08,billing,0,14,1506,9173,672,672,10007,8501,0.9370727596216875
36-100-100,adaptive,2025-09-08,technical,0,19,1327,8602,608,608,9321,7994,0.9387652331554034
36-100-100,adaptive,2025-09-08,privacy,0,3,114,845,72,72,887,773,0.9249217935349322
36-100-100,optimized,2025-06-23,billing,0,13,1510,0,624,624,886,0,0.5867549668874172
36-100-100,optimized,2025-06-23,technical,0,20,1591,0,640,640,951,0,0.5977372721558768
36-100-100,optimized,2025-06-23,privacy,0,3,152,0,72,72,80,0,0.5263157894736842
36-100-100,optimized,2025-06-30,billing,0,13,1238,886,624,624,1500,262,0.7062146892655368
36-100-100,optimized,2025-06-30,technical,0,20,1356,951,640,640,1667,311,0.7225834416991764
36-100-100,optimized,2025-06-30,privacy,0,3,123,80,72,72,131,8,0.645320197044335
36-100-100,optimized,2025-07-07,billing,0,13,1572,1500,624,624,2448,876,0.796875
36-100-100,optimized,2025-07-07,technical,0,20,1490,1667,640,640,2517,1027,0.7972758948368704
36-100-100,optimized,2025-07-07,privacy,0,3,128,131,72,72,187,59,0.722007722007722
36-100-100,optimized,2025-07-14,billing,0,13,1393,2448,624,624,3217,1824,0.8375423066909659
36-100-100,optimized,2025-07-14,technical,0,20,1449,2517,640,640,3326,1877,0.8386283408976298
36-100-100,optimized,2025-07-14,privacy,0,3,134,187,72,72,249,115,0.7757009345794392
36-100-100,optimized,2025-07-21,billing,0,13,1441,3217,624,624,4034,2593,0.8660369257191928
36-100-100,optimized,2025-07-21,technical,0,20,1416,3326,640,640,4102,2686,0.8650358498523829
36-100-100,optimized,2025-07-21,privacy,0,3,146,249,72,72,323,177,0.8177215189873418
36-100-100,optimized,2025-07-28,billing,0,13,1549,4034,624,624,4959,3410,0.8882321332616873
36-100-100,optimized,2025-07-28,technical,0,20,1452,4102,640,640,4914,3462,0.8847677349657904
36-100-100,optimized,2025-07-28,privacy,0,3,158,323,72,72,409,251,0.8503118503118503
36-100-100,optimized,2025-08-04,billing,0,13,1592,4959,624,624,5927,4335,0.9047473668142268
36-100-100,optimized,2025-08-04,technical,0,20,1516,4914,640,640,5790,4274,0.9004665629860031
36-100-100,optimized,2025-08-04,privacy,0,3,172,409,72,72,509,337,0.8760757314974182
36-100-100,optimized,2025-08-11,billing,0,14,1442,5927,672,672,6697,5255,0.9088071651513095
36-100-100,optimized,2025-08-11,technical,0,19,1502,5790,608,608,6684,5182,0.9166209544706527
36-100-100,optimized,2025-08-11,privacy,0,3,151,509,72,72,588,437,0.8909090909090909
36-100-100,optimized,2025-08-18,billing,0,13,1442,6697,624,624,7515,6073,0.9233321046811648
36-100-100,optimized,2025-08-18,technical,0,20,1369,6684,640,640,7413,6044,0.9205265118589345
36-100-100,optimized,2025-08-18,privacy,0,3,165,588,72,72,681,516,0.9043824701195219
36-100-100,optimized,2025-08-25,billing,0,13,1489,7515,624,624,8380,6891,0.9306974677920924
36-100-100,optimized,2025-08-25,technical,0,20,1275,7413,640,640,8048,6773,0.9263351749539595
36-100-100,optimized,2025-08-25,privacy,0,3,130,681,72,72,739,609,0.9112207151664612
36-100-100,optimized,2025-09-01,billing,0,14,1465,8380,672,672,9173,7708,0.931742001015744
36-100-100,optimized,2025-09-01,technical,0,19,1258,8048,608,608,8698,7440,0.9346658070062326
36-100-100,optimized,2025-09-01,privacy,0,3,106,739,72,72,773,667,0.914792899408284
36-100-100,optimized,2025-09-08,billing,0,14,1506,9173,672,672,10007,8501,0.9370727596216875
36-100-100,optimized,2025-09-08,technical,0,19,1327,8698,608,608,9417,8090,0.9393516209476309
36-100-100,optimized,2025-09-08,privacy,0,3,114,773,72,72,815,701,0.9188275084554679
36-100-100,hindsight,2025-06-23,billing,0,13,1510,0,624,624,886,0,0.5867549668874172
36-100-100,hindsight,2025-06-23,technical,0,20,1591,0,640,640,951,0,0.5977372721558768
36-100-100,hindsight,2025-06-23,privacy,0,3,152,0,72,72,80,0,0.5263157894736842
36-100-100,hindsight,2025-06-30,billing,0,13,1238,886,624,624,1500,262,0.7062146892655368
36-100-100,hindsight,2025-06-30,technical,0,20,1356,951,640,640,1667,311,0.7225834416991764
36-100-100,hindsight,2025-06-30,privacy,0,3,123,80,72,72,131,8,0.645320197044335
36-100-100,hindsight,2025-07-07,billing,0,13,1572,1500,624,624,2448,876,0.796875
36-100-100,hindsight,2025-07-07,technical,0,20,1490,1667,640,640,2517,1027,0.7972758948368704
36-100-100,hindsight,2025-07-07,privacy,0,3,128,131,72,72,187,59,0.722007722007722
36-100-100,hindsight,2025-07-14,billing,0,13,1393,2448,624,624,3217,1824,0.8375423066909659
36-100-100,hindsight,2025-07-14,technical,0,20,1449,2517,640,640,3326,1877,0.8386283408976298
36-100-100,hindsight,2025-07-14,privacy,0,3,134,187,72,72,249,115,0.7757009345794392
36-100-100,hindsight,2025-07-21,billing,0,13,1441,3217,624,624,4034,2593,0.8660369257191928
36-100-100,hindsight,2025-07-21,technical,0,20,1416,3326,640,640,4102,2686,0.8650358498523829
36-100-100,hindsight,2025-07-21,privacy,0,3,146,249,72,72,323,177,0.8177215189873418
36-100-100,hindsight,2025-07-28,billing,0,13,1549,4034,624,624,4959,3410,0.8882321332616873
36-100-100,hindsight,2025-07-28,technical,0,20,1452,4102,640,640,4914,3462,0.8847677349657904
36-100-100,hindsight,2025-07-28,privacy,0,3,158,323,72,72,409,251,0.8503118503118503
36-100-100,hindsight,2025-08-04,billing,0,13,1592,4959,624,624,5927,4335,0.9047473668142268
36-100-100,hindsight,2025-08-04,technical,0,20,1516,4914,640,640,5790,4274,0.9004665629860031
36-100-100,hindsight,2025-08-04,privacy,0,3,172,409,72,72,509,337,0.8760757314974182
36-100-100,hindsight,2025-08-11,billing,0,13,1442,5927,624,624,6745,5303,0.9153209390690732
36-100-100,hindsight,2025-08-11,technical,0,20,1502,5790,640,640,6652,5150,0.9122325836533187
36-100-100,hindsight,2025-08-11,privacy,0,3,151,509,72,72,588,437,0.8909090909090909
36-100-100,hindsight,2025-08-18,billing,0,13,1442,6745,624,624,7563,6121,0.9237816049835105
36-100-100,hindsight,2025-08-18,technical,0,20,1369,6652,640,640,7381,6012,0.9202094501932427
36-100-100,hindsight,2025-08-18,privacy,0,3,165,588,72,72,681,516,0.9043824701195219
36-100-100,hindsight,2025-08-25,billing,0,14,1489,7563,672,672,8380,6891,0.9257622624834291
36-100-100,hindsight,2025-08-25,technical,0,19,1275,7381,608,608,8048,6773,0.9297597042513863
36-100-100,hindsight,2025-08-25,privacy,0,3,130,681,72,72,739,609,0.9112207151664612
36-100-100,hindsight,2025-09-01,billing,0,14,1465,8380,672,672,9173,7708,0.931742001015744
36-100-100,hindsight,2025-09-01,technical,0,19,1258,8048,608,608,8698,7440,0.9346658070062326
36-100-100,hindsight,2025-09-01,privacy,0,3,106,739,72,72,773,667,0.914792899408284
36-100-100,hindsight,2025-09-08,billing,0,14,1506,9173,672,672,10007,8501,0.9370727596216875
36-100-100,hindsight,2025-09-08,technical,0,19,1327,8698,608,608,9417,8090,0.9393516209476309
36-100-100,hindsight,2025-09-08,privacy,0,3,114,773,72,72,815,701,0.9188275084554679
36-100-125,fixed,2025-06-23,billing,0,14,1510,0,840,840,670,0,0.44370860927152317
36-100-125,fixed,2025-06-23,technical,0,19,1591,0,760,760,831,0,0.5223130106851037
36-100-125,fixed,2025-06-23,privacy,0,3,152,0,90,90,62,0,0.40789473684210525
36-100-125,fixed,2025-06-30,billing,0,14,1238,670,840,840,1068,0,0.559748427672956
36-100-125,fixed,2025-06-30,technical,0,19,1356,831,760,760,1427,71,0.6524919981710106
36-100-125,fixed,2025-06-30,privacy,0,3,123,62,90,90,95,0,0.5135135135135135
36-100-125,fixed,2025-07-07,billing,0,14,1572,1068,840,840,1800,228,0.6818181818181818
36-100-125,fixed,2025-07-07,technical,0,19,1490,1427,760,760,2157,667,0.7394583476174151
36-100-125,fixed,2025-07-07,privacy,0,3,128,95,90,90,133,5,0.5964125560538116
36-100-125,fixed,2025-07-14,billing,0,14,1393,1800,840,840,2353,960,0.7369245223927341
36-100-125,fixed,2025-07-14,technical,0,19,1449,2157,760,760,2846,1397,0.7892401552967276
36-100-125,fixed,2025-07-14,privacy,0,3,134,133,90,90,177,43,0.6629213483146067
36-100-125,fixed,2025-07-21,billing,0,14,1441,2353,840,840,2954,1513,0.7785977859778598
36-100-125,fixed,2025-07-21,technical,0,19,1416,2846,760,760,3502,2086,0.8216799624589395
36-100-125,fixed,2025-07-21,privacy,0,3,146,177,90,90,233,87,0.7213622291021672
36-100-125,fixed,2025-07-28,billing,0,14,1549,2954,840,840,3663,2114,0.8134576948700866
36-100-125,fixed,2025-07-28,technical,0,19,1452,3502,760,760,4194,2742,0.8465886152603956
36-100-125,fixed,2025-07-28,privacy,0,3,158,233,90,90,301,143,0.7698209718670077
36-100-125,fixed,2025-08-04,billing,0,14,1592,3663,840,840,4415,2823,0.840152235965747
36-100-125,fixed,2025-08-04,technical,0,19,1516,4194,760,760,4950,3434,0.8669001751313485
36-100-125,fixed,2025-08-04,privacy,0,3,172,301,90,90,383,211,0.8097251585623678
36-100-125,fixed,2025-08-11,billing,0,14,1442,4415,840,840,5017,3575,0.8565818678504353
36-100-125,fixed,2025-08-11,technical,0,19,1502,4950,760,760,5692,4190,0.8822070675759455
36-100-125,fixed,2025-08-11,privacy,0,3,151,383,90,90,444,293,0.8314606741573034
36-100-125,fixed,2025-08-18,billing,0,14,1442,5017,840,840,5619,4177,0.8699489084997678
36-100-125,fixed,2025-08-18,technical,0,19,1369,5692,760,760,6301,4932,0.8923665203229004
36-100-125,fixed,2025-08-18,privacy,0,3,165,444,90,90,519,354,0.8522167487684729
36-100-125,fixed,2025-08-25,billing,0,14,1489,5619,840,840,6268,4779,0.8818232976927406
36-100-125,fixed,2025-08-25,technical,0,19,1275,6301,760,760,6816,5541,0.8996832101372756
36-100-125,fixed,2025-08-25,privacy,0,3,130,519,90,90,559,429,0.8613251155624037
36-100-125,fixed,2025-09-01,billing,0,14,1465,6268,840,840,6893,5428,0.8913746282167335
36-100-125,fixed,2025-09-01,technical,0,19,1258,6816,760,760,7314,6056,0.9058706960614318
36-100-125,fixed,2025-09-01,privacy,0,3,106,559,90,90,575,469,0.8646616541353384
36-100-125,fixed,2025-09-08,billing,0,14,1506,6893,840,840,7559,6053,0.8999880938206929
36-100-125,fixed,2025-09-08,technical,0,19,1327,7314,760,760,7881,6554,0.9120472167573197
36-100-125,fixed,2025-09-08,privacy,0,3,114,575,90,90,599,485,0.8693759071117562
36-100-125,adaptive,2025-06-23,billing,0,12,1510,0,720,720,790,0,0.5231788079470199
36-100-125,adaptive,2025-06-23,technical,0,21,1591,0,840,840,751,0,0.47203016970458833
36-100-125,adaptive,2025-06-23,privacy,0,3,152,0,90,90,62,0,0.40789473684210525
36-100-125,adaptive,2025-06-30,billing,0,13,1238,790,780,780,1248,10,0.6153846153846154
36-100-125,adaptive,2025-06-30,technical,0,20,1356,751,800,800,1307,0,0.6203132415757
36-100-125,adaptive,2025-06-30,privacy,0,3,123,62,90,90,95,0,0.5135135135135135
36-100-125,adaptive,2025-07-07,billing,0,13,1572,1248,780,780,2040,468,0.723404255319149
36-100-125,adaptive,2025-07-07,technical,0,21,1490,1307,840,840,1957,467,0.6996782266714336
36-100-125,adaptive,2025-07-07,privacy,0,2,128,95,60,60,163,35,0.7309417040358744
36-100-125,adaptive,2025-07-14,billing,0,14,1393,2040,840,840,2593,1200,0.7553160501019517
36-100-125,adaptive,2025-07-14,technical,0,20,1449,1957,800,800,2606,1157,0.7651203758073987
36-100-125,adaptive,2025-07-14,privacy,0,2,134,163,60,60,237,103,0.797979797979798
36-100-125,adaptive,2025-07-21,billing,0,13,1441,2593,780,780,3254,1813,0.8066435299950422
36-100-125,adaptive,2025-07-21,technical,0,20,1416,2606,800,800,3222,1806,0.8010939830929885
36-100-125,adaptive,2025-07-21,privacy,0,3,146,237,90,90,293,147,0.7650130548302873
36-100-125,adaptive,2025-07-28,billing,0,13,1549,3254,780,780,4023,2474,0.8376014990630856
36-100-125,adaptive,2025-07-28,technical,0,20,1452,3222,800,800,3874,2422,0.8288403936670946
36-100-125,adaptive,2025-07-28,privacy,0,3,158,293,90,90,361,203,0.8004434589800443
36-100-125,adaptive,2025-08-04,billing,0,14,1592,4023,840,840,4775,3183,0.8504007123775601
36-100-125,adaptive,2025-08-04,technical,0,20,1516,3874,800,800,4590,3074,0.8515769944341373
36-100-125,adaptive,2025-08-04,privacy,0,2,172,361,60,60,473,301,0.8874296435272045
36-100-125,adaptive,2025-08-11,billing,0,14,1442,4775,840,840,5377,3935,0.8648866012546245
36-100-125,adaptive,2025-08-11,technical,0,19,1502,4590,760,760,5332,3830,0.8752462245567958
36-100-125,adaptive,2025-08-11,privacy,0,3,151,473,90,90,534,383,0.8557692307692307
36-100-125,adaptive,2025-08-18,billing,0,13,1442,5377,780,780,6039,4597,0.8856137263528376
36-100-125,adaptive,2025-08-18,technical,0,20,1369,5332,800,800,5901,4532,0.8806148336069244
36-100-125,adaptive,2025-08-18,privacy,0,3,165,534,90,90,609,444,0.871244635193133
36-100-125,adaptive,2025-08-25,billing,0,13,1489,6039,780,780,6748,5259,0.8963868225292242
36-100-125,adaptive,2025-08-25,technical,0,20,1275,5901,800,800,6376,5101,0.8885172798216276
36-100-125,adaptive,2025-08-25,privacy,0,3,130,609,90,90,649,519,0.878213802435724
36-100-125,adaptive,2025-09-01,billing,0,14,1465,6748,840,840,7373,5908,0.8977231218799464
36-100-125,adaptive,2025-09-01,technical,0,19,1258,6376,760,760,6874,5616,0.9004453759496988
36-100-125,adaptive,2025-09-01,privacy,0,3,106,649,90,90,665,559,0.8807947019867549
36-100-125,adaptive,2025-09-08,billing,0,14,1506,7373,840,840,8039,6533,0.9053947516612231
36-100-125,adaptive,2025-09-08,technical,0,19,1327,6874,760,760,7441,6114,0.9073283745884648
36-100-125,adaptive,2025-09-08,privacy,0,3,114,665,90,90,689,575,0.8844672657252889
36-100-125,optimized,2025-06-23,billing,0,13,1510,0,780,780,730,0,0.48344370860927155
36-100-125,optimized,2025-06-23,technical,0,20,1591,0,800,800,791,0,0.497171590194846
36-100-125,optimized,2025-06-23,privacy,0,3,152,0,90,90,62,0,0.40789473684210525
36-100-125,optimized,2025-06-30,billing,0,13,1238,730,780,780,1188,0,0.6036585365853658
36-100-125,optimized,2025-06-30,technical,0,20,1356,791,800,800,1347,0,0.6273870517000466
36-100-125,optimized,2025-06-30,privacy,0,3,123,62,90,90,95,0,0.5135135135135135
36-100-125,optimized,2025-07-07,billing,0,12,1572,1188,720,720,2040,468,0.7391304347826086
36-100-125,optimized,2025-07-07,technical,0,21,1490,1347,840,840,1997,507,0.703912583715192
36-100-125,optimized,2025-07-07,privacy,0,3,128,95,90,90,133,5,0.5964125560538116
36-100-125,optimized,2025-07-14,billing,0,14,1393,2040,840,840,2593,1200,0.7553160501019517
36-100-125,optimized,2025-07-14,technical,0,20,1449,1997,800,800,2646,1197,0.7678467788740568
36-100-125,optimized,2025-07-14,privacy,0,2,134,133,60,60,207,73,0.7752808988764045
36-100-125,optimized,2025-07-21,billing,0,13,1441,2593,780,780,3254,1813,0.8066435299950422
36-100-125,optimized,2025-07-21,technical,0,20,1416,2646,800,800,3262,1846,0.8030526834071886
36-100-125,optimized,2025-07-21,privacy,0,3,146,207,90,90,263,117,0.7450424929178471
36-100-125,optimized,2025-07-28,billing,0,13,1549,3254,780,780,4023,2474,0.8376014990630856
36-100-125,optimized,2025-07-28,technical,0,20,1452,3262,800,800,3914,2462,0.8302927450148494
36-100-125,optimized,2025-07-28,privacy,0,3,158,263,90,90,331,173,0.7862232779097387
36-100-125,optimized,2025-08-04,billing,0,14,1592,4023,840,840,4775,3183,0.8504007123775601
36-100-125,optimized,2025-08-04,technical,0,19,1516,3914,760,760,4670,3154,0.860036832412523
36-100-125,optimized,2025-08-04,privacy,0,3,172,331,90,90,413,241,0.8210735586481114
36-100-125,optimized,2025-08-11,billing,0,14,1442,4775,840,840,5377,3935,0.8648866012546245
36-100-125,optimized,2025-08-11,technical,0,19,1502,4670,760,760,5412,3910,0.8768632534024627
36-100-125,optimized,2025-08-11,privacy,0,3,151,413,90,90,474,323,0.8404255319148937
36-100-125,optimized,2025-08-18,billing,0,13,1442,5377,780,780,6039,4597,0.8856137263528376
36-100-125,optimized,2025-08-18,technical,0,20,1369,5412,800,800,5981,4612,0.8820233003981713
36-100-125,optimized,2025-08-18,privacy,0,3,165,474,90,90,549,384,0.8591549295774648
36-100-125,optimized,2025-08-25,billing,0,13,1489,6039,780,780,6748,5259,0.8963868225292242
36-100-125,optimized,2025-08-25,technical,0,20,1275,5981,800,800,6456,5181,0.8897464167585446
36-100-125,optimized,2025-08-25,privacy,0,3,130,549,90,90,589,459,0.8674521354933726
36-100-125,optimized,2025-09-01,billing,0,14,1465,6748,840,840,7373,5908,0.8977231218799464
36-100-125,optimized,2025-09-01,technical,0,19,1258,6456,760,760,6954,5696,0.9014778325123153
36-100-125,optimized,2025-09-01,privacy,0,3,106,589,90,90,605,499,0.8705035971223022
36-100-125,optimized,2025-09-08,billing,0,14,1506,7373,840,840,8039,6533,0.9053947516612231
36-100-125,optimized,2025-09-08,technical,0,19,1327,6954,760,760,7521,6194,0.9082236444873808
36-100-125,optimized,2025-09-08,privacy,0,3,114,605,90,90,629,515,0.874826147426982
36-100-125,hindsight,2025-06-23,billing,0,13,1510,0,780,780,730,0,0.48344370860927155
36-100-125,hindsight,2025-06-23,technical,0,20,1591,0,800,800,791,0,0.497171590194846
36-100-125,hindsight,2025-06-23,privacy,0,3,152,0,90,90,62,0,0.40789473684210525
36-100-125,hindsight,2025-06-30,billing,0,13,1238,730,780,780,1188,0,0.6036585365853658
36-100-125,hindsight,2025-06-30,technical,0,20,1356,791,800,800,1347,0,0.6273870517000466
36-100-125,hindsight,2025-06-30,privacy,0,3,123,62,90,90,95,0,0.5135135135135135
36-100-125,hindsight,2025-07-07,billing,0,13,1572,1188,780,780,1980,408,0.717391304347826
36-100-125,hindsight,2025-07-07,technical,0,20,1490,1347,800,800,2037,547,0.7180119844906592
36-100-125,hindsight,2025-07-07,privacy,0,3,128,95,90,90,133,5,0.5964125560538116
36-100-125,hindsight,2025-07-14,billing,0,13,1393,1980,780,780,2593,1200,0.7687518529498962
36-100-125,hindsight,2025-07-14,technical,0,20,1449,2037,800,800,2686,1237,0.7705106138841079
36-100-125,hindsight,2025-07-14,privacy,0,3,134,133,90,90,177,43,0.6629213483146067
36-100-125,hindsight,2025-07-21,billing,0,13,1441,2593,780,780,3254,1813,0.8066435299950422
36-100-125,hindsight,2025-07-21,technical,0,20,1416,2686,800,800,3302,1886,0.8049731838127743
36-100-125,hindsight,2025-07-21,privacy,0,3,146,177,90,90,233,87,0.7213622291021672
36-100-125,hindsight,2025-07-28,billing,0,13,1549,3254,780,780,4023,2474,0.8376014990630856
36-100-125,hindsight,2025-07-28,technical,0,20,1452,3302,800,800,3954,2502,0.8317206562894405
36-100-125,hindsight,2025-07-28,privacy,0,3,158,233,90,90,301,143,0.7698209718670077
36-100-125,hindsight,2025-08-04,billing,0,14,1592,4023,840,840,4775,3183,0.8504007123775601
36-100-125,hindsight,2025-08-04,technical,0,19,1516,3954,760,760,4710,3194,0.8610603290676416
36-100-125,hindsight,2025-08-04,privacy,0,3,172,301,90,90,383,211,0.8097251585623678
36-100-125,hindsight,2025-08-11,billing,0,13,1442,4775,780,780,5437,3995,0.8745375583078655
36-100-125,hindsight,2025-08-11,technical,0,20,1502,4710,800,800,5412,3910,0.871216999356085
36-100-125,hindsight,2025-08-11,privacy,0,3,151,383,90,90,444,293,0.8314606741573034
36-100-125,hindsight,2025-08-18,billing,0,13,1442,5437,780,780,6099,4657,0.886611426079372
36-100-125,hindsight,2025-08-18,technical,0,20,1369,5412,800,800,5981,4612,0.8820233003981713
36-100-125,hindsight,2025-08-18,privacy,0,3,165,444,90,90,519,354,0.8522167487684729
36-100-125,hindsight,2025-08-25,billing,0,14,1489,6099,840,840,6748,5259,0.8892988929889298
36-100-125,hindsight,2025-08-25,technical,0,19,1275,5981,760,760,6496,5221,0.8952590959206174
36-100-125,hindsight,2025-08-25,privacy,0,3,130,519,90,90,559,429,0.8613251155624037
36-100-125,hindsight,2025-09-01,billing,0,14,1465,6748,840,840,7373,5908,0.8977231218799464
36-100-125,hindsight,2025-09-01,technical,0,19,1258,6496,760,760,6994,5736,0.9019860717049265
36-100-125,hindsight,2025-09-01,privacy,0,3,106,559,90,90,575,469,0.8646616541353384
36-100-125,hindsight,2025-09-08,billing,0,14,1506,7373,840,840,8039,6533,0.9053947516612231
36-100-125,hindsight,2025-09-08,technical,0,19,1327,6994,760,760,7561,6234,0.9086648239394304
36-100-125,hindsight,2025-09-08,privacy,0,3,114,575,90,90,599,485,0.8693759071117562
48-0-75,fixed,2025-06-23,billing,22,0,1510,0,990,990,520,0,0.3443708609271523
48-0-75,fixed,2025-06-23,technical,21,0,1591,0,630,630,961,0,0.6040226272784412
48-0-75,fixed,2025-06-23,privacy,5,0,152,0,112,112,40,0,0.2631578947368421
48-0-75,fixed,2025-06-30,billing,22,0,1238,520,990,990,768,0,0.43686006825938567
48-0-75,fixed,2025-06-30,technical,21,0,1356,961,630,630,1687,331,0.7280966767371602
48-0-75,fixed,2025-06-30,privacy,5,0,123,40,112,112,51,0,0.3128834355828221
48-0-75,fixed,2025-07-07,billing,22,0,1572,768,990,990,1350,0,0.5769230769230769
48-0-75,fixed,2025-07-07,technical,21,0,1490,1687,630,630,2547,1057,0.8016997167138811
48-0-75,fixed,2025-07-07,privacy,5,0,128,51,112,112,67,0,0.3743016759776536
48-0-75,fixed,2025-07-14,billing,22,0,1393,1350,990,990,1753,360,0.6390812978490703
48-0-75,fixed,2025-07-14,technical,21,0,1449,2547,630,630,3366,1917,0.8423423423423423
48-0-75,fixed,2025-07-14,privacy,5,0,134,67,112,112,89,0,0.4427860696517413
48-0-75,fixed,2025-07-21,billing,22,0,1441,1753,990,990,2204,763,0.6900438321853475
48-0-75,fixed,2025-07-21,technical,21,0,1416,3366,630,630,4152,2736,0.8682559598494354
48-0-75,fixed,2025-07-21,privacy,5,0,146,89,112,112,123,0,0.5234042553191489
48-0-75,fixed,2025-07-28,billing,22,0,1549,2204,990,990,2763,1214,0.7362110311750599
48-0-75,fixed,2025-07-28,technical,21,0,1452,4152,630,630,4974,3522,0.8875802997858673
48-0-75,fixed,2025-07-28,privacy,5,0,158,123,112,112,169,11,0.6014234875444839
48-0-75,fixed,2025-08-04,billing,22,0,1592,2763,990,990,3365,1773,0.7726750861079219
48-0-75,fixed,2025-08-04,technical,21,0,1516,4974,630,630,5860,4344,0.9029275808936826
48-0-75,fixed,2025-08-04,privacy,5,0,172,169,112,112,229,57,0.6715542521994134
48-0-75,fixed,2025-08-11,billing,22,0,1442,3365,990,990,3817,2375,0.7940503432494279
48-0-75,fixed,2025-08-11,technical,21,0,1502,5860,630,630,6732,5230,0.9144254278728606
48-0-75,fixed,2025-08-11,privacy,5,0,151,229,112,112,268,117,0.7052631578947368
48-0-75,fixed,2025-08-18,billing,22,0,1442,3817,990,990,4269,2827,0.8117512835139761
48-0-75,fixed,2025-08-18,technical,21,0,1369,6732,630,630,7471,6102,0.9222318232316998
48-0-75,fixed,2025-08-18,privacy,5,0,165,268,112,112,321,156,0.7413394919168591
48-0-75,fixed,2025-08-25,billing,22,0,1489,4269,990,990,4768,3279,0.8280653004515457
48-0-75,fixed,2025-08-25,technical,21,0,1275,7471,630,630,8116,6841,0.9279670706608736
48-0-75,fixed,2025-08-25,privacy,5,0,130,321,112,112,339,209,0.7516629711751663
48-0-75,fixed,2025-09-01,billing,22,0,1465,4768,990,990,5243,3778,0.8411679768971603
48-0-75,fixed,2025-09-01,technical,21,0,1258,8116,630,630,8744,7486,0.9327928312353317
48-0-75,fixed,2025-09-01,privacy,5,0,106,339,112,112,333,227,0.748314606741573
48-0-75,fixed,2025-09-08,billing,22,0,1506,5243,990,990,5759,4253,0.8533116017187732
48-0-75,fixed,2025-09-08,technical,21,0,1327,8744,630,630,9441,8114,0.9374441465594281
48-0-75,fixed,2025-09-08,privacy,5,0,114,333,112,112,335,221,0.7494407158836689
48-0-75,adaptive,2025-06-23,billing,22,0,1510,0,990,990,520,0,0.3443708609271523
48-0-75,adaptive,2025-06-23,technical,21,0,1591,0,630,630,961,0,0.6040226272784412
48-0-75,adaptive,2025-06-23,privacy,5,0,152,0,112,112,40,0,0.2631578947368421
48-0-75,adaptive,2025-06-30,billing,22,0,1238,520,990,990,768,0,0.43686006825938567
48-0-75,adaptive,2025-06-30,technical,21,0,1356,961,630,630,1687,331,0.7280966767371602
48-0-75,adaptive,2025-06-30,privacy,5,0,123,40,112,112,51,0,0.3128834355828221
48-0-75,adaptive,2025-07-07,billing,22,0,1572,768,990,990,1350,0,0.5769230769230769
48-0-75,adaptive,2025-07-07,technical,21,0,1490,1687,630,630,2547,1057,0.8016997167138811
48-0-75,adaptive,2025-07-07,privacy,5,0,128,51,112,112,67,0,0.3743016759776536
48-0-75,adaptive,2025-07-14,billing,22,0,1393,1350,990,990,1753,360,0.6390812978490703
48-0-75,adaptive,2025-07-14,technical,21,0,1449,2547,630,630,3366,1917,0.8423423423423423
48-0-75,adaptive,2025-07-14,privacy,5,0,134,67,112,112,89,0,0.4427860696517413
48-0-75,adaptive,2025-07-21,billing,22,0,1441,1753,990,990,2204,763,0.6900438321853475
48-0-75,adaptive,2025-07-21,technical,21,0,1416,3366,630,630,4152,2736,0.8682559598494354
48-0-75,adaptive,2025-07-21,privacy,5,0,146,89,112,112,123,0,0.5234042553191489
48-0-75,adaptive,2025-07-28,billing,22,0,1549,2204,990,990,2763,1214,0.7362110311750599
48-0-75,adaptive,2025-07-28,technical,21,0,1452,4152,630,630,4974,3522,0.8875802997858673
48-0-75,adaptive,2025-07-28,privacy,5,0,158,123,112,112,169,11,0.6014234875444839
48-0-75,adaptive,2025-08-04,billing,22,0,1592,2763,990,990,3365,1773,0.7726750861079219
48-0-75,adaptive,2025-08-04,technical,21,0,1516,4974,630,630,5860,4344,0.9029275808936826
48-0-75,adaptive,2025-08-04,privacy,5,0,172,169,112,112,229,57,0.6715542521994134
48-0-75,adaptive,2025-08-11,billing,22,0,1442,3365,990,990,3817,2375,0.7940503432494279
48-0-75,adaptive,2025-08-11,technical,21,0,1502,5860,630,630,6732,5230,0.9144254278728606
48-0-75,adaptive,2025-08-11,privacy,5,0,151,229,112,112,268,117,0.7052631578947368
48-0-75,adaptive,2025-08-18,billing,22,0,1442,3817,990,990,4269,2827,0.8117512835139761
48-0-75,adaptive,2025-08-18,technical,21,0,1369,6732,630,630,7471,6102,0.9222318232316998
48-0-75,adaptive,2025-08-18,privacy,5,0,165,268,112,112,321,156,0.7413394919168591
48-0-75,adaptive,2025-08-25,billing,22,0,1489,4269,990,990,4768,3279,0.8280653004515457
48-0-75,adaptive,2025-08-25,technical,21,0,1275,7471,630,630,8116,6841,0.9279670706608736
48-0-75,adaptive,2025-08-25,privacy,5,0,130,321,112,112,339,209,0.7516629711751663
48-0-75,adaptive,2025-09-01,billing,22,0,1465,4768,990,990,5243,3778,0.8411679768971603
48-0-75,adaptive,2025-09-01,technical,21,0,1258,8116,630,630,8744,7486,0.9327928312353317
48-0-75,adaptive,2025-09-01,privacy,5,0,106,339,112,112,333,227,0.748314606741573
48-0-75,adaptive,2025-09-08,billing,22,0,1506,5243,990,990,5759,4253,0.8533116017187732
48-0-75,adaptive,2025-09-08,technical,21,0,1327,8744,630,630,9441,8114,0.9374441465594281
48-0-75,adaptive,2025-09-08,privacy,5,0,114,333,112,112,335,221,0.7494407158836689
48-0-75,optimized,2025-06-23,billing,22,0,1510,0,990,990,520,0,0.3443708609271523
48-0-75,optimized,2025-06-23,technical,21,0,1591,0,630,630,961,0,0.6040226272784412
48-0-75,optimized,2025-06-23,privacy,5,0,152,0,112,112,40,0,0.2631578947368421
48-0-75,optimized,2025-06-30,billing,22,0,1238,520,990,990,768,0,0.43686006825938567
48-0-75,optimized,2025-06-30,technical,21,0,1356,961,630,630,1687,331,0.7280966767371602
48-0-75,optimized,2025-06-30,privacy,5,0,123,40,112,112,51,0,0.3128834355828221
48-0-75,optimized,2025-07-07,billing,22,0,1572,768,990,990,1350,0,0.5769230769230769
48-0-75,optimized,2025-07-07,technical,21,0,1490,1687,630,630,2547,1057,0.8016997167138811
48-0-75,optimized,2025-07-07,privacy,5,0,128,51,112,112,67,0,0.3743016759776536
48-0-75,optimized,2025-07-14,billing,22,0,1393,1350,990,990,1753,360,0.6390812978490703
48-0-75,optimized,2025-07-14,technical,21,0,1449,2547,630,630,3366,1917,0.8423423423423423
48-0-75,optimized,2025-07-14,privacy,5,0,134,67,112,112,89,0,0.4427860696517413
48-0-75,optimized,2025-07-21,billing,22,0,1441,1753,990,990,2204,763,0.6900438321853475
48-0-75,optimized,2025-07-21,technical,21,0,1416,3366,630,630,4152,2736,0.8682559598494354
48-0-75,optimized,2025-07-21,privacy,5,0,146,89,112,112,123,0,0.5234042553191489
48-0-75,optimized,2025-07-28,billing,22,0,1549,2204,990,990,2763,1214,0.7362110311750599
48-0-75,optimized,2025-07-28,technical,21,0,1452,4152,630,630,4974,3522,0.8875802997858673
48-0-75,optimized,2025-07-28,privacy,5,0,158,123,112,112,169,11,0.6014234875444839
48-0-75,optimized,2025-08-04,billing,22,0,1592,2763,990,990,3365,1773,0.7726750861079219
48-0-75,optimized,2025-08-04,technical,21,0,1516,4974,630,630,5860,4344,0.9029275808936826
48-0-75,optimized,2025-08-04,privacy,5,0,172,169,112,112,229,57,0.6715542521994134
48-0-75,optimized,2025-08-11,billing,22,0,1442,3365,990,990,3817,2375,0.7940503432494279
48-0-75,optimized,2025-08-11,technical,21,0,1502,5860,630,630,6732,5230,0.9144254278728606
48-0-75,optimized,2025-08-11,privacy,5,0,151,229,112,112,268,117,0.7052631578947368
48-0-75,optimized,2025-08-18,billing,22,0,1442,3817,990,990,4269,2827,0.8117512835139761
48-0-75,optimized,2025-08-18,technical,21,0,1369,6732,630,630,7471,6102,0.9222318232316998
48-0-75,optimized,2025-08-18,privacy,5,0,165,268,112,112,321,156,0.7413394919168591
48-0-75,optimized,2025-08-25,billing,22,0,1489,4269,990,990,4768,3279,0.8280653004515457
48-0-75,optimized,2025-08-25,technical,21,0,1275,7471,630,630,8116,6841,0.9279670706608736
48-0-75,optimized,2025-08-25,privacy,5,0,130,321,112,112,339,209,0.7516629711751663
48-0-75,optimized,2025-09-01,billing,22,0,1465,4768,990,990,5243,3778,0.8411679768971603
48-0-75,optimized,2025-09-01,technical,21,0,1258,8116,630,630,8744,7486,0.9327928312353317
48-0-75,optimized,2025-09-01,privacy,5,0,106,339,112,112,333,227,0.748314606741573
48-0-75,optimized,2025-09-08,billing,22,0,1506,5243,990,990,5759,4253,0.8533116017187732
48-0-75,optimized,2025-09-08,technical,21,0,1327,8744,630,630,9441,8114,0.9374441465594281
48-0-75,optimized,2025-09-08,privacy,5,0,114,333,112,112,335,221,0.7494407158836689
48-0-75,hindsight,2025-06-23,billing,22,0,1510,0,990,990,520,0,0.3443708609271523
48-0-75,hindsight,2025-06-23,technical,21,0,1591,0,630,630,961,0,0.6040226272784412
48-0-75,hindsight,2025-06-23,privacy,5,0,152,0,112,112,40,0,0.2631578947368421
48-0-75,hindsight,2025-06-30,billing,22,0,1238,520,990,990,768,0,0.43686006825938567
48-0-75,hindsight,2025-06-30,technical,21,0,1356,961,630,630,1687,331,0.7280966767371602
48-0-75,hindsight,2025-06-30,privacy,5,0,123,40,112,112,51,0,0.3128834355828221
48-0-75,hindsight,2025-07-07,billing,22,0,1572,768,990,990,1350,0,0.5769230769230769
48-0-75,hindsight,2025-07-07,technical,21,0,1490,1687,630,630,2547,1057,0.8016997167138811
48-0-75,hindsight,2025-07-07,privacy,5,0,128,51,112,112,67,0,0.3743016759776536
48-0-75,hindsight,2025-07-14,billing,22,0,1393,1350,990,990,1753,360,0.6390812978490703
48-0-75,hindsight,2025-07-14,technical,21,0,1449,2547,630,630,3366,1917,0.8423423423423423
48-0-75,hindsight,2025-07-14,privacy,5,0,134,67,112,112,89,0,0.4427860696517413
48-0-75,hindsight,2025-07-21,billing,22,0,1441,1753,990,990,2204,763,0.6900438321853475
48-0-75,hindsight,2025-07-21,technical,21,0,1416,3366,630,630,4152,2736,0.8682559598494354
48-0-75,hindsight,2025-07-21,privacy,5,0,146,89,112,112,123,0,0.5234042553191489
48-0-75,hindsight,2025-07-28,billing,22,0,1549,2204,990,990,2763,1214,0.7362110311750599
48-0-75,hindsight,2025-07-28,technical,21,0,1452,4152,630,630,4974,3522,0.8875802997858673
48-0-75,hindsight,2025-07-28,privacy,5,0,158,123,112,112,169,11,0.6014234875444839
48-0-75,hindsight,2025-08-04,billing,22,0,1592,2763,990,990,3365,1773,0.7726750861079219
48-0-75,hindsight,2025-08-04,technical,21,0,1516,4974,630,630,5860,4344,0.9029275808936826
48-0-75,hindsight,2025-08-04,privacy,5,0,172,169,112,112,229,57,0.6715542521994134
48-0-75,hindsight,2025-08-11,billing,22,0,1442,3365,990,990,3817,2375,0.7940503432494279
48-0-75,hindsight,2025-08-11,technical,21,0,1502,5860,630,630,6732,5230,0.9144254278728606
48-0-75,hindsight,2025-08-11,privacy,5,0,151,229,112,112,268,117,0.7052631578947368
48-0-75,hindsight,2025-08-18,billing,22,0,1442,3817,990,990,4269,2827,0.8117512835139761
48-0-75,hindsight,2025-08-18,technical,21,0,1369,6732,630,630,7471,6102,0.9222318232316998
48-0-75,hindsight,2025-08-18,privacy,5,0,165,268,112,112,321,156,0.7413394919168591
48-0-75,hindsight,2025-08-25,billing,22,0,1489,4269,990,990,4768,3279,0.8280653004515457
48-0-75,hindsight,2025-08-25,technical,21,0,1275,7471,630,630,8116,6841,0.9279670706608736
48-0-75,hindsight,2025-08-25,privacy,5,0,130,321,112,112,339,209,0.7516629711751663
48-0-75,hindsight,2025-09-01,billing,22,0,1465,4768,990,990,5243,3778,0.8411679768971603
48-0-75,hindsight,2025-09-01,technical,21,0,1258,8116,630,630,8744,7486,0.9327928312353317
48-0-75,hindsight,2025-09-01,privacy,5,0,106,339,112,112,333,227,0.748314606741573
48-0-75,hindsight,2025-09-08,billing,22,0,1506,5243,990,990,5759,4253,0.8533116017187732
48-0-75,hindsight,2025-09-08,technical,21,0,1327,8744,630,630,9441,8114,0.9374441465594281
48-0-75,hindsight,2025-09-08,privacy,5,0,114,333,112,112,335,221,0.7494407158836689
48-0-100,fixed,2025-06-23,billing,22,0,1510,0,1320,1320,190,0,0.12582781456953643
48-0-100,fixed,2025-06-23,technical,21,0,1591,0,840,840,751,0,0.47203016970458833
48-0-100,fixed,2025-06-23,privacy,5,0,152,0,150,150,2,0,0.013157894736842105
48-0-100,fixed,2025-06-30,billing,22,0,1238,190,1320,1320,108,0,0.07563025210084033
48-0-100,fixed,2025-06-30,technical,21,0,1356,751,840,840,1267,0,0.6013289036544851
48-0-100,fixed,2025-06-30,privacy,5,0,123,2,150,125,0,0,0.0
48-0-100,fixed,2025-07-07,billing,22,0,1572,108,1320,1320,360,0,0.21428571428571427
48-0-100,fixed,2025-07-07,technical,21,0,1490,1267,840,840,1917,427,0.6953210010881393
48-0-100,fixed,2025-07-07,privacy,5,0,128,0,150,128,0,0,0.0
48-0-100,fixed,2025-07-14,billing,22,0,1393,360,1320,1320,433,0,0.24700513405590416
48-0-100,fixed,2025-07-14,technical,21,0,1449,1917,840,840,2526,1077,0.750445632798574
48-0-100,fixed,2025-07-14,privacy,5,0,134,0,150,134,0,0,0.0
48-0-100,fixed,2025-07-21,billing,22,0,1441,433,1320,1320,554,0,0.29562433297758806
48-0-100,fixed,2025-07-21,technical,21,0,1416,2526,840,840,3102,1686,0.786910197869102
48-0-100,fixed,2025-07-21,privacy,5,0,146,0,150,146,0,0,0.0
48-0-100,fixed,2025-07-28,billing,22,0,1549,554,1320,1320,783,0,0.3723252496433666
48-0-100,fixed,2025-07-28,technical,21,0,1452,3102,840,840,3714,2262,0.8155467720685112
48-0-100,fixed,2025-07-28,privacy,5,0,158,0,150,150,8,0,0.05063291139240506
48-0-100,fixed,2025-08-04,billing,22,0,1592,783,1320,1320,1055,0,0.4442105263157895
48-0-100,fixed,2025-08-04,technical,21,0,1516,3714,840,840,4390,2874,0.8393881453154876
48-0-100,fixed,2025-08-04,privacy,5,0,172,8,150,150,30,0,0.16666666666666666
48-0-100,fixed,2025-08-11,billing,22,0,1442,1055,1320,1320,1177,0,0.4713656387665198
48-0-100,fixed,2025-08-11,technical,21,0,1502,4390,840,840,5052,3550,0.8574338085539714
48-0-100,fixed,2025-08-11,privacy,5,0,151,30,150,150,31,0,0.1712707182320442
48-0-100,fixed,2025-08-18,billing,22,0,1442,1177,1320,1320,1299,0,0.4959908361970218
48-0-100,fixed,2025-08-18,technical,21,0,1369,5052,840,840,5581,4212,0.8691792555676686
48-0-100,fixed,2025-08-18,privacy,5,0,165,31,150,150,46,0,0.23469387755102042
48-0-100,fixed,2025-08-25,billing,22,0,1489,1299,1320,1320,1468,0,0.5265423242467718
48-0-100,fixed,2025-08-25,technical,21,0,1275,5581,840,840,6016,4741,0.8774795799299884
48-0-100,fixed,2025-08-25,privacy,5,0,130,46,150,150,26,0,0.14772727272727273
48-0-100,fixed,2025-09-01,billing,22,0,1465,1468,1320,1320,1613,148,0.5499488578247528
48-0-100,fixed,2025-09-01,technical,21,0,1258,6016,840,840,6434,5176,0.8845202089634314
48-0-100,fixed,2025-09-01,privacy,5,0,106,26,150,132,0,0,0.0
48-0-100,fixed,2025-09-08,billing,22,0,1506,1613,1320,1320,1799,293,0.5767874318691888
48-0-100,fixed,2025-09-08,technical,21,0,1327,6434,840,840,6921,5594,0.8917665249323541
48-0-100,fixed,2025-09-08,privacy,5,0,114,0,150,114,0,0,0.0
48-0-100,adaptive,2025-06-23,billing,22,0,1510,0,1320,1320,190,0,0.12582781456953643
48-0-100,adaptive,2025-06-23,technical,21,0,1591,0,840,840,751,0,0.47203016970458833
48-0-100,adaptive,2025-06-23,privacy,5,0,152,0,150,150,2,0,0.013157894736842105
48-0-100,adaptive,2025-06-30,billing,22,0,1238,190,1320,1320,108,0,0.07563025210084033
48-0-100,adaptive,2025-06-30,technical,21,0,1356,751,840,840,1267,0,0.6013289036544851
48-0-100,adaptive,2025-06-30,privacy,5,0,123,2,150,125,0,0,0.0
48-0-100,adaptive,2025-07-07,billing,22,0,1572,108,1320,1320,360,0,0.21428571428571427
48-0-100,adaptive,2025-07-07,technical,21,0,1490,1267,840,840,1917,427,0.6953210010881393
48-0-100,adaptive,2025-07-07,privacy,5,0,128,0,150,128,0,0,0.0
48-0-100,adaptive,2025-07-14,billing,22,0,1393,360,1320,1320,433,0,0.24700513405590416
48-0-100,adaptive,2025-07-14,technical,21,0,1449,1917,840,840,2526,1077,0.750445632798574
48-0-100,adaptive,2025-07-14,privacy,5,0,134,0,150,134,0,0,0.0
48-0-100,adaptive,2025-07-21,billing,22,0,1441,433,1320,1320,554,0,0.29562433297758806
48-0-100,adaptive,2025-07-21,technical,21,0,1416,2526,840,840,3102,1686,0.786910197869102
48-0-100,adaptive,2025-07-21,privacy,5,0,146,0,150,146,0,0,0.0
48-0-100,adaptive,2025-07-28,billing,22,0,1549,554,1320,1320,783,0,0.3723252496433666
48-0-100,adaptive,2025-07-28,technical,21,0,1452,3102,840,840,3714,2262,0.8155467720685112
48-0-100,adaptive,2025-07-28,privacy,5,0,158,0,150,150,8,0,0.05063291139240506
48-0-100,adaptive,2025-08-04,billing,22,0,1592,783,1320,1320,1055,0,0.4442105263157895
48-0-100,adaptive,2025-08-04,technical,21,0,1516,3714,840,840,4390,2874,0.8393881453154876
48-0-100,adaptive,2025-08-04,privacy,5,0,172,8,150,150,30,0,0.16666666666666666
48-0-100,adaptive,2025-08-11,billing,22,0,1442,1055,1320,1320,1177,0,0.4713656387665198
48-0-100,adaptive,2025-08-11,technical,21,0,1502,4390,840,840,5052,3550,0.8574338085539714
48-0-100,adaptive,2025-08-11,privacy,5,0,151,30,150,150,31,0,0.1712707182320442
48-0-100,adaptive,2025-08-18,billing,22,0,1442,1177,1320,1320,1299,0,0.4959908361970218
48-0-100,adaptive,2025-08-18,technical,21,0,1369,5052,840,840,5581,4212,0.8691792555676686
48-0-100,adaptive,2025-08-18,privacy,5,0,165,31,150,150,46,0,0.23469387755102042
48-0-100,adaptive,2025-08-25,billing,22,0,1489,1299,1320,1320,1468,0,0.5265423242467718
48-0-100,adaptive,2025-08-25,technical,21,0,1275,5581,840,840,6016,4741,0.8774795799299884
48-0-100,adaptive,2025-08-25,privacy,5,0,130,46,150,150,26,0,0.14772727272727273
48-0-100,adaptive,2025-09-01,billing,22,0,1465,1468,1320,1320,1613,148,0.5499488578247528
48-0-100,adaptive,2025-09-01,technical,21,0,1258,6016,840,840,6434,5176,0.8845202089634314
48-0-100,adaptive,2025-09-01,privacy,5,0,106,26,150,132,0,0,0.0
48-0-100,adaptive,2025-09-08,billing,22,0,1506,1613,1320,1320,1799,293,0.5767874318691888
48-0-100,adaptive,2025-09-08,technical,21,0,1327,6434,840,840,6921,5594,0.8917665249323541
48-0-100,adaptive,2025-09-08,privacy,5,0,114,0,150,114,0,0,0.0
48-0-100,optimized,2025-06-23,billing,22,0,1510,0,1320,1320,190,0,0.12582781456953643
48-0-100,optimized,2025-06-23,technical,21,0,1591,0,840,840,751,0,0.47203016970458833
48-0-100,optimized,2025-06-23,privacy,5,0,152,0,150,150,2,0,0.013157894736842105
48-0-100,optimized,2025-06-30,billing,22,0,1238,190,1320,1320,108,0,0.07563025210084033
48-0-100,optimized,2025-06-30,technical,21,0,1356,751,840,840,1267,0,0.6013289036544851
48-0-100,optimized,2025-06-30,privacy,5,0,123,2,150,125,0,0,0.0
48-0-100,optimized,2025-07-07,billing,22,0,1572,108,1320,1320,360,0,0.21428571428571427
48-0-100,optimized,2025-07-07,technical,21,0,1490,1267,840,840,1917,427,0.6953210010881393
48-0-100,optimized,2025-07-07,privacy,5,0,128,0,150,128,0,0,0.0
48-0-100,optimized,2025-07-14,billing,22,0,1393,360,1320,1320,433,0,0.24700513405590416
48-0-100,optimized,2025-07-14,technical,21,0,1449,1917,840,840,2526,1077,0.750445632798574
48-0-100,optimized,2025-07-14,privacy,5,0,134,0,150,134,0,0,0.0
48-0-100,optimized,2025-07-21,billing,22,0,1441,433,1320,1320,554,0,0.29562433297758806
48-0-100,optimized,2025-07-21,technical,21,0,1416,2526,840,840,3102,1686,0.786910197869102
48-0-100,optimized,2025-07-21,privacy,5,0,146,0,150,146,0,0,0.0
48-0-100,optimized,2025-07-28,billing,22,0,1549,554,1320,1320,783,0,0.3723252496433666
48-0-100,optimized,2025-07-28,technical,21,0,1452,3102,840,840,3714,2262,0.8155467720685112
48-0-100,optimized,2025-07-28,privacy,5,0,158,0,150,150,8,0,0.05063291139240506
48-0-100,optimized,2025-08-04,billing,22,0,1592,783,1320,1320,1055,0,0.4442105263157895
48-0-100,optimized,2025-08-04,technical,21,0,1516,3714,840,840,4390,2874,0.8393881453154876
48-0-100,optimized,2025-08-04,privacy,5,0,172,8,150,150,30,0,0.16666666666666666
48-0-100,optimized,2025-08-11,billing,22,0,1442,1055,1320,1320,1177,0,0.4713656387665198
48-0-100,optimized,2025-08-11,technical,21,0,1502,4390,840,840,5052,3550,0.8574338085539714
48-0-100,optimized,2025-08-11,privacy,5,0,151,30,150,150,31,0,0.1712707182320442
48-0-100,optimized,2025-08-18,billing,22,0,1442,1177,1320,1320,1299,0,0.4959908361970218
48-0-100,optimized,2025-08-18,technical,21,0,1369,5052,840,840,5581,4212,0.8691792555676686
48-0-100,optimized,2025-08-18,privacy,5,0,165,31,150,150,46,0,0.23469387755102042
48-0-100,optimized,2025-08-25,billing,22,0,1489,1299,1320,1320,1468,0,0.5265423242467718
48-0-100,optimized,2025-08-25,technical,21,0,1275,5581,840,840,6016,4741,0.8774795799299884
48-0-100,optimized,2025-08-25,privacy,5,0,130,46,150,150,26,0,0.14772727272727273
48-0-100,optimized,2025-09-01,billing,22,0,1465,1468,1320,1320,1613,148,0.5499488578247528
48-0-100,optimized,2025-09-01,technical,21,0,1258,6016,840,840,6434,5176,0.8845202089634314
48-0-100,optimized,2025-09-01,privacy,5,0,106,26,150,132,0,0,0.0
48-0-100,optimized,2025-09-08,billing,22,0,1506,1613,1320,1320,1799,293,0.5767874318691888
48-0-100,optimized,2025-09-08,technical,21,0,1327,6434,840,840,6921,5594,0.8917665249323541
48-0-100,optimized,2025-09-08,privacy,5,0,114,0,150,114,0,0,0.0
48-0-100,hindsight,2025-06-23,billing,22,0,1510,0,1320,1320,190,0,0.12582781456953643
48-0-100,hindsight,2025-06-23,technical,21,0,1591,0,840,840,751,0,0.47203016970458833
48-0-100,hindsight,2025-06-23,privacy,5,0,152,0,150,150,2,0,0.013157894736842105
48-0-100,hindsight,2025-06-30,billing,22,0,1238,190,1320,1320,108,0,0.07563025210084033
48-0-100,hindsight,2025-06-30,technical,21,0,1356,751,840,840,1267,0,0.6013289036544851
48-0-100,hindsight,2025-06-30,privacy,5,0,123,2,150,125,0,0,0.0
48-0-100,hindsight,2025-07-07,billing,22,0,1572,108,1320,1320,360,0,0.21428571428571427
48-0-100,hindsight,2025-07-07,technical,21,0,1490,1267,840,840,1917,427,0.6953210010881393
48-0-100,hindsight,2025-07-07,privacy,5,0,128,0,150,128,0,0,0.0
48-0-100,hindsight,2025-07-14,billing,22,0,1393,360,1320,1320,433,0,0.24700513405590416
48-0-100,hindsight,2025-07-14,technical,21,0,1449,1917,840,840,2526,1077,0.750445632798574
48-0-100,hindsight,2025-07-14,privacy,5,0,134,0,150,134,0,0,0.0
48-0-100,hindsight,2025-07-21,billing,22,0,1441,433,1320,1320,554,0,0.29562433297758806
48-0-100,hindsight,2025-07-21,technical,21,0,1416,2526,840,840,3102,1686,0.786910197869102
48-0-100,hindsight,2025-07-21,privacy,5,0,146,0,150,146,0,0,0.0
48-0-100,hindsight,2025-07-28,billing,22,0,1549,554,1320,1320,783,0,0.3723252496433666
48-0-100,hindsight,2025-07-28,technical,21,0,1452,3102,840,840,3714,2262,0.8155467720685112
48-0-100,hindsight,2025-07-28,privacy,5,0,158,0,150,150,8,0,0.05063291139240506
48-0-100,hindsight,2025-08-04,billing,22,0,1592,783,1320,1320,1055,0,0.4442105263157895
48-0-100,hindsight,2025-08-04,technical,21,0,1516,3714,840,840,4390,2874,0.8393881453154876
48-0-100,hindsight,2025-08-04,privacy,5,0,172,8,150,150,30,0,0.16666666666666666
48-0-100,hindsight,2025-08-11,billing,22,0,1442,1055,1320,1320,1177,0,0.4713656387665198
48-0-100,hindsight,2025-08-11,technical,21,0,1502,4390,840,840,5052,3550,0.8574338085539714
48-0-100,hindsight,2025-08-11,privacy,5,0,151,30,150,150,31,0,0.1712707182320442
48-0-100,hindsight,2025-08-18,billing,22,0,1442,1177,1320,1320,1299,0,0.4959908361970218
48-0-100,hindsight,2025-08-18,technical,21,0,1369,5052,840,840,5581,4212,0.8691792555676686
48-0-100,hindsight,2025-08-18,privacy,5,0,165,31,150,150,46,0,0.23469387755102042
48-0-100,hindsight,2025-08-25,billing,22,0,1489,1299,1320,1320,1468,0,0.5265423242467718
48-0-100,hindsight,2025-08-25,technical,21,0,1275,5581,840,840,6016,4741,0.8774795799299884
48-0-100,hindsight,2025-08-25,privacy,5,0,130,46,150,150,26,0,0.14772727272727273
48-0-100,hindsight,2025-09-01,billing,22,0,1465,1468,1320,1320,1613,148,0.5499488578247528
48-0-100,hindsight,2025-09-01,technical,21,0,1258,6016,840,840,6434,5176,0.8845202089634314
48-0-100,hindsight,2025-09-01,privacy,5,0,106,26,150,132,0,0,0.0
48-0-100,hindsight,2025-09-08,billing,22,0,1506,1613,1320,1320,1799,293,0.5767874318691888
48-0-100,hindsight,2025-09-08,technical,21,0,1327,6434,840,840,6921,5594,0.8917665249323541
48-0-100,hindsight,2025-09-08,privacy,5,0,114,0,150,114,0,0,0.0
48-0-125,fixed,2025-06-23,billing,22,0,1510,0,1650,1510,0,0,0.0
48-0-125,fixed,2025-06-23,technical,21,0,1591,0,1050,1050,541,0,0.34003771213073536
48-0-125,fixed,2025-06-23,privacy,5,0,152,0,187,152,0,0,0.0
48-0-125,fixed,2025-06-30,billing,22,0,1238,0,1650,1238,0,0,0.0
48-0-125,fixed,2025-06-30,technical,21,0,1356,541,1050,1050,847,0,0.44649446494464945
48-0-125,fixed,2025-06-30,privacy,5,0,123,0,187,123,0,0,0.0
48-0-125,fixed,2025-07-07,billing,22,0,1572,0,1650,1572,0,0,0.0
48-0-125,fixed,2025-07-07,technical,21,0,1490,847,1050,1050,1287,0,0.5507060333761232
48-0-125,fixed,2025-07-07,privacy,5,0,128,0,187,128,0,0,0.0
48-0-125,fixed,2025-07-14,billing,22,0,1393,0,1650,1393,0,0,0.0
48-0-125,fixed,2025-07-14,technical,21,0,1449,1287,1050,1050,1686,237,0.6162280701754386
48-0-125,fixed,2025-07-14,privacy,5,0,134,0,187,134,0,0,0.0
48-0-125,fixed,2025-07-21,billing,22,0,1441,0,1650,1441,0,0,0.0
48-0-125,fixed,2025-07-21,technical,21,0,1416,1686,1050,1050,2052,636,0.6615087040618955
48-0-125,fixed,2025-07-21,privacy,5,0,146,0,187,146,0,0,0.0
48-0-125,fixed,2025-07-28,billing,22,0,1549,0,1650,1549,0,0,0.0
48-0-125,fixed,2025-07-28,technical,21,0,1452,2052,1050,1050,2454,1002,0.7003424657534246
48-0-125,fixed,2025-07-28,privacy,5,0,158,0,187,158,0,0,0.0
48-0-125,fixed,2025-08-04,billing,22,0,1592,0,1650,1592,0,0,0.0
48-0-125,fixed,2025-08-04,technical,21,0,1516,2454,1050,1050,2920,1404,0.7355163727959698
48-0-125,fixed,2025-08-04,privacy,5,0,172,0,187,172,0,0,0.0
48-0-125,fixed,2025-08-11,billing,22,0,1442,0,1650,1442,0,0,0.0
48-0-125,fixed,2025-08-11,technical,21,0,1502,2920,1050,1050,3372,1870,0.762550881953867
48-0-125,fixed,2025-08-11,privacy,5,0,151,0,187,151,0,0,0.0
48-0-125,fixed,2025-08-18,billing,22,0,1442,0,1650,1442,0,0,0.0
48-0-125,fixed,2025-08-18,technical,21,0,1369,3372,1050,1050,3691,2322,0.7785277367643957
48-0-125,fixed,2025-08-18,privacy,5,0,165,0,187,165,0,0,0.0
48-0-125,fixed,2025-08-25,billing,22,0,1489,0,1650,1489,0,0,0.0
48-0-125,fixed,2025-08-25,technical,21,0,1275,3691,1050,1050,3916,2641,0.7885622231171969
48-0-125,fixed,2025-08-25,privacy,5,0,130,0,187,130,0,0,0.0
48-0-125,fixed,2025-09-01,billing,22,0,1465,0,1650,1465,0,0,0.0
48-0-125,fixed,2025-09-01,technical,21,0,1258,3916,1050,1050,4124,2866,0.7970622342481639
48-0-125,fixed,2025-09-01,privacy,5,0,106,0,187,106,0,0,0.0
48-0-125,fixed,2025-09-08,billing,22,0,1506,0,1650,1506,0,0,0.0
48-0-125,fixed,2025-09-08,technical,21,0,1327,4124,1050,1050,4401,3074,0.8073747936158503
48-0-125,fixed,2025-09-08,privacy,5,0,114,0,187,114,0,0,0.0
48-0-125,adaptive,2025-06-23,billing,22,0,1510,0,1650,1510,0,0,0.0
48-0-125,adaptive,2025-06-23,technical,21,0,1591,0,1050,1050,541,0,0.34003771213073536
48-0-125,adaptive,2025-06-23,privacy,5,0,152,0,187,152,0,0,0.0
48-0-125,adaptive,2025-06-30,billing,22,0,1238,0,1650,1238,0,0,0.0
48-0-125,adaptive,2025-06-30,technical,21,0,1356,541,1050,1050,847,0,0.44649446494464945
48-0-125,adaptive,2025-06-30,privacy,5,0,123,0,187,123,0,0,0.0
48-0-125,adaptive,2025-07-07,billing,22,0,1572,0,1650,1572,0,0,0.0
48-0-125,adaptive,2025-07-07,technical,21,0,1490,847,1050,1050,1287,0,0.5507060333761232
48-0-125,adaptive,2025-07-07,privacy,5,0,128,0,187,128,0,0,0.0
48-0-125,adaptive,2025-07-14,billing,22,0,1393,0,1650,1393,0,0,0.0
48-0-125,adaptive,2025-07-14,technical,21,0,1449,1287,1050,1050,1686,237,0.6162280701754386
48-0-125,adaptive,2025-07-14,privacy,5,0,134,0,187,134,0,0,0.0
48-0-125,adaptive,2025-07-21,billing,22,0,1441,0,1650,1441,0,0,0.0
48-0-125,adaptive,2025-07-21,technical,21,0,1416,1686,1050,1050,2052,636,0.6615087040618955
48-0-125,adaptive,2025-07-21,privacy,5,0,146,0,187,146,0,0,0.0
48-0-125,adaptive,2025-07-28,billing,22,0,1549,0,1650,1549,0,0,0.0
48-0-125,adaptive,2025-07-28,technical,21,0,1452,2052,1050,1050,2454,1002,0.7003424657534246
48-0-125,adaptive,2025-07-28,privacy,5,0,158,0,187,158,0,0,0.0
48-0-125,adaptive,2025-08-04,billing,22,0,1592,0,1650,1592,0,0,0.0
48-0-125,adaptive,2025-08-04,technical,21,0,1516,2454,1050,1050,2920,1404,0.7355163727959698
48-0-125,adaptive,2025-08-04,privacy,5,0,172,0,187,172,0,0,0.0
48-0-125,adaptive,2025-08-11,billing,22,0,1442,0,1650,1442,0,0,0.0
48-0-125,adaptive,2025-08-11,technical,21,0,1502,2920,1050,1050,3372,1870,0.762550881953867
48-0-125,adaptive,2025-08-11,privacy,5,0,151,0,187,151,0,0,0.0
48-0-125,adaptive,2025-08-18,billing,22,0,1442,0,1650,1442,0,0,0.0
48-0-125,adaptive,2025-08-18,technical,21,0,1369,3372,1050,1050,3691,2322,0.7785277367643957
48-0-125,adaptive,2025-08-18,privacy,5,0,165,0,187,165,0,0,0.0
48-0-125,adaptive,2025-08-25,billing,22,0,1489,0,1650,1489,0,0,0.0
48-0-125,adaptive,2025-08-25,technical,21,0,1275,3691,1050,1050,3916,2641,0.7885622231171969
48-0-125,adaptive,2025-08-25,privacy,5,0,130,0,187,130,0,0,0.0
48-0-125,adaptive,2025-09-01,billing,22,0,1465,0,1650,1465,0,0,0.0
48-0-125,adaptive,2025-09-01,technical,21,0,1258,3916,1050,1050,4124,2866,0.7970622342481639
48-0-125,adaptive,2025-09-01,privacy,5,0,106,0,187,106,0,0,0.0
48-0-125,adaptive,2025-09-08,billing,22,0,1506,0,1650,1506,0,0,0.0
48-0-125,adaptive,2025-09-08,technical,21,0,1327,4124,1050,1050,4401,3074,0.8073747936158503
48-0-125,adaptive,2025-09-08,privacy,5,0,114,0,187,114,0,0,0.0
48-0-125,optimized,2025-06-23,billing,22,0,1510,0,1650,1510,0,0,0.0
48-0-125,optimized,2025-06-23,technical,21,0,1591,0,1050,1050,541,0,0.34003771213073536
48-0-125,optimized,2025-06-23,privacy,5,0,152,0,187,152,0,0,0.0
48-0-125,optimized,2025-06-30,billing,22,0,1238,0,1650,1238,0,0,0.0
48-0-125,optimized,2025-06-30,technical,21,0,1356,541,1050,1050,847,0,0.44649446494464945
48-0-125,optimized,2025-06-30,privacy,5,0,123,0,187,123,0,0,0.0
48-0-125,optimized,2025-07-07,billing,22,0,1572,0,1650,1572,0,0,0.0
48-0-125,optimized,2025-07-07,technical,21,0,1490,847,1050,1050,1287,0,0.5507060333761232
48-0-125,optimized,2025-07-07,privacy,5,0,128,0,187,128,0,0,0.0
48-0-125,optimized,2025-07-14,billing,22,0,1393,0,1650,1393,0,0,0.0
48-0-125,optimized,2025-07-14,technical,21,0,1449,1287,1050,1050,1686,237,0.6162280701754386
48-0-125,optimized,2025-07-14,privacy,5,0,134,0,187,134,0,0,0.0
48-0-125,optimized,2025-07-21,billing,22,0,1441,0,1650,1441,0,0,0.0
48-0-125,optimized,2025-07-21,technical,21,0,1416,1686,1050,1050,2052,636,0.6615087040618955
48-0-125,optimized,2025-07-21,privacy,5,0,146,0,187,146,0,0,0.0
48-0-125,optimized,2025-07-28,billing,22,0,1549,0,1650,1549,0,0,0.0
48-0-125,optimized,2025-07-28,technical,21,0,1452,2052,1050,1050,2454,1002,0.7003424657534246
48-0-125,optimized,2025-07-28,privacy,5,0,158,0,187,158,0,0,0.0
48-0-125,optimized,2025-08-04,billing,22,0,1592,0,1650,1592,0,0,0.0
48-0-125,optimized,2025-08-04,technical,21,0,1516,2454,1050,1050,2920,1404,0.7355163727959698
48-0-125,optimized,2025-08-04,privacy,5,0,172,0,187,172,0,0,0.0
48-0-125,optimized,2025-08-11,billing,22,0,1442,0,1650,1442,0,0,0.0
48-0-125,optimized,2025-08-11,technical,21,0,1502,2920,1050,1050,3372,1870,0.762550881953867
48-0-125,optimized,2025-08-11,privacy,5,0,151,0,187,151,0,0,0.0
48-0-125,optimized,2025-08-18,billing,22,0,1442,0,1650,1442,0,0,0.0
48-0-125,optimized,2025-08-18,technical,21,0,1369,3372,1050,1050,3691,2322,0.7785277367643957
48-0-125,optimized,2025-08-18,privacy,5,0,165,0,187,165,0,0,0.0
48-0-125,optimized,2025-08-25,billing,22,0,1489,0,1650,1489,0,0,0.0
48-0-125,optimized,2025-08-25,technical,21,0,1275,3691,1050,1050,3916,2641,0.7885622231171969
48-0-125,optimized,2025-08-25,privacy,5,0,130,0,187,130,0,0,0.0
48-0-125,optimized,2025-09-01,billing,22,0,1465,0,1650,1465,0,0,0.0
48-0-125,optimized,2025-09-01,technical,21,0,1258,3916,1050,1050,4124,2866,0.7970622342481639
48-0-125,optimized,2025-09-01,privacy,5,0,106,0,187,106,0,0,0.0
48-0-125,optimized,2025-09-08,billing,22,0,1506,0,1650,1506,0,0,0.0
48-0-125,optimized,2025-09-08,technical,21,0,1327,4124,1050,1050,4401,3074,0.8073747936158503
48-0-125,optimized,2025-09-08,privacy,5,0,114,0,187,114,0,0,0.0
48-0-125,hindsight,2025-06-23,billing,22,0,1510,0,1650,1510,0,0,0.0
48-0-125,hindsight,2025-06-23,technical,21,0,1591,0,1050,1050,541,0,0.34003771213073536
48-0-125,hindsight,2025-06-23,privacy,5,0,152,0,187,152,0,0,0.0
48-0-125,hindsight,2025-06-30,billing,22,0,1238,0,1650,1238,0,0,0.0
48-0-125,hindsight,2025-06-30,technical,21,0,1356,541,1050,1050,847,0,0.44649446494464945
48-0-125,hindsight,2025-06-30,privacy,5,0,123,0,187,123,0,0,0.0
48-0-125,hindsight,2025-07-07,billing,22,0,1572,0,1650,1572,0,0,0.0
48-0-125,hindsight,2025-07-07,technical,21,0,1490,847,1050,1050,1287,0,0.5507060333761232
48-0-125,hindsight,2025-07-07,privacy,5,0,128,0,187,128,0,0,0.0
48-0-125,hindsight,2025-07-14,billing,22,0,1393,0,1650,1393,0,0,0.0
48-0-125,hindsight,2025-07-14,technical,21,0,1449,1287,1050,1050,1686,237,0.6162280701754386
48-0-125,hindsight,2025-07-14,privacy,5,0,134,0,187,134,0,0,0.0
48-0-125,hindsight,2025-07-21,billing,22,0,1441,0,1650,1441,0,0,0.0
48-0-125,hindsight,2025-07-21,technical,21,0,1416,1686,1050,1050,2052,636,0.6615087040618955
48-0-125,hindsight,2025-07-21,privacy,5,0,146,0,187,146,0,0,0.0
48-0-125,hindsight,2025-07-28,billing,22,0,1549,0,1650,1549,0,0,0.0
48-0-125,hindsight,2025-07-28,technical,21,0,1452,2052,1050,1050,2454,1002,0.7003424657534246
48-0-125,hindsight,2025-07-28,privacy,5,0,158,0,187,158,0,0,0.0
48-0-125,hindsight,2025-08-04,billing,22,0,1592,0,1650,1592,0,0,0.0
48-0-125,hindsight,2025-08-04,technical,21,0,1516,2454,1050,1050,2920,1404,0.7355163727959698
48-0-125,hindsight,2025-08-04,privacy,5,0,172,0,187,172,0,0,0.0
48-0-125,hindsight,2025-08-11,billing,22,0,1442,0,1650,1442,0,0,0.0
48-0-125,hindsight,2025-08-11,technical,21,0,1502,2920,1050,1050,3372,1870,0.762550881953867
48-0-125,hindsight,2025-08-11,privacy,5,0,151,0,187,151,0,0,0.0
48-0-125,hindsight,2025-08-18,billing,22,0,1442,0,1650,1442,0,0,0.0
48-0-125,hindsight,2025-08-18,technical,21,0,1369,3372,1050,1050,3691,2322,0.7785277367643957
48-0-125,hindsight,2025-08-18,privacy,5,0,165,0,187,165,0,0,0.0
48-0-125,hindsight,2025-08-25,billing,22,0,1489,0,1650,1489,0,0,0.0
48-0-125,hindsight,2025-08-25,technical,21,0,1275,3691,1050,1050,3916,2641,0.7885622231171969
48-0-125,hindsight,2025-08-25,privacy,5,0,130,0,187,130,0,0,0.0
48-0-125,hindsight,2025-09-01,billing,22,0,1465,0,1650,1465,0,0,0.0
48-0-125,hindsight,2025-09-01,technical,21,0,1258,3916,1050,1050,4124,2866,0.7970622342481639
48-0-125,hindsight,2025-09-01,privacy,5,0,106,0,187,106,0,0,0.0
48-0-125,hindsight,2025-09-08,billing,22,0,1506,0,1650,1506,0,0,0.0
48-0-125,hindsight,2025-09-08,technical,21,0,1327,4124,1050,1050,4401,3074,0.8073747936158503
48-0-125,hindsight,2025-09-08,privacy,5,0,114,0,187,114,0,0,0.0
48-25-75,fixed,2025-06-23,billing,16,5,1510,0,900,900,610,0,0.40397350993377484
48-25-75,fixed,2025-06-23,technical,16,6,1591,0,624,624,967,0,0.6077938403519799
48-25-75,fixed,2025-06-23,privacy,4,1,152,0,108,108,44,0,0.2894736842105263
48-25-75,fixed,2025-06-30,billing,16,5,1238,610,900,900,948,0,0.512987012987013
48-25-75,fixed,2025-06-30,technical,16,6,1356,967,624,624,1699,343,0.7313818338355574
48-25-75,fixed,2025-06-30,privacy,4,1,123,44,108,108,59,0,0.3532934131736527
48-25-75,fixed,2025-07-07,billing,16,5,1572,948,900,900,1620,48,0.6428571428571429
48-25-75,fixed,2025-07-07,technical,16,6,1490,1699,624,624,2565,1075,0.8043273753527752
48-25-75,fixed,2025-07-07,privacy,4,1,128,59,108,108,79,0,0.42245989304812837
48-25-75,fixed,2025-07-14,billing,16,5,1393,1620,900,900,2113,720,0.7012943909724527
48-25-75,fixed,2025-07-14,technical,16,6,1449,2565,624,624,3390,1941,0.8445440956651719
48-25-75,fixed,2025-07-14,privacy,4,1,134,79,108,108,105,0,0.49295774647887325
48-25-75,fixed,2025-07-21,billing,16,5,1441,2113,900,900,2654,1213,0.7467642093415869
48-25-75,fixed,2025-07-21,technical,16,6,1416,3390,624,624,4182,2766,0.8701622971285893
48-25-75,fixed,2025-07-21,privacy,4,1,146,105,108,108,143,0,0.5697211155378487
48-25-75,fixed,2025-07-28,billing,16,5,1549,2654,900,900,3303,1754,0.7858672376873662
48-25-75,fixed,2025-07-28,technical,16,6,1452,4182,624,624,5010,3558,0.8892438764643238
48-25-75,fixed,2025-07-28,privacy,4,1,158,143,108,108,193,35,0.6411960132890365
48-25-75,fixed,2025-08-04,billing,16,5,1592,3303,900,900,3995,2403,0.8161389172625128
48-25-75,fixed,2025-08-04,technical,16,6,1516,5010,624,624,5902,4386,0.9043824701195219
48-25-75,fixed,2025-08-04,privacy,4,1,172,193,108,108,257,85,0.7041095890410959
48-25-75,fixed,2025-08-11,billing,16,5,1442,3995,900,900,4537,3095,0.8344675372448042
48-25-75,fixed,2025-08-11,technical,16,6,1502,5902,624,624,6780,5278,0.9157212317666127
48-25-75,fixed,2025-08-11,privacy,4,1,151,257,108,108,300,149,0.7352941176470589
48-25-75,fixed,2025-08-18,billing,16,5,1442,4537,900,900,5079,3637,0.8494731560461616
48-25-75,fixed,2025-08-18,technical,16,6,1369,6780,624,624,7525,6156,0.9234261872622408
48-25-75,fixed,2025-08-18,privacy,4,1,165,300,108,108,357,192,0.7677419354838709
48-25-75,fixed,2025-08-25,billing,16,5,1489,5079,900,900,5668,4179,0.8629719853836785
48-25-75,fixed,2025-08-25,technical,16,6,1275,7525,624,624,8176,6901,0.9290909090909091
48-25-75,fixed,2025-08-25,privacy,4,1,130,357,108,108,379,249,0.7782340862422998
48-25-75,fixed,2025-09-01,billing,16,5,1465,5668,900,900,6233,4768,0.8738258797140054
48-25-75,fixed,2025-09-01,technical,16,6,1258,8176,624,624,8810,7552,0.9338562645749418
48-25-75,fixed,2025-09-01,privacy,4,1,106,379,108,108,377,271,0.777319587628866
48-25-75,fixed,2025-09-08,billing,16,5,1506,6233,900,900,6839,5333,0.8837059051557049
48-25-75,fixed,2025-09-08,technical,16,6,1327,8810,624,624,9513,8186,0.9384433264279373
48-25-75,fixed,2025-09-08,privacy,4,1,114,377,108,108,383,269,0.780040733197556
48-25-75,adaptive,2025-06-23,billing,16,3,1510,0,828,828,682,0,0.45165562913907287
48-25-75,adaptive,2025-06-23,technical,16,8,1591,0,672,672,919,0,0.5776241357636707
48-25-75,adaptive,2025-06-23,privacy,4,1,152,0,108,108,44,0,0.2894736842105263
48-25-75,adaptive,2025-06-30,billing,16,4,1238,682,864,864,1056,0,0.55
48-25-75,adaptive,2025-06-30,technical,16,8,1356,919,672,672,1603,247,0.7046153846153846
48-25-75,adaptive,2025-06-30,privacy,4,0,123,44,90,90,77,0,0.46107784431137727
48-25-75,adaptive,2025-07-07,billing,16,3,1572,1056,828,828,1800,228,0.684931506849315
48-25-75,adaptive,2025-07-07,technical,16,8,1490,1603,672,672,2421,931,0.7827352085354026
48-25-75,adaptive,2025-07-07,privacy,4,1,128,77,108,108,97,0,0.47317073170731705
48-25-75,adaptive,2025-07-14,billing,16,4,1393,1800,864,864,2329,936,0.7294080801753836
48-25-75,adaptive,2025-07-14,technical,16,8,1449,2421,672,672,3198,1749,0.8263565891472868
48-25-75,adaptive,2025-07-14,privacy,4,0,134,97,90,90,141,7,0.6103896103896104
48-25-75,adaptive,2025-07-21,billing,16,4,1441,2329,864,864,2906,1465,0.7708222811671087
48-25-75,adaptive,2025-07-21,technical,16,8,1416,3198,672,672,3942,2526,0.8543563068920677
48-25-75,adaptive,2025-07-21,privacy,4,0,146,141,90,90,197,51,0.686411149825784
48-25-75,adaptive,2025-07-28,billing,16,4,1549,2906,864,864,3591,2042,0.806060606060606
48-25-75,adaptive,2025-07-28,technical,16,8,1452,3942,672,672,4722,3270,0.8754171301446051
48-25-75,adaptive,2025-07-28,privacy,4,0,158,197,90,90,265,107,0.7464788732394366
48-25-75,adaptive,2025-08-04,billing,16,4,1592,3591,864,864,4319,2727,0.8333011769245611
48-25-75,adaptive,2025-08-04,technical,16,7,1516,4722,648,648,5590,4074,0.8961205514588009
48-25-75,adaptive,2025-08-04,privacy,4,1,172,265,108,108,329,157,0.7528604118993135
48-25-75,adaptive,2025-08-11,billing,16,4,1442,4319,864,864,4897,3455,0.8500260371463287
48-25-75,adaptive,2025-08-11,technical,16,7,1502,5590,648,648,6444,4942,0.9086294416243654
48-25-75,adaptive,2025-08-11,privacy,4,1,151,329,108,108,372,221,0.775
48-25-75,adaptive,2025-08-18,billing,16,4,1442,4897,864,864,5475,4033,0.8637008991954567
48-25-75,adaptive,2025-08-18,technical,16,8,1369,6444,672,672,7141,5772,0.913989504671701
48-25-75,adaptive,2025-08-18,privacy,4,0,165,372,90,90,447,282,0.8324022346368715
48-25-75,adaptive,2025-08-25,billing,16,4,1489,5475,864,864,6100,4611,0.8759333716255026
48-25-75,adaptive,2025-08-25,technical,16,7,1275,7141,648,648,7768,6493,0.9230038022813688
48-25-75,adaptive,2025-08-25,privacy,4,1,130,447,108,108,469,339,0.8128249566724437
48-25-75,adaptive,2025-09-01,billing,16,4,1465,6100,864,864,6701,5236,0.8857898215465961
48-25-75,adaptive,2025-09-01,technical,16,7,1258,7768,648,648,8378,7120,0.9282074008420119
48-25-75,adaptive,2025-09-01,privacy,4,1,106,469,108,108,467,361,0.8121739130434783
48-25-75,adaptive,2025-09-08,billing,16,4,1506,6701,864,864,7343,5837,0.8947240160838309
48-25-75,adaptive,2025-09-08,technical,16,7,1327,8378,648,648,9057,7730,0.9332302936630603
48-25-75,adaptive,2025-09-08,privacy,4,1,114,467,108,108,473,359,0.8141135972461274
48-25-75,optimized,2025-06-23,billing,16,0,1510,0,720,720,790,0,0.5231788079470199
48-25-75,optimized,2025-06-23,technical,16,12,1591,0,768,768,823,0,0.5172847265870522
48-25-75,optimized,2025-06-23,privacy,4,0,152,0,90,90,62,0,0.40789473684210525
48-25-75,optimized,2025-06-30,billing,16,0,1238,790,720,720,1308,70,0.6449704142011834
48-25-75,optimized,2025-06-30,technical,16,12,1356,823,768,768,1411,55,0.6475447452960074
48-25-75,optimized,2025-06-30,privacy,4,0,123,62,90,90,95,0,0.5135135135135135
48-25-75,optimized,2025-07-07,billing,16,0,1572,1308,720,720,2160,588,0.75
48-25-75,optimized,2025-07-07,technical,16,12,1490,1411,768,768,2133,643,0.7352637021716649
48-25-75,optimized,2025-07-07,privacy,4,0,128,95,90,90,133,5,0.5964125560538116
48-25-75,optimized,2025-07-14,billing,16,1,1393,2160,756,756,2797,1404,0.7872220658598368
48-25-75,optimized,2025-07-14,technical,16,11,1449,2133,744,744,2838,1389,0.7922948073701842
48-25-75,optimized,2025-07-14,privacy,4,0,134,133,90,90,177,43,0.6629213483146067
48-25-75,optimized,2025-07-21,billing,16,1,1441,2797,756,756,3482,2041,0.8216139688532327
48-25-75,optimized,2025-07-21,technical,16,11,1416,2838,744,744,3510,2094,0.8251057827926658
48-25-75,optimized,2025-07-21,privacy,4,0,146,177,90,90,233,87,0.7213622291021672
48-25-75,optimized,2025-07-28,billing,16,1,1549,3482,756,756,4275,2726,0.8497316636851521
48-25-75,optimized,2025-07-28,technical,16,11,1452,3510,744,744,4218,2766,0.8500604594921403
48-25-75,optimized,2025-07-28,privacy,4,0,158,233,90,90,301,143,0.7698209718670077
48-25-75,optimized,2025-08-04,billing,16,1,1592,4275,756,756,5111,3519,0.8711436850178967
48-25-75,optimized,2025-08-04,technical,16,11,1516,4218,744,744,4990,3474,0.870247645622602
48-25-75,optimized,2025-08-04,privacy,4,0,172,301,90,90,383,211,0.8097251585623678
48-25-75,optimized,2025-08-11,billing,16,1,1442,5111,756,756,5797,4355,0.8846329925225088
48-25-75,optimized,2025-08-11,technical,16,11,1502,4990,744,744,5748,4246,0.8853974121996303
48-25-75,optimized,2025-08-11,privacy,4,0,151,383,90,90,444,293,0.8314606741573034
48-25-75,optimized,2025-08-18,billing,16,1,1442,5797,756,756,6483,5041,0.8955656858682138
48-25-75,optimized,2025-08-18,technical,16,11,1369,5748,744,744,6373,5004,0.8954615708866095
48-25-75,optimized,2025-08-18,privacy,4,0,165,444,90,90,519,354,0.8522167487684729
48-25-75,optimized,2025-08-25,billing,16,1,1489,6483,756,756,7216,5727,0.9051680883090818
48-25-75,optimized,2025-08-25,technical,16,11,1275,6373,744,744,6904,5629,0.9027196652719666
48-25-75,optimized,2025-08-25,privacy,4,0,130,519,90,90,559,429,0.8613251155624037
48-25-75,optimized,2025-09-01,billing,16,2,1465,7216,792,792,7889,6424,0.9087662711669162
48-25-75,optimized,2025-09-01,technical,16,10,1258,6904,720,720,7442,6184,0.9117863268806665
48-25-75,optimized,2025-09-01,privacy,4,0,106,559,90,90,575,469,0.8646616541353384
48-25-75,optimized,2025-09-08,billing,16,2,1506,7889,792,792,8603,7097,0.9156998403406067
48-25-75,optimized,2025-09-08,technical,16,10,1327,7442,720,720,8049,6722,0.9178925761204242
48-25-75,optimized,2025-09-08,privacy,4,0,114,575,90,90,599,485,0.8693759071117562
48-25-75,hindsight,2025-06-23,billing,16,0,1510,0,720,720,790,0,0.5231788079470199
48-25-75,hindsight,2025-06-23,technical,16,12,1591,0,768,768,823,0,0.5172847265870522
48-25-75,hindsight,2025-06-23,privacy,4,0,152,0,90,90,62,0,0.40789473684210525
48-25-75,hindsight,2025-06-30,billing,16,0,1238,790,720,720,1308,70,0.6449704142011834
48-25-75,hindsight,2025-06-30,technical,16,12,1356,823,768,768,1411,55,0.6475447452960074
48-25-75,hindsight,2025-06-30,privacy,4,0,123,62,90,90,95,0,0.5135135135135135
48-25-75,hindsight,2025-07-07,billing,16,1,1572,1308,756,756,2124,552,0.7375
48-25-75,hindsight,2025-07-07,technical,16,11,1490,1411,744,744,2157,667,0.7435367114788004
48-25-75,hindsight,2025-07-07,privacy,4,0,128,95,90,90,133,5,0.5964125560538116
48-25-75,hindsight,2025-07-14,billing,16,1,1393,2124,756,756,2761,1368,0.7850440716519761
48-25-75,hindsight,2025-07-14,technical,16,11,1449,2157,744,744,2862,1413,0.7936772046589018
48-25-75,hindsight,2025-07-14,privacy,4,0,134,133,90,90,177,43,0.6629213483146067
48-25-75,hindsight,2025-07-21,billing,16,1,1441,2761,756,756,3446,2005,0.8200856734888149
48-25-75,hindsight,2025-07-21,technical,16,11,1416,2862,744,744,3534,2118,0.8260869565217391
48-25-75,hindsight,2025-07-21,privacy,4,0,146,177,90,90,233,87,0.7213622291021672
48-25-75,hindsight,2025-07-28,billing,16,1,1549,3446,756,756,4239,2690,0.8486486486486486
48-25-75,hindsight,2025-07-28,technical,16,11,1452,3534,744,744,4242,2790,0.8507821901323707
48-25-75,hindsight,2025-07-28,privacy,4,0,158,233,90,90,301,143,0.7698209718670077
48-25-75,hindsight,2025-08-04,billing,16,1,1592,4239,756,756,5075,3483,0.8703481392557023
48-25-75,hindsight,2025-08-04,technical,16,11,1516,4242,744,744,5014,3498,0.8707884682181313
48-25-75,hindsight,2025-08-04,privacy,4,0,172,301,90,90,383,211,0.8097251585623678
48-25-75,hindsight,2025-08-11,billing,16,1,1442,5075,756,756,5761,4319,0.8839957035445757
48-25-75,hindsight,2025-08-11,technical,16,11,1502,5014,744,744,5772,4270,0.8858195211786372
48-25-75,hindsight,2025-08-11,privacy,4,0,151,383,90,90,444,293,0.8314606741573034
48-25-75,hindsight,2025-08-18,billing,16,1,1442,5761,756,756,6447,5005,0.8950437317784257
48-25-75,hindsight,2025-08-18,technical,16,11,1369,5772,744,744,6397,5028,0.8958129113569528
48-25-75,hindsight,2025-08-18,privacy,4,0,165,444,90,90,519,354,0.8522167487684729
48-25-75,hindsight,2025-08-25,billing,16,1,1489,6447,756,756,7180,5691,0.9047379032258065
48-25-75,hindsight,2025-08-25,technical,16,11,1275,6397,744,744,6928,5653,0.9030239833159541
48-25-75,hindsight,2025-08-25,privacy,4,0,130,519,90,90,559,429,0.8613251155624037
48-25-75,hindsight,2025-09-01,billing,16,2,1465,7180,792,792,7853,6388,0.9083863504916136
48-25-75,hindsight,2025-09-01,technical,16,10,1258,6928,720,720,7466,6208,0.9120449548008795
48-25-75,hindsight,2025-09-01,privacy,4,0,106,559,90,90,575,469,0.8646616541353384
48-25-75,hindsight,2025-09-08,billing,16,2,1506,7853,792,792,8567,7061,0.915375574313495
48-25-75,hindsight,2025-09-08,technical,16,10,1327,7466,720,720,8073,6746,0.9181166837256909
48-25-75,hindsight,2025-09-08,privacy,4,0,114,575,90,90,599,485,0.8693759071117562
48-25-100,fixed,2025-06-23,billing,16,5,1510,0,1200,1200,310,0,0.2052980132450331
48-25-100,fixed,2025-06-23,technical,16,6,1591,0,832,832,759,0,0.47705845380263984
48-25-100,fixed,2025-06-23,privacy,4,1,152,0,144,144,8,0,0.05263157894736842
48-25-100,fixed,2025-06-30,billing,16,5,1238,310,1200,1200,348,0,0.2248062015503876
48-25-100,fixed,2025-06-30,technical,16,6,1356,759,832,832,1283,0,0.6066193853427896
48-25-100,fixed,2025-06-30,privacy,4,1,123,8,144,131,0,0,0.0
48-25-100,fixed,2025-07-07,billing,16,5,1572,348,1200,1200,720,0,0.375
48-25-100,fixed,2025-07-07,technical,16,6,1490,1283,832,832,1941,451,0.6999639379733141
48-25-100,fixed,2025-07-07,privacy,4,1,128,0,144,128,0,0,0.0
48-25-100,fixed,2025-07-14,billing,16,5,1393,720,1200,1200,913,0,0.43208707998106954
48-25-100,fixed,2025-07-14,technical,16,6,1449,1941,832,832,2558,1109,0.7545722713864307
48-25-100,fixed,2025-07-14,privacy,4,1,134,0,144,134,0,0,0.0
48-25-100,fixed,2025-07-21,billing,16,5,1441,913,1200,1200,1154,0,0.49022939677145283
48-25-100,fixed,2025-07-21,technical,16,6,1416,2558,832,832,3142,1726,0.7906391545042778
48-25-100,fixed,2025-07-21,privacy,4,1,146,0,144,144,2,0,0.0136986301369863
48-25-100,fixed,2025-07-28,billing,16,5,1549,1154,1200,1200,1503,0,0.5560488346281909
48-25-100,fixed,2025-07-28,technical,16,6,1452,3142,832,832,3762,2310,0.8188942098389204
48-25-100,fixed,2025-07-28,privacy,4,1,158,2,144,144,16,0,0.1
48-25-100,fixed,2025-08-04,billing,16,5,1592,1503,1200,1200,1895,303,0.6122778675282714
48-25-100,fixed,2025-08-04,technical,16,6,1516,3762,832,832,4446,2930,0.8423645320197044
48-25-100,fixed,2025-08-04,privacy,4,1,172,16,144,144,44,0,0.23404255319148937
48-25-100,fixed,2025-08-11,billing,16,5,1442,1895,1200,1200,2137,695,0.6403955648786335
48-25-100,fixed,2025-08-11,technical,16,6,1502,4446,832,832,5116,3614,0.8601210490921318
48-25-100,fixed,2025-08-11,privacy,4,1,151,44,144,144,51,0,0.26153846153846155
48-25-100,fixed,2025-08-18,billing,16,5,1442,2137,1200,1200,2379,937,0.6647108130762783
48-25-100,fixed,2025-08-18,technical,16,6,1369,5116,832,832,5653,4284,0.871703932151118
48-25-100,fixed,2025-08-18,privacy,4,1,165,51,144,144,72,0,0.3333333333333333
48-25-100,fixed,2025-08-25,billing,16,5,1489,2379,1200,1200,2668,1179,0.6897621509824199
48-25-100,fixed,2025-08-25,technical,16,6,1275,5653,832,832,6096,4821,0.8799076212471132
48-25-100,fixed,2025-08-25,privacy,4,1,130,72,144,144,58,0,0.2871287128712871
48-25-100,fixed,2025-09-01,billing,16,5,1465,2668,1200,1200,2933,1468,0.7096540043551899
48-25-100,fixed,2025-09-01,technical,16,6,1258,6096,832,832,6522,5264,0.886864291542018
48-25-100,fixed,2025-09-01,privacy,4,1,106,58,144,144,20,0,0.12195121951219512
48-25-100,fixed,2025-09-08,billing,16,5,1506,2933,1200,1200,3239,1733,0.7296688443343096
48-25-100,fixed,2025-09-08,technical,16,6,1327,6522,832,832,7017,5690,0.8939992355714104
48-25-100,fixed,2025-09-08,privacy,4,1,114,20,144,134,0,0,0.0
48-25-100,adaptive,2025-06-23,billing,16,3,1510,0,1104,1104,406,0,0.26887417218543047
48-25-100,adaptive,2025-06-23,technical,16,9,1591,0,928,928,663,0,0.4167190446260214
48-25-100,adaptive,2025-06-23,privacy,4,0,152,0,120,120,32,0,0.21052631578947367
48-25-100,adaptive,2025-06-30,billing,16,3,1238,406,1104,1104,540,0,0.3284671532846715
48-25-100,adaptive,2025-06-30,technical,16,8,1356,663,896,896,1123,0,0.5562159484893512
48-25-100,adaptive,2025-06-30,privacy,4,1,123,32,144,144,11,0,0.07096774193548387
48-25-100,adaptive,2025-07-07,billing,16,3,1572,540,1104,1104,1008,0,0.4772727272727273
48-25-100,adaptive,2025-07-07,technical,16,9,1490,1123,928,928,1685,195,0.644852659778033
48-25-100,adaptive,2025-07-07,privacy,4,0,128,11,120,120,19,0,0.1366906474820144
48-25-100,adaptive,2025-07-14,billing,16,4,1393,1008,1152,1152,1249,0,0.5201999167013744
48-25-100,adaptive,2025-07-14,technical,16,8,1449,1685,896,896,2238,789,0.7141033822590938
48-25-100,adaptive,2025-07-14,privacy,4,0,134,19,120,120,33,0,0.21568627450980393
48-25-100,adaptive,2025-07-21,billing,16,3,1441,1249,1104,1104,1586,145,0.5895910780669145
48-25-100,adaptive,2025-07-21,technical,16,9,1416,2238,928,928,2726,1310,0.746031746031746
48-25-100,adaptive,2025-07-21,privacy,4,0,146,33,120,120,59,0,0.329608938547486
48-25-100,adaptive,2025-07-28,billing,16,3,1549,1586,1104,1104,2031,482,0.6478468899521531
48-25-100,adaptive,2025-07-28,technical,16,9,1452,2726,928,928,3250,1798,0.777884155098133
48-25-100,adaptive,2025-07-28,privacy,4,0,158,59,120,120,97,0,0.4470046082949309
48-25-100,adaptive,2025-08-04,billing,16,4,1592,2031,1152,1152,2471,879,0.6820314656362131
48-25-100,adaptive,2025-08-04,technical,16,8,1516,3250,896,896,3870,2354,0.8120016785564415
48-25-100,adaptive,2025-08-04,privacy,4,0,172,97,120,120,149,0,0.5539033457249071
48-25-100,adaptive,2025-08-11,billing,16,4,1442,2471,1152,1152,2761,1319,0.7055967288525428
48-25-100,adaptive,2025-08-11,technical,16,8,1502,3870,896,896,4476,2974,0.8332092330603127
48-25-100,adaptive,2025-08-11,privacy,4,0,151,149,120,120,180,29,0.6
48-25-100,adaptive,2025-08-18,billing,16,3,1442,2761,1104,1104,3099,1657,0.7373304782298359
48-25-100,adaptive,2025-08-18,technical,16,8,1369,4476,896,896,4949,3580,0.8467065868263473
48-25-100,adaptive,2025-08-18,privacy,4,1,165,180,144,144,201,36,0.5826086956521739
48-25-100,adaptive,2025-08-25,billing,16,3,1489,3099,1104,1104,3484,1995,0.7593722755013078
48-25-100,adaptive,2025-08-25,technical,16,8,1275,4949,896,896,5328,4053,0.8560411311053985
48-25-100,adaptive,2025-08-25,privacy,4,1,130,201,144,144,187,57,0.5649546827794562
48-25-100,adaptive,2025-09-01,billing,16,4,1465,3484,1152,1152,3797,2332,0.767225702162053
48-25-100,adaptive,2025-09-01,technical,16,8,1258,5328,896,896,5690,4432,0.8639538414819313
48-25-100,adaptive,2025-09-01,privacy,4,0,106,187,120,120,173,67,0.590443686006826
48-25-100,adaptive,2025-09-08,billing,16,4,1506,3797,1152,1152,4151,2645,0.7827644729398454
48-25-100,adaptive,2025-09-08,technical,16,8,1327,5690,896,896,6121,4794,0.8723101040330625
48-25-100,adaptive,2025-09-08,privacy,4,0,114,173,120,120,167,53,0.5818815331010453
48-25-100,optimized,2025-06-23,billing,16,0,1510,0,960,960,550,0,0.36423841059602646
48-25-100,optimized,2025-06-23,technical,16,12,1591,0,1024,1024,567,0,0.3563796354494029
48-25-100,optimized,2025-06-23,privacy,4,0,152,0,120,120,32,0,0.21052631578947367
48-25-100,optimized,2025-06-30,billing,16,0,1238,550,960,960,828,0,0.46308724832214765
48-25-100,optimized,2025-06-30,technical,16,12,1356,567,1024,1024,899,0,0.4674986999479979
48-25-100,optimized,2025-06-30,privacy,4,0,123,32,120,120,35,0,0.22580645161290322
48-25-100,optimized,2025-07-07,billing,16,0,1572,828,960,960,1440,0,0.6
48-25-100,optimized,2025-07-07,technical,16,12,1490,899,1024,1024,1365,0,0.5713687735454165
48-25-100,optimized,2025-07-07,privacy,4,0,128,35,120,120,43,0,0.26380368098159507
48-25-100,optimized,2025-07-14,billing,16,2,1393,1440,1056,1056,1777,384,0.6272502647370279
48-25-100,optimized,2025-07-14,technical,16,10,1449,1365,960,960,1854,405,0.6588486140724946
48-25-100,optimized,2025-07-14,privacy,4,0,134,43,120,120,57,0,0.3220338983050847
48-25-100,optimized,2025-07-21,billing,16,0,1441,1777,960,960,2258,817,0.7016780609073959
48-25-100,optimized,2025-07-21,technical,16,12,1416,1854,1024,1024,2246,830,0.6868501529051988
48-25-100,optimized,2025-07-21,privacy,4,0,146,57,120,120,83,0,0.4088669950738916
48-25-100,optimized,2025-07-28,billing,16,1,1549,2258,1008,1008,2799,1250,0.735224586288416
48-25-100,optimized,2025-07-28,technical,16,11,1452,2246,992,992,2706,1254,0.7317468902109249
48-25-100,optimized,2025-07-28,privacy,4,0,158,83,120,120,121,0,0.5020746887966805
48-25-100,optimized,2025-08-04,billing,16,1,1592,2799,1008,1008,3383,1791,0.7704395354133455
48-25-100,optimized,2025-08-04,technical,16,11,1516,2706,992,992,3230,1714,0.7650402652771199
48-25-100,optimized,2025-08-04,privacy,4,0,172,121,120,120,173,1,0.590443686006826
48-25-100,optimized,2025-08-11,billing,16,1,1442,3383,1008,1008,3817,2375,0.7910880829015544
48-25-100,optimized,2025-08-11,technical,16,11,1502,3230,992,992,3740,2238,0.790363482671175
48-25-100,optimized,2025-08-11,privacy,4,0,151,173,120,120,204,53,0.6296296296296297
48-25-100,optimized,2025-08-18,billing,16,1,1442,3817,1008,1008,4251,2809,0.8083285795778665
48-25-100,optimized,2025-08-18,technical,16,11,1369,3740,992,992,4117,2748,0.8058328440007829
48-25-100,optimized,2025-08-18,privacy,4,0,165,204,120,120,249,84,0.6747967479674797
48-25-100,optimized,2025-08-25,billing,16,1,1489,4251,1008,1008,4732,3243,0.824390243902439
48-25-100,optimized,2025-08-25,technical,16,11,1275,4117,992,992,4400,3125,0.8160237388724035
48-25-100,optimized,2025-08-25,privacy,4,0,130,249,120,120,259,129,0.683377308707124
48-25-100,optimized,2025-09-01,billing,16,2,1465,4732,1056,1056,5141,3676,0.8295949653057931
48-25-100,optimized,2025-09-01,technical,16,10,1258,4400,960,960,4698,3440,0.8303287380699894
48-25-100,optimized,2025-09-01,privacy,4,0,106,259,120,120,245,139,0.6712328767123288
48-25-100,optimized,2025-09-08,billing,16,2,1506,5141,1056,1056,5591,4085,0.8411313374454641
48-25-100,optimized,2025-09-08,technical,16,10,1327,4698,960,960,5065,3738,0.8406639004149378
48-25-100,optimized,2025-09-08,privacy,4,0,114,245,120,120,239,125,0.6657381615598886
48-25-100,hindsight,2025-06-23,billing,16,0,1510,0,960,960,550,0,0.36423841059602646
48-25-100,hindsight,2025-06-23,technical,16,12,1591,0,1024,1024,567,0,0.3563796354494029
48-25-100,hindsight,2025-06-23,privacy,4,0,152,0,120,120,32,0,0.21052631578947367
48-25-100,hindsight,2025-06-30,billing,16,0,1238,550,960,960,828,0,0.46308724832214765
48-25-100,hindsight,2025-06-30,technical,16,12,1356,567,1024,1024,899,0,0.4674986999479979
48-25-100,hindsight,2025-06-30,privacy,4,0,123,32,120,120,35,0,0.22580645161290322
48-25-100,hindsight,2025-07-07,billing,16,1,1572,828,1008,1008,1392,0,0.58
48-25-100,hindsight,2025-07-07,technical,16,11,1490,899,992,992,1397,0,0.5847634993721222
48-25-100,hindsight,2025-07-07,privacy,4,0,128,35,120,120,43,0,0.26380368098159507
48-25-100,hindsight,2025-07-14,billing,16,1,1393,1392,1008,1008,1777,384,0.6380610412926392
48-25-100,hindsight,2025-07-14,technical,16,11,1449,1397,992,992,1854,405,0.651440618411806
48-25-100,hindsight,2025-07-14,privacy,4,0,134,43,120,120,57,0,0.3220338983050847
48-25-100,hindsight,2025-07-21,billing,16,1,1441,1777,1008,1008,2210,769,0.6867619639527657
48-25-100,hindsight,2025-07-21,technical,16,11,1416,1854,992,992,2278,862,0.6966360856269113
48-25-100,hindsight,2025-07-21,privacy,4,0,146,57,120,120,83,0,0.4088669950738916
48-25-100,hindsight,2025-07-28,billing,16,1,1549,2210,1008,1008,2751,1202,0.7318435754189944
48-25-100,hindsight,2025-07-28,technical,16,11,1452,2278,992,992,2738,1286,0.7340482573726541
48-25-100,hindsight,2025-07-28,privacy,4,0,158,83,120,120,121,0,0.5020746887966805
48-25-100,hindsight,2025-08-04,billing,16,1,1592,2751,1008,1008,3335,1743,0.7679023716325121
48-25-100,hindsight,2025-08-04,technical,16,11,1516,2738,992,992,3262,1746,0.766807710390221
48-25-100,hindsight,2025-08-04,privacy,4,0,172,121,120,120,173,1,0.590443686006826
48-25-100,hindsight,2025-08-11,billing,16,1,1442,3335,1008,1008,3769,2327,0.7889889051706092
48-25-100,hindsight,2025-08-11,technical,16,11,1502,3262,992,992,3772,2270,0.7917716204869857
48-25-100,hindsight,2025-08-11,privacy,4,0,151,173,120,120,204,53,0.6296296296296297
48-25-100,hindsight,2025-08-18,billing,16,1,1442,3769,1008,1008,4203,2761,0.8065630397236615
48-25-100,hindsight,2025-08-18,technical,16,11,1369,3772,992,992,4149,2780,0.807041431628088
48-25-100,hindsight,2025-08-18,privacy,4,0,165,204,120,120,249,84,0.6747967479674797
48-25-100,hindsight,2025-08-25,billing,16,1,1489,4203,1008,1008,4684,3195,0.8229093464511595
48-25-100,hindsight,2025-08-25,technical,16,11,1275,4149,992,992,4432,3157,0.8171091445427728
48-25-100,hindsight,2025-08-25,privacy,4,0,130,249,120,120,259,129,0.683377308707124
48-25-100,hindsight,2025-09-01,billing,16,2,1465,4684,1056,1056,5093,3628,0.8282647584973166
48-25-100,hindsight,2025-09-01,technical,16,10,1258,4432,960,960,4730,3472,0.8312829525483304
48-25-100,hindsight,2025-09-01,privacy,4,0,106,259,120,120,245,139,0.6712328767123288
48-25-100,hindsight,2025-09-08,billing,16,2,1506,5093,1056,1056,5543,4037,0.8399757539021063
48-25-100,hindsight,2025-09-08,technical,16,10,1327,4730,960,960,5097,3770,0.841505695889054
48-25-100,hindsight,2025-09-08,privacy,4,0,114,245,120,120,239,125,0.6657381615598886
48-25-125,fixed,2025-06-23,billing,16,5,1510,0,1500,1500,10,0,0.006622516556291391
48-25-125,fixed,2025-06-23,technical,16,6,1591,0,1040,1040,551,0,0.3463230672532998
48-25-125,fixed,2025-06-23,privacy,4,1,152,0,180,152,0,0,0.0
48-25-125,fixed,2025-06-30,billing,16,5,1238,10,1500,1248,0,0,0.0
48-25-125,fixed,2025-06-30,technical,16,6,1356,551,1040,1040,867,0,0.45464079706345045
48-25-125,fixed,2025-06-30,privacy,4,1,123,0,180,123,0,0,0.0
48-25-125,fixed,2025-07-07,billing,16,5,1572,0,1500,1500,72,0,0.04580152671755725
48-25-125,fixed,2025-07-07,technical,16,6,1490,867,1040,1040,1317,0,0.5587611370386084
48-25-125,fixed,2025-07-07,privacy,4,1,128,0,180,128,0,0,0.0
48-25-125,fixed,2025-07-14,billing,16,5,1393,72,1500,1465,0,0,0.0
48-25-125,fixed,2025-07-14,technical,16,6,1449,1317,1040,1040,1726,277,0.6240057845263919
48-25-125,fixed,2025-07-14,privacy,4,1,134,0,180,134,0,0,0.0
48-25-125,fixed,2025-07-21,billing,16,5,1441,0,1500,1441,0,0,0.0
48-25-125,fixed,2025-07-21,technical,16,6,1416,1726,1040,1040,2102,686,0.6690006365372374
48-25-125,fixed,2025-07-21,privacy,4,1,146,0,180,146,0,0,0.0
48-25-125,fixed,2025-07-28,billing,16,5,1549,0,1500,1500,49,0,0.0316333118140736
48-25-125,fixed,2025-07-28,technical,16,6,1452,2102,1040,1040,2514,1062,0.7073719752391672
48-25-125,fixed,2025-07-28,privacy,4,1,158,0,180,158,0,0,0.0
48-25-125,fixed,2025-08-04,billing,16,5,1592,49,1500,1500,141,0,0.08592321755027423
48-25-125,fixed,2025-08-04,technical,16,6,1516,2514,1040,1040,2990,1474,0.7419354838709677
48-25-125,fixed,2025-08-04,privacy,4,1,172,0,180,172,0,0,0.0
48-25-125,fixed,2025-08-11,billing,16,5,1442,141,1500,1500,83,0,0.05243209096651927
48-25-125,fixed,2025-08-11,technical,16,6,1502,2990,1040,1040,3452,1950,0.7684772929652716
48-25-125,fixed,2025-08-11,privacy,4,1,151,0,180,151,0,0,0.0
48-25-125,fixed,2025-08-18,billing,16,5,1442,83,1500,1500,25,0,0.01639344262295082
48-25-125,fixed,2025-08-18,technical,16,6,1369,3452,1040,1040,3781,2412,0.7842771209292678
48-25-125,fixed,2025-08-18,privacy,4,1,165,0,180,165,0,0,0.0
48-25-125,fixed,2025-08-25,billing,16,5,1489,25,1500,1500,14,0,0.009247027741083224
48-25-125,fixed,2025-08-25,technical,16,6,1275,3781,1040,1040,4016,2741,0.7943037974683544
48-25-125,fixed,2025-08-25,privacy,4,1,130,0,180,130,0,0,0.0
48-25-125,fixed,2025-09-01,billing,16,5,1465,14,1500,1479,0,0,0.0
48-25-125,fixed,2025-09-01,technical,16,6,1258,4016,1040,1040,4234,2976,0.8028062191884717
48-25-125,fixed,2025-09-01,privacy,4,1,106,0,180,106,0,0,0.0
48-25-125,fixed,2025-09-08,billing,16,5,1506,0,1500,1500,6,0,0.00398406374501992
48-25-125,fixed,2025-09-08,technical,16,6,1327,4234,1040,1040,4521,3194,0.8129832763891387
48-25-125,fixed,2025-09-08,privacy,4,1,114,0,180,114,0,0,0.0
48-25-125,adaptive,2025-06-23,billing,16,1,1510,0,1260,1260,250,0,0.16556291390728478
48-25-125,adaptive,2025-06-23,technical,16,11,1591,0,1240,1240,351,0,0.22061596480201132
48-25-125,adaptive,2025-06-23,privacy,4,0,152,0,150,150,2,0,0.013157894736842105
48-25-125,adaptive,2025-06-30,billing,16,3,1238,250,1380,1380,108,0,0.07258064516129033
48-25-125,adaptive,2025-06-30,technical,16,9,1356,351,1160,1160,547,0,0.32044522554188637
48-25-125,adaptive,2025-06-30,privacy,4,0,123,2,150,125,0,0,0.0
48-25-125,adaptive,2025-07-07,billing,16,1,1572,108,1260,1260,420,0,0.25
48-25-125,adaptive,2025-07-07,technical,16,11,1490,547,1240,1240,797,0,0.3912616593028964
48-25-125,adaptive,2025-07-07,privacy,4,0,128,0,150,128,0,0,0.0
48-25-125,adaptive,2025-07-14,billing,16,3,1393,420,1380,1380,433,0,0.23883066740209596
48-25-125,adaptive,2025-07-14,technical,16,9,1449,797,1160,1160,1086,0,0.4835262689225289
48-25-125,adaptive,2025-07-14,privacy,4,0,134,0,150,134,0,0,0.0
48-25-125,adaptive,2025-07-21,billing,16,2,1441,433,1320,1320,554,0,0.29562433297758806
48-25-125,adaptive,2025-07-21,technical,16,10,1416,1086,1200,1200,1302,0,0.5203836930455635
48-25-125,adaptive,2025-07-21,privacy,4,0,146,0,150,146,0,0,0.0
48-25-125,adaptive,2025-07-28,billing,16,3,1549,554,1380,1380,723,0,0.3437945791726106
48-25-125,adaptive,2025-07-28,technical,16,9,1452,1302,1160,1160,1594,142,0.5787944807552651
48-25-125,adaptive,2025-07-28,privacy,4,0,158,0,150,150,8,0,0.05063291139240506
48-25-125,adaptive,2025-08-04,billing,16,3,1592,723,1380,1380,935,0,0.4038876889848812
48-25-125,adaptive,2025-08-04,technical,16,9,1516,1594,1160,1160,1950,434,0.6270096463022508
48-25-125,adaptive,2025-08-04,privacy,4,0,172,8,150,150,30,0,0.16666666666666666
48-25-125,adaptive,2025-08-11,billing,16,3,1442,935,1380,1380,997,0,0.4194362641985696
48-25-125,adaptive,2025-08-11,technical,16,9,1502,1950,1160,1160,2292,790,0.6639629200463499
48-25-125,adaptive,2025-08-11,privacy,4,0,151,30,150,150,31,0,0.1712707182320442
48-25-125,adaptive,2025-08-18,billing,16,3,1442,997,1380,1380,1059,0,0.43419434194341944
48-25-125,adaptive,2025-08-18,technical,16,9,1369,2292,1160,1160,2501,1132,0.6831466812346354
48-25-125,adaptive,2025-08-18,privacy,4,0,165,31,150,150,46,0,0.23469387755102042
48-25-125,adaptive,2025-08-25,billing,16,3,1489,1059,1380,1380,1168,0,0.45839874411302983
48-25-125,adaptive,2025-08-25,technical,16,9,1275,2501,1160,1160,2616,1341,0.6927966101694916
48-25-125,adaptive,2025-08-25,privacy,4,0,130,46,150,150,26,0,0.14772727272727273
48-25-125,adaptive,2025-09-01,billing,16,3,1465,1168,1380,1380,1253,0,0.47588302316748954
48-25-125,adaptive,2025-09-01,technical,16,9,1258,2616,1160,1160,2714,1456,0.7005678884873515
48-25-125,adaptive,2025-09-01,privacy,4,0,106,26,150,132,0,0,0.0
48-25-125,adaptive,2025-09-08,billing,16,3,1506,1253,1380,1380,1379,0,0.4998187749184487
48-25-125,adaptive,2025-09-08,technical,16,9,1327,2714,1160,1160,2881,1554,0.7129423410047018
48-25-125,adaptive,2025-09-08,privacy,4,0,114,0,150,114,0,0,0.0
48-25-125,optimized,2025-06-23,billing,16,0,1510,0,1200,1200,310,0,0.2052980132450331
48-25-125,optimized,2025-06-23,technical,16,12,1591,0,1280,1280,311,0,0.19547454431175362
48-25-125,optimized,2025-06-23,privacy,4,0,152,0,150,150,2,0,0.013157894736842105
48-25-125,optimized,2025-06-30,billing,16,0,1238,310,1200,1200,348,0,0.2248062015503876
48-25-125,optimized,2025-06-30,technical,16,12,1356,311,1280,1280,387,0,0.23215356928614278
48-25-125,optimized,2025-06-30,privacy,4,0,123,2,150,125,0,0,0.0
48-25-125,optimized,2025-07-07,billing,16,0,1572,348,1200,1200,720,0,0.375
48-25-125,optimized,2025-07-07,technical,16,12,1490,387,1280,1280,597,0,0.31806073521576983
48-25-125,optimized,2025-07-07,privacy,4,0,128,0,150,128,0,0,0.0
48-25-125,optimized,2025-07-14,billing,16,2,1393,720,1320,1320,793,0,0.3752957879791765
48-25-125,optimized,2025-07-14,technical,16,10,1449,597,1200,1200,846,0,0.41348973607038125
48-25-125,optimized,2025-07-14,privacy,4,0,134,0,150,134,0,0,0.0
48-25-125,optimized,2025-07-21,billing,16,0,1441,793,1200,1200,1034,0,0.4628469113697404
48-25-125,optimized,2025-07-21,technical,16,12,1416,846,1280,1280,982,0,0.43412908930150307
48-25-125,optimized,2025-07-21,privacy,4,0,146,0,150,146,0,0,0.0
48-25-125,optimized,2025-07-28,billing,16,1,1549,1034,1260,1260,1323,0,0.5121951219512195
48-25-125,optimized,2025-07-28,technical,16,11,1452,982,1240,1240,1194,0,0.4905505341002465
48-25-125,optimized,2025-07-28,privacy,4,0,158,0,150,150,8,0,0.05063291139240506
48-25-125,optimized,2025-08-04,billing,16,2,1592,1323,1320,1320,1595,3,0.5471698113207547
48-25-125,optimized,2025-08-04,technical,16,10,1516,1194,1200,1200,1510,0,0.5571955719557196
48-25-125,optimized,2025-08-04,privacy,4,0,172,8,150,150,30,0,0.16666666666666666
48-25-125,optimized,2025-08-11,billing,16,2,1442,1595,1320,1320,1717,275,0.5653605531774778
48-25-125,optimized,2025-08-11,technical,16,10,1502,1510,1200,1200,1812,310,0.601593625498008
48-25-125,optimized,2025-08-11,privacy,4,0,151,30,150,150,31,0,0.1712707182320442
48-25-125,optimized,2025-08-18,billing,16,0,1442,1717,1200,1200,1959,517,0.6201329534662868
48-25-125,optimized,2025-08-18,technical,16,12,1369,1812,1280,1280,1901,532,0.5976108142093681
48-25-125,optimized,2025-08-18,privacy,4,0,165,31,150,150,46,0,0.23469387755102042
48-25-125,optimized,2025-08-25,billing,16,1,1489,1959,1260,1260,2188,699,0.6345707656612529
48-25-125,optimized,2025-08-25,technical,16,11,1275,1901,1240,1240,1936,661,0.6095717884130982
48-25-125,optimized,2025-08-25,privacy,4,0,130,46,150,150,26,0,0.14772727272727273
48-25-125,optimized,2025-09-01,billing,16,3,1465,2188,1380,1380,2273,808,0.6222283055023269
48-25-125,optimized,2025-09-01,technical,16,9,1258,1936,1160,1160,2034,776,0.6368190356919223
48-25-125,optimized,2025-09-01,privacy,4,0,106,26,150,132,0,0,0.0
48-25-125,optimized,2025-09-08,billing,16,2,1506,2273,1320,1320,2459,953,0.6507012437152686
48-25-125,optimized,2025-09-08,technical,16,10,1327,2034,1200,1200,2161,834,0.6429634037488843
48-25-125,optimized,2025-09-08,privacy,4,0,114,0,150,114,0,0,0.0
48-25-125,hindsight,2025-06-23,billing,16,0,1510,0,1200,1200,310,0,0.2052980132450331
48-25-125,hindsight,2025-06-23,technical,16,12,1591,0,1280,1280,311,0,0.19547454431175362
48-25-125,hindsight,2025-06-23,privacy,4,0,152,0,150,150,2,0,0.013157894736842105
48-25-125,hindsight,2025-06-30,billing,16,0,1238,310,1200,1200,348,0,0.2248062015503876
48-25-125,hindsight,2025-06-30,technical,16,12,1356,311,1280,1280,387,0,0.23215356928614278
48-25-125,hindsight,2025-06-30,privacy,4,0,123,2,150,125,0,0,0.0
48-25-125,hindsight,2025-07-07,billing,16,1,1572,348,1260,1260,660,0,0.34375
48-25-125,hindsight,2025-07-07,technical,16,11,1490,387,1240,1240,637,0,0.339371337240277
48-25-125,hindsight,2025-07-07,privacy,4,0,128,0,150,128,0,0,0.0
48-25-125,hindsight,2025-07-14,billing,16,1,1393,660,1260,1260,793,0,0.3862640038967365
48-25-125,hindsight,2025-07-14,technical,16,11,1449,637,1240,1240,846,0,0.4055608820709492
48-25-125,hindsight,2025-07-14,privacy,4,0,134,0,150,134,0,0,0.0
48-25-125,hindsight,2025-07-21,billing,16,1,1441,793,1260,1260,974,0,0.4359892569382274
48-25-125,hindsight,2025-07-21,technical,16,11,1416,846,1240,1240,1022,0,0.45181255526083114
48-25-125,hindsight,2025-07-21,privacy,4,0,146,0,150,146,0,0,0.0
48-25-125,hindsight,2025-07-28,billing,16,1,1549,974,1260,1260,1263,0,0.5005945303210464
48-25-125,hindsight,2025-07-28,technical,16,11,1452,1022,1240,1240,1234,0,0.4987873888439774
48-25-125,hindsight,2025-07-28,privacy,4,0,158,0,150,150,8,0,0.05063291139240506
48-25-125,hindsight,2025-08-04,billing,16,1,1592,1263,1260,1260,1595,3,0.5586690017513135
48-25-125,hindsight,2025-08-04,technical,16,11,1516,1234,1240,1240,1510,0,0.5490909090909091
48-25-125,hindsight,2025-08-04,privacy,4,0,172,8,150,150,30,0,0.16666666666666666
48-25-125,hindsight,2025-08-11,billing,16,1,1442,1595,1260,1260,1777,335,0.5851168916694106
48-25-125,hindsight,2025-08-11,technical,16,11,1502,1510,1240,1240,1772,270,0.5883134130146083
48-25-125,hindsight,2025-08-11,privacy,4,0,151,30,150,150,31,0,0.1712707182320442
48-25-125,hindsight,2025-08-18,billing,16,1,1442,1777,1260,1260,1959,517,0.608574091332712
48-25-125,hindsight,2025-08-18,technical,16,11,1369,1772,1240,1240,1901,532,0.6052212671123846
48-25-125,hindsight,2025-08-18,privacy,4,0,165,31,150,150,46,0,0.23469387755102042
48-25-125,hindsight,2025-08-25,billing,16,2,1489,1959,1320,1320,2128,639,0.617169373549884
48-25-125,hindsight,2025-08-25,technical,16,10,1275,1901,1200,1200,1976,701,0.6221662468513854
48-25-125,hindsight,2025-08-25,privacy,4,0,130,46,150,150,26,0,0.14772727272727273
48-25-125,hindsight,2025-09-01,billing,16,2,1465,2128,1320,1320,2273,808,0.6326189813526301
48-25-125,hindsight,2025-09-01,technical,16,10,1258,1976,1200,1200,2034,776,0.6289424860853432
48-25-125,hindsight,2025-09-01,privacy,4,0,106,26,150,132,0,0,0.0
48-25-125,hindsight,2025-09-08,billing,16,2,1506,2273,1320,1320,2459,953,0.6507012437152686
48-25-125,hindsight,2025-09-08,technical,16,10,1327,2034,1200,1200,2161,834,0.6429634037488843
48-25-125,hindsight,2025-09-08,privacy,4,0,114,0,150,114,0,0,0.0
48-50-75,fixed,2025-06-23,billing,11,10,1510,0,855,855,655,0,0.4337748344370861
48-50-75,fixed,2025-06-23,technical,11,12,1591,0,618,618,973,0,0.6115650534255186
48-50-75,fixed,2025-06-23,privacy,2,2,152,0,81,81,71,0,0.46710526315789475
48-50-75,fixed,2025-06-30,billing,11,10,1238,655,855,855,1038,0,0.5483359746434231
48-50-75,fixed,2025-06-30,technical,11,12,1356,973,618,618,1711,355,0.7346500644053242
48-50-75,fixed,2025-06-30,privacy,2,2,123,71,81,81,113,0,0.5824742268041238
48-50-75,fixed,2025-07-07,billing,11,10,1572,1038,855,855,1755,183,0.6724137931034483
48-50-75,fixed,2025-07-07,technical,11,12,1490,1711,618,618,2583,1093,0.8069353327085286
48-50-75,fixed,2025-07-07,privacy,2,2,128,113,81,81,160,32,0.6639004149377593
48-50-75,fixed,2025-07-14,billing,11,10,1393,1755,855,855,2293,900,0.7283989834815756
48-50-75,fixed,2025-07-14,technical,11,12,1449,2583,618,618,3414,1965,0.8467261904761905
48-50-75,fixed,2025-07-14,privacy,2,2,134,160,81,81,213,79,0.7244897959183674
48-50-75,fixed,2025-07-21,billing,11,10,1441,2293,855,855,2879,1438,0.7710230316014998
48-50-75,fixed,2025-07-21,technical,11,12,1416,3414,618,618,4212,2796,0.8720496894409938
48-50-75,fixed,2025-07-21,privacy,2,2,146,213,81,81,278,132,0.7743732590529248
48-50-75,fixed,2025-07-28,billing,11,10,1549,2879,855,855,3573,2024,0.806910569105691
48-50-75,fixed,2025-07-28,technical,11,12,1452,4212,618,618,5046,3594,0.8908898305084746
48-50-75,fixed,2025-07-28,privacy,2,2,158,278,81,81,355,197,0.8142201834862385
48-50-75,fixed,2025-08-04,billing,11,10,1592,3573,855,855,4310,2718,0.8344627299128751
48-50-75,fixed,2025-08-04,technical,11,12,1516,5046,618,618,5944,4428,0.9058213959158793
48-50-75,fixed,2025-08-04,privacy,2,2,172,355,81,81,446,274,0.8462998102466793
48-50-75,fixed,2025-08-11,billing,11,10,1442,4310,855,855,4897,3455,0.8513560500695411
48-50-75,fixed,2025-08-11,technical,11,12,1502,5944,618,618,6828,5326,0.9170024174053183
48-50-75,fixed,2025-08-11,privacy,2,2,151,446,81,81,516,365,0.864321608040201
48-50-75,fixed,2025-08-18,billing,11,10,1442,4897,855,855,5484,4042,0.865120681495504
48-50-75,fixed,2025-08-18,technical,11,12,1369,6828,618,618,7579,6210,0.9246065633768452
48-50-75,fixed,2025-08-18,privacy,2,2,165,516,81,81,600,435,0.8810572687224669
48-50-75,fixed,2025-08-25,billing,11,10,1489,5484,855,855,6118,4629,0.8773841961852861
48-50-75,fixed,2025-08-25,technical,11,12,1275,7579,618,618,8236,6961,0.9302010390783827
48-50-75,fixed,2025-08-25,privacy,2,2,130,600,81,81,649,519,0.8890410958904109
48-50-75,fixed,2025-09-01,billing,11,10,1465,6118,855,855,6728,5263,0.8872477911116973
48-50-75,fixed,2025-09-01,technical,11,12,1258,8236,618,618,8876,7618,0.9349062565831051
48-50-75,fixed,2025-09-01,privacy,2,2,106,649,81,81,674,568,0.8927152317880794
48-50-75,fixed,2025-09-08,billing,11,10,1506,6728,855,855,7379,5873,0.8961622540684965
48-50-75,fixed,2025-09-08,technical,11,12,1327,8876,618,618,9585,8258,0.9394295795354307
48-50-75,fixed,2025-09-08,privacy,2,2,114,674,81,81,707,593,0.8972081218274112
48-50-75,adaptive,2025-06-23,billing,11,7,1510,0,747,747,763,0,0.5052980132450331
48-50-75,adaptive,2025-06-23,technical,11,15,1591,0,690,690,901,0,0.5663104965430547
48-50-75,adaptive,2025-06-23,privacy,2,2,152,0,81,81,71,0,0.46710526315789475
48-50-75,adaptive,2025-06-30,billing,11,8,1238,763,783,783,1218,0,0.6086956521739131
48-50-75,adaptive,2025-06-30,technical,11,14,1356,901,666,666,1591,235,0.7049180327868853
48-50-75,adaptive,2025-06-30,privacy,2,2,123,71,81,81,113,0,0.5824742268041238
48-50-75,adaptive,2025-07-07,billing,11,8,1572,1218,783,783,2007,435,0.7193548387096774
48-50-75,adaptive,2025-07-07,technical,11,15,1490,1591,690,690,2391,901,0.7760467380720545
48-50-75,adaptive,2025-07-07,privacy,2,1,128,113,63,63,178,50,0.7385892116182573
48-50-75,adaptive,2025-07-14,billing,11,8,1393,2007,783,783,2617,1224,0.7697058823529411
48-50-75,adaptive,2025-07-14,technical,11,14,1449,2391,666,666,3174,1725,0.8265625
48-50-75,adaptive,2025-07-14,privacy,2,2,134,178,81,81,231,97,0.7403846153846154
48-50-75,adaptive,2025-07-21,billing,11,8,1441,2617,783,783,3275,1834,0.80704780680138
48-50-75,adaptive,2025-07-21,technical,11,15,1416,3174,690,690,3900,2484,0.8496732026143791
48-50-75,adaptive,2025-07-21,privacy,2,1,146,231,63,63,314,168,0.8328912466843501
48-50-75,adaptive,2025-07-28,billing,11,8,1549,3275,783,783,4041,2492,0.8376865671641791
48-50-75,adaptive,2025-07-28,technical,11,14,1452,3900,666,666,4686,3234,0.875560538116592
48-50-75,adaptive,2025-07-28,privacy,2,2,158,314,81,81,391,233,0.8283898305084746
48-50-75,adaptive,2025-08-04,billing,11,8,1592,4041,783,783,4850,3258,0.8609976921711344
48-50-75,adaptive,2025-08-04,technical,11,14,1516,4686,666,666,5536,4020,0.8926152853918091
48-50-75,adaptive,2025-08-04,privacy,2,2,172,391,81,81,482,310,0.8561278863232682
48-50-75,adaptive,2025-08-11,billing,11,8,1442,4850,783,783,5509,4067,0.8755562619198983
48-50-75,adaptive,2025-08-11,technical,11,14,1502,5536,666,666,6372,4870,0.9053708439897699
48-50-75,adaptive,2025-08-11,privacy,2,2,151,482,81,81,552,401,0.8720379146919431
48-50-75,adaptive,2025-08-18,billing,11,8,1442,5509,783,783,6168,4726,0.8873543375053949
48-50-75,adaptive,2025-08-18,technical,11,14,1369,6372,666,666,7075,5706,0.9139646040563235
48-50-75,adaptive,2025-08-18,privacy,2,2,165,552,81,81,636,471,0.8870292887029289
48-50-75,adaptive,2025-08-25,billing,11,8,1489,6168,783,783,6874,5385,0.8977406294893562
48-50-75,adaptive,2025-08-25,technical,11,14,1275,7075,666,666,7684,6409,0.9202395209580838
48-50-75,adaptive,2025-08-25,privacy,2,2,130,636,81,81,685,555,0.8942558746736292
48-50-75,adaptive,2025-09-01,billing,11,8,1465,6874,783,783,7556,6091,0.90610384938242
48-50-75,adaptive,2025-09-01,technical,11,14,1258,7684,666,666,8276,7018,0.9255200178930888
48-50-75,adaptive,2025-09-01,privacy,2,2,106,685,81,81,710,604,0.8975979772439949
48-50-75,adaptive,2025-09-08,billing,11,9,1506,7556,819,819,8243,6737,0.9096225998675789
48-50-75,adaptive,2025-09-08,technical,11,14,1327,8276,666,666,8937,7610,0.9306466729147141
48-50-75,adaptive,2025-09-08,privacy,2,1,114,710,63,63,761,647,0.9235436893203883
48-50-75,optimized,2025-06-23,billing,11,5,1510,0,675,675,835,0,0.5529801324503312
48-50-75,optimized,2025-06-23,technical,11,17,1591,0,738,738,853,0,0.5361407919547454
48-50-75,optimized,2025-06-23,privacy,2,2,152,0,81,81,71,0,0.46710526315789475
48-50-75,optimized,2025-06-30,billing,11,6,1238,835,711,711,1362,124,0.6570188133140377
48-50-75,optimized,2025-06-30,technical,11,16,1356,853,714,714,1495,139,0.6767768220914441
48-50-75,optimized,2025-06-30,privacy,2,2,123,71,81,81,113,0,0.5824742268041238
48-50-75,optimized,2025-07-07,billing,11,5,1572,1362,675,675,2259,687,0.7699386503067485
48-50-75,optimized,2025-07-07,technical,11,18,1490,1495,762,762,2223,733,0.7447236180904523
48-50-75,optimized,2025-07-07,privacy,2,1,128,113,63,63,178,50,0.7385892116182573
48-50-75,optimized,2025-07-14,billing,11,7,1393,2259,747,747,2905,1512,0.7954545454545454
48-50-75,optimized,2025-07-14,technical,11,16,1449,2223,714,714,2958,1509,0.8055555555555556
48-50-75,optimized,2025-07-14,privacy,2,1,134,178,63,63,249,115,0.7980769230769231
48-50-75,optimized,2025-07-21,billing,11,6,1441,2905,711,711,3635,2194,0.8364012885411873
48-50-75,optimized,2025-07-21,technical,11,17,1416,2958,738,738,3636,2220,0.831275720164609
48-50-75,optimized,2025-07-21,privacy,2,1,146,249,63,63,332,186,0.8405063291139241
48-50-75,optimized,2025-07-28,billing,11,6,1549,3635,711,711,4473,2924,0.8628472222222222
48-50-75,optimized,2025-07-28,technical,11,16,1452,3636,714,714,4374,2922,0.8596698113207547
48-50-75,optimized,2025-07-28,privacy,2,2,158,332,81,81,409,251,0.8346938775510204
48-50-75,optimized,2025-08-04,billing,11,7,1592,4473,747,747,5318,3726,0.8768342951360264
48-50-75,optimized,2025-08-04,technical,11,15,1516,4374,690,690,5200,3684,0.8828522920203735
48-50-75,optimized,2025-08-04,privacy,2,2,172,409,81,81,500,328,0.8605851979345955
48-50-75,optimized,2025-08-11,billing,11,6,1442,5318,711,711,6049,4607,0.8948224852071006
48-50-75,optimized,2025-08-11,technical,11,16,1502,5200,714,714,5988,4486,0.8934646374216652
48-50-75,optimized,2025-08-11,privacy,2,2,151,500,81,81,570,419,0.8755760368663594
48-50-75,optimized,2025-08-18,billing,11,6,1442,6049,711,711,6780,5338,0.9050861033239888
48-50-75,optimized,2025-08-18,technical,11,16,1369,5988,714,714,6643,5274,0.9029495718363464
48-50-75,optimized,2025-08-18,privacy,2,2,165,570,81,81,654,489,0.889795918367347
48-50-75,optimized,2025-08-25,billing,11,6,1489,6780,711,711,7558,6069,0.9140162051033982
48-50-75,optimized,2025-08-25,technical,11,16,1275,6643,714,714,7204,5929,0.9098257135640313
48-50-75,optimized,2025-08-25,privacy,2,2,130,654,81,81,703,573,0.8966836734693877
48-50-75,optimized,2025-09-01,billing,11,7,1465,7558,747,747,8276,6811,0.9172115704311204
48-50-75,optimized,2025-09-01,technical,11,15,1258,7204,690,690,7772,6514,0.9184589931458285
48-50-75,optimized,2025-09-01,privacy,2,2,106,703,81,81,728,622,0.899876390605686
48-50-75,optimized,2025-09-08,billing,11,7,1506,8276,747,747,9035,7529,0.923635248415457
48-50-75,optimized,2025-09-08,technical,11,15,1327,7772,690,690,8409,7082,0.9241674909330696
48-50-75,optimized,2025-09-08,privacy,2,2,114,728,81,81,761,647,0.9038004750593824
48-50-75,hindsight,2025-06-23,billing,11,6,1510,0,711,711,799,0,0.5291390728476821
48-50-75,hindsight,2025-06-23,technical,11,16,1591,0,714,714,877,0,0.5512256442489001
48-50-75,hindsight,2025-06-23,privacy,2,2,152,0,81,81,71,0,0.46710526315789475
48-50-75,hindsight,2025-06-30,billing,11,5,1238,799,675,675,1362,124,0.6686303387334315
48-50-75,hindsight,2025-06-30,technical,11,17,1356,877,738,738,1495,139,0.6695029108822212
48-50-75,hindsight,2025-06-30,privacy,2,2,123,71,81,81,113,0,0.5824742268041238
48-50-75,hindsight,2025-07-07,billing,11,6,1572,1362,711,711,2223,651,0.7576687116564417
48-50-75,hindsight,2025-07-07,technical,11,17,1490,1495,738,738,2247,757,0.7527638190954774
48-50-75,hindsight,2025-07-07,privacy,2,1,128,113,63,63,178,50,0.7385892116182573
48-50-75,hindsight,2025-07-14,billing,11,6,1393,2223,711,711,2905,1512,0.8033738938053098
48-50-75,hindsight,2025-07-14,technical,11,17,1449,2247,738,738,2958,1509,0.8003246753246753
48-50-75,hindsight,2025-07-14,privacy,2,1,134,178,63,63,249,115,0.7980769230769231
48-50-75,hindsight,2025-07-21,billing,11,6,1441,2905,711,711,3635,2194,0.8364012885411873
48-50-75,hindsight,2025-07-21,technical,11,16,1416,2958,714,714,3660,2244,0.8367626886145405
48-50-75,hindsight,2025-07-21,privacy,2,2,146,249,81,81,314,168,0.7949367088607595
48-50-75,hindsight,2025-07-28,billing,11,6,1549,3635,711,711,4473,2924,0.8628472222222222
48-50-75,hindsight,2025-07-28,technical,11,16,1452,3660,714,714,4398,2946,0.8603286384976526
48-50-75,hindsight,2025-07-28,privacy,2,2,158,314,81,81,391,233,0.8283898305084746
48-50-75,hindsight,2025-08-04,billing,11,6,1592,4473,711,711,5354,3762,0.8827699917559769
48-50-75,hindsight,2025-08-04,technical,11,16,1516,4398,714,714,5200,3684,0.8792695299289821
48-50-75,hindsight,2025-08-04,privacy,2,2,172,391,81,81,482,310,0.8561278863232682
48-50-75,hindsight,2025-08-11,billing,11,6,1442,5354,711,711,6085,4643,0.8953796350794585
48-50-75,hindsight,2025-08-11,technical,11,16,1502,5200,714,714,5988,4486,0.8934646374216652
48-50-75,hindsight,2025-08-11,privacy,2,2,151,482,81,81,552,401,0.8720379146919431
48-50-75,hindsight,2025-08-18,billing,11,6,1442,6085,711,711,6816,5374,0.9055400557991231
48-50-75,hindsight,2025-08-18,technical,11,16,1369,5988,714,714,6643,5274,0.9029495718363464
48-50-75,hindsight,2025-08-18,privacy,2,2,165,552,81,81,636,471,0.8870292887029289
48-50-75,hindsight,2025-08-25,billing,11,7,1489,6816,747,747,7558,6069,0.9100541842263696
48-50-75,hindsight,2025-08-25,technical,11,15,1275,6643,690,690,7228,5953,0.9128567820156606
48-50-75,hindsight,2025-08-25,privacy,2,2,130,636,81,81,685,555,0.8942558746736292
48-50-75,hindsight,2025-09-01,billing,11,7,1465,7558,747,747,8276,6811,0.9172115704311204
48-50-75,hindsight,2025-09-01,technical,11,15,1258,7228,690,690,7796,6538,0.9186896064105585
48-50-75,hindsight,2025-09-01,privacy,2,2,106,685,81,81,710,604,0.8975979772439949
48-50-75,hindsight,2025-09-08,billing,11,7,1506,8276,747,747,9035,7529,0.923635248415457
48-50-75,hindsight,2025-09-08,technical,11,16,1327,7796,714,714,8409,7082,0.9217362709634989
48-50-75,hindsight,2025-09-08,privacy,2,1,114,710,63,63,761,647,0.9235436893203883
48-50-100,fixed,2025-06-23,billing,11,10,1510,0,1140,1140,370,0,0.24503311258278146
48-50-100,fixed,2025-06-23,technical,11,12,1591,0,824,824,767,0,0.4820867379006914
48-50-100,fixed,2025-06-23,privacy,2,2,152,0,108,108,44,0,0.2894736842105263
48-50-100,fixed,2025-06-30,billing,11,10,1238,370,1140,1140,468,0,0.291044776119403
48-50-100,fixed,2025-06-30,technical,11,12,1356,767,824,824,1299,0,0.6118699952896844
48-50-100,fixed,2025-06-30,privacy,2,2,123,44,108,108,59,0,0.3532934131736527
48-50-100,fixed,2025-07-07,billing,11,10,1572,468,1140,1140,900,0,0.4411764705882353
48-50-100,fixed,2025-07-07,technical,11,12,1490,1299,824,824,1965,475,0.704553603442094
48-50-100,fixed,2025-07-07,privacy,2,2,128,59,108,108,79,0,0.42245989304812837
48-50-100,fixed,2025-07-14,billing,11,10,1393,900,1140,1140,1153,0,0.5028347143480157
48-50-100,fixed,2025-07-14,technical,11,12,1449,1965,824,824,2590,1141,0.7586408904510837
48-50-100,fixed,2025-07-14,privacy,2,2,134,79,108,108,105,0,0.49295774647887325
48-50-100,fixed,2025-07-21,billing,11,10,1441,1153,1140,1140,1454,13,0.5605242868157286
48-50-100,fixed,2025-07-21,technical,11,12,1416,2590,824,824,3182,1766,0.7943085371942087
48-50-100,fixed,2025-07-21,privacy,2,2,146,105,108,108,143,0,0.5697211155378487
48-50-100,fixed,2025-07-28,billing,11,10,1549,1454,1140,1140,1863,314,0.6203796203796204
48-50-100,fixed,2025-07-28,technical,11,12,1452,3182,824,824,3810,2358,0.8221838584376349
48-50-100,fixed,2025-07-28,privacy,2,2,158,143,108,108,193,35,0.6411960132890365
48-50-100,fixed,2025-08-04,billing,11,10,1592,1863,1140,1140,2315,723,0.6700434153400868
48-50-100,fixed,2025-08-04,technical,11,12,1516,3810,824,824,4502,2986,0.8452872699962448
48-50-100,fixed,2025-08-04,privacy,2,2,172,193,108,108,257,85,0.7041095890410959
48-50-100,fixed,2025-08-11,billing,11,10,1442,2315,1140,1140,2617,1175,0.6965664093691776
48-50-100,fixed,2025-08-11,technical,11,12,1502,4502,824,824,5180,3678,0.8627581612258495
48-50-100,fixed,2025-08-11,privacy,2,2,151,257,108,108,300,149,0.7352941176470589
48-50-100,fixed,2025-08-18,billing,11,10,1442,2617,1140,1140,2919,1477,0.7191426459719142
48-50-100,fixed,2025-08-18,technical,11,12,1369,5180,824,824,5725,4356,0.8741792640097725
48-50-100,fixed,2025-08-18,privacy,2,2,165,300,108,108,357,192,0.7677419354838709
48-50-100,fixed,2025-08-25,billing,11,10,1489,2919,1140,1140,3268,1779,0.7413793103448276
48-50-100,fixed,2025-08-25,technical,11,12,1275,5725,824,824,6176,4901,0.8822857142857143
48-50-100,fixed,2025-08-25,privacy,2,2,130,357,108,108,379,249,0.7782340862422998
48-50-100,fixed,2025-09-01,billing,11,10,1465,3268,1140,1140,3593,2128,0.7591379674624974
48-50-100,fixed,2025-09-01,technical,11,12,1258,6176,824,824,6610,5352,0.8891579230562281
48-50-100,fixed,2025-09-01,privacy,2,2,106,379,108,108,377,271,0.777319587628866
48-50-100,fixed,2025-09-08,billing,11,10,1506,3593,1140,1140,3959,2453,0.7764267503432045
48-50-100,fixed,2025-09-08,technical,11,12,1327,6610,824,824,7113,5786,0.8961824366889253
48-50-100,fixed,2025-09-08,privacy,2,2,114,377,108,108,383,269,0.780040733197556
48-50-100,adaptive,2025-06-23,billing,11,7,1510,0,996,996,514,0,0.3403973509933775
48-50-100,adaptive,2025-06-23,technical,11,15,1591,0,920,920,671,0,0.4217473287240729
48-50-100,adaptive,2025-06-23,privacy,2,2,152,0,108,108,44,0,0.2894736842105263
48-50-100,adaptive,2025-06-30,billing,11,7,1238,514,996,996,756,0,0.4315068493150685
48-50-100,adaptive,2025-06-30,technical,11,15,1356,671,920,920,1107,0,0.5461272816970892
48-50-100,adaptive,2025-06-30,privacy,2,2,123,44,108,108,59,0,0.3532934131736527
48-50-100,adaptive,2025-07-07,billing,11,7,1572,756,996,996,1332,0,0.5721649484536082
48-50-100,adaptive,2025-07-07,technical,11,16,1490,1107,952,952,1645,155,0.633423180592992
48-50-100,adaptive,2025-07-07,privacy,2,1,128,59,84,84,103,0,0.5508021390374331
48-50-100,adaptive,2025-07-14,billing,11,8,1393,1332,1044,1044,1681,288,0.6168807339449541
48-50-100,adaptive,2025-07-14,technical,11,15,1449,1645,920,920,2174,725,0.702650290885585
48-50-100,adaptive,2025-07-14,privacy,2,1,134,103,84,84,153,19,0.6455696202531646
48-50-100,adaptive,2025-07-21,billing,11,8,1441,1681,1044,1044,2078,637,0.6655989750160154
48-50-100,adaptive,2025-07-21,technical,11,15,1416,2174,920,920,2670,1254,0.7437325905292479
48-50-100,adaptive,2025-07-21,privacy,2,1,146,153,84,84,215,69,0.7190635451505016
48-50-100,adaptive,2025-07-28,billing,11,8,1549,2078,1044,1044,2583,1034,0.7121588089330024
48-50-100,adaptive,2025-07-28,technical,11,15,1452,2670,920,920,3202,1750,0.7768073750606501
48-50-100,adaptive,2025-07-28,privacy,2,1,158,215,84,84,289,131,0.774798927613941
48-50-100,adaptive,2025-08-04,billing,11,8,1592,2583,1044,1044,3131,1539,0.749940119760479
48-50-100,adaptive,2025-08-04,technical,11,14,1516,3202,888,888,3830,2314,0.8117846545146249
48-50-100,adaptive,2025-08-04,privacy,2,2,172,289,108,108,353,181,0.7657266811279827
48-50-100,adaptive,2025-08-11,billing,11,8,1442,3131,1044,1044,3529,2087,0.7717034769298053
48-50-100,adaptive,2025-08-11,technical,11,14,1502,3830,888,888,4444,2942,0.8334583645911477
48-50-100,adaptive,2025-08-11,privacy,2,2,151,353,108,108,396,245,0.7857142857142857
48-50-100,adaptive,2025-08-18,billing,11,8,1442,3529,1044,1044,3927,2485,0.7899818949909475
48-50-100,adaptive,2025-08-18,technical,11,14,1369,4444,888,888,4925,3556,0.8472389471873387
48-50-100,adaptive,2025-08-18,privacy,2,2,165,396,108,108,453,288,0.8074866310160428
48-50-100,adaptive,2025-08-25,billing,11,8,1489,3927,1044,1044,4372,2883,0.8072378138847858
48-50-100,adaptive,2025-08-25,technical,11,14,1275,4925,888,888,5312,4037,0.8567741935483871
48-50-100,adaptive,2025-08-25,privacy,2,2,130,453,108,108,475,345,0.8147512864493996
48-50-100,adaptive,2025-09-01,billing,11,8,1465,4372,1044,1044,4793,3328,0.821140997087545
48-50-100,adaptive,2025-09-01,technical,11,14,1258,5312,888,888,5682,4424,0.8648401826484018
48-50-100,adaptive,2025-09-01,privacy,2,2,106,475,108,108,473,367,0.8141135972461274
48-50-100,adaptive,2025-09-08,billing,11,8,1506,4793,1044,1044,5255,3749,0.8342594062549611
48-50-100,adaptive,2025-09-08,technical,11,14,1327,5682,888,888,6121,4794,0.873305749750321
48-50-100,adaptive,2025-09-08,privacy,2,2,114,473,108,108,479,365,0.8160136286201022
48-50-100,optimized,2025-06-23,billing,11,5,1510,0,900,900,610,0,0.40397350993377484
48-50-100,optimized,2025-06-23,technical,11,17,1591,0,984,984,607,0,0.38152105593966057
48-50-100,optimized,2025-06-23,privacy,2,2,152,0,108,108,44,0,0.2894736842105263
48-50-100,optimized,2025-06-30,billing,11,6,1238,610,948,948,900,0,0.487012987012987
48-50-100,optimized,2025-06-30,technical,11,16,1356,607,952,952,1011,0,0.5150280183392766
48-50-100,optimized,2025-06-30,privacy,2,2,123,44,108,108,59,0,0.3532934131736527
48-50-100,optimized,2025-07-07,billing,11,5,1572,900,900,900,1572,0,0.6359223300970874
48-50-100,optimized,2025-07-07,technical,11,18,1490,1011,1016,1016,1485,0,0.5937624950019992
48-50-100,optimized,2025-07-07,privacy,2,1,128,59,84,84,103,0,0.5508021390374331
48-50-100,optimized,2025-07-14,billing,11,7,1393,1572,996,996,1969,576,0.6640809443507588
48-50-100,optimized,2025-07-14,technical,11,16,1449,1485,952,952,1982,533,0.6755282890252216
48-50-100,optimized,2025-07-14,privacy,2,1,134,103,84,84,153,19,0.6455696202531646
48-50-100,optimized,2025-07-21,billing,11,6,1441,1969,948,948,2462,1021,0.7219941348973608
48-50-100,optimized,2025-07-21,technical,11,17,1416,1982,984,984,2414,998,0.7104178928781636
48-50-100,optimized,2025-07-21,privacy,2,1,146,153,84,84,215,69,0.7190635451505016
48-50-100,optimized,2025-07-28,billing,11,6,1549,2462,948,948,3063,1514,0.7636499626028422
48-50-100,optimized,2025-07-28,technical,11,16,1452,2414,952,952,2914,1462,0.7537506466632178
48-50-100,optimized,2025-07-28,privacy,2,2,158,215,108,108,265,107,0.710455764075067
48-50-100,optimized,2025-08-04,billing,11,7,1592,3063,996,996,3659,2067,0.7860365198711063
48-50-100,optimized,2025-08-04,technical,11,15,1516,2914,920,920,3510,1994,0.7923250564334086
48-50-100,optimized,2025-08-04,privacy,2,2,172,265,108,108,329,157,0.7528604118993135
48-50-100,optimized,2025-08-11,billing,11,7,1442,3659,996,996,4105,2663,0.8047441678102333
48-50-100,optimized,2025-08-11,technical,11,15,1502,3510,920,920,4092,2590,0.816440542697526
48-50-100,optimized,2025-08-11,privacy,2,2,151,329,108,108,372,221,0.775
48-50-100,optimized,2025-08-18,billing,11,6,1442,4105,948,948,4599,3157,0.8290968090859925
48-50-100,optimized,2025-08-18,technical,11,16,1369,4092,952,952,4509,3140,0.8256729536714887
48-50-100,optimized,2025-08-18,privacy,2,2,165,372,108,108,429,264,0.7988826815642458
48-50-100,optimized,2025-08-25,billing,11,6,1489,4599,948,948,5140,3651,0.8442838370565046
48-50-100,optimized,2025-08-25,technical,11,16,1275,4509,952,952,4832,3557,0.8354080221300139
48-50-100,optimized,2025-08-25,privacy,2,2,130,429,108,108,451,321,0.8067978533094812
48-50-100,optimized,2025-09-01,billing,11,7,1465,5140,996,996,5609,4144,0.8492051476154429
48-50-100,optimized,2025-09-01,technical,11,15,1258,4832,920,920,5170,3912,0.8489326765188834
48-50-100,optimized,2025-09-01,privacy,2,2,106,451,108,108,449,343,0.8061041292639138
48-50-100,optimized,2025-09-08,billing,11,8,1506,5609,1044,1044,6071,4565,0.8532677442023893
48-50-100,optimized,2025-09-08,technical,11,15,1327,5170,920,920,5577,4250,0.8583961828536247
48-50-100,optimized,2025-09-08,privacy,2,1,114,449,84,84,479,365,0.8507992895204263
48-50-100,hindsight,2025-06-23,billing,11,6,1510,0,948,948,562,0,0.37218543046357616
48-50-100,hindsight,2025-06-23,technical,11,16,1591,0,952,952,639,0,0.40163419233186676
48-50-100,hindsight,2025-06-23,privacy,2,2,152,0,108,108,44,0,0.2894736842105263
48-50-100,hindsight,2025-06-30,billing,11,5,1238,562,900,900,900,0,0.5
48-50-100,hindsight,2025-06-30,technical,11,18,1356,639,1016,1016,979,0,0.4907268170426065
48-50-100,hindsight,2025-06-30,privacy,2,1,123,44,84,84,83,0,0.49700598802395207
48-50-100,hindsight,2025-07-07,billing,11,7,1572,900,996,996,1476,0,0.5970873786407767
48-50-100,hindsight,2025-07-07,technical,11,16,1490,979,952,952,1517,27,0.6144187930336168
48-50-100,hindsight,2025-07-07,privacy,2,1,128,83,84,84,127,0,0.6018957345971564
48-50-100,hindsight,2025-07-14,billing,11,6,1393,1476,948,948,1921,528,0.6695712791913558
48-50-100,hindsight,2025-07-14,technical,11,17,1449,1517,984,984,1982,533,0.6682400539447066
48-50-100,hindsight,2025-07-14,privacy,2,1,134,127,84,84,177,43,0.6781609195402298
48-50-100,hindsight,2025-07-21,billing,11,6,1441,1921,948,948,2414,973,0.7180249851279
48-50-100,hindsight,2025-07-21,technical,11,16,1416,1982,952,952,2446,1030,0.7198351971748087
48-50-100,hindsight,2025-07-21,privacy,2,2,146,177,108,108,215,69,0.6656346749226006
48-50-100,hindsight,2025-07-28,billing,11,6,1549,2414,948,948,3015,1466,0.7607872823618471
48-50-100,hindsight,2025-07-28,technical,11,16,1452,2446,952,952,2946,1494,0.7557721908671113
48-50-100,hindsight,2025-07-28,privacy,2,2,158,215,108,108,265,107,0.710455764075067
48-50-100,hindsight,2025-08-04,billing,11,7,1592,3015,996,996,3611,2019,0.7838072498372043
48-50-100,hindsight,2025-08-04,technical,11,15,1516,2946,920,920,3542,2026,0.7938144329896907
48-50-100,hindsight,2025-08-04,privacy,2,2,172,265,108,108,329,157,0.7528604118993135
48-50-100,hindsight,2025-08-11,billing,11,6,1442,3611,948,948,4105,2663,0.8123886799920839
48-50-100,hindsight,2025-08-11,technical,11,16,1502,3542,952,952,4092,2590,0.8112609040444092
48-50-100,hindsight,2025-08-11,privacy,2,2,151,329,108,108,372,221,0.775
48-50-100,hindsight,2025-08-18,billing,11,6,1442,4105,948,948,4599,3157,0.8290968090859925
48-50-100,hindsight,2025-08-18,technical,11,16,1369,4092,952,952,4509,3140,0.8256729536714887
48-50-100,hindsight,2025-08-18,privacy,2,2,165,372,108,108,429,264,0.7988826815642458
48-50-100,hindsight,2025-08-25,billing,11,7,1489,4599,996,996,5092,3603,0.8363994743758213
48-50-100,hindsight,2025-08-25,technical,11,15,1275,4509,920,920,4864,3589,0.8409405255878285
48-50-100,hindsight,2025-08-25,privacy,2,2,130,429,108,108,451,321,0.8067978533094812
48-50-100,hindsight,2025-09-01,billing,11,7,1465,5092,996,996,5561,4096,0.8481012658227848
48-50-100,hindsight,2025-09-01,technical,11,16,1258,4864,952,952,5170,3912,0.8444952629859523
48-50-100,hindsight,2025-09-01,privacy,2,1,106,451,84,84,473,367,0.8491921005385996
48-50-100,hindsight,2025-09-08,billing,11,8,1506,5561,1044,1044,6023,4517,0.8522711192868261
48-50-100,hindsight,2025-09-08,technical,11,15,1327,5170,920,920,5577,4250,0.8583961828536247
48-50-100,hindsight,2025-09-08,privacy,2,1,114,473,84,84,503,389,0.8568994889267462
48-50-125,fixed,2025-06-23,billing,11,10,1510,0,1425,1425,85,0,0.056291390728476824
48-50-125,fixed,2025-06-23,technical,11,12,1591,0,1030,1030,561,0,0.35260842237586426
48-50-125,fixed,2025-06-23,privacy,2,2,152,0,135,135,17,0,0.1118421052631579
48-50-125,fixed,2025-06-30,billing,11,10,1238,85,1425,1323,0,0,0.0
48-50-125,fixed,2025-06-30,technical,11,12,1356,561,1030,1030,887,0,0.46270213875847677
48-50-125,fixed,2025-06-30,privacy,2,2,123,17,135,135,5,0,0.03571428571428571
48-50-125,fixed,2025-07-07,billing,11,10,1572,0,1425,1425,147,0,0.09351145038167939
48-50-125,fixed,2025-07-07,technical,11,12,1490,887,1030,1030,1347,0,0.5666806899453092
48-50-125,fixed,2025-07-07,privacy,2,2,128,5,135,133,0,0,0.0
48-50-125,fixed,2025-07-14,billing,11,10,1393,147,1425,1425,115,0,0.07467532467532467
48-50-125,fixed,2025-07-14,technical,11,12,1449,1347,1030,1030,1766,317,0.6316165951359084
48-50-125,fixed,2025-07-14,privacy,2,2,134,0,135,134,0,0,0.0
48-50-125,fixed,2025-07-21,billing,11,10,1441,115,1425,1425,131,0,0.08419023136246787
48-50-125,fixed,2025-07-21,technical,11,12,1416,1766,1030,1030,2152,736,0.6763042111879322
48-50-125,fixed,2025-07-21,privacy,2,2,146,0,135,135,11,0,0.07534246575342465
48-50-125,fixed,2025-07-28,billing,11,10,1549,131,1425,1425,255,0,0.15178571428571427
48-50-125,fixed,2025-07-28,technical,11,12,1452,2152,1030,1030,2574,1122,0.7142064372918979
48-50-125,fixed,2025-07-28,privacy,2,2,158,11,135,135,34,0,0.20118343195266272
48-50-125,fixed,2025-08-04,billing,11,10,1592,255,1425,1425,422,0,0.22847861396859773
48-50-125,fixed,2025-08-04,technical,11,12,1516,2574,1030,1030,3060,1544,0.7481662591687042
48-50-125,fixed,2025-08-04,privacy,2,2,172,34,135,135,71,0,0.3446601941747573
48-50-125,fixed,2025-08-11,billing,11,10,1442,422,1425,1425,439,0,0.23551502145922748
48-50-125,fixed,2025-08-11,technical,11,12,1502,3060,1030,1030,3532,2030,0.7742218325295923
48-50-125,fixed,2025-08-11,privacy,2,2,151,71,135,135,87,0,0.3918918918918919
48-50-125,fixed,2025-08-18,billing,11,10,1442,439,1425,1425,456,0,0.24242424242424243
48-50-125,fixed,2025-08-18,technical,11,12,1369,3532,1030,1030,3871,2502,0.7898388084064477
48-50-125,fixed,2025-08-18,privacy,2,2,165,87,135,135,117,0,0.4642857142857143
48-50-125,fixed,2025-08-25,billing,11,10,1489,456,1425,1425,520,0,0.26735218508997427
48-50-125,fixed,2025-08-25,technical,11,12,1275,3871,1030,1030,4116,2841,0.7998445394481151
48-50-125,fixed,2025-08-25,privacy,2,2,130,117,135,135,112,0,0.4534412955465587
48-50-125,fixed,2025-09-01,billing,11,10,1465,520,1425,1425,560,0,0.28211586901763225
48-50-125,fixed,2025-09-01,technical,11,12,1258,4116,1030,1030,4344,3086,0.8083364346855229
48-50-125,fixed,2025-09-01,privacy,2,2,106,112,135,135,83,0,0.38073394495412843
48-50-125,fixed,2025-09-08,billing,11,10,1506,560,1425,1425,641,0,0.31026137463697967
48-50-125,fixed,2025-09-08,technical,11,12,1327,4344,1030,1030,4641,3314,0.8183741844471875
48-50-125,fixed,2025-09-08,privacy,2,2,114,83,135,135,62,0,0.3147208121827411
48-50-125,adaptive,2025-06-23,billing,11,6,1510,0,1185,1185,325,0,0.2152317880794702
48-50-125,adaptive,2025-06-23,technical,11,16,1591,0,1190,1190,401,0,0.25204274041483343
48-50-125,adaptive,2025-06-23,privacy,2,2,152,0,135,135,17,0,0.1118421052631579
48-50-125,adaptive,2025-06-30,billing,11,7,1238,325,1245,1245,318,0,0.2034548944337812
48-50-125,adaptive,2025-06-30,technical,11,16,1356,401,1190,1190,567,0,0.32270916334661354
48-50-125,adaptive,2025-06-30,privacy,2,1,123,17,105,105,35,0,0.25
48-50-125,adaptive,2025-07-07,billing,11,6,1572,318,1185,1185,705,0,0.373015873015873
48-50-125,adaptive,2025-07-07,technical,11,17,1490,567,1230,1230,827,0,0.40204180845892074
48-50-125,adaptive,2025-07-07,privacy,2,1,128,35,105,105,58,0,0.3558282208588957
48-50-125,adaptive,2025-07-14,billing,11,8,1393,705,1305,1305,793,0,0.37797902764537655
48-50-125,adaptive,2025-07-14,technical,11,15,1449,827,1150,1150,1126,0,0.4947275922671353
48-50-125,adaptive,2025-07-14,privacy,2,1,134,58,105,105,87,0,0.453125
48-50-125,adaptive,2025-07-21,billing,11,7,1441,793,1245,1245,989,0,0.44270367054610565
48-50-125,adaptive,2025-07-21,technical,11,16,1416,1126,1190,1190,1352,0,0.5318646734854445
48-50-125,adaptive,2025-07-21,privacy,2,1,146,87,105,105,128,0,0.5493562231759657
48-50-125,adaptive,2025-07-28,billing,11,7,1549,989,1245,1245,1293,0,0.5094562647754137
48-50-125,adaptive,2025-07-28,technical,11,15,1452,1352,1150,1150,1654,202,0.5898716119828816
48-50-125,adaptive,2025-07-28,privacy,2,2,158,128,135,135,151,0,0.527972027972028
48-50-125,adaptive,2025-08-04,billing,11,8,1592,1293,1305,1305,1580,0,0.5476603119584056
48-50-125,adaptive,2025-08-04,technical,11,14,1516,1654,1110,1110,2060,544,0.6498422712933754
48-50-125,adaptive,2025-08-04,privacy,2,2,172,151,135,135,188,16,0.5820433436532507
48-50-125,adaptive,2025-08-11,billing,11,7,1442,1580,1245,1245,1777,335,0.5880211780277962
48-50-125,adaptive,2025-08-11,technical,11,15,1502,2060,1150,1150,2412,910,0.6771476698483998
48-50-125,adaptive,2025-08-11,privacy,2,2,151,188,135,135,204,53,0.6017699115044248
48-50-125,adaptive,2025-08-18,billing,11,7,1442,1777,1245,1245,1974,532,0.6132339235787512
48-50-125,adaptive,2025-08-18,technical,11,15,1369,2412,1150,1150,2631,1262,0.6958476593493784
48-50-125,adaptive,2025-08-18,privacy,2,2,165,204,135,135,234,69,0.6341463414634146
48-50-125,adaptive,2025-08-25,billing,11,7,1489,1974,1245,1245,2218,729,0.6404851285012995
48-50-125,adaptive,2025-08-25,technical,11,15,1275,2631,1150,1150,2756,1481,0.7055811571940604
48-50-125,adaptive,2025-08-25,privacy,2,2,130,234,135,135,229,99,0.6291208791208791
48-50-125,adaptive,2025-09-01,billing,11,8,1465,2218,1305,1305,2378,913,0.6456692913385826
48-50-125,adaptive,2025-09-01,technical,11,14,1258,2756,1110,1110,2904,1646,0.7234678624813154
48-50-125,adaptive,2025-09-01,privacy,2,2,106,229,135,135,200,94,0.5970149253731343
48-50-125,adaptive,2025-09-08,billing,11,8,1506,2378,1305,1305,2579,1073,0.6640061791967045
48-50-125,adaptive,2025-09-08,technical,11,15,1327,2904,1150,1150,3081,1754,0.7281966438194281
48-50-125,adaptive,2025-09-08,privacy,2,1,114,200,105,105,209,95,0.6656050955414012
48-50-125,optimized,2025-06-23,billing,11,5,1510,0,1125,1125,385,0,0.25496688741721857
48-50-125,optimized,2025-06-23,technical,11,17,1591,0,1230,1230,361,0,0.22690131992457574
48-50-125,optimized,2025-06-23,privacy,2,2,152,0,135,135,17,0,0.1118421052631579
48-50-125,optimized,2025-06-30,billing,11,6,1238,385,1185,1185,438,0,0.2698706099815157
48-50-125,optimized,2025-06-30,technical,11,17,1356,361,1230,1230,487,0,0.28363424577751895
48-50-125,optimized,2025-06-30,privacy,2,1,123,17,105,105,35,0,0.25
48-50-125,optimized,2025-07-07,billing,11,5,1572,438,1125,1125,885,0,0.44029850746268656
48-50-125,optimized,2025-07-07,technical,11,17,1490,487,1230,1230,747,0,0.37784522003034904
48-50-125,optimized,2025-07-07,privacy,2,2,128,35,135,135,28,0,0.17177914110429449
48-50-125,optimized,2025-07-14,billing,11,8,1393,885,1305,1305,973,0,0.42712906057945565
48-50-125,optimized,2025-07-14,technical,11,15,1449,747,1150,1150,1046,0,0.4763205828779599
48-50-125,optimized,2025-07-14,privacy,2,1,134,28,105,105,57,0,0.35185185185185186
48-50-125,optimized,2025-07-21,billing,11,6,1441,973,1185,1185,1229,0,0.5091135045567523
48-50-125,optimized,2025-07-21,technical,11,17,1416,1046,1230,1230,1232,0,0.5004061738424046
48-50-125,optimized,2025-07-21,privacy,2,1,146,57,105,105,98,0,0.4827586206896552
48-50-125,optimized,2025-07-28,billing,11,6,1549,1229,1185,1185,1593,44,0.5734341252699784
48-50-125,optimized,2025-07-28,technical,11,16,1452,1232,1190,1190,1494,42,0.5566318926974665
48-50-125,optimized,2025-07-28,privacy,2,2,158,98,135,135,121,0,0.47265625
48-50-125,optimized,2025-08-04,billing,11,7,1592,1593,1245,1245,1940,348,0.609105180533752
48-50-125,optimized,2025-08-04,technical,11,15,1516,1494,1150,1150,1860,344,0.6179401993355482
48-50-125,optimized,2025-08-04,privacy,2,2,172,121,135,135,158,0,0.5392491467576792
48-50-125,optimized,2025-08-11,billing,11,7,1442,1940,1245,1245,2137,695,0.6318746303962153
48-50-125,optimized,2025-08-11,technical,11,15,1502,1860,1150,1150,2212,710,0.6579417013682332
48-50-125,optimized,2025-08-11,privacy,2,2,151,158,135,135,174,23,0.5631067961165048
48-50-125,optimized,2025-08-18,billing,11,6,1442,2137,1185,1185,2394,952,0.6689019279128248
48-50-125,optimized,2025-08-18,technical,11,17,1369,2212,1230,1230,2351,982,0.6565205249930187
48-50-125,optimized,2025-08-18,privacy,2,1,165,174,105,105,234,69,0.6902654867256637
48-50-125,optimized,2025-08-25,billing,11,7,1489,2394,1245,1245,2638,1149,0.6793716198815349
48-50-125,optimized,2025-08-25,technical,11,15,1275,2351,1150,1150,2476,1201,0.68284611141754
48-50-125,optimized,2025-08-25,privacy,2,2,130,234,135,135,229,99,0.6291208791208791
48-50-125,optimized,2025-09-01,billing,11,7,1465,2638,1245,1245,2858,1393,0.6965634901291737
48-50-125,optimized,2025-09-01,technical,11,15,1258,2476,1150,1150,2584,1326,0.692019282271023
48-50-125,optimized,2025-09-01,privacy,2,2,106,229,135,135,200,94,0.5970149253731343
48-50-125,optimized,2025-09-08,billing,11,8,1506,2858,1305,1305,3059,1553,0.7009624197983502
48-50-125,optimized,2025-09-08,technical,11,15,1327,2584,1150,1150,2761,1434,0.7059575556123754
48-50-125,optimized,2025-09-08,privacy,2,1,114,200,105,105,209,95,0.6656050955414012
48-50-125,hindsight,2025-06-23,billing,11,6,1510,0,1185,1185,325,0,0.2152317880794702
48-50-125,hindsight,2025-06-23,technical,11,16,1591,0,1190,1190,401,0,0.25204274041483343
48-50-125,hindsight,2025-06-23,privacy,2,2,152,0,135,135,17,0,0.1118421052631579
48-50-125,hindsight,2025-06-30,billing,11,5,1238,325,1125,1125,438,0,0.2802303262955854
48-50-125,hindsight,2025-06-30,technical,11,18,1356,401,1270,1270,487,0,0.2771770062606716
48-50-125,hindsight,2025-06-30,privacy,2,1,123,17,105,105,35,0,0.25
48-50-125,hindsight,2025-07-07,billing,11,7,1572,438,1245,1245,765,0,0.3805970149253731
48-50-125,hindsight,2025-07-07,technical,11,16,1490,487,1190,1190,787,0,0.39807789580171976
48-50-125,hindsight,2025-07-07,privacy,2,1,128,35,105,105,58,0,0.3558282208588957
48-50-125,hindsight,2025-07-14,billing,11,6,1393,765,1185,1185,973,0,0.4508804448563485
48-50-125,hindsight,2025-07-14,technical,11,17,1449,787,1230,1230,1006,0,0.44991055456171736
48-50-125,hindsight,2025-07-14,privacy,2,1,134,58,105,105,87,0,0.453125
48-50-125,hindsight,2025-07-21,billing,11,6,1441,973,1185,1185,1229,0,0.5091135045567523
48-50-125,hindsight,2025-07-21,technical,11,16,1416,1006,1190,1190,1232,0,0.5086705202312138
48-50-125,hindsight,2025-07-21,privacy,2,2,146,87,135,135,98,0,0.4206008583690987
48-50-125,hindsight,2025-07-28,billing,11,7,1549,1229,1245,1245,1533,0,0.5518358531317494
48-50-125,hindsight,2025-07-28,technical,11,15,1452,1232,1150,1150,1534,82,0.5715350223546944
48-50-125,hindsight,2025-07-28,privacy,2,2,158,98,135,135,121,0,0.47265625
48-50-125,hindsight,2025-08-04,billing,11,6,1592,1533,1185,1185,1940,348,0.6208
48-50-125,hindsight,2025-08-04,technical,11,16,1516,1534,1190,1190,1860,344,0.6098360655737705
48-50-125,hindsight,2025-08-04,privacy,2,2,172,121,135,135,158,0,0.5392491467576792
48-50-125,hindsight,2025-08-11,billing,11,6,1442,1940,1185,1185,2197,755,0.6496156120638675
48-50-125,hindsight,2025-08-11,technical,11,16,1502,1860,1190,1190,2172,670,0.646044021415824
48-50-125,hindsight,2025-08-11,privacy,2,2,151,158,135,135,174,23,0.5631067961165048
48-50-125,hindsight,2025-08-18,billing,11,6,1442,2197,1185,1185,2454,1012,0.674361088211047
48-50-125,hindsight,2025-08-18,technical,11,16,1369,2172,1190,1190,2351,982,0.6639367410336063
48-50-125,hindsight,2025-08-18,privacy,2,2,165,174,135,135,204,39,0.6017699115044248
48-50-125,hindsight,2025-08-25,billing,11,7,1489,2454,1245,1245,2698,1209,0.6842505706314989
48-50-125,hindsight,2025-08-25,technical,11,15,1275,2351,1150,1150,2476,1201,0.68284611141754
48-50-125,hindsight,2025-08-25,privacy,2,2,130,204,135,135,199,69,0.5958083832335329
48-50-125,hindsight,2025-09-01,billing,11,8,1465,2698,1305,1305,2858,1393,0.686524141244295
48-50-125,hindsight,2025-09-01,technical,11,15,1258,2476,1150,1150,2584,1326,0.692019282271023
48-50-125,hindsight,2025-09-01,privacy,2,1,106,199,105,105,200,94,0.6557377049180327
48-50-125,hindsight,2025-09-08,billing,11,8,1506,2858,1305,1305,3059,1553,0.7009624197983502
48-50-125,hindsight,2025-09-08,technical,11,15,1327,2584,1150,1150,2761,1434,0.7059575556123754
48-50-125,hindsight,2025-09-08,privacy,2,1,114,200,105,105,209,95,0.6656050955414012
48-100-75,fixed,2025-06-23,billing,0,19,1510,0,684,684,826,0,0.5470198675496689
48-100-75,fixed,2025-06-23,technical,0,25,1591,0,600,600,991,0,0.6228786926461345
48-100-75,fixed,2025-06-23,privacy,0,4,152,0,72,72,80,0,0.5263157894736842
48-100-75,fixed,2025-06-30,billing,0,19,1238,826,684,684,1380,142,0.6686046511627907
48-100-75,fixed,2025-06-30,technical,0,25,1356,991,600,600,1747,391,0.7443544951001279
48-100-75,fixed,2025-06-30,privacy,0,4,123,80,72,72,131,8,0.645320197044335
48-100-75,fixed,2025-07-07,billing,0,19,1572,1380,684,684,2268,696,0.7682926829268293
48-100-75,fixed,2025-07-07,technical,0,25,1490,1747,600,600,2637,1147,0.8146431881371641
48-100-75,fixed,2025-07-07,privacy,0,4,128,131,72,72,187,59,0.722007722007722
48-100-75,fixed,2025-07-14,billing,0,19,1393,2268,684,684,2977,1584,0.8131658016935264
48-100-75,fixed,2025-07-14,technical,0,25,1449,2637,600,600,3486,2037,0.8531571218795888
48-100-75,fixed,2025-07-14,privacy,0,4,134,187,72,72,249,115,0.7757009345794392
48-100-75,fixed,2025-07-21,billing,0,19,1441,2977,684,684,3734,2293,0.8451788139429606
48-100-75,fixed,2025-07-21,technical,0,25,1416,3486,600,600,4302,2886,0.8776009791921665
48-100-75,fixed,2025-07-21,privacy,0,4,146,249,72,72,323,177,0.8177215189873418
48-100-75,fixed,2025-07-28,billing,0,19,1549,3734,684,684,4599,3050,0.8705281090289608
48-100-75,fixed,2025-07-28,technical,0,25,1452,4302,600,600,5154,3702,0.8957247132429614
48-100-75,fixed,2025-07-28,privacy,0,4,158,323,72,72,409,251,0.8503118503118503
48-100-75,fixed,2025-08-04,billing,0,19,1592,4599,684,684,5507,3915,0.8895170408657729
48-100-75,fixed,2025-08-04,technical,0,25,1516,5154,600,600,6070,4554,0.9100449775112444
48-100-75,fixed,2025-08-04,privacy,0,4,172,409,72,72,509,337,0.8760757314974182
48-100-75,fixed,2025-08-11,billing,0,19,1442,5507,684,684,6265,4823,0.9015685710174126
48-100-75,fixed,2025-08-11,technical,0,25,1502,6070,600,600,6972,5470,0.9207606973058637
48-100-75,fixed,2025-08-11,privacy,0,4,151,509,72,72,588,437,0.8909090909090909
48-100-75,fixed,2025-08-18,billing,0,19,1442,6265,684,684,7023,5581,0.9112495134293499
48-100-75,fixed,2025-08-18,technical,0,25,1369,6972,600,600,7741,6372,0.928066179115214
48-100-75,fixed,2025-08-18,privacy,0,4,165,588,72,72,681,516,0.9043824701195219
48-100-75,fixed,2025-08-25,billing,0,19,1489,7023,684,684,7828,6339,0.9196428571428571
48-100-75,fixed,2025-08-25,technical,0,25,1275,7741,600,600,8416,7141,0.9334516415261757
48-100-75,fixed,2025-08-25,privacy,0,4,130,681,72,72,739,609,0.9112207151664612
48-100-75,fixed,2025-09-01,billing,0,19,1465,7828,684,684,8609,7144,0.9263962122027333
48-100-75,fixed,2025-09-01,technical,0,25,1258,8416,600,600,9074,7816,0.9379780855902419
48-100-75,fixed,2025-09-01,privacy,0,4,106,739,72,72,773,667,0.914792899408284
48-100-75,fixed,2025-09-08,billing,0,19,1506,8609,684,684,9431,7925,0.932377656945131
48-100-75,fixed,2025-09-08,technical,0,25,1327,9074,600,600,9801,8474,0.9423132391116239
48-100-75,fixed,2025-09-08,privacy,0,4,114,773,72,72,815,701,0.9188275084554679
48-100-75,adaptive,2025-06-23,billing,0,17,1510,0,612,612,898,0,0.5947019867549669
48-100-75,adaptive,2025-06-23,technical,0,27,1591,0,648,648,943,0,0.5927089880578252
48-100-75,adaptive,2025-06-23,privacy,0,4,152,0,72,72,80,0,0.5263157894736842
48-100-75,adaptive,2025-06-30,billing,0,17,1238,898,612,612,1524,286,0.7134831460674157
48-100-75,adaptive,2025-06-30,technical,0,28,1356,943,672,672,1627,271,0.7076989995650282
48-100-75,adaptive,2025-06-30,privacy,0,3,123,80,54,54,149,26,0.7339901477832512
48-100-75,adaptive,2025-07-07,billing,0,17,1572,1524,612,612,2484,912,0.8023255813953488
48-100-75,adaptive,2025-07-07,technical,0,28,1490,1627,672,672,2445,955,0.7844080846968239
48-100-75,adaptive,2025-07-07,privacy,0,3,128,149,54,54,223,95,0.8050541516245487
48-100-75,adaptive,2025-07-14,billing,0,18,1393,2484,648,648,3229,1836,0.8328604591178747
48-100-75,adaptive,2025-07-14,technical,0,27,1449,2445,648,648,3246,1797,0.8335901386748844
48-100-75,adaptive,2025-07-14,privacy,0,3,134,223,54,54,303,169,0.8487394957983193
48-100-75,adaptive,2025-07-21,billing,0,18,1441,3229,648,648,4022,2581,0.8612419700214132
48-100-75,adaptive,2025-07-21,technical,0,27,1416,3246,648,648,4014,2598,0.861003861003861
48-100-75,adaptive,2025-07-21,privacy,0,3,146,303,54,54,395,249,0.8797327394209354
48-100-75,adaptive,2025-07-28,billing,0,18,1549,4022,648,648,4923,3374,0.8836833602584814
48-100-75,adaptive,2025-07-28,technical,0,27,1452,4014,648,648,4818,3366,0.8814489571899012
48-100-75,adaptive,2025-07-28,privacy,0,3,158,395,54,54,499,341,0.9023508137432188
48-100-75,adaptive,2025-08-04,billing,0,18,1592,4923,648,648,5867,4275,0.9005372217958557
48-100-75,adaptive,2025-08-04,technical,0,26,1516,4818,624,624,5710,4194,0.9014840543100726
48-100-75,adaptive,2025-08-04,privacy,0,4,172,499,72,72,599,427,0.8926974664679582
48-100-75,adaptive,2025-08-11,billing,0,18,1442,5867,648,648,6661,5219,0.9113421808728964
48-100-75,adaptive,2025-08-11,technical,0,26,1502,5710,624,624,6588,5086,0.913477537437604
48-100-75,adaptive,2025-08-11,privacy,0,4,151,599,72,72,678,527,0.904
48-100-75,adaptive,2025-08-18,billing,0,18,1442,6661,648,648,7455,6013,0.9200296186597556
48-100-75,adaptive,2025-08-18,technical,0,26,1369,6588,624,624,7333,5964,0.9215784843533995
48-100-75,adaptive,2025-08-18,privacy,0,4,165,678,72,72,771,606,0.9145907473309609
48-100-75,adaptive,2025-08-25,billing,0,18,1489,7455,648,648,8296,6807,0.9275491949910555
48-100-75,adaptive,2025-08-25,technical,0,26,1275,7333,624,624,7984,6709,0.9275092936802974
48-100-75,adaptive,2025-08-25,privacy,0,4,130,771,72,72,829,699,0.9200887902330743
48-100-75,adaptive,2025-09-01,billing,0,18,1465,8296,648,648,9113,7648,0.9336133592869583
48-100-75,adaptive,2025-09-01,technical,0,26,1258,7984,624,624,8618,7360,0.9324821467214889
48-100-75,adaptive,2025-09-01,privacy,0,4,106,829,72,72,863,757,0.9229946524064171
48-100-75,adaptive,2025-09-08,billing,0,19,1506,9113,684,684,9935,8429,0.9355871550993502
48-100-75,adaptive,2025-09-08,technical,0,26,1327,8618,624,624,9321,7994,0.9372549019607843
48-100-75,adaptive,2025-09-08,privacy,0,3,114,863,54,54,923,809,0.9447287615148413
48-100-75,optimized,2025-06-23,billing,0,17,1510,0,612,612,898,0,0.5947019867549669
48-100-75,optimized,2025-06-23,technical,0,27,1591,0,648,648,943,0,0.5927089880578252
48-100-75,optimized,2025-06-23,privacy,0,4,152,0,72,72,80,0,0.5263157894736842
48-100-75,optimized,2025-06-30,billing,0,17,1238,898,612,612,1524,286,0.7134831460674157
48-100-75,optimized,2025-06-30,technical,0,27,1356,943,648,648,1651,295,0.7181383210091344
48-100-75,optimized,2025-06-30,privacy,0,4,123,80,72,72,131,8,0.645320197044335
48-100-75,optimized,2025-07-07,billing,0,17,1572,1524,612,612,2484,912,0.8023255813953488
48-100-75,optimized,2025-07-07,technical,0,27,1490,1651,648,648,2493,1003,0.7936962750716332
48-100-75,optimized,2025-07-07,privacy,0,4,128,131,72,72,187,59,0.722007722007722
48-100-75,optimized,2025-07-14,billing,0,18,1393,2484,648,648,3229,1836,0.8328604591178747
48-100-75,optimized,2025-07-14,technical,0,27,1449,2493,648,648,3294,1845,0.8356164383561644
48-100-75,optimized,2025-07-14,privacy,0,3,134,187,54,54,267,133,0.8317757009345794
48-100-75,optimized,2025-07-21,billing,0,18,1441,3229,648,648,4022,2581,0.8612419700214132
48-100-75,optimized,2025-07-21,technical,0,27,1416,3294,648,648,4062,2646,0.8624203821656051
48-100-75,optimized,2025-07-21,privacy,0,3,146,267,54,54,359,213,0.8692493946731235
48-100-75,optimized,2025-07-28,billing,0,18,1549,4022,648,648,4923,3374,0.8836833602584814
48-100-75,optimized,2025-07-28,technical,0,26,1452,4062,624,624,4890,3438,0.8868335146898803
48-100-75,optimized,2025-07-28,privacy,0,4,158,359,72,72,445,287,0.8607350096711799
48-100-75,optimized,2025-08-04,billing,0,18,1592,4923,648,648,5867,4275,0.9005372217958557
48-100-75,optimized,2025-08-04,technical,0,26,1516,4890,624,624,5782,4266,0.902591320636903
48-100-75,optimized,2025-08-04,privacy,0,4,172,445,72,72,545,373,0.8833063209076175
48-100-75,optimized,2025-08-11,billing,0,18,1442,5867,648,648,6661,5219,0.9113421808728964
48-100-75,optimized,2025-08-11,technical,0,26,1502,5782,624,624,6660,5158,0.914332784184514
48-100-75,optimized,2025-08-11,privacy,0,4,151,545,72,72,624,473,0.896551724137931
48-100-75,optimized,2025-08-18,billing,0,18,1442,6661,648,648,7455,6013,0.9200296186597556
48-100-75,optimized,2025-08-18,technical,0,26,1369,6660,624,624,7405,6036,0.9222817287333417
48-100-75,optimized,2025-08-18,privacy,0,4,165,624,72,72,717,552,0.908745247148289
48-100-75,optimized,2025-08-25,billing,0,18,1489,7455,648,648,8296,6807,0.9275491949910555
48-100-75,optimized,2025-08-25,technical,0,26,1275,7405,624,624,8056,6781,0.928110599078341
48-100-75,optimized,2025-08-25,privacy,0,4,130,717,72,72,775,645,0.9149940968122786
48-100-75,optimized,2025-09-01,billing,0,18,1465,8296,648,648,9113,7648,0.9336133592869583
48-100-75,optimized,2025-09-01,technical,0,26,1258,8056,624,624,8690,7432,0.9330040798797509
48-100-75,optimized,2025-09-01,privacy,0,4,106,775,72,72,809,703,0.9182746878547106
48-100-75,optimized,2025-09-08,billing,0,18,1506,9113,648,648,9971,8465,0.9389773048309634
48-100-75,optimized,2025-09-08,technical,0,26,1327,8690,624,624,9393,8066,0.9377058999700509
48-100-75,optimized,2025-09-08,privacy,0,4,114,809,72,72,851,737,0.9219934994582882
48-100-75,hindsight,2025-06-23,billing,0,17,1510,0,612,612,898,0,0.5947019867549669
48-100-75,hindsight,2025-06-23,technical,0,27,1591,0,648,648,943,0,0.5927089880578252
48-100-75,hindsight,2025-06-23,privacy,0,4,152,0,72,72,80,0,0.5263157894736842
48-100-75,hindsight,2025-06-30,billing,0,17,1238,898,612,612,1524,286,0.7134831460674157
48-100-75,hindsight,2025-06-30,technical,0,27,1356,943,648,648,1651,295,0.7181383210091344
48-100-75,hindsight,2025-06-30,privacy,0,4,123,80,72,72,131,8,0.645320197044335
48-100-75,hindsight,2025-07-07,billing,0,18,1572,1524,648,648,2448,876,0.7906976744186046
48-100-75,hindsight,2025-07-07,technical,0,27,1490,1651,648,648,2493,1003,0.7936962750716332
48-100-75,hindsight,2025-07-07,privacy,0,3,128,131,54,54,205,77,0.7915057915057915
48-100-75,hindsight,2025-07-14,billing,0,17,1393,2448,612,612,3229,1836,0.840666493100755
48-100-75,hindsight,2025-07-14,technical,0,27,1449,2493,648,648,3294,1845,0.8356164383561644
48-100-75,hindsight,2025-07-14,privacy,0,4,134,205,72,72,267,133,0.7876106194690266
48-100-75,hindsight,2025-07-21,billing,0,18,1441,3229,648,648,4022,2581,0.8612419700214132
48-100-75,hindsight,2025-07-21,technical,0,26,1416,3294,624,624,4086,2670,0.867515923566879
48-100-75,hindsight,2025-07-21,privacy,0,4,146,267,72,72,341,195,0.8256658595641646
48-100-75,hindsight,2025-07-28,billing,0,18,1549,4022,648,648,4923,3374,0.8836833602584814
48-100-75,hindsight,2025-07-28,technical,0,26,1452,4086,624,624,4914,3462,0.8873239436619719
48-100-75,hindsight,2025-07-28,privacy,0,4,158,341,72,72,427,269,0.8557114228456913
48-100-75,hindsight,2025-08-04,billing,0,18,1592,4923,648,648,5867,4275,0.9005372217958557
48-100-75,hindsight,2025-08-04,technical,0,26,1516,4914,624,624,5806,4290,0.902954898911353
48-100-75,hindsight,2025-08-04,privacy,0,4,172,427,72,72,527,355,0.8797996661101837
48-100-75,hindsight,2025-08-11,billing,0,18,1442,5867,648,648,6661,5219,0.9113421808728964
48-100-75,hindsight,2025-08-11,technical,0,26,1502,5806,624,624,6684,5182,0.9146141215106732
48-100-75,hindsight,2025-08-11,privacy,0,4,151,527,72,72,606,455,0.8938053097345132
48-100-75,hindsight,2025-08-18,billing,0,18,1442,6661,648,648,7455,6013,0.9200296186597556
48-100-75,hindsight,2025-08-18,technical,0,26,1369,6684,624,624,7429,6060,0.9225133490624612
48-100-75,hindsight,2025-08-18,privacy,0,4,165,606,72,72,699,534,0.9066147859922179
48-100-75,hindsight,2025-08-25,billing,0,18,1489,7455,648,648,8296,6807,0.9275491949910555
48-100-75,hindsight,2025-08-25,technical,0,26,1275,7429,624,624,8080,6805,0.9283088235294118
48-100-75,hindsight,2025-08-25,privacy,0,4,130,699,72,72,757,627,0.9131483715319663
48-100-75,hindsight,2025-09-01,billing,0,18,1465,8296,648,648,9113,7648,0.9336133592869583
48-100-75,hindsight,2025-09-01,technical,0,26,1258,8080,624,624,8714,7456,0.9331762690083529
48-100-75,hindsight,2025-09-01,privacy,0,4,106,757,72,72,791,685,0.9165701042873696
48-100-75,hindsight,2025-09-08,billing,0,18,1506,9113,648,648,9971,8465,0.9389773048309634
48-100-75,hindsight,2025-09-08,technical,0,26,1327,8714,624,624,9417,8090,0.9378547953391096
48-100-75,hindsight,2025-09-08,privacy,0,4,114,791,72,72,833,719,0.9204419889502763
48-100-100,fixed,2025-06-23,billing,0,19,1510,0,912,912,598,0,0.39602649006622515
48-100-100,fixed,2025-06-23,technical,0,25,1591,0,800,800,791,0,0.497171590194846
48-100-100,fixed,2025-06-23,privacy,0,4,152,0,96,96,56,0,0.3684210526315789
48-100-100,fixed,2025-06-30,billing,0,19,1238,598,912,912,924,0,0.5032679738562091
48-100-100,fixed,2025-06-30,technical,0,25,1356,791,800,800,1347,0,0.6273870517000466
48-100-100,fixed,2025-06-30,privacy,0,4,123,56,96,96,83,0,0.46368715083798884
48-100-100,fixed,2025-07-07,billing,0,19,1572,924,912,912,1584,12,0.6346153846153846
48-100-100,fixed,2025-07-07,technical,0,25,1490,1347,800,800,2037,547,0.7180119844906592
48-100-100,fixed,2025-07-07,privacy,0,4,128,83,96,96,115,0,0.5450236966824644
48-100-100,fixed,2025-07-14,billing,0,19,1393,1584,912,912,2065,672,0.6936513268390998
48-100-100,fixed,2025-07-14,technical,0,25,1449,2037,800,800,2686,1237,0.7705106138841079
48-100-100,fixed,2025-07-14,privacy,0,4,134,115,96,96,153,19,0.6144578313253012
48-100-100,fixed,2025-07-21,billing,0,19,1441,2065,912,912,2594,1153,0.739874500855676
48-100-100,fixed,2025-07-21,technical,0,25,1416,2686,800,800,3302,1886,0.8049731838127743
48-100-100,fixed,2025-07-21,privacy,0,4,146,153,96,96,203,57,0.6789297658862876
48-100-100,fixed,2025-07-28,billing,0,19,1549,2594,912,912,3231,1682,0.779869659666908
48-100-100,fixed,2025-07-28,technical,0,25,1452,3302,800,800,3954,2502,0.8317206562894405
48-100-100,fixed,2025-07-28,privacy,0,4,158,203,96,96,265,107,0.7340720221606648
48-100-100,fixed,2025-08-04,billing,0,19,1592,3231,912,912,3911,2319,0.8109060750570185
48-100-100,fixed,2025-08-04,technical,0,25,1516,3954,800,800,4670,3154,0.8537477148080439
48-100-100,fixed,2025-08-04,privacy,0,4,172,265,96,96,341,169,0.7803203661327232
48-100-100,fixed,2025-08-11,billing,0,19,1442,3911,912,912,4441,2999,0.8296282458434523
48-100-100,fixed,2025-08-11,technical,0,25,1502,4670,800,800,5372,3870,0.8703823720025924
48-100-100,fixed,2025-08-11,privacy,0,4,151,341,96,96,396,245,0.8048780487804879
48-100-100,fixed,2025-08-18,billing,0,19,1442,4441,912,912,4971,3529,0.8449770525242223
48-100-100,fixed,2025-08-18,technical,0,25,1369,5372,800,800,5941,4572,0.8813232458092272
48-100-100,fixed,2025-08-18,privacy,0,4,165,396,96,96,465,300,0.8288770053475936
48-100-100,fixed,2025-08-25,billing,0,19,1489,4971,912,912,5548,4059,0.8588235294117647
48-100-100,fixed,2025-08-25,technical,0,25,1275,5941,800,800,6416,5141,0.8891352549889135
48-100-100,fixed,2025-08-25,privacy,0,4,130,465,96,96,499,369,0.838655462184874
48-100-100,fixed,2025-09-01,billing,0,19,1465,5548,912,912,6101,4636,0.8699557963781549
48-100-100,fixed,2025-09-01,technical,0,25,1258,6416,800,800,6874,5616,0.8957518894970029
48-100-100,fixed,2025-09-01,privacy,0,4,106,499,96,96,509,403,0.8413223140495868
48-100-100,fixed,2025-09-08,billing,0,19,1506,6101,912,912,6695,5189,0.8801104246089129
48-100-100,fixed,2025-09-08,technical,0,25,1327,6874,800,800,7401,6074,0.9024509206194367
48-100-100,fixed,2025-09-08,privacy,0,4,114,509,96,96,527,413,0.8459069020866774
48-100-100,adaptive,2025-06-23,billing,0,17,1510,0,816,816,694,0,0.4596026490066225
48-100-100,adaptive,2025-06-23,technical,0,27,1591,0,864,864,727,0,0.4569453174104337
48-100-100,adaptive,2025-06-23,privacy,0,4,152,0,96,96,56,0,0.3684210526315789
48-100-100,adaptive,2025-06-30,billing,0,17,1238,694,816,816,1116,0,0.577639751552795
48-100-100,adaptive,2025-06-30,technical,0,28,1356,727,896,896,1187,0,0.5698511761881901
48-100-100,adaptive,2025-06-30,privacy,0,3,123,56,72,72,107,0,0.5977653631284916
48-100-100,adaptive,2025-07-07,billing,0,17,1572,1116,816,816,1872,300,0.6964285714285714
48-100-100,adaptive,2025-07-07,technical,0,28,1490,1187,896,896,1781,291,0.6652969742248785
48-100-100,adaptive,2025-07-07,privacy,0,3,128,107,72,72,163,35,0.6936170212765957
48-100-100,adaptive,2025-07-14,billing,0,19,1393,1872,912,912,2353,960,0.7206738131699847
48-100-100,adaptive,2025-07-14,technical,0,26,1449,1781,832,832,2398,949,0.7424148606811145
48-100-100,adaptive,2025-07-14,privacy,0,3,134,163,72,72,225,91,0.7575757575757576
48-100-100,adaptive,2025-07-21,billing,0,18,1441,2353,864,864,2930,1489,0.77227200843437
48-100-100,adaptive,2025-07-21,technical,0,27,1416,2398,864,864,2950,1534,0.7734661772417409
48-100-100,adaptive,2025-07-21,privacy,0,3,146,225,72,72,299,153,0.8059299191374663
48-100-100,adaptive,2025-07-28,billing,0,18,1549,2930,864,864,3615,2066,0.8070997990622907
48-100-100,adaptive,2025-07-28,technical,0,27,1452,2950,864,864,3538,2086,0.8037255792821445
48-100-100,adaptive,2025-07-28,privacy,0,3,158,299,72,72,385,227,0.8424507658643327
48-100-100,adaptive,2025-08-04,billing,0,18,1592,3615,864,864,4343,2751,0.8340695217975802
48-100-100,adaptive,2025-08-04,technical,0,26,1516,3538,832,832,4222,2706,0.8353779184804115
48-100-100,adaptive,2025-08-04,privacy,0,4,172,385,96,96,461,289,0.8276481149012568
48-100-100,adaptive,2025-08-11,billing,0,18,1442,4343,864,864,4921,3479,0.850648228176318
48-100-100,adaptive,2025-08-11,technical,0,26,1502,4222,832,832,4892,3390,0.8546470999301188
48-100-100,adaptive,2025-08-11,privacy,0,4,151,461,96,96,516,365,0.8431372549019608
48-100-100,adaptive,2025-08-18,billing,0,18,1442,4921,864,864,5499,4057,0.8642149929278642
48-100-100,adaptive,2025-08-18,technical,0,26,1369,4892,832,832,5429,4060,0.8671138795719534
48-100-100,adaptive,2025-08-18,privacy,0,4,165,516,96,96,585,420,0.8590308370044053
48-100-100,adaptive,2025-08-25,billing,0,18,1489,5499,864,864,6124,4635,0.8763594733829422
48-100-100,adaptive,2025-08-25,technical,0,26,1275,5429,832,832,5872,4597,0.8758949880668258
48-100-100,adaptive,2025-08-25,privacy,0,4,130,585,96,96,619,489,0.8657342657342657
48-100-100,adaptive,2025-09-01,billing,0,18,1465,6124,864,864,6725,5260,0.8861510080379497
48-100-100,adaptive,2025-09-01,technical,0,26,1258,5872,832,832,6298,5040,0.8833099579242637
48-100-100,adaptive,2025-09-01,privacy,0,4,106,619,96,96,629,523,0.8675862068965517
48-100-100,adaptive,2025-09-08,billing,0,19,1506,6725,912,912,7319,5813,0.889199368242012
48-100-100,adaptive,2025-09-08,technical,0,26,1327,6298,832,832,6793,5466,0.8908852459016393
48-100-100,adaptive,2025-09-08,privacy,0,3,114,629,72,72,671,557,0.9030955585464334
48-100-100,optimized,2025-06-23,billing,0,17,1510,0,816,816,694,0,0.4596026490066225
48-100-100,optimized,2025-06-23,technical,0,27,1591,0,864,864,727,0,0.4569453174104337
48-100-100,optimized,2025-06-23,privacy,0,4,152,0,96,96,56,0,0.3684210526315789
48-100-100,optimized,2025-06-30,billing,0,17,1238,694,816,816,1116,0,0.577639751552795
48-100-100,optimized,2025-06-30,technical,0,27,1356,727,864,864,1219,0,0.585213634181469
48-100-100,optimized,2025-06-30,privacy,0,4,123,56,96,96,83,0,0.46368715083798884
48-100-100,optimized,2025-07-07,billing,0,17,1572,1116,816,816,1872,300,0.6964285714285714
48-100-100,optimized,2025-07-07,technical,0,28,1490,1219,896,896,1813,323,0.6692506459948321
48-100-100,optimized,2025-07-07,privacy,0,3,128,83,72,72,139,11,0.6587677725118484
48-100-100,optimized,2025-07-14,billing,0,19,1393,1872,912,912,2353,960,0.7206738131699847
48-100-100,optimized,2025-07-14,technical,0,26,1449,1813,832,832,2430,981,0.7449417535254446
48-100-100,optimized,2025-07-14,privacy,0,3,134,139,72,72,201,67,0.7362637362637363
48-100-100,optimized,2025-07-21,billing,0,17,1441,2353,816,816,2978,1537,0.7849235635213495
48-100-100,optimized,2025-07-21,technical,0,27,1416,2430,864,864,2982,1566,0.7753510140405616
48-100-100,optimized,2025-07-21,privacy,0,4,146,201,96,96,251,105,0.723342939481268
48-100-100,optimized,2025-07-28,billing,0,18,1549,2978,864,864,3663,2114,0.8091451292246521
48-100-100,optimized,2025-07-28,technical,0,26,1452,2982,832,832,3602,2150,0.8123590437528191
48-100-100,optimized,2025-07-28,privacy,0,4,158,251,96,96,313,155,0.7652811735941321
48-100-100,optimized,2025-08-04,billing,0,18,1592,3663,864,864,4391,2799,0.8355851569933397
48-100-100,optimized,2025-08-04,technical,0,26,1516,3602,832,832,4286,2770,0.8374364986322782
48-100-100,optimized,2025-08-04,privacy,0,4,172,313,96,96,389,217,0.8020618556701031
48-100-100,optimized,2025-08-11,billing,0,18,1442,4391,864,864,4969,3527,0.8518772501285787
48-100-100,optimized,2025-08-11,technical,0,26,1502,4286,832,832,4956,3454,0.8562543192812716
48-100-100,optimized,2025-08-11,privacy,0,4,151,389,96,96,444,293,0.8222222222222222
48-100-100,optimized,2025-08-18,billing,0,18,1442,4969,864,864,5547,4105,0.8652316331305568
48-100-100,optimized,2025-08-18,technical,0,26,1369,4956,832,832,5493,4124,0.8684584980237154
48-100-100,optimized,2025-08-18,privacy,0,4,165,444,96,96,513,348,0.8423645320197044
48-100-100,optimized,2025-08-25,billing,0,18,1489,5547,864,864,6172,4683,0.8772029562251279
48-100-100,optimized,2025-08-25,technical,0,26,1275,5493,832,832,5936,4661,0.8770685579196218
48-100-100,optimized,2025-08-25,privacy,0,4,130,513,96,96,547,417,0.8506998444790047
48-100-100,optimized,2025-09-01,billing,0,18,1465,6172,864,864,6773,5308,0.8868665706429226
48-100-100,optimized,2025-09-01,technical,0,26,1258,5936,832,832,6362,5104,0.8843480678343064
48-100-100,optimized,2025-09-01,privacy,0,4,106,547,96,96,557,451,0.8529862174578867
48-100-100,optimized,2025-09-08,billing,0,19,1506,6773,912,912,7367,5861,0.8898417683295083
48-100-100,optimized,2025-09-08,technical,0,26,1327,6362,832,832,6857,5530,0.8917934711926129
48-100-100,optimized,2025-09-08,privacy,0,3,114,557,72,72,599,485,0.8926974664679582
48-100-100,hindsight,2025-06-23,billing,0,17,1510,0,816,816,694,0,0.4596026490066225
48-100-100,hindsight,2025-06-23,technical,0,27,1591,0,864,864,727,0,0.4569453174104337
48-100-100,hindsight,2025-06-23,privacy,0,4,152,0,96,96,56,0,0.3684210526315789
48-100-100,hindsight,2025-06-30,billing,0,17,1238,694,816,816,1116,0,0.577639751552795
48-100-100,hindsight,2025-06-30,technical,0,27,1356,727,864,864,1219,0,0.585213634181469
48-100-100,hindsight,2025-06-30,privacy,0,4,123,56,96,96,83,0,0.46368715083798884
48-100-100,hindsight,2025-07-07,billing,0,18,1572,1116,864,864,1824,252,0.6785714285714286
48-100-100,hindsight,2025-07-07,technical,0,27,1490,1219,864,864,1845,355,0.6810631229235881
48-100-100,hindsight,2025-07-07,privacy,0,3,128,83,72,72,139,11,0.6587677725118484
48-100-100,hindsight,2025-07-14,billing,0,18,1393,1824,864,864,2353,960,0.7314267951507616
48-100-100,hindsight,2025-07-14,technical,0,27,1449,1845,864,864,2430,981,0.7377049180327869
48-100-100,hindsight,2025-07-14,privacy,0,3,134,139,72,72,201,67,0.7362637362637363
48-100-100,hindsight,2025-07-21,billing,0,18,1441,2353,864,864,2930,1489,0.77227200843437
48-100-100,hindsight,2025-07-21,technical,0,26,1416,2430,832,832,3014,1598,0.7836713468538742
48-100-100,hindsight,2025-07-21,privacy,0,4,146,201,96,96,251,105,0.723342939481268
48-100-100,hindsight,2025-07-28,billing,0,18,1549,2930,864,864,3615,2066,0.8070997990622907
48-100-100,hindsight,2025-07-28,technical,0,26,1452,3014,832,832,3634,2182,0.8137035378414689
48-100-100,hindsight,2025-07-28,privacy,0,4,158,251,96,96,313,155,0.7652811735941321
48-100-100,hindsight,2025-08-04,billing,0,18,1592,3615,864,864,4343,2751,0.8340695217975802
48-100-100,hindsight,2025-08-04,technical,0,26,1516,3634,832,832,4318,2802,0.8384466019417476
48-100-100,hindsight,2025-08-04,privacy,0,4,172,313,96,96,389,217,0.8020618556701031
48-100-100,hindsight,2025-08-11,billing,0,18,1442,4343,864,864,4921,3479,0.850648228176318
48-100-100,hindsight,2025-08-11,technical,0,26,1502,4318,832,832,4988,3486,0.8570446735395189
48-100-100,hindsight,2025-08-11,privacy,0,4,151,389,96,96,444,293,0.8222222222222222
48-100-100,hindsight,2025-08-18,billing,0,18,1442,4921,864,864,5499,4057,0.8642149929278642
48-100-100,hindsight,2025-08-18,technical,0,26,1369,4988,832,832,5525,4156,0.869120654396728
48-100-100,hindsight,2025-08-18,privacy,0,4,165,444,96,96,513,348,0.8423645320197044
48-100-100,hindsight,2025-08-25,billing,0,18,1489,5499,864,864,6124,4635,0.8763594733829422
48-100-100,hindsight,2025-08-25,technical,0,26,1275,5525,832,832,5968,4693,0.8776470588235294
48-100-100,hindsight,2025-08-25,privacy,0,4,130,513,96,96,547,417,0.8506998444790047
48-100-100,hindsight,2025-09-01,billing,0,18,1465,6124,864,864,6725,5260,0.8861510080379497
48-100-100,hindsight,2025-09-01,technical,0,26,1258,5968,832,832,6394,5136,0.8848602269582064
48-100-100,hindsight,2025-09-01,privacy,0,4,106,547,96,96,557,451,0.8529862174578867
48-100-100,hindsight,2025-09-08,billing,0,19,1506,6725,912,912,7319,5813,0.889199368242012
48-100-100,hindsight,2025-09-08,technical,0,26,1327,6394,832,832,6889,5562,0.8922419375728533
48-100-100,hindsight,2025-09-08,privacy,0,3,114,557,72,72,599,485,0.8926974664679582
48-100-125,fixed,2025-06-23,billing,0,19,1510,0,1140,1140,370,0,0.24503311258278146
48-100-125,fixed,2025-06-23,technical,0,25,1591,0,1000,1000,591,0,0.3714644877435575
48-100-125,fixed,2025-06-23,privacy,0,4,152,0,120,120,32,0,0.21052631578947367
48-100-125,fixed,2025-06-30,billing,0,19,1238,370,1140,1140,468,0,0.291044776119403
48-100-125,fixed,2025-06-30,technical,0,25,1356,591,1000,1000,947,0,0.48638931689779147
48-100-125,fixed,2025-06-30,privacy,0,4,123,32,120,120,35,0,0.22580645161290322
48-100-125,fixed,2025-07-07,billing,0,19,1572,468,1140,1140,900,0,0.4411764705882353
48-100-125,fixed,2025-07-07,technical,0,25,1490,947,1000,1000,1437,0,0.5896594173163726
48-100-125,fixed,2025-07-07,privacy,0,4,128,35,120,120,43,0,0.26380368098159507
48-100-125,fixed,2025-07-14,billing,0,19,1393,900,1140,1140,1153,0,0.5028347143480157
48-100-125,fixed,2025-07-14,technical,0,25,1449,1437,1000,1000,1886,437,0.6534996534996536
48-100-125,fixed,2025-07-14,privacy,0,4,134,43,120,120,57,0,0.3220338983050847
48-100-125,fixed,2025-07-21,billing,0,19,1441,1153,1140,1140,1454,13,0.5605242868157286
48-100-125,fixed,2025-07-21,technical,0,25,1416,1886,1000,1000,2302,886,0.6971532404603271
48-100-125,fixed,2025-07-21,privacy,0,4,146,57,120,120,83,0,0.4088669950738916
48-100-125,fixed,2025-07-28,billing,0,19,1549,1454,1140,1140,1863,314,0.6203796203796204
48-100-125,fixed,2025-07-28,technical,0,25,1452,2302,1000,1000,2754,1302,0.7336174746936601
48-100-125,fixed,2025-07-28,privacy,0,4,158,83,120,120,121,0,0.5020746887966805
48-100-125,fixed,2025-08-04,billing,0,19,1592,1863,1140,1140,2315,723,0.6700434153400868
48-100-125,fixed,2025-08-04,technical,0,25,1516,2754,1000,1000,3270,1754,0.765807962529274
48-100-125,fixed,2025-08-04,privacy,0,4,172,121,120,120,173,1,0.590443686006826
48-100-125,fixed,2025-08-11,billing,0,19,1442,2315,1140,1140,2617,1175,0.6965664093691776
48-100-125,fixed,2025-08-11,technical,0,25,1502,3270,1000,1000,3772,2270,0.7904442581726739
48-100-125,fixed,2025-08-11,privacy,0,4,151,173,120,120,204,53,0.6296296296296297
48-100-125,fixed,2025-08-18,billing,0,19,1442,2617,1140,1140,2919,1477,0.7191426459719142
48-100-125,fixed,2025-08-18,technical,0,25,1369,3772,1000,1000,4141,2772,0.8054853141412177
48-100-125,fixed,2025-08-18,privacy,0,4,165,204,120,120,249,84,0.6747967479674797
48-100-125,fixed,2025-08-25,billing,0,19,1489,2919,1140,1140,3268,1779,0.7413793103448276
48-100-125,fixed,2025-08-25,technical,0,25,1275,4141,1000,1000,4416,3141,0.8153618906942393
48-100-125,fixed,2025-08-25,privacy,0,4,130,249,120,120,259,129,0.683377308707124
48-100-125,fixed,2025-09-01,billing,0,19,1465,3268,1140,1140,3593,2128,0.7591379674624974
48-100-125,fixed,2025-09-01,technical,0,25,1258,4416,1000,1000,4674,3416,0.823757490306662
48-100-125,fixed,2025-09-01,privacy,0,4,106,259,120,120,245,139,0.6712328767123288
48-100-125,fixed,2025-09-08,billing,0,19,1506,3593,1140,1140,3959,2453,0.7764267503432045
48-100-125,fixed,2025-09-08,technical,0,25,1327,4674,1000,1000,5001,3674,0.8333611064822529
48-100-125,fixed,2025-09-08,privacy,0,4,114,245,120,120,239,125,0.6657381615598886
48-100-125,adaptive,2025-06-23,billing,0,17,1510,0,1020,1020,490,0,0.32450331125827814
48-100-125,adaptive,2025-06-23,technical,0,27,1591,0,1080,1080,511,0,0.3211816467630421
48-100-125,adaptive,2025-06-23,privacy,0,4,152,0,120,120,32,0,0.21052631578947367
48-100-125,adaptive,2025-06-30,billing,0,17,1238,490,1020,1020,708,0,0.4097222222222222
48-100-125,adaptive,2025-06-30,technical,0,28,1356,511,1120,1120,747,0,0.40010712372790574
48-100-125,adaptive,2025-06-30,privacy,0,3,123,32,90,90,65,0,0.41935483870967744
48-100-125,adaptive,2025-07-07,billing,0,17,1572,708,1020,1020,1260,0,0.5526315789473685
48-100-125,adaptive,2025-07-07,technical,0,28,1490,747,1120,1120,1117,0,0.49932945909700494
48-100-125,adaptive,2025-07-07,privacy,0,3,128,65,90,90,103,0,0.533678756476684
48-100-125,adaptive,2025-07-14,billing,0,19,1393,1260,1140,1140,1513,120,0.5702977761025254
48-100-125,adaptive,2025-07-14,technical,0,26,1449,1117,1040,1040,1526,77,0.5946999220576773
48-100-125,adaptive,2025-07-14,privacy,0,3,134,103,90,90,147,13,0.620253164556962
48-100-125,adaptive,2025-07-21,billing,0,18,1441,1513,1080,1080,1874,433,0.6343940419769803
48-100-125,adaptive,2025-07-21,technical,0,27,1416,1526,1080,1080,1862,446,0.6329027872195785
48-100-125,adaptive,2025-07-21,privacy,0,3,146,147,90,90,203,57,0.6928327645051194
48-100-125,adaptive,2025-07-28,billing,0,18,1549,1874,1080,1080,2343,794,0.684487291849255
48-100-125,adaptive,2025-07-28,technical,0,26,1452,1862,1040,1040,2274,822,0.6861798430899215
48-100-125,adaptive,2025-07-28,privacy,0,4,158,203,120,120,241,83,0.667590027700831
48-100-125,adaptive,2025-08-04,billing,0,18,1592,2343,1080,1080,2855,1263,0.7255400254129606
48-100-125,adaptive,2025-08-04,technical,0,26,1516,2274,1040,1040,2750,1234,0.7255936675461742
48-100-125,adaptive,2025-08-04,privacy,0,4,172,241,120,120,293,121,0.7094430992736077
48-100-125,adaptive,2025-08-11,billing,0,18,1442,2855,1080,1080,3217,1775,0.7486618571096113
48-100-125,adaptive,2025-08-11,technical,0,26,1502,2750,1040,1040,3212,1710,0.7554092191909689
48-100-125,adaptive,2025-08-11,privacy,0,4,151,293,120,120,324,173,0.7297297297297297
48-100-125,adaptive,2025-08-18,billing,0,18,1442,3217,1080,1080,3579,2137,0.768190598840953
48-100-125,adaptive,2025-08-18,technical,0,27,1369,3212,1080,1080,3501,2132,0.7642436149312377
48-100-125,adaptive,2025-08-18,privacy,0,3,165,324,90,90,399,234,0.8159509202453987
48-100-125,adaptive,2025-08-25,billing,0,18,1489,3579,1080,1080,3988,2499,0.7868981846882399
48-100-125,adaptive,2025-08-25,technical,0,26,1275,3501,1040,1040,3736,2461,0.7822445561139029
48-100-125,adaptive,2025-08-25,privacy,0,4,130,399,120,120,409,279,0.7731568998109641
48-100-125,adaptive,2025-09-01,billing,0,19,1465,3988,1140,1140,4313,2848,0.7909407665505227
48-100-125,adaptive,2025-09-01,technical,0,25,1258,3736,1000,1000,3994,2736,0.7997597116539847
48-100-125,adaptive,2025-09-01,privacy,0,4,106,409,120,120,395,289,0.7669902912621359
48-100-125,adaptive,2025-09-08,billing,0,19,1506,4313,1140,1140,4679,3173,0.8040900498367417
48-100-125,adaptive,2025-09-08,technical,0,26,1327,3994,1040,1040,4281,2954,0.804548017289983
48-100-125,adaptive,2025-09-08,privacy,0,3,114,395,90,90,419,305,0.8231827111984283
48-100-125,optimized,2025-06-23,billing,0,17,1510,0,1020,1020,490,0,0.32450331125827814
48-100-125,optimized,2025-06-23,technical,0,27,1591,0,1080,1080,511,0,0.3211816467630421
48-100-125,optimized,2025-06-23,privacy,0,4,152,0,120,120,32,0,0.21052631578947367
48-100-125,optimized,2025-06-30,billing,0,17,1238,490,1020,1020,708,0,0.4097222222222222
48-100-125,optimized,2025-06-30,technical,0,27,1356,511,1080,1080,787,0,0.42153186930905195
48-100-125,optimized,2025-06-30,privacy,0,4,123,32,120,120,35,0,0.22580645161290322
48-100-125,optimized,2025-07-07,billing,0,17,1572,708,1020,1020,1260,0,0.5526315789473685
48-100-125,optimized,2025-07-07,technical,0,28,1490,787,1120,1120,1157,0,0.5081247255160298
48-100-125,optimized,2025-07-07,privacy,0,3,128,35,90,90,73,0,0.44785276073619634
48-100-125,optimized,2025-07-14,billing,0,19,1393,1260,1140,1140,1513,120,0.5702977761025254
48-100-125,optimized,2025-07-14,technical,0,26,1449,1157,1040,1040,1566,117,0.6009209516500383
48-100-125,optimized,2025-07-14,privacy,0,3,134,73,90,90,117,0,0.5652173913043478
48-100-125,optimized,2025-07-21,billing,0,18,1441,1513,1080,1080,1874,433,0.6343940419769803
48-100-125,optimized,2025-07-21,technical,0,27,1416,1566,1080,1080,1902,486,0.6378269617706237
48-100-125,optimized,2025-07-21,privacy,0,3,146,117,90,90,173,27,0.6577946768060836
48-100-125,optimized,2025-07-28,billing,0,18,1549,1874,1080,1080,2343,794,0.684487291849255
48-100-125,optimized,2025-07-28,technical,0,26,1452,1902,1040,1040,2314,862,0.689922480620155
48-100-125,optimized,2025-07-28,privacy,0,4,158,173,120,120,211,53,0.6374622356495468
48-100-125,optimized,2025-08-04,billing,0,18,1592,2343,1080,1080,2855,1263,0.7255400254129606
48-100-125,optimized,2025-08-04,technical,0,26,1516,2314,1040,1040,2790,1274,0.7284595300261096
48-100-125,optimized,2025-08-04,privacy,0,4,172,211,120,120,263,91,0.6866840731070496
48-100-125,optimized,2025-08-11,billing,0,18,1442,2855,1080,1080,3217,1775,0.7486618571096113
48-100-125,optimized,2025-08-11,technical,0,26,1502,2790,1040,1040,3252,1750,0.7576887232059646
48-100-125,optimized,2025-08-11,privacy,0,4,151,263,120,120,294,143,0.7101449275362319
48-100-125,optimized,2025-08-18,billing,0,17,1442,3217,1020,1020,3639,2197,0.7810688989053445
48-100-125,optimized,2025-08-18,technical,0,27,1369,3252,1080,1080,3541,2172,0.766284354035923
48-100-125,optimized,2025-08-18,privacy,0,4,165,294,120,120,339,174,0.738562091503268
48-100-125,optimized,2025-08-25,billing,0,18,1489,3639,1080,1080,4048,2559,0.7893915756630265
48-100-125,optimized,2025-08-25,technical,0,26,1275,3541,1040,1040,3776,2501,0.7840531561461794
48-100-125,optimized,2025-08-25,privacy,0,4,130,339,120,120,349,219,0.744136460554371
48-100-125,optimized,2025-09-01,billing,0,19,1465,4048,1140,1140,4373,2908,0.793216034826773
48-100-125,optimized,2025-09-01,technical,0,25,1258,3776,1000,1000,4034,2776,0.8013508144616607
48-100-125,optimized,2025-09-01,privacy,0,4,106,349,120,120,335,229,0.7362637362637363
48-100-125,optimized,2025-09-08,billing,0,19,1506,4373,1140,1140,4739,3233,0.8060894709984692
48-100-125,optimized,2025-09-08,technical,0,26,1327,4034,1040,1040,4321,2994,0.8060063421003544
48-100-125,optimized,2025-09-08,privacy,0,3,114,335,90,90,359,245,0.799554565701559
48-100-125,hindsight,2025-06-23,billing,0,17,1510,0,1020,1020,490,0,0.32450331125827814
48-100-125,hindsight,2025-06-23,technical,0,27,1591,0,1080,1080,511,0,0.3211816467630421
48-100-125,hindsight,2025-06-23,privacy,0,4,152,0,120,120,32,0,0.21052631578947367
48-100-125,hindsight,2025-06-30,billing,0,17,1238,490,1020,1020,708,0,0.4097222222222222
48-100-125,hindsight,2025-06-30,technical,0,28,1356,511,1120,1120,747,0,0.40010712372790574
48-100-125,hindsight,2025-06-30,privacy,0,3,123,32,90,90,65,0,0.41935483870967744
48-100-125,hindsight,2025-07-07,billing,0,18,1572,708,1080,1080,1200,0,0.5263157894736842
48-100-125,hindsight,2025-07-07,technical,0,27,1490,747,1080,1080,1157,0,0.5172105498435404
48-100-125,hindsight,2025-07-07,privacy,0,3,128,65,90,90,103,0,0.533678756476684
48-100-125,hindsight,2025-07-14,billing,0,18,1393,1200,1080,1080,1513,120,0.5834940223679136
48-100-125,hindsight,2025-07-14,technical,0,26,1449,1157,1040,1040,1566,117,0.6009209516500383
48-100-125,hindsight,2025-07-14,privacy,0,4,134,103,120,120,117,0,0.4936708860759494
48-100-125,hindsight,2025-07-21,billing,0,18,1441,1513,1080,1080,1874,433,0.6343940419769803
48-100-125,hindsight,2025-07-21,technical,0,26,1416,1566,1040,1040,1942,526,0.6512407780013414
48-100-125,hindsight,2025-07-21,privacy,0,4,146,117,120,120,143,0,0.5437262357414449
48-100-125,hindsight,2025-07-28,billing,0,18,1549,1874,1080,1080,2343,794,0.684487291849255
48-100-125,hindsight,2025-07-28,technical,0,26,1452,1942,1040,1040,2354,902,0.6935769004124926
48-100-125,hindsight,2025-07-28,privacy,0,4,158,143,120,120,181,23,0.6013289036544851
48-100-125,hindsight,2025-08-04,billing,0,18,1592,2343,1080,1080,2855,1263,0.7255400254129606
48-100-125,hindsight,2025-08-04,technical,0,26,1516,2354,1040,1040,2830,1314,0.7312661498708011
48-100-125,hindsight,2025-08-04,privacy,0,4,172,181,120,120,233,61,0.660056657223796
48-100-125,hindsight,2025-08-11,billing,0,18,1442,2855,1080,1080,3217,1775,0.7486618571096113
48-100-125,hindsight,2025-08-11,technical,0,26,1502,2830,1040,1040,3292,1790,0.7599261311172668
48-100-125,hindsight,2025-08-11,privacy,0,4,151,233,120,120,264,113,0.6875
48-100-125,hindsight,2025-08-18,billing,0,18,1442,3217,1080,1080,3579,2137,0.768190598840953
48-100-125,hindsight,2025-08-18,technical,0,26,1369,3292,1040,1040,3621,2252,0.776871915897876
48-100-125,hindsight,2025-08-18,privacy,0,4,165,264,120,120,309,144,0.7202797202797203
48-100-125,hindsight,2025-08-25,billing,0,18,1489,3579,1080,1080,3988,2499,0.7868981846882399
48-100-125,hindsight,2025-08-25,technical,0,26,1275,3621,1040,1040,3856,2581,0.7875816993464052
48-100-125,hindsight,2025-08-25,privacy,0,4,130,309,120,120,319,189,0.7266514806378133
48-100-125,hindsight,2025-09-01,billing,0,19,1465,3988,1140,1140,4313,2848,0.7909407665505227
48-100-125,hindsight,2025-09-01,technical,0,26,1258,3856,1040,1040,4074,2816,0.7966366836136097
48-100-125,hindsight,2025-09-01,privacy,0,3,106,319,90,90,335,229,0.788235294117647
48-100-125,hindsight,2025-09-08,billing,0,19,1506,4313,1140,1140,4679,3173,0.8040900498367417
48-100-125,hindsight,2025-09-08,technical,0,26,1327,4074,1040,1040,4361,3034,0.8074430660988706
48-100-125,hindsight,2025-09-08,privacy,0,3,114,335,90,90,359,245,0.799554565701559
60-0-75,fixed,2025-06-23,billing,27,0,1510,0,1215,1215,295,0,0.19536423841059603
60-0-75,fixed,2025-06-23,technical,27,0,1591,0,810,810,781,0,0.4908862350722816
60-0-75,fixed,2025-06-23,privacy,6,0,152,0,135,135,17,0,0.1118421052631579
60-0-75,fixed,2025-06-30,billing,27,0,1238,295,1215,1215,318,0,0.20743639921722112
60-0-75,fixed,2025-06-30,technical,27,0,1356,781,810,810,1327,0,0.6209639681796911
60-0-75,fixed,2025-06-30,privacy,6,0,123,17,135,135,5,0,0.03571428571428571
60-0-75,fixed,2025-07-07,billing,27,0,1572,318,1215,1215,675,0,0.35714285714285715
60-0-75,fixed,2025-07-07,technical,27,0,1490,1327,810,810,2007,517,0.7124600638977636
60-0-75,fixed,2025-07-07,privacy,6,0,128,5,135,133,0,0,0.0
60-0-75,fixed,2025-07-14,billing,27,0,1393,675,1215,1215,853,0,0.41247582205029015
60-0-75,fixed,2025-07-14,technical,27,0,1449,2007,810,810,2646,1197,0.765625
60-0-75,fixed,2025-07-14,privacy,6,0,134,0,135,134,0,0,0.0
60-0-75,fixed,2025-07-21,billing,27,0,1441,853,1215,1215,1079,0,0.47035745422842196
60-0-75,fixed,2025-07-21,technical,27,0,1416,2646,810,810,3252,1836,0.8005908419497785
60-0-75,fixed,2025-07-21,privacy,6,0,146,0,135,135,11,0,0.07534246575342465
60-0-75,fixed,2025-07-28,billing,27,0,1549,1079,1215,1215,1413,0,0.5376712328767124
60-0-75,fixed,2025-07-28,technical,27,0,1452,3252,810,810,3894,2442,0.8278061224489796
60-0-75,fixed,2025-07-28,privacy,6,0,158,11,135,135,34,0,0.20118343195266272
60-0-75,fixed,2025-08-04,billing,27,0,1592,1413,1215,1215,1790,198,0.5956738768718802
60-0-75,fixed,2025-08-04,technical,27,0,1516,3894,810,810,4600,3084,0.8502772643253235
60-0-75,fixed,2025-08-04,privacy,6,0,172,34,135,135,71,0,0.3446601941747573
60-0-75,fixed,2025-08-11,billing,27,0,1442,1790,1215,1215,2017,575,0.6240717821782178
60-0-75,fixed,2025-08-11,technical,27,0,1502,4600,810,810,5292,3790,0.8672566371681416
60-0-75,fixed,2025-08-11,privacy,6,0,151,71,135,135,87,0,0.3918918918918919
60-0-75,fixed,2025-08-18,billing,27,0,1442,2017,1215,1215,2244,802,0.6487424111014745
60-0-75,fixed,2025-08-18,technical,27,0,1369,5292,810,810,5851,4482,0.8783966371415703
60-0-75,fixed,2025-08-18,privacy,6,0,165,87,135,135,117,0,0.4642857142857143
60-0-75,fixed,2025-08-25,billing,27,0,1489,2244,1215,1215,2518,1029,0.674524511117064
60-0-75,fixed,2025-08-25,technical,27,0,1275,5851,810,810,6316,5041,0.8863317429132753
60-0-75,fixed,2025-08-25,privacy,6,0,130,117,135,135,112,0,0.4534412955465587
60-0-75,fixed,2025-09-01,billing,27,0,1465,2518,1215,1215,2768,1303,0.6949535525985439
60-0-75,fixed,2025-09-01,technical,27,0,1258,6316,810,810,6764,5506,0.8930551888038025
60-0-75,fixed,2025-09-01,privacy,6,0,106,112,135,135,83,0,0.38073394495412843
60-0-75,fixed,2025-09-08,billing,27,0,1506,2768,1215,1215,3059,1553,0.7157229761347683
60-0-75,fixed,2025-09-08,technical,27,0,1327,6764,810,810,7281,5954,0.899888765294772
60-0-75,fixed,2025-09-08,privacy,6,0,114,83,135,135,62,0,0.3147208121827411
60-0-75,adaptive,2025-06-23,billing,27,0,1510,0,1215,1215,295,0,0.19536423841059603
60-0-75,adaptive,2025-06-23,technical,27,0,1591,0,810,810,781,0,0.4908862350722816
60-0-75,adaptive,2025-06-23,privacy,6,0,152,0,135,135,17,0,0.1118421052631579
60-0-75,adaptive,2025-06-30,billing,27,0,1238,295,1215,1215,318,0,0.20743639921722112
60-0-75,adaptive,2025-06-30,technical,27,0,1356,781,810,810,1327,0,0.6209639681796911
60-0-75,adaptive,2025-06-30,privacy,6,0,123,17,135,135,5,0,0.03571428571428571
60-0-75,adaptive,2025-07-07,billing,27,0,1572,318,1215,1215,675,0,0.35714285714285715
60-0-75,adaptive,2025-07-07,technical,27,0,1490,1327,810,810,2007,517,0.7124600638977636
60-0-75,adaptive,2025-07-07,privacy,6,0,128,5,135,133,0,0,0.0
60-0-75,adaptive,2025-07-14,billing,27,0,1393,675,1215,1215,853,0,0.41247582205029015
60-0-75,adaptive,2025-07-14,technical,27,0,1449,2007,810,810,2646,1197,0.765625
60-0-75,adaptive,2025-07-14,privacy,6,0,134,0,135,134,0,0,0.0
60-0-75,adaptive,2025-07-21,billing,27,0,1441,853,1215,1215,1079,0,0.47035745422842196
60-0-75,adaptive,2025-07-21,technical,27,0,1416,2646,810,810,3252,1836,0.8005908419497785
60-0-75,adaptive,2025-07-21,privacy,6,0,146,0,135,135,11,0,0.07534246575342465
60-0-75,adaptive,2025-07-28,billing,27,0,1549,1079,1215,1215,1413,0,0.5376712328767124
60-0-75,adaptive,2025-07-28,technical,27,0,1452,3252,810,810,3894,2442,0.8278061224489796
60-0-75,adaptive,2025-07-28,privacy,6,0,158,11,135,135,34,0,0.20118343195266272
60-0-75,adaptive,2025-08-04,billing,27,0,1592,1413,1215,1215,1790,198,0.5956738768718802
60-0-75,adaptive,2025-08-04,technical,27,0,1516,3894,810,810,4600,3084,0.8502772643253235
60-0-75,adaptive,2025-08-04,privacy,6,0,172,34,135,135,71,0,0.3446601941747573
60-0-75,adaptive,2025-08-11,billing,27,0,1442,1790,1215,1215,2017,575,0.6240717821782178
60-0-75,adaptive,2025-08-11,technical,27,0,1502,4600,810,810,5292,3790,0.8672566371681416
60-0-75,adaptive,2025-08-11,privacy,6,0,151,71,135,135,87,0,0.3918918918918919
60-0-75,adaptive,2025-08-18,billing,27,0,1442,2017,1215,1215,2244,802,0.6487424111014745
60-0-75,adaptive,2025-08-18,technical,27,0,1369,5292,810,810,5851,4482,0.8783966371415703
60-0-75,adaptive,2025-08-18,privacy,6,0,165,87,135,135,117,0,0.4642857142857143
60-0-75,adaptive,2025-08-25,billing,27,0,1489,2244,1215,1215,2518,1029,0.674524511117064
60-0-75,adaptive,2025-08-25,technical,27,0,1275,5851,810,810,6316,5041,0.8863317429132753
60-0-75,adaptive,2025-08-25,privacy,6,0,130,117,135,135,112,0,0.4534412955465587
60-0-75,adaptive,2025-09-01,billing,27,0,1465,2518,1215,1215,2768,1303,0.6949535525985439
60-0-75,adaptive,2025-09-01,technical,27,0,1258,6316,810,810,6764,5506,0.8930551888038025
60-0-75,adaptive,2025-09-01,privacy,6,0,106,112,135,135,83,0,0.38073394495412843
60-0-75,adaptive,2025-09-08,billing,27,0,1506,2768,1215,1215,3059,1553,0.7157229761347683
60-0-75,adaptive,2025-09-08,technical,27,0,1327,6764,810,810,7281,5954,0.899888765294772
60-0-75,adaptive,2025-09-08,privacy,6,0,114,83,135,135,62,0,0.3147208121827411
60-0-75,optimized,2025-06-23,billing,27,0,1510,0,1215,1215,295,0,0.19536423841059603
60-0-75,optimized,2025-06-23,technical,27,0,1591,0,810,810,781,0,0.4908862350722816
60-0-75,optimized,2025-06-23,privacy,6,0,152,0,135,135,17,0,0.1118421052631579
60-0-75,optimized,2025-06-30,billing,27,0,1238,295,1215,1215,318,0,0.20743639921722112
60-0-75,optimized,2025-06-30,technical,27,0,1356,781,810,810,1327,0,0.6209639681796911
60-0-75,optimized,2025-06-30,privacy,6,0,123,17,135,135,5,0,0.03571428571428571
60-0-75,optimized,2025-07-07,billing,27,0,1572,318,1215,1215,675,0,0.35714285714285715
60-0-75,optimized,2025-07-07,technical,27,0,1490,1327,810,810,2007,517,0.7124600638977636
60-0-75,optimized,2025-07-07,privacy,6,0,128,5,135,133,0,0,0.0
60-0-75,optimized,2025-07-14,billing,27,0,1393,675,1215,1215,853,0,0.41247582205029015
60-0-75,optimized,2025-07-14,technical,27,0,1449,2007,810,810,2646,1197,0.765625
60-0-75,optimized,2025-07-14,privacy,6,0,134,0,135,134,0,0,0.0
60-0-75,optimized,2025-07-21,billing,27,0,1441,853,1215,1215,1079,0,0.47035745422842196
60-0-75,optimized,2025-07-21,technical,27,0,1416,2646,810,810,3252,1836,0.8005908419497785
60-0-75,optimized,2025-07-21,privacy,6,0,146,0,135,135,11,0,0.07534246575342465
60-0-75,optimized,2025-07-28,billing,27,0,1549,1079,1215,1215,1413,0,0.5376712328767124
60-0-75,optimized,2025-07-28,technical,27,0,1452,3252,810,810,3894,2442,0.8278061224489796
60-0-75,optimized,2025-07-28,privacy,6,0,158,11,135,135,34,0,0.20118343195266272
60-0-75,optimized,2025-08-04,billing,27,0,1592,1413,1215,1215,1790,198,0.5956738768718802
60-0-75,optimized,2025-08-04,technical,27,0,1516,3894,810,810,4600,3084,0.8502772643253235
60-0-75,optimized,2025-08-04,privacy,6,0,172,34,135,135,71,0,0.3446601941747573
60-0-75,optimized,2025-08-11,billing,27,0,1442,1790,1215,1215,2017,575,0.6240717821782178
60-0-75,optimized,2025-08-11,technical,27,0,1502,4600,810,810,5292,3790,0.8672566371681416
60-0-75,optimized,2025-08-11,privacy,6,0,151,71,135,135,87,0,0.3918918918918919
60-0-75,optimized,2025-08-18,billing,27,0,1442,2017,1215,1215,2244,802,0.6487424111014745
60-0-75,optimized,2025-08-18,technical,27,0,1369,5292,810,810,5851,4482,0.8783966371415703
60-0-75,optimized,2025-08-18,privacy,6,0,165,87,135,135,117,0,0.4642857142857143
60-0-75,optimized,2025-08-25,billing,27,0,1489,2244,1215,1215,2518,1029,0.674524511117064
60-0-75,optimized,2025-08-25,technical,27,0,1275,5851,810,810,6316,5041,0.8863317429132753
60-0-75,optimized,2025-08-25,privacy,6,0,130,117,135,135,112,0,0.4534412955465587
60-0-75,optimized,2025-09-01,billing,27,0,1465,2518,1215,1215,2768,1303,0.6949535525985439
60-0-75,optimized,2025-09-01,technical,27,0,1258,6316,810,810,6764,5506,0.8930551888038025
60-0-75,optimized,2025-09-01,privacy,6,0,106,112,135,135,83,0,0.38073394495412843
60-0-75,optimized,2025-09-08,billing,27,0,1506,2768,1215,1215,3059,1553,0.7157229761347683
60-0-75,optimized,2025-09-08,technical,27,0,1327,6764,810,810,7281,5954,0.899888765294772
60-0-75,optimized,2025-09-08,privacy,6,0,114,83,135,135,62,0,0.3147208121827411
60-0-75,hindsight,2025-06-23,billing,27,0,1510,0,1215,1215,295,0,0.19536423841059603
60-0-75,hindsight,2025-06-23,technical,27,0,1591,0,810,810,781,0,0.4908862350722816
60-0-75,hindsight,2025-06-23,privacy,6,0,152,0,135,135,17,0,0.1118421052631579
60-0-75,hindsight,2025-06-30,billing,27,0,1238,295,1215,1215,318,0,0.20743639921722112
60-0-75,hindsight,2025-06-30,technical,27,0,1356,781,810,810,1327,0,0.6209639681796911
60-0-75,hindsight,2025-06-30,privacy,6,0,123,17,135,135,5,0,0.03571428571428571
60-0-75,hindsight,2025-07-07,billing,27,0,1572,318,1215,1215,675,0,0.35714285714285715
60-0-75,hindsight,2025-07-07,technical,27,0,1490,1327,810,810,2007,517,0.7124600638977636
60-0-75,hindsight,2025-07-07,privacy,6,0,128,5,135,133,0,0,0.0
60-0-75,hindsight,2025-07-14,billing,27,0,1393,675,1215,1215,853,0,0.41247582205029015
60-0-75,hindsight,2025-07-14,technical,27,0,1449,2007,810,810,2646,1197,0.765625
60-0-75,hindsight,2025-07-14,privacy,6,0,134,0,135,134,0,0,0.0
60-0-75,hindsight,2025-07-21,billing,27,0,1441,853,1215,1215,1079,0,0.47035745422842196
60-0-75,hindsight,2025-07-21,technical,27,0,1416,2646,810,810,3252,1836,0.8005908419497785
60-0-75,hindsight,2025-07-21,privacy,6,0,146,0,135,135,11,0,0.07534246575342465
60-0-75,hindsight,2025-07-28,billing,27,0,1549,1079,1215,1215,1413,0,0.5376712328767124
60-0-75,hindsight,2025-07-28,technical,27,0,1452,3252,810,810,3894,2442,0.8278061224489796
60-0-75,hindsight,2025-07-28,privacy,6,0,158,11,135,135,34,0,0.20118343195266272
60-0-75,hindsight,2025-08-04,billing,27,0,1592,1413,1215,1215,1790,198,0.5956738768718802
60-0-75,hindsight,2025-08-04,technical,27,0,1516,3894,810,810,4600,3084,0.8502772643253235
60-0-75,hindsight,2025-08-04,privacy,6,0,172,34,135,135,71,0,0.3446601941747573
60-0-75,hindsight,2025-08-11,billing,27,0,1442,1790,1215,1215,2017,575,0.6240717821782178
60-0-75,hindsight,2025-08-11,technical,27,0,1502,4600,810,810,5292,3790,0.8672566371681416
60-0-75,hindsight,2025-08-11,privacy,6,0,151,71,135,135,87,0,0.3918918918918919
60-0-75,hindsight,2025-08-18,billing,27,0,1442,2017,1215,1215,2244,802,0.6487424111014745
60-0-75,hindsight,2025-08-18,technical,27,0,1369,5292,810,810,5851,4482,0.8783966371415703
60-0-75,hindsight,2025-08-18,privacy,6,0,165,87,135,135,117,0,0.4642857142857143
60-0-75,hindsight,2025-08-25,billing,27,0,1489,2244,1215,1215,2518,1029,0.674524511117064
60-0-75,hindsight,2025-08-25,technical,27,0,1275,5851,810,810,6316,5041,0.8863317429132753
60-0-75,hindsight,2025-08-25,privacy,6,0,130,117,135,135,112,0,0.4534412955465587
60-0-75,hindsight,2025-09-01,billing,27,0,1465,2518,1215,1215,2768,1303,0.6949535525985439
60-0-75,hindsight,2025-09-01,technical,27,0,1258,6316,810,810,6764,5506,0.8930551888038025
60-0-75,hindsight,2025-09-01,privacy,6,0,106,112,135,135,83,0,0.38073394495412843
60-0-75,hindsight,2025-09-08,billing,27,0,1506,2768,1215,1215,3059,1553,0.7157229761347683
60-0-75,hindsight,2025-09-08,technical,27,0,1327,6764,810,810,7281,5954,0.899888765294772
60-0-75,hindsight,2025-09-08,privacy,6,0,114,83,135,135,62,0,0.3147208121827411
60-0-100,fixed,2025-06-23,billing,27,0,1510,0,1620,1510,0,0,0.0
60-0-100,fixed,2025-06-23,technical,27,0,1591,0,1080,1080,511,0,0.3211816467630421
60-0-100,fixed,2025-06-23,privacy,6,0,152,0,180,152,0,0,0.0
60-0-100,fixed,2025-06-30,billing,27,0,1238,0,1620,1238,0,0,0.0
60-0-100,fixed,2025-06-30,technical,27,0,1356,511,1080,1080,787,0,0.42153186930905195
60-0-100,fixed,2025-06-30,privacy,6,0,123,0,180,123,0,0,0.0
60-0-100,fixed,2025-07-07,billing,27,0,1572,0,1620,1572,0,0,0.0
60-0-100,fixed,2025-07-07,technical,27,0,1490,787,1080,1080,1197,0,0.525691699604743
60-0-100,fixed,2025-07-07,privacy,6,0,128,0,180,128,0,0,0.0
60-0-100,fixed,2025-07-14,billing,27,0,1393,0,1620,1393,0,0,0.0
60-0-100,fixed,2025-07-14,technical,27,0,1449,1197,1080,1080,1566,117,0.5918367346938775
60-0-100,fixed,2025-07-14,privacy,6,0,134,0,180,134,0,0,0.0
60-0-100,fixed,2025-07-21,billing,27,0,1441,0,1620,1441,0,0,0.0
60-0-100,fixed,2025-07-21,technical,27,0,1416,1566,1080,1080,1902,486,0.6378269617706237
60-0-100,fixed,2025-07-21,privacy,6,0,146,0,180,146,0,0,0.0
60-0-100,fixed,2025-07-28,billing,27,0,1549,0,1620,1549,0,0,0.0
60-0-100,fixed,2025-07-28,technical,27,0,1452,1902,1080,1080,2274,822,0.6779964221824687
60-0-100,fixed,2025-07-28,privacy,6,0,158,0,180,158,0,0,0.0
60-0-100,fixed,2025-08-04,billing,27,0,1592,0,1620,1592,0,0,0.0
60-0-100,fixed,2025-08-04,technical,27,0,1516,2274,1080,1080,2710,1194,0.7150395778364116
60-0-100,fixed,2025-08-04,privacy,6,0,172,0,180,172,0,0,0.0
60-0-100,fixed,2025-08-11,billing,27,0,1442,0,1620,1442,0,0,0.0
60-0-100,fixed,2025-08-11,technical,27,0,1502,2710,1080,1080,3132,1630,0.7435897435897436
60-0-100,fixed,2025-08-11,privacy,6,0,151,0,180,151,0,0,0.0
60-0-100,fixed,2025-08-18,billing,27,0,1442,0,1620,1442,0,0,0.0
60-0-100,fixed,2025-08-18,technical,27,0,1369,3132,1080,1080,3421,2052,0.7600533214841146
60-0-100,fixed,2025-08-18,privacy,6,0,165,0,180,165,0,0,0.0
60-0-100,fixed,2025-08-25,billing,27,0,1489,0,1620,1489,0,0,0.0
60-0-100,fixed,2025-08-25,technical,27,0,1275,3421,1080,1080,3616,2341,0.7700170357751278
60-0-100,fixed,2025-08-25,privacy,6,0,130,0,180,130,0,0,0.0
60-0-100,fixed,2025-09-01,billing,27,0,1465,0,1620,1465,0,0,0.0
60-0-100,fixed,2025-09-01,technical,27,0,1258,3616,1080,1080,3794,2536,0.7784160853508412
60-0-100,fixed,2025-09-01,privacy,6,0,106,0,180,106,0,0,0.0
60-0-100,fixed,2025-09-08,billing,27,0,1506,0,1620,1506,0,0,0.0
60-0-100,fixed,2025-09-08,technical,27,0,1327,3794,1080,1080,4041,2714,0.789103690685413
60-0-100,fixed,2025-09-08,privacy,6,0,114,0,180,114,0,0,0.0
60-0-100,adaptive,2025-06-23,billing,27,0,1510,0,1620,1510,0,0,0.0
60-0-100,adaptive,2025-06-23,technical,27,0,1591,0,1080,1080,511,0,0.3211816467630421
60-0-100,adaptive,2025-06-23,privacy,6,0,152,0,180,152,0,0,0.0
60-0-100,adaptive,2025-06-30,billing,27,0,1238,0,1620,1238,0,0,0.0
60-0-100,adaptive,2025-06-30,technical,27,0,1356,511,1080,1080,787,0,0.42153186930905195
60-0-100,adaptive,2025-06-30,privacy,6,0,123,0,180,123,0,0,0.0
60-0-100,adaptive,2025-07-07,billing,27,0,1572,0,1620,1572,0,0,0.0
60-0-100,adaptive,2025-07-07,technical,27,0,1490,787,1080,1080,1197,0,0.525691699604743
60-0-100,adaptive,2025-07-07,privacy,6,0,128,0,180,128,0,0,0.0
60-0-100,adaptive,2025-07-14,billing,27,0,1393,0,1620,1393,0,0,0.0
60-0-100,adaptive,2025-07-14,technical,27,0,1449,1197,1080,1080,1566,117,0.5918367346938775
60-0-100,adaptive,2025-07-14,privacy,6,0,134,0,180,134,0,0,0.0
60-0-100,adaptive,2025-07-21,billing,27,0,1441,0,1620,1441,0,0,0.0
60-0-100,adaptive,2025-07-21,technical,27,0,1416,1566,1080,1080,1902,486,0.6378269617706237
60-0-100,adaptive,2025-07-21,privacy,6,0,146,0,180,146,0,0,0.0
60-0-100,adaptive,2025-07-28,billing,27,0,1549,0,1620,1549,0,0,0.0
60-0-100,adaptive,2025-07-28,technical,27,0,1452,1902,1080,1080,2274,822,0.6779964221824687
60-0-100,adaptive,2025-07-28,privacy,6,0,158,0,180,158,0,0,0.0
60-0-100,adaptive,2025-08-04,billing,27,0,1592,0,1620,1592,0,0,0.0
60-0-100,adaptive,2025-08-04,technical,27,0,1516,2274,1080,1080,2710,1194,0.7150395778364116
60-0-100,adaptive,2025-08-04,privacy,6,0,172,0,180,172,0,0,0.0
60-0-100,adaptive,2025-08-11,billing,27,0,1442,0,1620,1442,0,0,0.0
60-0-100,adaptive,2025-08-11,technical,27,0,1502,2710,1080,1080,3132,1630,0.7435897435897436
60-0-100,adaptive,2025-08-11,privacy,6,0,151,0,180,151,0,0,0.0
60-0-100,adaptive,2025-08-18,billing,27,0,1442,0,1620,1442,0,0,0.0
60-0-100,adaptive,2025-08-18,technical,27,0,1369,3132,1080,1080,3421,2052,0.7600533214841146
60-0-100,adaptive,2025-08-18,privacy,6,0,165,0,180,165,0,0,0.0
60-0-100,adaptive,2025-08-25,billing,27,0,1489,0,1620,1489,0,0,0.0
60-0-100,adaptive,2025-08-25,technical,27,0,1275,3421,1080,1080,3616,2341,0.7700170357751278
60-0-100,adaptive,2025-08-25,privacy,6,0,130,0,180,130,0,0,0.0
60-0-100,adaptive,2025-09-01,billing,27,0,1465,0,1620,1465,0,0,0.0
60-0-100,adaptive,2025-09-01,technical,27,0,1258,3616,1080,1080,3794,2536,0.7784160853508412
60-0-100,adaptive,2025-09-01,privacy,6,0,106,0,180,106,0,0,0.0
60-0-100,adaptive,2025-09-08,billing,27,0,1506,0,1620,1506,0,0,0.0
60-0-100,adaptive,2025-09-08,technical,27,0,1327,3794,1080,1080,4041,2714,0.789103690685413
60-0-100,adaptive,2025-09-08,privacy,6,0,114,0,180,114,0,0,0.0
60-0-100,optimized,2025-06-23,billing,27,0,1510,0,1620,1510,0,0,0.0
60-0-100,optimized,2025-06-23,technical,27,0,1591,0,1080,1080,511,0,0.3211816467630421
60-0-100,optimized,2025-06-23,privacy,6,0,152,0,180,152,0,0,0.0
60-0-100,optimized,2025-06-30,billing,27,0,1238,0,1620,1238,0,0,0.0
60-0-100,optimized,2025-06-30,technical,27,0,1356,511,1080,1080,787,0,0.42153186930905195
60-0-100,optimized,2025-06-30,privacy,6,0,123,0,180,123,0,0,0.0
60-0-100,optimized,2025-07-07,billing,27,0,1572,0,1620,1572,0,0,0.0
60-0-100,optimized,2025-07-07,technical,27,0,1490,787,1080,1080,1197,0,0.525691699604743
60-0-100,optimized,2025-07-07,privacy,6,0,128,0,180,128,0,0,0.0
60-0-100,optimized,2025-07-14,billing,27,0,1393,0,1620,1393,0,0,0.0
60-0-100,optimized,2025-07-14,technical,27,0,1449,1197,1080,1080,1566,117,0.5918367346938775
60-0-100,optimized,2025-07-14,privacy,6,0,134,0,180,134,0,0,0.0
60-0-100,optimized,2025-07-21,billing,27,0,1441,0,1620,1441,0,0,0.0
60-0-100,optimized,2025-07-21,technical,27,0,1416,1566,1080,1080,1902,486,0.6378269617706237
60-0-100,optimized,2025-07-21,privacy,6,0,146,0,180,146,0,0,0.0
60-0-100,optimized,2025-07-28,billing,27,0,1549,0,1620,1549,0,0,0.0
60-0-100,optimized,2025-07-28,technical,27,0,1452,1902,1080,1080,2274,822,0.6779964221824687
60-0-100,optimized,2025-07-28,privacy,6,0,158,0,180,158,0,0,0.0
60-0-100,optimized,2025-08-04,billing,27,0,1592,0,1620,1592,0,0,0.0
60-0-100,optimized,2025-08-04,technical,27,0,1516,2274,1080,1080,2710,1194,0.7150395778364116
60-0-100,optimized,2025-08-04,privacy,6,0,172,0,180,172,0,0,0.0
60-0-100,optimized,2025-08-11,billing,27,0,1442,0,1620,1442,0,0,0.0
60-0-100,optimized,2025-08-11,technical,27,0,1502,2710,1080,1080,3132,1630,0.7435897435897436
60-0-100,optimized,2025-08-11,privacy,6,0,151,0,180,151,0,0,0.0
60-0-100,optimized,2025-08-18,billing,27,0,1442,0,1620,1442,0,0,0.0
60-0-100,optimized,2025-08-18,technical,27,0,1369,3132,1080,1080,3421,2052,0.7600533214841146
60-0-100,optimized,2025-08-18,privacy,6,0,165,0,180,165,0,0,0.0
60-0-100,optimized,2025-08-25,billing,27,0,1489,0,1620,1489,0,0,0.0
60-0-100,optimized,2025-08-25,technical,27,0,1275,3421,1080,1080,3616,2341,0.7700170357751278
60-0-100,optimized,2025-08-25,privacy,6,0,130,0,180,130,0,0,0.0
60-0-100,optimized,2025-09-01,billing,27,0,1465,0,1620,1465,0,0,0.0
60-0-100,optimized,2025-09-01,technical,27,0,1258,3616,1080,1080,3794,2536,0.7784160853508412
60-0-100,optimized,2025-09-01,privacy,6,0,106,0,180,106,0,0,0.0
60-0-100,optimized,2025-09-08,billing,27,0,1506,0,1620,1506,0,0,0.0
60-0-100,optimized,2025-09-08,technical,27,0,1327,3794,1080,1080,4041,2714,0.789103690685413
60-0-100,optimized,2025-09-08,privacy,6,0,114,0,180,114,0,0,0.0
60-0-100,hindsight,2025-06-23,billing,27,0,1510,0,1620,1510,0,0,0.0
60-0-100,hindsight,2025-06-23,technical,27,0,1591,0,1080,1080,511,0,0.3211816467630421
60-0-100,hindsight,2025-06-23,privacy,6,0,152,0,180,152,0,0,0.0
60-0-100,hindsight,2025-06-30,billing,27,0,1238,0,1620,1238,0,0,0.0
60-0-100,hindsight,2025-06-30,technical,27,0,1356,511,1080,1080,787,0,0.42153186930905195
60-0-100,hindsight,2025-06-30,privacy,6,0,123,0,180,123,0,0,0.0
60-0-100,hindsight,2025-07-07,billing,27,0,1572,0,1620,1572,0,0,0.0
60-0-100,hindsight,2025-07-07,technical,27,0,1490,787,1080,1080,1197,0,0.525691699604743
60-0-100,hindsight,2025-07-07,privacy,6,0,128,0,180,128,0,0,0.0
60-0-100,hindsight,2025-07-14,billing,27,0,1393,0,1620,1393,0,0,0.0
60-0-100,hindsight,2025-07-14,technical,27,0,1449,1197,1080,1080,1566,117,0.5918367346938775
60-0-100,hindsight,2025-07-14,privacy,6,0,134,0,180,134,0,0,0.0
60-0-100,hindsight,2025-07-21,billing,27,0,1441,0,1620,1441,0,0,0.0
60-0-100,hindsight,2025-07-21,technical,27,0,1416,1566,1080,1080,1902,486,0.6378269617706237
60-0-100,hindsight,2025-07-21,privacy,6,0,146,0,180,146,0,0,0.0
60-0-100,hindsight,2025-07-28,billing,27,0,1549,0,1620,1549,0,0,0.0
60-0-100,hindsight,2025-07-28,technical,27,0,1452,1902,1080,1080,2274,822,0.6779964221824687
60-0-100,hindsight,2025-07-28,privacy,6,0,158,0,180,158,0,0,0.0
60-0-100,hindsight,2025-08-04,billing,27,0,1592,0,1620,1592,0,0,0.0
60-0-100,hindsight,2025-08-04,technical,27,0,1516,2274,1080,1080,2710,1194,0.7150395778364116
60-0-100,hindsight,2025-08-04,privacy,6,0,172,0,180,172,0,0,0.0
60-0-100,hindsight,2025-08-11,billing,27,0,1442,0,1620,1442,0,0,0.0
60-0-100,hindsight,2025-08-11,technical,27,0,1502,2710,1080,1080,3132,1630,0.7435897435897436
60-0-100,hindsight,2025-08-11,privacy,6,0,151,0,180,151,0,0,0.0
60-0-100,hindsight,2025-08-18,billing,27,0,1442,0,1620,1442,0,0,0.0
60-0-100,hindsight,2025-08-18,technical,27,0,1369,3132,1080,1080,3421,2052,0.7600533214841146
60-0-100,hindsight,2025-08-18,privacy,6,0,165,0,180,165,0,0,0.0
60-0-100,hindsight,2025-08-25,billing,27,0,1489,0,1620,1489,0,0,0.0
60-0-100,hindsight,2025-08-25,technical,27,0,1275,3421,1080,1080,3616,2341,0.7700170357751278
60-0-100,hindsight,2025-08-25,privacy,6,0,130,0,180,130,0,0,0.0
60-0-100,hindsight,2025-09-01,billing,27,0,1465,0,1620,1465,0,0,0.0
60-0-100,hindsight,2025-09-01,technical,27,0,1258,3616,1080,1080,3794,2536,0.7784160853508412
60-0-100,hindsight,2025-09-01,privacy,6,0,106,0,180,106,0,0,0.0
60-0-100,hindsight,2025-09-08,billing,27,0,1506,0,1620,1506,0,0,0.0
60-0-100,hindsight,2025-09-08,technical,27,0,1327,3794,1080,1080,4041,2714,0.789103690685413
60-0-100,hindsight,2025-09-08,privacy,6,0,114,0,180,114,0,0,0.0
60-0-125,fixed,2025-06-23,billing,27,0,1510,0,2025,1510,0,0,0.0
60-0-125,fixed,2025-06-23,technical,27,0,1591,0,1350,1350,241,0,0.15147705845380263
60-0-125,fixed,2025-06-23,privacy,6,0,152,0,225,152,0,0,0.0
60-0-125,fixed,2025-06-30,billing,27,0,1238,0,2025,1238,0,0,0.0
60-0-125,fixed,2025-06-30,technical,27,0,1356,241,1350,1350,247,0,0.15466499686912963
60-0-125,fixed,2025-06-30,privacy,6,0,123,0,225,123,0,0,0.0
60-0-125,fixed,2025-07-07,billing,27,0,1572,0,2025,1572,0,0,0.0
60-0-125,fixed,2025-07-07,technical,27,0,1490,247,1350,1350,387,0,0.22279792746113988
60-0-125,fixed,2025-07-07,privacy,6,0,128,0,225,128,0,0,0.0
60-0-125,fixed,2025-07-14,billing,27,0,1393,0,2025,1393,0,0,0.0
60-0-125,fixed,2025-07-14,technical,27,0,1449,387,1350,1350,486,0,0.2647058823529412
60-0-125,fixed,2025-07-14,privacy,6,0,134,0,225,134,0,0,0.0
60-0-125,fixed,2025-07-21,billing,27,0,1441,0,2025,1441,0,0,0.0
60-0-125,fixed,2025-07-21,technical,27,0,1416,486,1350,1350,552,0,0.2902208201892745
60-0-125,fixed,2025-07-21,privacy,6,0,146,0,225,146,0,0,0.0
60-0-125,fixed,2025-07-28,billing,27,0,1549,0,2025,1549,0,0,0.0
60-0-125,fixed,2025-07-28,technical,27,0,1452,552,1350,1350,654,0,0.3263473053892216
60-0-125,fixed,2025-07-28,privacy,6,0,158,0,225,158,0,0,0.0
60-0-125,fixed,2025-08-04,billing,27,0,1592,0,2025,1592,0,0,0.0
60-0-125,fixed,2025-08-04,technical,27,0,1516,654,1350,1350,820,0,0.3778801843317972
60-0-125,fixed,2025-08-04,privacy,6,0,172,0,225,172,0,0,0.0
60-0-125,fixed,2025-08-11,billing,27,0,1442,0,2025,1442,0,0,0.0
60-0-125,fixed,2025-08-11,technical,27,0,1502,820,1350,1350,972,0,0.4186046511627907
60-0-125,fixed,2025-08-11,privacy,6,0,151,0,225,151,0,0,0.0
60-0-125,fixed,2025-08-18,billing,27,0,1442,0,2025,1442,0,0,0.0
60-0-125,fixed,2025-08-18,technical,27,0,1369,972,1350,1350,991,0,0.4233233660828706
60-0-125,fixed,2025-08-18,privacy,6,0,165,0,225,165,0,0,0.0
60-0-125,fixed,2025-08-25,billing,27,0,1489,0,2025,1489,0,0,0.0
60-0-125,fixed,2025-08-25,technical,27,0,1275,991,1350,1350,916,0,0.4042365401588703
60-0-125,fixed,2025-08-25,privacy,6,0,130,0,225,130,0,0,0.0
60-0-125,fixed,2025-09-01,billing,27,0,1465,0,2025,1465,0,0,0.0
60-0-125,fixed,2025-09-01,technical,27,0,1258,916,1350,1350,824,0,0.37902483900643974
60-0-125,fixed,2025-09-01,privacy,6,0,106,0,225,106,0,0,0.0
60-0-125,fixed,2025-09-08,billing,27,0,1506,0,2025,1506,0,0,0.0
60-0-125,fixed,2025-09-08,technical,27,0,1327,824,1350,1350,801,0,0.3723849372384937
60-0-125,fixed,2025-09-08,privacy,6,0,114,0,225,114,0,0,0.0
60-0-125,adaptive,2025-06-23,billing,27,0,1510,0,2025,1510,0,0,0.0
60-0-125,adaptive,2025-06-23,technical,27,0,1591,0,1350,1350,241,0,0.15147705845380263
60-0-125,adaptive,2025-06-23,privacy,6,0,152,0,225,152,0,0,0.0
60-0-125,adaptive,2025-06-30,billing,27,0,1238,0,2025,1238,0,0,0.0
60-0-125,adaptive,2025-06-30,technical,27,0,1356,241,1350,1350,247,0,0.15466499686912963
60-0-125,adaptive,2025-06-30,privacy,6,0,123,0,225,123,0,0,0.0
60-0-125,adaptive,2025-07-07,billing,27,0,1572,0,2025,1572,0,0,0.0
60-0-125,adaptive,2025-07-07,technical,27,0,1490,247,1350,1350,387,0,0.22279792746113988
60-0-125,adaptive,2025-07-07,privacy,6,0,128,0,225,128,0,0,0.0
60-0-125,adaptive,2025-07-14,billing,27,0,1393,0,2025,1393,0,0,0.0
60-0-125,adaptive,2025-07-14,technical,27,0,1449,387,1350,1350,486,0,0.2647058823529412
60-0-125,adaptive,2025-07-14,privacy,6,0,134,0,225,134,0,0,0.0
60-0-125,adaptive,2025-07-21,billing,27,0,1441,0,2025,1441,0,0,0.0
60-0-125,adaptive,2025-07-21,technical,27,0,1416,486,1350,1350,552,0,0.2902208201892745
60-0-125,adaptive,2025-07-21,privacy,6,0,146,0,225,146,0,0,0.0
60-0-125,adaptive,2025-07-28,billing,27,0,1549,0,2025,1549,0,0,0.0
60-0-125,adaptive,2025-07-28,technical,27,0,1452,552,1350,1350,654,0,0.3263473053892216
60-0-125,adaptive,2025-07-28,privacy,6,0,158,0,225,158,0,0,0.0
60-0-125,adaptive,2025-08-04,billing,27,0,1592,0,2025,1592,0,0,0.0
60-0-125,adaptive,2025-08-04,technical,27,0,1516,654,1350,1350,820,0,0.3778801843317972
60-0-125,adaptive,2025-08-04,privacy,6,0,172,0,225,172,0,0,0.0
60-0-125,adaptive,2025-08-11,billing,27,0,1442,0,2025,1442,0,0,0.0
60-0-125,adaptive,2025-08-11,technical,27,0,1502,820,1350,1350,972,0,0.4186046511627907
60-0-125,adaptive,2025-08-11,privacy,6,0,151,0,225,151,0,0,0.0
60-0-125,adaptive,2025-08-18,billing,27,0,1442,0,2025,1442,0,0,0.0
60-0-125,adaptive,2025-08-18,technical,27,0,1369,972,1350,1350,991,0,0.4233233660828706
60-0-125,adaptive,2025-08-18,privacy,6,0,165,0,225,165,0,0,0.0
60-0-125,adaptive,2025-08-25,billing,27,0,1489,0,2025,1489,0,0,0.0
60-0-125,adaptive,2025-08-25,technical,27,0,1275,991,1350,1350,916,0,0.4042365401588703
60-0-125,adaptive,2025-08-25,privacy,6,0,130,0,225,130,0,0,0.0
60-0-125,adaptive,2025-09-01,billing,27,0,1465,0,2025,1465,0,0,0.0
60-0-125,adaptive,2025-09-01,technical,27,0,1258,916,1350,1350,824,0,0.37902483900643974
60-0-125,adaptive,2025-09-01,privacy,6,0,106,0,225,106,0,0,0.0
60-0-125,adaptive,2025-09-08,billing,27,0,1506,0,2025,1506,0,0,0.0
60-0-125,adaptive,2025-09-08,technical,27,0,1327,824,1350,1350,801,0,0.3723849372384937
60-0-125,adaptive,2025-09-08,privacy,6,0,114,0,225,114,0,0,0.0
60-0-125,optimized,2025-06-23,billing,27,0,1510,0,2025,1510,0,0,0.0
60-0-125,optimized,2025-06-23,technical,27,0,1591,0,1350,1350,241,0,0.15147705845380263
60-0-125,optimized,2025-06-23,privacy,6,0,152,0,225,152,0,0,0.0
60-0-125,optimized,2025-06-30,billing,27,0,1238,0,2025,1238,0,0,0.0
60-0-125,optimized,2025-06-30,technical,27,0,1356,241,1350,1350,247,0,0.15466499686912963
60-0-125,optimized,2025-06-30,privacy,6,0,123,0,225,123,0,0,0.0
60-0-125,optimized,2025-07-07,billing,27,0,1572,0,2025,1572,0,0,0.0
60-0-125,optimized,2025-07-07,technical,27,0,1490,247,1350,1350,387,0,0.22279792746113988
60-0-125,optimized,2025-07-07,privacy,6,0,128,0,225,128,0,0,0.0
60-0-125,optimized,2025-07-14,billing,27,0,1393,0,2025,1393,0,0,0.0
60-0-125,optimized,2025-07-14,technical,27,0,1449,387,1350,1350,486,0,0.2647058823529412
60-0-125,optimized,2025-07-14,privacy,6,0,134,0,225,134,0,0,0.0
60-0-125,optimized,2025-07-21,billing,27,0,1441,0,2025,1441,0,0,0.0
60-0-125,optimized,2025-07-21,technical,27,0,1416,486,1350,1350,552,0,0.2902208201892745
60-0-125,optimized,2025-07-21,privacy,6,0,146,0,225,146,0,0,0.0
60-0-125,optimized,2025-07-28,billing,27,0,1549,0,2025,1549,0,0,0.0
60-0-125,optimized,2025-07-28,technical,27,0,1452,552,1350,1350,654,0,0.3263473053892216
60-0-125,optimized,2025-07-28,privacy,6,0,158,0,225,158,0,0,0.0
60-0-125,optimized,2025-08-04,billing,27,0,1592,0,2025,1592,0,0,0.0
60-0-125,optimized,2025-08-04,technical,27,0,1516,654,1350,1350,820,0,0.3778801843317972
60-0-125,optimized,2025-08-04,privacy,6,0,172,0,225,172,0,0,0.0
60-0-125,optimized,2025-08-11,billing,27,0,1442,0,2025,1442,0,0,0.0
60-0-125,optimized,2025-08-11,technical,27,0,1502,820,1350,1350,972,0,0.4186046511627907
60-0-125,optimized,2025-08-11,privacy,6,0,151,0,225,151,0,0,0.0
60-0-125,optimized,2025-08-18,billing,27,0,1442,0,2025,1442,0,0,0.0
60-0-125,optimized,2025-08-18,technical,27,0,1369,972,1350,1350,991,0,0.4233233660828706
60-0-125,optimized,2025-08-18,privacy,6,0,165,0,225,165,0,0,0.0
60-0-125,optimized,2025-08-25,billing,27,0,1489,0,2025,1489,0,0,0.0
60-0-125,optimized,2025-08-25,technical,27,0,1275,991,1350,1350,916,0,0.4042365401588703
60-0-125,optimized,2025-08-25,privacy,6,0,130,0,225,130,0,0,0.0
60-0-125,optimized,2025-09-01,billing,27,0,1465,0,2025,1465,0,0,0.0
60-0-125,optimized,2025-09-01,technical,27,0,1258,916,1350,1350,824,0,0.37902483900643974
60-0-125,optimized,2025-09-01,privacy,6,0,106,0,225,106,0,0,0.0
60-0-125,optimized,2025-09-08,billing,27,0,1506,0,2025,1506,0,0,0.0
60-0-125,optimized,2025-09-08,technical,27,0,1327,824,1350,1350,801,0,0.3723849372384937
60-0-125,optimized,2025-09-08,privacy,6,0,114,0,225,114,0,0,0.0
60-0-125,hindsight,2025-06-23,billing,27,0,1510,0,2025,1510,0,0,0.0
60-0-125,hindsight,2025-06-23,technical,27,0,1591,0,1350,1350,241,0,0.15147705845380263
60-0-125,hindsight,2025-06-23,privacy,6,0,152,0,225,152,0,0,0.0
60-0-125,hindsight,2025-06-30,billing,27,0,1238,0,2025,1238,0,0,0.0
60-0-125,hindsight,2025-06-30,technical,27,0,1356,241,1350,1350,247,0,0.15466499686912963
60-0-125,hindsight,2025-06-30,privacy,6,0,123,0,225,123,0,0,0.0
60-0-125,hindsight,2025-07-07,billing,27,0,1572,0,2025,1572,0,0,0.0
60-0-125,hindsight,2025-07-07,technical,27,0,1490,247,1350,1350,387,0,0.22279792746113988
60-0-125,hindsight,2025-07-07,privacy,6,0,128,0,225,128,0,0,0.0
60-0-125,hindsight,2025-07-14,billing,27,0,1393,0,2025,1393,0,0,0.0
60-0-125,hindsight,2025-07-14,technical,27,0,1449,387,1350,1350,486,0,0.2647058823529412
60-0-125,hindsight,2025-07-14,privacy,6,0,134,0,225,134,0,0,0.0
60-0-125,hindsight,2025-07-21,billing,27,0,1441,0,2025,1441,0,0,0.0
60-0-125,hindsight,2025-07-21,technical,27,0,1416,486,1350,1350,552,0,0.2902208201892745
60-0-125,hindsight,2025-07-21,privacy,6,0,146,0,225,146,0,0,0.0
60-0-125,hindsight,2025-07-28,billing,27,0,1549,0,2025,1549,0,0,0.0
60-0-125,hindsight,2025-07-28,technical,27,0,1452,552,1350,1350,654,0,0.3263473053892216
60-0-125,hindsight,2025-07-28,privacy,6,0,158,0,225,158,0,0,0.0
60-0-125,hindsight,2025-08-04,billing,27,0,1592,0,2025,1592,0,0,0.0
60-0-125,hindsight,2025-08-04,technical,27,0,1516,654,1350,1350,820,0,0.3778801843317972
60-0-125,hindsight,2025-08-04,privacy,6,0,172,0,225,172,0,0,0.0
60-0-125,hindsight,2025-08-11,billing,27,0,1442,0,2025,1442,0,0,0.0
60-0-125,hindsight,2025-08-11,technical,27,0,1502,820,1350,1350,972,0,0.4186046511627907
60-0-125,hindsight,2025-08-11,privacy,6,0,151,0,225,151,0,0,0.0
60-0-125,hindsight,2025-08-18,billing,27,0,1442,0,2025,1442,0,0,0.0
60-0-125,hindsight,2025-08-18,technical,27,0,1369,972,1350,1350,991,0,0.4233233660828706
60-0-125,hindsight,2025-08-18,privacy,6,0,165,0,225,165,0,0,0.0
60-0-125,hindsight,2025-08-25,billing,27,0,1489,0,2025,1489,0,0,0.0
60-0-125,hindsight,2025-08-25,technical,27,0,1275,991,1350,1350,916,0,0.4042365401588703
60-0-125,hindsight,2025-08-25,privacy,6,0,130,0,225,130,0,0,0.0
60-0-125,hindsight,2025-09-01,billing,27,0,1465,0,2025,1465,0,0,0.0
60-0-125,hindsight,2025-09-01,technical,27,0,1258,916,1350,1350,824,0,0.37902483900643974
60-0-125,hindsight,2025-09-01,privacy,6,0,106,0,225,106,0,0,0.0
60-0-125,hindsight,2025-09-08,billing,27,0,1506,0,2025,1506,0,0,0.0
60-0-125,hindsight,2025-09-08,technical,27,0,1327,824,1350,1350,801,0,0.3723849372384937
60-0-125,hindsight,2025-09-08,privacy,6,0,114,0,225,114,0,0,0.0
60-25-75,fixed,2025-06-23,billing,20,6,1510,0,1116,1116,394,0,0.2609271523178808
60-25-75,fixed,2025-06-23,technical,20,8,1591,0,792,792,799,0,0.5021998742928976
60-25-75,fixed,2025-06-23,privacy,5,1,152,0,130,130,22,0,0.14473684210526316
60-25-75,fixed,2025-06-30,billing,20,6,1238,394,1116,1116,516,0,0.3161764705882353
60-25-75,fixed,2025-06-30,technical,20,8,1356,799,792,792,1363,7,0.6324825986078886
60-25-75,fixed,2025-06-30,privacy,5,1,123,22,130,130,15,0,0.10344827586206896
60-25-75,fixed,2025-07-07,billing,20,6,1572,516,1116,1116,972,0,0.46551724137931033
60-25-75,fixed,2025-07-07,technical,20,8,1490,1363,792,792,2061,571,0.722397476340694
60-25-75,fixed,2025-07-07,privacy,5,1,128,15,130,130,13,0,0.09090909090909091
60-25-75,fixed,2025-07-14,billing,20,6,1393,972,1116,1116,1249,0,0.5281183932346724
60-25-75,fixed,2025-07-14,technical,20,8,1449,2061,792,792,2718,1269,0.7743589743589744
60-25-75,fixed,2025-07-14,privacy,5,1,134,13,130,130,17,0,0.11564625850340136
60-25-75,fixed,2025-07-21,billing,20,6,1441,1249,1116,1116,1574,133,0.5851301115241636
60-25-75,fixed,2025-07-21,technical,20,8,1416,2718,792,792,3342,1926,0.8084179970972424
60-25-75,fixed,2025-07-21,privacy,5,1,146,17,130,130,33,0,0.20245398773006135
60-25-75,fixed,2025-07-28,billing,20,6,1549,1574,1116,1116,2007,458,0.6426512968299711
60-25-75,fixed,2025-07-28,technical,20,8,1452,3342,792,792,4002,2550,0.8347934918648311
60-25-75,fixed,2025-07-28,privacy,5,1,158,33,130,130,61,0,0.3193717277486911
60-25-75,fixed,2025-08-04,billing,20,6,1592,2007,1116,1116,2483,891,0.6899138649624896
60-25-75,fixed,2025-08-04,technical,20,8,1516,4002,792,792,4726,3210,0.8564697354113809
60-25-75,fixed,2025-08-04,privacy,5,1,172,61,130,130,103,0,0.44206008583690987
60-25-75,fixed,2025-08-11,billing,20,6,1442,2483,1116,1116,2809,1367,0.7156687898089172
60-25-75,fixed,2025-08-11,technical,20,8,1502,4726,792,792,5436,3934,0.8728323699421965
60-25-75,fixed,2025-08-11,privacy,5,1,151,103,130,130,124,0,0.4881889763779528
60-25-75,fixed,2025-08-18,billing,20,6,1442,2809,1116,1116,3135,1693,0.7374735356386732
60-25-75,fixed,2025-08-18,technical,20,8,1369,5436,792,792,6013,4644,0.8836149889786922
60-25-75,fixed,2025-08-18,privacy,5,1,165,124,130,130,159,0,0.5501730103806228
60-25-75,fixed,2025-08-25,billing,20,6,1489,3135,1116,1116,3508,2019,0.7586505190311419
60-25-75,fixed,2025-08-25,technical,20,8,1275,6013,792,792,6496,5221,0.8913282107574094
60-25-75,fixed,2025-08-25,privacy,5,1,130,159,130,130,159,29,0.5501730103806228
60-25-75,fixed,2025-09-01,billing,20,6,1465,3508,1116,1116,3857,2392,0.7755881761512166
60-25-75,fixed,2025-09-01,technical,20,8,1258,6496,792,792,6962,5704,0.8978591694609234
60-25-75,fixed,2025-09-01,privacy,5,1,106,159,130,130,135,29,0.5094339622641509
60-25-75,fixed,2025-09-08,billing,20,6,1506,3857,1116,1116,4247,2741,0.791907514450867
60-25-75,fixed,2025-09-08,technical,20,8,1327,6962,792,792,7497,6170,0.9044516829533116
60-25-75,fixed,2025-09-08,privacy,5,1,114,135,130,130,119,5,0.4779116465863454
60-25-75,adaptive,2025-06-23,billing,20,3,1510,0,1008,1008,502,0,0.33245033112582784
60-25-75,adaptive,2025-06-23,technical,20,11,1591,0,864,864,727,0,0.4569453174104337
60-25-75,adaptive,2025-06-23,privacy,5,1,152,0,130,130,22,0,0.14473684210526316
60-25-75,adaptive,2025-06-30,billing,20,4,1238,502,1044,1044,696,0,0.4
60-25-75,adaptive,2025-06-30,technical,20,10,1356,727,840,840,1243,0,0.5967354776764282
60-25-75,adaptive,2025-06-30,privacy,5,1,123,22,130,130,15,0,0.10344827586206896
60-25-75,adaptive,2025-07-07,billing,20,4,1572,696,1044,1044,1224,0,0.5396825396825397
60-25-75,adaptive,2025-07-07,technical,20,11,1490,1243,864,864,1869,379,0.6838638858397366
60-25-75,adaptive,2025-07-07,privacy,5,0,128,15,112,112,31,0,0.21678321678321677
60-25-75,adaptive,2025-07-14,billing,20,5,1393,1224,1080,1080,1537,144,0.5873137179977073
60-25-75,adaptive,2025-07-14,technical,20,10,1449,1869,840,840,2478,1029,0.7468354430379747
60-25-75,adaptive,2025-07-14,privacy,5,0,134,31,112,112,53,0,0.3212121212121212
60-25-75,adaptive,2025-07-21,billing,20,4,1441,1537,1044,1044,1934,493,0.6494291470785762
60-25-75,adaptive,2025-07-21,technical,20,11,1416,2478,864,864,3030,1614,0.7781201848998459
60-25-75,adaptive,2025-07-21,privacy,5,0,146,53,112,112,87,0,0.4371859296482412
60-25-75,adaptive,2025-07-28,billing,20,4,1549,1934,1044,1044,2439,890,0.7002583979328165
60-25-75,adaptive,2025-07-28,technical,20,10,1452,3030,840,840,3642,2190,0.8125836680053548
60-25-75,adaptive,2025-07-28,privacy,5,1,158,87,130,130,115,0,0.46938775510204084
60-25-75,adaptive,2025-08-04,billing,20,5,1592,2439,1080,1080,2951,1359,0.7320764078392459
60-25-75,adaptive,2025-08-04,technical,20,10,1516,3642,840,840,4318,2802,0.83714618069019
60-25-75,adaptive,2025-08-04,privacy,5,0,172,115,112,112,175,3,0.6097560975609756
60-25-75,adaptive,2025-08-11,billing,20,4,1442,2951,1044,1044,3349,1907,0.7623491918961985
60-25-75,adaptive,2025-08-11,technical,20,10,1502,4318,840,840,4980,3478,0.8556701030927835
60-25-75,adaptive,2025-08-11,privacy,5,1,151,175,130,130,196,45,0.6012269938650306
60-25-75,adaptive,2025-08-18,billing,20,4,1442,3349,1044,1044,3747,2305,0.7820914214151534
60-25-75,adaptive,2025-08-18,technical,20,10,1369,4980,840,840,5509,4140,0.8676957001102535
60-25-75,adaptive,2025-08-18,privacy,5,1,165,196,130,130,231,66,0.6398891966759003
60-25-75,adaptive,2025-08-25,billing,20,4,1489,3747,1044,1044,4192,2703,0.80061115355233
60-25-75,adaptive,2025-08-25,technical,20,10,1275,5509,840,840,5944,4669,0.8761792452830188
60-25-75,adaptive,2025-08-25,privacy,5,1,130,231,130,130,231,101,0.6398891966759003
60-25-75,adaptive,2025-09-01,billing,20,5,1465,4192,1080,1080,4577,3112,0.809086088032526
60-25-75,adaptive,2025-09-01,technical,20,10,1258,5944,840,840,6362,5104,0.883365731741183
60-25-75,adaptive,2025-09-01,privacy,5,0,106,231,112,112,225,119,0.6676557863501483
60-25-75,adaptive,2025-09-08,billing,20,5,1506,4577,1080,1080,5003,3497,0.8224560249876706
60-25-75,adaptive,2025-09-08,technical,20,10,1327,6362,840,840,6849,5522,0.8907530238002341
60-25-75,adaptive,2025-09-08,privacy,5,0,114,225,112,112,227,113,0.6696165191740413
60-25-75,optimized,2025-06-23,billing,20,0,1510,0,900,900,610,0,0.40397350993377484
60-25-75,optimized,2025-06-23,technical,20,15,1591,0,960,960,631,0,0.3966059082338152
60-25-75,optimized,2025-06-23,privacy,5,0,152,0,112,112,40,0,0.2631578947368421
60-25-75,optimized,2025-06-30,billing,20,0,1238,610,900,900,948,0,0.512987012987013
60-25-75,optimized,2025-06-30,technical,20,15,1356,631,960,960,1027,0,0.5168595873175642
60-25-75,optimized,2025-06-30,privacy,5,0,123,40,112,112,51,0,0.3128834355828221
60-25-75,optimized,2025-07-07,billing,20,0,1572,948,900,900,1620,48,0.6428571428571429
60-25-75,optimized,2025-07-07,technical,20,15,1490,1027,960,960,1557,67,0.6185935637663885
60-25-75,optimized,2025-07-07,privacy,5,0,128,51,112,112,67,0,0.3743016759776536
60-25-75,optimized,2025-07-14,billing,20,2,1393,1620,972,972,2041,648,0.677397942250249
60-25-75,optimized,2025-07-14,technical,20,13,1449,1557,912,912,2094,645,0.6966067864271457
60-25-75,optimized,2025-07-14,privacy,5,0,134,67,112,112,89,0,0.4427860696517413
60-25-75,optimized,2025-07-21,billing,20,1,1441,2041,936,936,2546,1105,0.7311889718552556
60-25-75,optimized,2025-07-21,technical,20,14,1416,2094,936,936,2574,1158,0.7333333333333333
60-25-75,optimized,2025-07-21,privacy,5,0,146,89,112,112,123,0,0.5234042553191489
60-25-75,optimized,2025-07-28,billing,20,1,1549,2546,936,936,3159,1610,0.7714285714285715
60-25-75,optimized,2025-07-28,technical,20,14,1452,2574,936,936,3090,1638,0.767511177347243
60-25-75,optimized,2025-07-28,privacy,5,0,158,123,112,112,169,11,0.6014234875444839
60-25-75,optimized,2025-08-04,billing,20,2,1592,3159,972,972,3779,2187,0.7954114923174068
60-25-75,optimized,2025-08-04,technical,20,13,1516,3090,912,912,3694,2178,0.8019973947025619
60-25-75,optimized,2025-08-04,privacy,5,0,172,169,112,112,229,57,0.6715542521994134
60-25-75,optimized,2025-08-11,billing,20,2,1442,3779,972,972,4249,2807,0.8138287684351657
60-25-75,optimized,2025-08-11,technical,20,13,1502,3694,912,912,4284,2782,0.8244803695150116
60-25-75,optimized,2025-08-11,privacy,5,0,151,229,112,112,268,117,0.7052631578947368
60-25-75,optimized,2025-08-18,billing,20,1,1442,4249,936,936,4755,3313,0.8355297838692672
60-25-75,optimized,2025-08-18,technical,20,14,1369,4284,936,936,4717,3348,0.8344241995400672
60-25-75,optimized,2025-08-18,privacy,5,0,165,268,112,112,321,156,0.7413394919168591
60-25-75,optimized,2025-08-25,billing,20,1,1489,4755,936,936,5308,3819,0.8500960922485586
60-25-75,optimized,2025-08-25,technical,20,14,1275,4717,936,936,5056,3781,0.8437917222963952
60-25-75,optimized,2025-08-25,privacy,5,0,130,321,112,112,339,209,0.7516629711751663
60-25-75,optimized,2025-09-01,billing,20,2,1465,5308,972,972,5801,4336,0.8564890004429352
60-25-75,optimized,2025-09-01,technical,20,13,1258,5056,912,912,5402,4144,0.8555590750712702
60-25-75,optimized,2025-09-01,privacy,5,0,106,339,112,112,333,227,0.748314606741573
60-25-75,optimized,2025-09-08,billing,20,2,1506,5801,972,972,6335,4829,0.8669768714930888
60-25-75,optimized,2025-09-08,technical,20,13,1327,5402,912,912,5817,4490,0.8644672313865359
60-25-75,optimized,2025-09-08,privacy,5,0,114,333,112,112,335,221,0.7494407158836689
60-25-75,hindsight,2025-06-23,billing,20,0,1510,0,900,900,610,0,0.40397350993377484
60-25-75,hindsight,2025-06-23,technical,20,15,1591,0,960,960,631,0,0.3966059082338152
60-25-75,hindsight,2025-06-23,privacy,5,0,152,0,112,112,40,0,0.2631578947368421
60-25-75,hindsight,2025-06-30,billing,20,0,1238,610,900,900,948,0,0.512987012987013
60-25-75,hindsight,2025-06-30,technical,20,15,1356,631,960,960,1027,0,0.5168595873175642
60-25-75,hindsight,2025-06-30,privacy,5,0,123,40,112,112,51,0,0.3128834355828221
60-25-75,hindsight,2025-07-07,billing,20,1,1572,948,936,936,1584,12,0.6285714285714286
60-25-75,hindsight,2025-07-07,technical,20,14,1490,1027,936,936,1581,91,0.6281287246722288
60-25-75,hindsight,2025-07-07,privacy,5,0,128,51,112,112,67,0,0.3743016759776536
60-25-75,hindsight,2025-07-14,billing,20,1,1393,1584,936,936,2041,648,0.6855895196506551
60-25-75,hindsight,2025-07-14,technical,20,14,1449,1581,936,936,2094,645,0.691089108910891
60-25-75,hindsight,2025-07-14,privacy,5,0,134,67,112,112,89,0,0.4427860696517413
60-25-75,hindsight,2025-07-21,billing,20,1,1441,2041,936,936,2546,1105,0.7311889718552556
60-25-75,hindsight,2025-07-21,technical,20,14,1416,2094,936,936,2574,1158,0.7333333333333333
60-25-75,hindsight,2025-07-21,privacy,5,0,146,89,112,112,123,0,0.5234042553191489
60-25-75,hindsight,2025-07-28,billing,20,1,1549,2546,936,936,3159,1610,0.7714285714285715
60-25-75,hindsight,2025-07-28,technical,20,14,1452,2574,936,936,3090,1638,0.767511177347243
60-25-75,hindsight,2025-07-28,privacy,5,0,158,123,112,112,169,11,0.6014234875444839
60-25-75,hindsight,2025-08-04,billing,20,2,1592,3159,972,972,3779,2187,0.7954114923174068
60-25-75,hindsight,2025-08-04,technical,20,13,1516,3090,912,912,3694,2178,0.8019973947025619
60-25-75,hindsight,2025-08-04,privacy,5,0,172,169,112,112,229,57,0.6715542521994134
60-25-75,hindsight,2025-08-11,billing,20,1,1442,3779,936,936,4285,2843,0.8207239992338633
60-25-75,hindsight,2025-08-11,technical,20,14,1502,3694,936,936,4260,2758,0.8198614318706697
60-25-75,hindsight,2025-08-11,privacy,5,0,151,229,112,112,268,117,0.7052631578947368
60-25-75,hindsight,2025-08-18,billing,20,1,1442,4285,936,936,4791,3349,0.8365636458878994
60-25-75,hindsight,2025-08-18,technical,20,14,1369,4260,936,936,4693,3324,0.8337182448036952
60-25-75,hindsight,2025-08-18,privacy,5,0,165,268,112,112,321,156,0.7413394919168591
60-25-75,hindsight,2025-08-25,billing,20,2,1489,4791,972,972,5308,3819,0.8452229299363058
60-25-75,hindsight,2025-08-25,technical,20,13,1275,4693,912,912,5056,3781,0.8471849865951743
60-25-75,hindsight,2025-08-25,privacy,5,0,130,321,112,112,339,209,0.7516629711751663
60-25-75,hindsight,2025-09-01,billing,20,2,1465,5308,972,972,5801,4336,0.8564890004429352
60-25-75,hindsight,2025-09-01,technical,20,13,1258,5056,912,912,5402,4144,0.8555590750712702
60-25-75,hindsight,2025-09-01,privacy,5,0,106,339,112,112,333,227,0.748314606741573
60-25-75,hindsight,2025-09-08,billing,20,2,1506,5801,972,972,6335,4829,0.8669768714930888
60-25-75,hindsight,2025-09-08,technical,20,13,1327,5402,912,912,5817,4490,0.8644672313865359
60-25-75,hindsight,2025-09-08,privacy,5,0,114,333,112,112,335,221,0.7494407158836689
60-25-100,fixed,2025-06-23,billing,20,6,1510,0,1488,1488,22,0,0.01456953642384106
60-25-100,fixed,2025-06-23,technical,20,8,1591,0,1056,1056,535,0,0.33626649905719674
60-25-100,fixed,2025-06-23,privacy,5,1,152,0,174,152,0,0,0.0
60-25-100,fixed,2025-06-30,billing,20,6,1238,22,1488,1260,0,0,0.0
60-25-100,fixed,2025-06-30,technical,20,8,1356,535,1056,1056,835,0,0.4415653093601269
60-25-100,fixed,2025-06-30,privacy,5,1,123,0,174,123,0,0,0.0
60-25-100,fixed,2025-07-07,billing,20,6,1572,0,1488,1488,84,0,0.05343511450381679
60-25-100,fixed,2025-07-07,technical,20,8,1490,835,1056,1056,1269,0,0.5458064516129032
60-25-100,fixed,2025-07-07,privacy,5,1,128,0,174,128,0,0,0.0
60-25-100,fixed,2025-07-14,billing,20,6,1393,84,1488,1477,0,0,0.0
60-25-100,fixed,2025-07-14,technical,20,8,1449,1269,1056,1056,1662,213,0.6114790286975718
60-25-100,fixed,2025-07-14,privacy,5,1,134,0,174,134,0,0,0.0
60-25-100,fixed,2025-07-21,billing,20,6,1441,0,1488,1441,0,0,0.0
60-25-100,fixed,2025-07-21,technical,20,8,1416,1662,1056,1056,2022,606,0.6569200779727096
60-25-100,fixed,2025-07-21,privacy,5,1,146,0,174,146,0,0,0.0
60-25-100,fixed,2025-07-28,billing,20,6,1549,0,1488,1488,61,0,0.039380245319561004
60-25-100,fixed,2025-07-28,technical,20,8,1452,2022,1056,1056,2418,966,0.696027633851468
60-25-100,fixed,2025-07-28,privacy,5,1,158,0,174,158,0,0,0.0
60-25-100,fixed,2025-08-04,billing,20,6,1592,61,1488,1488,165,0,0.0998185117967332
60-25-100,fixed,2025-08-04,technical,20,8,1516,2418,1056,1056,2878,1362,0.7315709201830198
60-25-100,fixed,2025-08-04,privacy,5,1,172,0,174,172,0,0,0.0
60-25-100,fixed,2025-08-11,billing,20,6,1442,165,1488,1488,119,0,0.07405102675793404
60-25-100,fixed,2025-08-11,technical,20,8,1502,2878,1056,1056,3324,1822,0.7589041095890411
60-25-100,fixed,2025-08-11,privacy,5,1,151,0,174,151,0,0,0.0
60-25-100,fixed,2025-08-18,billing,20,6,1442,119,1488,1488,73,0,0.04676489429852659
60-25-100,fixed,2025-08-18,technical,20,8,1369,3324,1056,1056,3637,2268,0.7749840187513317
60-25-100,fixed,2025-08-18,privacy,5,1,165,0,174,165,0,0,0.0
60-25-100,fixed,2025-08-25,billing,20,6,1489,73,1488,1488,74,0,0.04737516005121639
60-25-100,fixed,2025-08-25,technical,20,8,1275,3637,1056,1056,3856,2581,0.7850162866449512
60-25-100,fixed,2025-08-25,privacy,5,1,130,0,174,130,0,0,0.0
60-25-100,fixed,2025-09-01,billing,20,6,1465,74,1488,1488,51,0,0.03313840155945419
60-25-100,fixed,2025-09-01,technical,20,8,1258,3856,1056,1056,4058,2800,0.7935080172076653
60-25-100,fixed,2025-09-01,privacy,5,1,106,0,174,106,0,0,0.0
60-25-100,fixed,2025-09-08,billing,20,6,1506,51,1488,1488,69,0,0.04431599229287091
60-25-100,fixed,2025-09-08,technical,20,8,1327,4058,1056,1056,4329,3002,0.803899721448468
60-25-100,fixed,2025-09-08,privacy,5,1,114,0,174,114,0,0,0.0
60-25-100,adaptive,2025-06-23,billing,20,1,1510,0,1248,1248,262,0,0.17350993377483442
60-25-100,adaptive,2025-06-23,technical,20,14,1591,0,1248,1248,343,0,0.21558768070395978
60-25-100,adaptive,2025-06-23,privacy,5,0,152,0,150,150,2,0,0.013157894736842105
60-25-100,adaptive,2025-06-30,billing,20,4,1238,262,1392,1392,108,0,0.072
60-25-100,adaptive,2025-06-30,technical,20,11,1356,343,1152,1152,547,0,0.32195409064155384
60-25-100,adaptive,2025-06-30,privacy,5,0,123,2,150,125,0,0,0.0
60-25-100,adaptive,2025-07-07,billing,20,1,1572,108,1248,1248,432,0,0.2571428571428571
60-25-100,adaptive,2025-07-07,technical,20,14,1490,547,1248,1248,789,0,0.3873343151693667
60-25-100,adaptive,2025-07-07,privacy,5,0,128,0,150,128,0,0,0.0
60-25-100,adaptive,2025-07-14,billing,20,4,1393,432,1392,1392,433,0,0.23726027397260274
60-25-100,adaptive,2025-07-14,technical,20,11,1449,789,1152,1152,1086,0,0.48525469168900803
60-25-100,adaptive,2025-07-14,privacy,5,0,134,0,150,134,0,0,0.0
60-25-100,adaptive,2025-07-21,billing,20,3,1441,433,1344,1344,530,0,0.28281750266808964
60-25-100,adaptive,2025-07-21,technical,20,12,1416,1086,1184,1184,1318,0,0.5267785771382894
60-25-100,adaptive,2025-07-21,privacy,5,0,146,0,150,146,0,0,0.0
60-25-100,adaptive,2025-07-28,billing,20,3,1549,530,1344,1344,735,0,0.35353535353535354
60-25-100,adaptive,2025-07-28,technical,20,12,1452,1318,1184,1184,1586,134,0.5725631768953069
60-25-100,adaptive,2025-07-28,privacy,5,0,158,0,150,150,8,0,0.05063291139240506
60-25-100,adaptive,2025-08-04,billing,20,4,1592,735,1392,1392,935,0,0.40180489901160293
60-25-100,adaptive,2025-08-04,technical,20,11,1516,1586,1152,1152,1950,434,0.6286266924564797
60-25-100,adaptive,2025-08-04,privacy,5,0,172,8,150,150,30,0,0.16666666666666666
60-25-100,adaptive,2025-08-11,billing,20,4,1442,935,1392,1392,985,0,0.41438788388725284
60-25-100,adaptive,2025-08-11,technical,20,11,1502,1950,1152,1152,2300,798,0.6662804171494786
60-25-100,adaptive,2025-08-11,privacy,5,0,151,30,150,150,31,0,0.1712707182320442
60-25-100,adaptive,2025-08-18,billing,20,3,1442,985,1344,1344,1083,0,0.446229913473424
60-25-100,adaptive,2025-08-18,technical,20,12,1369,2300,1184,1184,2485,1116,0.6772962660125375
60-25-100,adaptive,2025-08-18,privacy,5,0,165,31,150,150,46,0,0.23469387755102042
60-25-100,adaptive,2025-08-25,billing,20,3,1489,1083,1344,1344,1228,0,0.4774494556765163
60-25-100,adaptive,2025-08-25,technical,20,12,1275,2485,1184,1184,2576,1301,0.6851063829787234
60-25-100,adaptive,2025-08-25,privacy,5,0,130,46,150,150,26,0,0.14772727272727273
60-25-100,adaptive,2025-09-01,billing,20,4,1465,1228,1392,1392,1301,0,0.4831043445971036
60-25-100,adaptive,2025-09-01,technical,20,11,1258,2576,1152,1152,2682,1424,0.6995305164319249
60-25-100,adaptive,2025-09-01,privacy,5,0,106,26,150,132,0,0,0.0
60-25-100,adaptive,2025-09-08,billing,20,4,1506,1301,1392,1392,1415,0,0.5040969006056288
60-25-100,adaptive,2025-09-08,technical,20,11,1327,2682,1152,1152,2857,1530,0.7126465452731354
60-25-100,adaptive,2025-09-08,privacy,5,0,114,0,150,114,0,0,0.0
60-25-100,optimized,2025-06-23,billing,20,0,1510,0,1200,1200,310,0,0.2052980132450331
60-25-100,optimized,2025-06-23,technical,20,15,1591,0,1280,1280,311,0,0.19547454431175362
60-25-100,optimized,2025-06-23,privacy,5,0,152,0,150,150,2,0,0.013157894736842105
60-25-100,optimized,2025-06-30,billing,20,0,1238,310,1200,1200,348,0,0.2248062015503876
60-25-100,optimized,2025-06-30,technical,20,15,1356,311,1280,1280,387,0,0.23215356928614278
60-25-100,optimized,2025-06-30,privacy,5,0,123,2,150,125,0,0,0.0
60-25-100,optimized,2025-07-07,billing,20,0,1572,348,1200,1200,720,0,0.375
60-25-100,optimized,2025-07-07,technical,20,15,1490,387,1280,1280,597,0,0.31806073521576983
60-25-100,optimized,2025-07-07,privacy,5,0,128,0,150,128,0,0,0.0
60-25-100,optimized,2025-07-14,billing,20,3,1393,720,1344,1344,769,0,0.36393752957879794
60-25-100,optimized,2025-07-14,technical,20,12,1449,597,1184,1184,862,0,0.42130987292277616
60-25-100,optimized,2025-07-14,privacy,5,0,134,0,150,134,0,0,0.0
60-25-100,optimized,2025-07-21,billing,20,0,1441,769,1200,1200,1010,0,0.45701357466063347
60-25-100,optimized,2025-07-21,technical,20,15,1416,862,1280,1280,998,0,0.43810359964881473
60-25-100,optimized,2025-07-21,privacy,5,0,146,0,150,146,0,0,0.0
60-25-100,optimized,2025-07-28,billing,20,1,1549,1010,1248,1248,1311,0,0.5123094958968347
60-25-100,optimized,2025-07-28,technical,20,14,1452,998,1248,1248,1202,0,0.4906122448979592
60-25-100,optimized,2025-07-28,privacy,5,0,158,0,150,150,8,0,0.05063291139240506
60-25-100,optimized,2025-08-04,billing,20,2,1592,1311,1296,1296,1607,15,0.5535652772993455
60-25-100,optimized,2025-08-04,technical,20,13,1516,1202,1216,1216,1502,0,0.5526122148638705
60-25-100,optimized,2025-08-04,privacy,5,0,172,8,150,150,30,0,0.16666666666666666
60-25-100,optimized,2025-08-11,billing,20,2,1442,1607,1296,1296,1753,311,0.5749426041325024
60-25-100,optimized,2025-08-11,technical,20,13,1502,1502,1216,1216,1788,286,0.5952063914780293
60-25-100,optimized,2025-08-11,privacy,5,0,151,30,150,150,31,0,0.1712707182320442
60-25-100,optimized,2025-08-18,billing,20,1,1442,1753,1248,1248,1947,505,0.6093896713615023
60-25-100,optimized,2025-08-18,technical,20,14,1369,1788,1248,1248,1909,540,0.6046879949318974
60-25-100,optimized,2025-08-18,privacy,5,0,165,31,150,150,46,0,0.23469387755102042
60-25-100,optimized,2025-08-25,billing,20,2,1489,1947,1296,1296,2140,651,0.6228172293364377
60-25-100,optimized,2025-08-25,technical,20,13,1275,1909,1216,1216,1968,693,0.6180904522613065
60-25-100,optimized,2025-08-25,privacy,5,0,130,46,150,150,26,0,0.14772727272727273
60-25-100,optimized,2025-09-01,billing,20,3,1465,2140,1344,1344,2261,796,0.6271844660194175
60-25-100,optimized,2025-09-01,technical,20,12,1258,1968,1184,1184,2042,784,0.6329820210787352
60-25-100,optimized,2025-09-01,privacy,5,0,106,26,150,132,0,0,0.0
60-25-100,optimized,2025-09-08,billing,20,3,1506,2261,1344,1344,2423,917,0.6432174143881072
60-25-100,optimized,2025-09-08,technical,20,12,1327,2042,1184,1184,2185,858,0.6485604036806174
60-25-100,optimized,2025-09-08,privacy,5,0,114,0,150,114,0,0,0.0
60-25-100,hindsight,2025-06-23,billing,20,0,1510,0,1200,1200,310,0,0.2052980132450331
60-25-100,hindsight,2025-06-23,technical,20,15,1591,0,1280,1280,311,0,0.19547454431175362
60-25-100,hindsight,2025-06-23,privacy,5,0,152,0,150,150,2,0,0.013157894736842105
60-25-100,hindsight,2025-06-30,billing,20,0,1238,310,1200,1200,348,0,0.2248062015503876
60-25-100,hindsight,2025-06-30,technical,20,15,1356,311,1280,1280,387,0,0.23215356928614278
60-25-100,hindsight,2025-06-30,privacy,5,0,123,2,150,125,0,0,0.0
60-25-100,hindsight,2025-07-07,billing,20,1,1572,348,1248,1248,672,0,0.35
60-25-100,hindsight,2025-07-07,technical,20,14,1490,387,1248,1248,629,0,0.3351092168353756
60-25-100,hindsight,2025-07-07,privacy,5,0,128,0,150,128,0,0,0.0
60-25-100,hindsight,2025-07-14,billing,20,1,1393,672,1248,1248,817,0,0.3956416464891041
60-25-100,hindsight,2025-07-14,technical,20,14,1449,629,1248,1248,830,0,0.3994225216554379
60-25-100,hindsight,2025-07-14,privacy,5,0,134,0,150,134,0,0,0.0
60-25-100,hindsight,2025-07-21,billing,20,1,1441,817,1248,1248,1010,0,0.44729849424269263
60-25-100,hindsight,2025-07-21,technical,20,14,1416,830,1248,1248,998,0,0.44434550311665183
60-25-100,hindsight,2025-07-21,privacy,5,0,146,0,150,146,0,0,0.0
60-25-100,hindsight,2025-07-28,billing,20,2,1549,1010,1296,1296,1263,0,0.4935521688159437
60-25-100,hindsight,2025-07-28,technical,20,13,1452,998,1216,1216,1234,0,0.5036734693877551
60-25-100,hindsight,2025-07-28,privacy,5,0,158,0,150,150,8,0,0.05063291139240506
60-25-100,hindsight,2025-08-04,billing,20,2,1592,1263,1296,1296,1559,0,0.5460595446584938
60-25-100,hindsight,2025-08-04,technical,20,13,1516,1234,1216,1216,1534,18,0.5578181818181818
60-25-100,hindsight,2025-08-04,privacy,5,0,172,8,150,150,30,0,0.16666666666666666
60-25-100,hindsight,2025-08-11,billing,20,1,1442,1559,1248,1248,1753,311,0.5841386204598468
60-25-100,hindsight,2025-08-11,technical,20,14,1502,1534,1248,1248,1788,286,0.5889328063241107
60-25-100,hindsight,2025-08-11,privacy,5,0,151,30,150,150,31,0,0.1712707182320442
60-25-100,hindsight,2025-08-18,billing,20,1,1442,1753,1248,1248,1947,505,0.6093896713615023
60-25-100,hindsight,2025-08-18,technical,20,14,1369,1788,1248,1248,1909,540,0.6046879949318974
60-25-100,hindsight,2025-08-18,privacy,5,0,165,31,150,150,46,0,0.23469387755102042
60-25-100,hindsight,2025-08-25,billing,20,2,1489,1947,1296,1296,2140,651,0.6228172293364377
60-25-100,hindsight,2025-08-25,technical,20,13,1275,1909,1216,1216,1968,693,0.6180904522613065
60-25-100,hindsight,2025-08-25,privacy,5,0,130,46,150,150,26,0,0.14772727272727273
60-25-100,hindsight,2025-09-01,billing,20,3,1465,2140,1344,1344,2261,796,0.6271844660194175
60-25-100,hindsight,2025-09-01,technical,20,12,1258,1968,1184,1184,2042,784,0.6329820210787352
60-25-100,hindsight,2025-09-01,privacy,5,0,106,26,150,132,0,0,0.0
60-25-100,hindsight,2025-09-08,billing,20,3,1506,2261,1344,1344,2423,917,0.6432174143881072
60-25-100,hindsight,2025-09-08,technical,20,12,1327,2042,1184,1184,2185,858,0.6485604036806174
60-25-100,hindsight,2025-09-08,privacy,5,0,114,0,150,114,0,0,0.0
60-25-125,fixed,2025-06-23,billing,20,6,1510,0,1860,1510,0,0,0.0
60-25-125,fixed,2025-06-23,technical,20,8,1591,0,1320,1320,271,0,0.1703331238214959
60-25-125,fixed,2025-06-23,privacy,5,1,152,0,217,152,0,0,0.0
60-25-125,fixed,2025-06-30,billing,20,6,1238,0,1860,1238,0,0,0.0
60-25-125,fixed,2025-06-30,technical,20,8,1356,271,1320,1320,307,0,0.18869084204056547
60-25-125,fixed,2025-06-30,privacy,5,1,123,0,217,123,0,0,0.0
60-25-125,fixed,2025-07-07,billing,20,6,1572,0,1860,1572,0,0,0.0
60-25-125,fixed,2025-07-07,technical,20,8,1490,307,1320,1320,477,0,0.2654424040066778
60-25-125,fixed,2025-07-07,privacy,5,1,128,0,217,128,0,0,0.0
60-25-125,fixed,2025-07-14,billing,20,6,1393,0,1860,1393,0,0,0.0
60-25-125,fixed,2025-07-14,technical,20,8,1449,477,1320,1320,606,0,0.3146417445482866
60-25-125,fixed,2025-07-14,privacy,5,1,134,0,217,134,0,0,0.0
60-25-125,fixed,2025-07-21,billing,20,6,1441,0,1860,1441,0,0,0.0
60-25-125,fixed,2025-07-21,technical,20,8,1416,606,1320,1320,702,0,0.34718100890207715
60-25-125,fixed,2025-07-21,privacy,5,1,146,0,217,146,0,0,0.0
60-25-125,fixed,2025-07-28,billing,20,6,1549,0,1860,1549,0,0,0.0
60-25-125,fixed,2025-07-28,technical,20,8,1452,702,1320,1320,834,0,0.3871866295264624
60-25-125,fixed,2025-07-28,privacy,5,1,158,0,217,158,0,0,0.0
60-25-125,fixed,2025-08-04,billing,20,6,1592,0,1860,1592,0,0,0.0
60-25-125,fixed,2025-08-04,technical,20,8,1516,834,1320,1320,1030,0,0.43829787234042555
60-25-125,fixed,2025-08-04,privacy,5,1,172,0,217,172,0,0,0.0
60-25-125,fixed,2025-08-11,billing,20,6,1442,0,1860,1442,0,0,0.0
60-25-125,fixed,2025-08-11,technical,20,8,1502,1030,1320,1320,1212,0,0.4786729857819905
60-25-125,fixed,2025-08-11,privacy,5,1,151,0,217,151,0,0,0.0
60-25-125,fixed,2025-08-18,billing,20,6,1442,0,1860,1442,0,0,0.0
60-25-125,fixed,2025-08-18,technical,20,8,1369,1212,1320,1320,1261,0,0.4885703215807826
60-25-125,fixed,2025-08-18,privacy,5,1,165,0,217,165,0,0,0.0
60-25-125,fixed,2025-08-25,billing,20,6,1489,0,1860,1489,0,0,0.0
60-25-125,fixed,2025-08-25,technical,20,8,1275,1261,1320,1320,1216,0,0.4794952681388013
60-25-125,fixed,2025-08-25,privacy,5,1,130,0,217,130,0,0,0.0
60-25-125,fixed,2025-09-01,billing,20,6,1465,0,1860,1465,0,0,0.0
60-25-125,fixed,2025-09-01,technical,20,8,1258,1216,1320,1320,1154,0,0.4664510913500404
60-25-125,fixed,2025-09-01,privacy,5,1,106,0,217,106,0,0,0.0
60-25-125,fixed,2025-09-08,billing,20,6,1506,0,1860,1506,0,0,0.0
60-25-125,fixed,2025-09-08,technical,20,8,1327,1154,1320,1320,1161,0,0.46795646916565903
60-25-125,fixed,2025-09-08,privacy,5,1,114,0,217,114,0,0,0.0
60-25-125,adaptive,2025-06-23,billing,20,0,1510,0,1500,1500,10,0,0.006622516556291391
60-25-125,adaptive,2025-06-23,technical,20,15,1591,0,1600,1591,0,0,0.0
60-25-125,adaptive,2025-06-23,privacy,5,0,152,0,187,152,0,0,0.0
60-25-125,adaptive,2025-06-30,billing,20,0,1238,10,1500,1248,0,0,0.0
60-25-125,adaptive,2025-06-30,technical,20,15,1356,0,1600,1356,0,0,0.0
60-25-125,adaptive,2025-06-30,privacy,5,0,123,0,187,123,0,0,0.0
60-25-125,adaptive,2025-07-07,billing,20,0,1572,0,1500,1500,72,0,0.04580152671755725
60-25-125,adaptive,2025-07-07,technical,20,15,1490,0,1600,1490,0,0,0.0
60-25-125,adaptive,2025-07-07,privacy,5,0,128,0,187,128,0,0,0.0
60-25-125,adaptive,2025-07-14,billing,20,2,1393,72,1620,1465,0,0,0.0
60-25-125,adaptive,2025-07-14,technical,20,13,1449,0,1520,1449,0,0,0.0
60-25-125,adaptive,2025-07-14,privacy,5,0,134,0,187,134,0,0,0.0
60-25-125,adaptive,2025-07-21,billing,20,0,1441,0,1500,1441,0,0,0.0
60-25-125,adaptive,2025-07-21,technical,20,15,1416,0,1600,1416,0,0,0.0
60-25-125,adaptive,2025-07-21,privacy,5,0,146,0,187,146,0,0,0.0
60-25-125,adaptive,2025-07-28,billing,20,0,1549,0,1500,1500,49,0,0.0316333118140736
60-25-125,adaptive,2025-07-28,technical,20,15,1452,0,1600,1452,0,0,0.0
60-25-125,adaptive,2025-07-28,privacy,5,0,158,0,187,158,0,0,0.0
60-25-125,adaptive,2025-08-04,billing,20,2,1592,49,1620,1620,21,0,0.012797074954296161
60-25-125,adaptive,2025-08-04,technical,20,13,1516,0,1520,1516,0,0,0.0
60-25-125,adaptive,2025-08-04,privacy,5,0,172,0,187,172,0,0,0.0
60-25-125,adaptive,2025-08-11,billing,20,2,1442,21,1620,1463,0,0,0.0
60-25-125,adaptive,2025-08-11,technical,20,13,1502,0,1520,1502,0,0,0.0
60-25-125,adaptive,2025-08-11,privacy,5,0,151,0,187,151,0,0,0.0
60-25-125,adaptive,2025-08-18,billing,20,0,1442,0,1500,1442,0,0,0.0
60-25-125,adaptive,2025-08-18,technical,20,15,1369,0,1600,1369,0,0,0.0
60-25-125,adaptive,2025-08-18,privacy,5,0,165,0,187,165,0,0,0.0
60-25-125,adaptive,2025-08-25,billing,20,0,1489,0,1500,1489,0,0,0.0
60-25-125,adaptive,2025-08-25,technical,20,15,1275,0,1600,1275,0,0,0.0
60-25-125,adaptive,2025-08-25,privacy,5,0,130,0,187,130,0,0,0.0
60-25-125,adaptive,2025-09-01,billing,20,0,1465,0,1500,1465,0,0,0.0
60-25-125,adaptive,2025-09-01,technical,20,15,1258,0,1600,1258,0,0,0.0
60-25-125,adaptive,2025-09-01,privacy,5,0,106,0,187,106,0,0,0.0
60-25-125,adaptive,2025-09-08,billing,20,0,1506,0,1500,1500,6,0,0.00398406374501992
60-25-125,adaptive,2025-09-08,technical,20,15,1327,0,1600,1327,0,0,0.0
60-25-125,adaptive,2025-09-08,privacy,5,0,114,0,187,114,0,0,0.0
60-25-125,optimized,2025-06-23,billing,20,0,1510,0,1500,1500,10,0,0.006622516556291391
60-25-125,optimized,2025-06-23,technical,20,10,1591,0,1400,1400,191,0,0.12005028284098052
60-25-125,optimized,2025-06-23,privacy,5,5,152,0,337,152,0,0,0.0
60-25-125,optimized,2025-06-30,billing,20,0,1238,10,1500,1248,0,0,0.0
60-25-125,optimized,2025-06-30,technical,20,15,1356,191,1600,1547,0,0,0.0
60-25-125,optimized,2025-06-30,privacy,5,0,123,0,187,123,0,0,0.0
60-25-125,optimized,2025-07-07,billing,20,0,1572,0,1500,1500,72,0,0.04580152671755725
60-25-125,optimized,2025-07-07,technical,20,15,1490,0,1600,1490,0,0,0.0
60-25-125,optimized,2025-07-07,privacy,5,0,128,0,187,128,0,0,0.0
60-25-125,optimized,2025-07-14,billing,20,3,1393,72,1680,1465,0,0,0.0
60-25-125,optimized,2025-07-14,technical,20,12,1449,0,1480,1449,0,0,0.0
60-25-125,optimized,2025-07-14,privacy,5,0,134,0,187,134,0,0,0.0
60-25-125,optimized,2025-07-21,billing,20,3,1441,0,1680,1441,0,0,0.0
60-25-125,optimized,2025-07-21,technical,20,12,1416,0,1480,1416,0,0,0.0
60-25-125,optimized,2025-07-21,privacy,5,0,146,0,187,146,0,0,0.0
60-25-125,optimized,2025-07-28,billing,20,3,1549,0,1680,1549,0,0,0.0
60-25-125,optimized,2025-07-28,technical,20,12,1452,0,1480,1452,0,0,0.0
60-25-125,optimized,2025-07-28,privacy,5,0,158,0,187,158,0,0,0.0
60-25-125,optimized,2025-08-04,billing,20,3,1592,0,1680,1592,0,0,0.0
60-25-125,optimized,2025-08-04,technical,20,12,1516,0,1480,1480,36,0,0.023746701846965697
60-25-125,optimized,2025-08-04,privacy,5,0,172,0,187,172,0,0,0.0
60-25-125,optimized,2025-08-11,billing,20,1,1442,0,1560,1442,0,0,0.0
60-25-125,optimized,2025-08-11,technical,20,14,1502,36,1560,1538,0,0,0.0
60-25-125,optimized,2025-08-11,privacy,5,0,151,0,187,151,0,0,0.0
60-25-125,optimized,2025-08-18,billing,20,1,1442,0,1560,1442,0,0,0.0
60-25-125,optimized,2025-08-18,technical,20,14,1369,0,1560,1369,0,0,0.0
60-25-125,optimized,2025-08-18,privacy,5,0,165,0,187,165,0,0,0.0
60-25-125,optimized,2025-08-25,billing,20,1,1489,0,1560,1489,0,0,0.0
60-25-125,optimized,2025-08-25,technical,20,14,1275,0,1560,1275,0,0,0.0
60-25-125,optimized,2025-08-25,privacy,5,0,130,0,187,130,0,0,0.0
60-25-125,optimized,2025-09-01,billing,20,1,1465,0,1560,1465,0,0,0.0
60-25-125,optimized,2025-09-01,technical,20,14,1258,0,1560,1258,0,0,0.0
60-25-125,optimized,2025-09-01,privacy,5,0,106,0,187,106,0,0,0.0
60-25-125,optimized,2025-09-08,billing,20,1,1506,0,1560,1506,0,0,0.0
60-25-125,optimized,2025-09-08,technical,20,14,1327,0,1560,1327,0,0,0.0
60-25-125,optimized,2025-09-08,privacy,5,0,114,0,187,114,0,0,0.0
60-25-125,hindsight,2025-06-23,billing,20,0,1510,0,1500,1500,10,0,0.006622516556291391
60-25-125,hindsight,2025-06-23,technical,20,15,1591,0,1600,1591,0,0,0.0
60-25-125,hindsight,2025-06-23,privacy,5,0,152,0,187,152,0,0,0.0
60-25-125,hindsight,2025-06-30,billing,20,0,1238,10,1500,1248,0,0,0.0
60-25-125,hindsight,2025-06-30,technical,20,15,1356,0,1600,1356,0,0,0.0
60-25-125,hindsight,2025-06-30,privacy,5,0,123,0,187,123,0,0,0.0
60-25-125,hindsight,2025-07-07,billing,20,2,1572,0,1620,1572,0,0,0.0
60-25-125,hindsight,2025-07-07,technical,20,13,1490,0,1520,1490,0,0,0.0
60-25-125,hindsight,2025-07-07,privacy,5,0,128,0,187,128,0,0,0.0
60-25-125,hindsight,2025-07-14,billing,20,2,1393,0,1620,1393,0,0,0.0
60-25-125,hindsight,2025-07-14,technical,20,13,1449,0,1520,1449,0,0,0.0
60-25-125,hindsight,2025-07-14,privacy,5,0,134,0,187,134,0,0,0.0
60-25-125,hindsight,2025-07-21,billing,20,2,1441,0,1620,1441,0,0,0.0
60-25-125,hindsight,2025-07-21,technical,20,13,1416,0,1520,1416,0,0,0.0
60-25-125,hindsight,2025-07-21,privacy,5,0,146,0,187,146,0,0,0.0
60-25-125,hindsight,2025-07-28,billing,20,2,1549,0,1620,1549,0,0,0.0
60-25-125,hindsight,2025-07-28,technical,20,13,1452,0,1520,1452,0,0,0.0
60-25-125,hindsight,2025-07-28,privacy,5,0,158,0,187,158,0,0,0.0
60-25-125,hindsight,2025-08-04,billing,20,2,1592,0,1620,1592,0,0,0.0
60-25-125,hindsight,2025-08-04,technical,20,13,1516,0,1520,1516,0,0,0.0
60-25-125,hindsight,2025-08-04,privacy,5,0,172,0,187,172,0,0,0.0
60-25-125,hindsight,2025-08-11,billing,20,2,1442,0,1620,1442,0,0,0.0
60-25-125,hindsight,2025-08-11,technical,20,13,1502,0,1520,1502,0,0,0.0
60-25-125,hindsight,2025-08-11,privacy,5,0,151,0,187,151,0,0,0.0
60-25-125,hindsight,2025-08-18,billing,20,2,1442,0,1620,1442,0,0,0.0
60-25-125,hindsight,2025-08-18,technical,20,13,1369,0,1520,1369,0,0,0.0
60-25-125,hindsight,2025-08-18,privacy,5,0,165,0,187,165,0,0,0.0
60-25-125,hindsight,2025-08-25,billing,20,2,1489,0,1620,1489,0,0,0.0
60-25-125,hindsight,2025-08-25,technical,20,13,1275,0,1520,1275,0,0,0.0
60-25-125,hindsight,2025-08-25,privacy,5,0,130,0,187,130,0,0,0.0
60-25-125,hindsight,2025-09-01,billing,20,2,1465,0,1620,1465,0,0,0.0
60-25-125,hindsight,2025-09-01,technical,20,13,1258,0,1520,1258,0,0,0.0
60-25-125,hindsight,2025-09-01,privacy,5,0,106,0,187,106,0,0,0.0
60-25-125,hindsight,2025-09-08,billing,20,2,1506,0,1620,1506,0,0,0.0
60-25-125,hindsight,2025-09-08,technical,20,13,1327,0,1520,1327,0,0,0.0
60-25-125,hindsight,2025-09-08,privacy,5,0,114,0,187,114,0,0,0.0
60-50-75,fixed,2025-06-23,billing,14,12,1510,0,1062,1062,448,0,0.29668874172185433
60-50-75,fixed,2025-06-23,technical,13,16,1591,0,774,774,817,0,0.5135135135135135
60-50-75,fixed,2025-06-23,privacy,3,2,152,0,103,103,49,0,0.3223684210526316
60-50-75,fixed,2025-06-30,billing,14,12,1238,448,1062,1062,624,0,0.3701067615658363
60-50-75,fixed,2025-06-30,technical,13,16,1356,817,774,774,1399,43,0.6438104003681546
60-50-75,fixed,2025-06-30,privacy,3,2,123,49,103,103,69,0,0.4011627906976744
60-50-75,fixed,2025-07-07,billing,14,12,1572,624,1062,1062,1134,0,0.5163934426229508
60-50-75,fixed,2025-07-07,technical,13,16,1490,1399,774,774,2115,625,0.7320872274143302
60-50-75,fixed,2025-07-07,privacy,3,2,128,69,103,103,94,0,0.47715736040609136
60-50-75,fixed,2025-07-14,billing,14,12,1393,1134,1062,1062,1465,72,0.5797388207360507
60-50-75,fixed,2025-07-14,technical,13,16,1449,2115,774,774,2790,1341,0.7828282828282829
60-50-75,fixed,2025-07-14,privacy,3,2,134,94,103,103,125,0,0.5482456140350878
60-50-75,fixed,2025-07-21,billing,14,12,1441,1465,1062,1062,1844,403,0.6345492085340675
60-50-75,fixed,2025-07-21,technical,13,16,1416,2790,774,774,3432,2016,0.8159771754636234
60-50-75,fixed,2025-07-21,privacy,3,2,146,125,103,103,168,22,0.6199261992619927
60-50-75,fixed,2025-07-28,billing,14,12,1549,1844,1062,1062,2331,782,0.6870026525198939
60-50-75,fixed,2025-07-28,technical,13,16,1452,3432,774,774,4110,2658,0.8415233415233415
60-50-75,fixed,2025-07-28,privacy,3,2,158,168,103,103,223,65,0.6840490797546013
60-50-75,fixed,2025-08-04,billing,14,12,1592,2331,1062,1062,2861,1269,0.7292888095845017
60-50-75,fixed,2025-08-04,technical,13,16,1516,4110,774,774,4852,3336,0.8624244578741557
60-50-75,fixed,2025-08-04,privacy,3,2,172,223,103,103,292,120,0.739240506329114
60-50-75,fixed,2025-08-11,billing,14,12,1442,2861,1062,1062,3241,1799,0.7531954450383453
60-50-75,fixed,2025-08-11,technical,13,16,1502,4852,774,774,5580,4078,0.8781869688385269
60-50-75,fixed,2025-08-11,privacy,3,2,151,292,103,103,340,189,0.7674943566591422
60-50-75,fixed,2025-08-18,billing,14,12,1442,3241,1062,1062,3621,2179,0.7732222934016656
60-50-75,fixed,2025-08-18,technical,13,16,1369,5580,774,774,6175,4806,0.8886170672039142
60-50-75,fixed,2025-08-18,privacy,3,2,165,340,103,103,402,237,0.7960396039603961
60-50-75,fixed,2025-08-25,billing,14,12,1489,3621,1062,1062,4048,2559,0.7921722113502936
60-50-75,fixed,2025-08-25,technical,13,16,1275,6175,774,774,6676,5401,0.8961073825503356
60-50-75,fixed,2025-08-25,privacy,3,2,130,402,103,103,429,299,0.806390977443609
60-50-75,fixed,2025-09-01,billing,14,12,1465,4048,1062,1062,4451,2986,0.807364411391257
60-50-75,fixed,2025-09-01,technical,13,16,1258,6676,774,774,7160,5902,0.9024451726745651
60-50-75,fixed,2025-09-01,privacy,3,2,106,429,103,103,432,326,0.8074766355140187
60-50-75,fixed,2025-09-08,billing,14,12,1506,4451,1062,1062,4895,3389,0.8217223434614739
60-50-75,fixed,2025-09-08,technical,13,16,1327,7160,774,774,7713,6386,0.9088016967126193
60-50-75,fixed,2025-09-08,privacy,3,2,114,432,103,103,443,329,0.8113553113553114
60-50-75,adaptive,2025-06-23,billing,14,8,1510,0,918,918,592,0,0.3920529801324503
60-50-75,adaptive,2025-06-23,technical,13,20,1591,0,870,870,721,0,0.45317410433689503
60-50-75,adaptive,2025-06-23,privacy,3,2,152,0,103,103,49,0,0.3223684210526316
60-50-75,adaptive,2025-06-30,billing,14,9,1238,592,954,954,876,0,0.4786885245901639
60-50-75,adaptive,2025-06-30,technical,13,19,1356,721,846,846,1231,0,0.5926817525276842
60-50-75,adaptive,2025-06-30,privacy,3,2,123,49,103,103,69,0,0.4011627906976744
60-50-75,adaptive,2025-07-07,billing,14,9,1572,876,954,954,1494,0,0.6102941176470589
60-50-75,adaptive,2025-07-07,technical,13,20,1490,1231,870,870,1851,361,0.6802646085997794
60-50-75,adaptive,2025-07-07,privacy,3,1,128,69,85,85,112,0,0.5685279187817259
60-50-75,adaptive,2025-07-14,billing,14,10,1393,1494,990,990,1897,504,0.657083477658469
60-50-75,adaptive,2025-07-14,technical,13,18,1449,1851,822,822,2478,1029,0.7509090909090909
60-50-75,adaptive,2025-07-14,privacy,3,2,134,112,103,103,143,9,0.5813008130081301
60-50-75,adaptive,2025-07-21,billing,14,10,1441,1897,990,990,2348,907,0.7034152186938286
60-50-75,adaptive,2025-07-21,technical,13,19,1416,2478,846,846,3048,1632,0.7827426810477658
60-50-75,adaptive,2025-07-21,privacy,3,1,146,143,85,85,204,58,0.7058823529411765
60-50-75,adaptive,2025-07-28,billing,14,9,1549,2348,954,954,2943,1394,0.7551963048498845
60-50-75,adaptive,2025-07-28,technical,13,19,1452,3048,846,846,3654,2202,0.812
60-50-75,adaptive,2025-07-28,privacy,3,2,158,204,103,103,259,101,0.7154696132596685
60-50-75,adaptive,2025-08-04,billing,14,10,1592,2943,990,990,3545,1953,0.7816979051819184
60-50-75,adaptive,2025-08-04,technical,13,18,1516,3654,822,822,4348,2832,0.8410058027079303
60-50-75,adaptive,2025-08-04,privacy,3,2,172,259,103,103,328,156,0.7610208816705336
60-50-75,adaptive,2025-08-11,billing,14,10,1442,3545,990,990,3997,2555,0.8014838580308803
60-50-75,adaptive,2025-08-11,technical,13,18,1502,4348,822,822,5028,3526,0.8594871794871795
60-50-75,adaptive,2025-08-11,privacy,3,2,151,328,103,103,376,225,0.7849686847599165
60-50-75,adaptive,2025-08-18,billing,14,10,1442,3997,990,990,4449,3007,0.8179812465526751
60-50-75,adaptive,2025-08-18,technical,13,18,1369,5028,822,822,5575,4206,0.8715022666875097
60-50-75,adaptive,2025-08-18,privacy,3,2,165,376,103,103,438,273,0.8096118299445472
60-50-75,adaptive,2025-08-25,billing,14,10,1489,4449,990,990,4948,3459,0.8332771977096666
60-50-75,adaptive,2025-08-25,technical,13,18,1275,5575,822,822,6028,4753,0.88
60-50-75,adaptive,2025-08-25,privacy,3,2,130,438,103,103,465,335,0.8186619718309859
60-50-75,adaptive,2025-09-01,billing,14,10,1465,4948,990,990,5423,3958,0.8456260720411664
60-50-75,adaptive,2025-09-01,technical,13,18,1258,6028,822,822,6464,5206,0.887180894866868
60-50-75,adaptive,2025-09-01,privacy,3,2,106,465,103,103,468,362,0.819614711033275
60-50-75,adaptive,2025-09-08,billing,14,10,1506,5423,990,990,5939,4433,0.8571222398614519
60-50-75,adaptive,2025-09-08,technical,13,18,1327,6464,822,822,6969,5642,0.8944936465152099
60-50-75,adaptive,2025-09-08,privacy,3,2,114,468,103,103,479,365,0.8230240549828178
60-50-75,optimized,2025-06-23,billing,14,6,1510,0,846,846,664,0,0.43973509933774835
60-50-75,optimized,2025-06-23,technical,13,22,1591,0,918,918,673,0,0.4230043997485858
60-50-75,optimized,2025-06-23,privacy,3,2,152,0,103,103,49,0,0.3223684210526316
60-50-75,optimized,2025-06-30,billing,14,7,1238,664,882,882,1020,0,0.5362776025236593
60-50-75,optimized,2025-06-30,technical,13,22,1356,673,918,918,1111,0,0.5475603745687531
60-50-75,optimized,2025-06-30,privacy,3,1,123,49,85,85,87,0,0.5058139534883721
60-50-75,optimized,2025-07-07,billing,14,6,1572,1020,846,846,1746,174,0.6736111111111112
60-50-75,optimized,2025-07-07,technical,13,23,1490,1111,942,942,1659,169,0.6378316032295271
60-50-75,optimized,2025-07-07,privacy,3,1,128,87,85,85,130,2,0.6046511627906976
60-50-75,optimized,2025-07-14,billing,14,8,1393,1746,918,918,2221,828,0.7075501752150366
60-50-75,optimized,2025-07-14,technical,13,21,1449,1659,894,894,2214,765,0.7123552123552124
60-50-75,optimized,2025-07-14,privacy,3,1,134,130,85,85,179,45,0.678030303030303
60-50-75,optimized,2025-07-21,billing,14,8,1441,2221,918,918,2744,1303,0.7493173129437466
60-50-75,optimized,2025-07-21,technical,13,21,1416,2214,894,894,2736,1320,0.7537190082644628
60-50-75,optimized,2025-07-21,privacy,3,1,146,179,85,85,240,94,0.7384615384615385
60-50-75,optimized,2025-07-28,billing,14,8,1549,2744,918,918,3375,1826,0.7861635220125787
60-50-75,optimized,2025-07-28,technical,13,21,1452,2736,894,894,3294,1842,0.7865329512893983
60-50-75,optimized,2025-07-28,privacy,3,1,158,240,85,85,313,155,0.7864321608040201
60-50-75,optimized,2025-08-04,billing,14,8,1592,3375,918,918,4049,2457,0.8151801892490437
60-50-75,optimized,2025-08-04,technical,13,20,1516,3294,870,870,3940,2424,0.8191268191268192
60-50-75,optimized,2025-08-04,privacy,3,2,172,313,103,103,382,210,0.7876288659793814
60-50-75,optimized,2025-08-11,billing,14,8,1442,4049,918,918,4573,3131,0.8328173374613003
60-50-75,optimized,2025-08-11,technical,13,20,1502,3940,870,870,4572,3070,0.8401323042998897
60-50-75,optimized,2025-08-11,privacy,3,2,151,382,103,103,430,279,0.8067542213883677
60-50-75,optimized,2025-08-18,billing,14,7,1442,4573,882,882,5133,3691,0.8533665835411471
60-50-75,optimized,2025-08-18,technical,13,21,1369,4572,894,894,5047,3678,0.8495202827806767
60-50-75,optimized,2025-08-18,privacy,3,2,165,430,103,103,492,327,0.826890756302521
60-50-75,optimized,2025-08-25,billing,14,8,1489,5133,918,918,5704,4215,0.8613711869525823
60-50-75,optimized,2025-08-25,technical,13,20,1275,5047,870,870,5452,4177,0.8623853211009175
60-50-75,optimized,2025-08-25,privacy,3,2,130,492,103,103,519,389,0.8344051446945338
60-50-75,optimized,2025-09-01,billing,14,9,1465,5704,954,954,6215,4750,0.8669270470079509
60-50-75,optimized,2025-09-01,technical,13,20,1258,5452,870,870,5840,4582,0.8703427719821163
60-50-75,optimized,2025-09-01,privacy,3,1,106,519,85,85,540,434,0.864
60-50-75,optimized,2025-09-08,billing,14,9,1506,6215,954,954,6767,5261,0.8764408755342572
60-50-75,optimized,2025-09-08,technical,13,20,1327,5840,870,870,6297,4970,0.8786102971954792
60-50-75,optimized,2025-09-08,privacy,3,1,114,540,85,85,569,455,0.8700305810397554
60-50-75,hindsight,2025-06-23,billing,14,7,1510,0,882,882,628,0,0.41589403973509936
60-50-75,hindsight,2025-06-23,technical,13,21,1591,0,894,894,697,0,0.4380892520427404
60-50-75,hindsight,2025-06-23,privacy,3,2,152,0,103,103,49,0,0.3223684210526316
60-50-75,hindsight,2025-06-30,billing,14,6,1238,628,846,846,1020,0,0.5466237942122186
60-50-75,hindsight,2025-06-30,technical,13,23,1356,697,942,942,1111,0,0.5411592791037506
60-50-75,hindsight,2025-06-30,privacy,3,1,123,49,85,85,87,0,0.5058139534883721
60-50-75,hindsight,2025-07-07,billing,14,8,1572,1020,918,918,1674,102,0.6458333333333334
60-50-75,hindsight,2025-07-07,technical,13,21,1490,1111,894,894,1707,217,0.6562860438292965
60-50-75,hindsight,2025-07-07,privacy,3,1,128,87,85,85,130,2,0.6046511627906976
60-50-75,hindsight,2025-07-14,billing,14,7,1393,1674,882,882,2185,792,0.7124225627649169
60-50-75,hindsight,2025-07-14,technical,13,22,1449,1707,918,918,2238,789,0.7091254752851711
60-50-75,hindsight,2025-07-14,privacy,3,1,134,130,85,85,179,45,0.678030303030303
60-50-75,hindsight,2025-07-21,billing,14,8,1441,2185,918,918,2708,1267,0.7468284611141754
60-50-75,hindsight,2025-07-21,technical,13,21,1416,2238,894,894,2760,1344,0.7553366174055829
60-50-75,hindsight,2025-07-21,privacy,3,1,146,179,85,85,240,94,0.7384615384615385
60-50-75,hindsight,2025-07-28,billing,14,8,1549,2708,918,918,3339,1790,0.7843551797040169
60-50-75,hindsight,2025-07-28,technical,13,21,1452,2760,894,894,3318,1866,0.7877492877492878
60-50-75,hindsight,2025-07-28,privacy,3,1,158,240,85,85,313,155,0.7864321608040201
60-50-75,hindsight,2025-08-04,billing,14,8,1592,3339,918,918,4013,2421,0.8138308659501116
60-50-75,hindsight,2025-08-04,technical,13,20,1516,3318,870,870,3964,2448,0.8200248241621845
60-50-75,hindsight,2025-08-04,privacy,3,2,172,313,103,103,382,210,0.7876288659793814
60-50-75,hindsight,2025-08-11,billing,14,7,1442,4013,882,882,4573,3131,0.8383134738771769
60-50-75,hindsight,2025-08-11,technical,13,21,1502,3964,894,894,4572,3070,0.8364434687156971
60-50-75,hindsight,2025-08-11,privacy,3,2,151,382,103,103,430,279,0.8067542213883677
60-50-75,hindsight,2025-08-18,billing,14,7,1442,4573,882,882,5133,3691,0.8533665835411471
60-50-75,hindsight,2025-08-18,technical,13,21,1369,4572,894,894,5047,3678,0.8495202827806767
60-50-75,hindsight,2025-08-18,privacy,3,2,165,430,103,103,492,327,0.826890756302521
60-50-75,hindsight,2025-08-25,billing,14,8,1489,5133,918,918,5704,4215,0.8613711869525823
60-50-75,hindsight,2025-08-25,technical,13,20,1275,5047,870,870,5452,4177,0.8623853211009175
60-50-75,hindsight,2025-08-25,privacy,3,2,130,492,103,103,519,389,0.8344051446945338
60-50-75,hindsight,2025-09-01,billing,14,9,1465,5704,954,954,6215,4750,0.8669270470079509
60-50-75,hindsight,2025-09-01,technical,13,20,1258,5452,870,870,5840,4582,0.8703427719821163
60-50-75,hindsight,2025-09-01,privacy,3,1,106,519,85,85,540,434,0.864
60-50-75,hindsight,2025-09-08,billing,14,9,1506,6215,954,954,6767,5261,0.8764408755342572
60-50-75,hindsight,2025-09-08,technical,13,20,1327,5840,870,870,6297,4970,0.8786102971954792
60-50-75,hindsight,2025-09-08,privacy,3,1,114,540,85,85,569,455,0.8700305810397554
60-50-100,fixed,2025-06-23,billing,14,12,1510,0,1416,1416,94,0,0.06225165562913907
60-50-100,fixed,2025-06-23,technical,13,16,1591,0,1032,1032,559,0,0.35135135135135137
60-50-100,fixed,2025-06-23,privacy,3,2,152,0,138,138,14,0,0.09210526315789473
60-50-100,fixed,2025-06-30,billing,14,12,1238,94,1416,1332,0,0,0.0
60-50-100,fixed,2025-06-30,technical,13,16,1356,559,1032,1032,883,0,0.4610966057441253
60-50-100,fixed,2025-06-30,privacy,3,2,123,14,138,137,0,0,0.0
60-50-100,fixed,2025-07-07,billing,14,12,1572,0,1416,1416,156,0,0.09923664122137404
60-50-100,fixed,2025-07-07,technical,13,16,1490,883,1032,1032,1341,0,0.5651074589127687
60-50-100,fixed,2025-07-07,privacy,3,2,128,0,138,128,0,0,0.0
60-50-100,fixed,2025-07-14,billing,14,12,1393,156,1416,1416,133,0,0.08586184635248548
60-50-100,fixed,2025-07-14,technical,13,16,1449,1341,1032,1032,1758,309,0.6301075268817204
60-50-100,fixed,2025-07-14,privacy,3,2,134,0,138,134,0,0,0.0
60-50-100,fixed,2025-07-21,billing,14,12,1441,133,1416,1416,158,0,0.10038119440914867
60-50-100,fixed,2025-07-21,technical,13,16,1416,1758,1032,1032,2142,726,0.6748582230623819
60-50-100,fixed,2025-07-21,privacy,3,2,146,0,138,138,8,0,0.0547945205479452
60-50-100,fixed,2025-07-28,billing,14,12,1549,158,1416,1416,291,0,0.1704745166959578
60-50-100,fixed,2025-07-28,technical,13,16,1452,2142,1032,1032,2562,1110,0.7128547579298832
60-50-100,fixed,2025-07-28,privacy,3,2,158,8,138,138,28,0,0.1686746987951807
60-50-100,fixed,2025-08-04,billing,14,12,1592,291,1416,1416,467,0,0.24800849707912906
60-50-100,fixed,2025-08-04,technical,13,16,1516,2562,1032,1032,3046,1530,0.7469347719470328
60-50-100,fixed,2025-08-04,privacy,3,2,172,28,138,138,62,0,0.31
60-50-100,fixed,2025-08-11,billing,14,12,1442,467,1416,1416,493,0,0.2582503928758512
60-50-100,fixed,2025-08-11,technical,13,16,1502,3046,1032,1032,3516,2014,0.7730870712401056
60-50-100,fixed,2025-08-11,privacy,3,2,151,62,138,138,75,0,0.352112676056338
60-50-100,fixed,2025-08-18,billing,14,12,1442,493,1416,1416,519,0,0.2682170542635659
60-50-100,fixed,2025-08-18,technical,13,16,1369,3516,1032,1032,3853,2484,0.7887410440122825
60-50-100,fixed,2025-08-18,privacy,3,2,165,75,138,138,102,0,0.425
60-50-100,fixed,2025-08-25,billing,14,12,1489,519,1416,1416,592,0,0.2948207171314741
60-50-100,fixed,2025-08-25,technical,13,16,1275,3853,1032,1032,4096,2821,0.7987519500780031
60-50-100,fixed,2025-08-25,privacy,3,2,130,102,138,138,94,0,0.4051724137931034
60-50-100,fixed,2025-09-01,billing,14,12,1465,592,1416,1416,641,0,0.31161886242100145
60-50-100,fixed,2025-09-01,technical,13,16,1258,4096,1032,1032,4322,3064,0.807246918192006
60-50-100,fixed,2025-09-01,privacy,3,2,106,94,138,138,62,0,0.31
60-50-100,fixed,2025-09-08,billing,14,12,1506,641,1416,1416,731,0,0.34047508150908246
60-50-100,fixed,2025-09-08,technical,13,16,1327,4322,1032,1032,4617,3290,0.8173127987254382
60-50-100,fixed,2025-09-08,privacy,3,2,114,62,138,138,38,0,0.2159090909090909
60-50-100,adaptive,2025-06-23,billing,14,7,1510,0,1176,1176,334,0,0.22119205298013245
60-50-100,adaptive,2025-06-23,technical,13,21,1591,0,1192,1192,399,0,0.25078566939032054
60-50-100,adaptive,2025-06-23,privacy,3,2,152,0,138,138,14,0,0.09210526315789473
60-50-100,adaptive,2025-06-30,billing,14,9,1238,334,1272,1272,300,0,0.19083969465648856
60-50-100,adaptive,2025-06-30,technical,13,20,1356,399,1160,1160,595,0,0.33903133903133903
60-50-100,adaptive,2025-06-30,privacy,3,1,123,14,114,114,23,0,0.1678832116788321
60-50-100,adaptive,2025-07-07,billing,14,7,1572,300,1176,1176,696,0,0.3717948717948718
60-50-100,adaptive,2025-07-07,technical,13,22,1490,595,1224,1224,861,0,0.41294964028776976
60-50-100,adaptive,2025-07-07,privacy,3,1,128,23,114,114,37,0,0.24503311258278146
60-50-100,adaptive,2025-07-14,billing,14,10,1393,696,1320,1320,769,0,0.3681187170895165
60-50-100,adaptive,2025-07-14,technical,13,19,1449,861,1128,1128,1182,0,0.5116883116883116
60-50-100,adaptive,2025-07-14,privacy,3,1,134,37,114,114,57,0,0.3333333333333333
60-50-100,adaptive,2025-07-21,billing,14,9,1441,769,1272,1272,938,0,0.4244343891402715
60-50-100,adaptive,2025-07-21,technical,13,20,1416,1182,1160,1160,1438,22,0.5535026943802925
60-50-100,adaptive,2025-07-21,privacy,3,1,146,57,114,114,89,0,0.43842364532019706
60-50-100,adaptive,2025-07-28,billing,14,9,1549,938,1272,1272,1215,0,0.48854041013269
60-50-100,adaptive,2025-07-28,technical,13,20,1452,1438,1160,1160,1730,278,0.5986159169550173
60-50-100,adaptive,2025-07-28,privacy,3,1,158,89,114,114,133,0,0.5384615384615384
60-50-100,adaptive,2025-08-04,billing,14,9,1592,1215,1272,1272,1535,0,0.5468471677947987
60-50-100,adaptive,2025-08-04,technical,13,19,1516,1730,1128,1128,2118,602,0.6524953789279113
60-50-100,adaptive,2025-08-04,privacy,3,2,172,133,138,138,167,0,0.5475409836065573
60-50-100,adaptive,2025-08-11,billing,14,9,1442,1535,1272,1272,1705,263,0.5727242190124286
60-50-100,adaptive,2025-08-11,technical,13,19,1502,2118,1128,1128,2492,990,0.6883977900552486
60-50-100,adaptive,2025-08-11,privacy,3,2,151,167,138,138,180,29,0.5660377358490566
60-50-100,adaptive,2025-08-18,billing,14,9,1442,1705,1272,1272,1875,433,0.5958055290753098
60-50-100,adaptive,2025-08-18,technical,13,19,1369,2492,1128,1128,2733,1364,0.7078477078477079
60-50-100,adaptive,2025-08-18,privacy,3,2,165,180,138,138,207,42,0.6
60-50-100,adaptive,2025-08-25,billing,14,9,1489,1875,1272,1272,2092,603,0.6218787158145065
60-50-100,adaptive,2025-08-25,technical,13,19,1275,2733,1128,1128,2880,1605,0.718562874251497
60-50-100,adaptive,2025-08-25,privacy,3,2,130,207,138,138,199,69,0.5905044510385756
60-50-100,adaptive,2025-09-01,billing,14,9,1465,2092,1272,1272,2285,820,0.6423952769187518
60-50-100,adaptive,2025-09-01,technical,13,19,1258,2880,1128,1128,3010,1752,0.7274045432576124
60-50-100,adaptive,2025-09-01,privacy,3,2,106,199,138,138,167,61,0.5475409836065573
60-50-100,adaptive,2025-09-08,billing,14,10,1506,2285,1320,1320,2471,965,0.6518069111052492
60-50-100,adaptive,2025-09-08,technical,13,19,1327,3010,1128,1128,3209,1882,0.7399123818307586
60-50-100,adaptive,2025-09-08,privacy,3,1,114,167,114,114,167,53,0.594306049822064
60-50-100,optimized,2025-06-23,billing,14,6,1510,0,1128,1128,382,0,0.25298013245033113
60-50-100,optimized,2025-06-23,technical,13,22,1591,0,1224,1224,367,0,0.23067253299811438
60-50-100,optimized,2025-06-23,privacy,3,2,152,0,138,138,14,0,0.09210526315789473
60-50-100,optimized,2025-06-30,billing,14,7,1238,382,1176,1176,444,0,0.2740740740740741
60-50-100,optimized,2025-06-30,technical,13,22,1356,367,1224,1224,499,0,0.289611143354614
60-50-100,optimized,2025-06-30,privacy,3,1,123,14,114,114,23,0,0.1678832116788321
60-50-100,optimized,2025-07-07,billing,14,6,1572,444,1128,1128,888,0,0.44047619047619047
60-50-100,optimized,2025-07-07,technical,13,23,1490,499,1256,1256,733,0,0.36852689793866267
60-50-100,optimized,2025-07-07,privacy,3,1,128,23,114,114,37,0,0.24503311258278146
60-50-100,optimized,2025-07-14,billing,14,10,1393,888,1320,1320,961,0,0.4213064445418676
60-50-100,optimized,2025-07-14,technical,13,20,1449,733,1160,1160,1022,0,0.46837763519706693
60-50-100,optimized,2025-07-14,privacy,3,0,134,37,90,90,81,0,0.47368421052631576
60-50-100,optimized,2025-07-21,billing,14,7,1441,961,1176,1176,1226,0,0.5104079933388843
60-50-100,optimized,2025-07-21,technical,13,22,1416,1022,1224,1224,1214,0,0.49794913863822804
60-50-100,optimized,2025-07-21,privacy,3,1,146,81,114,114,113,0,0.4977973568281938
60-50-100,optimized,2025-07-28,billing,14,8,1549,1226,1224,1224,1551,2,0.5589189189189189
60-50-100,optimized,2025-07-28,technical,13,20,1452,1214,1160,1160,1506,54,0.5648912228057015
60-50-100,optimized,2025-07-28,privacy,3,2,158,113,138,138,133,0,0.4907749077490775
60-50-100,optimized,2025-08-04,billing,14,8,1592,1551,1224,1224,1919,327,0.6105631562201718
60-50-100,optimized,2025-08-04,technical,13,20,1516,1506,1160,1160,1862,346,0.6161482461945731
60-50-100,optimized,2025-08-04,privacy,3,2,172,133,138,138,167,0,0.5475409836065573
60-50-100,optimized,2025-08-11,billing,14,8,1442,1919,1224,1224,2137,695,0.635822671823862
60-50-100,optimized,2025-08-11,technical,13,20,1502,1862,1160,1160,2204,702,0.6551724137931034
60-50-100,optimized,2025-08-11,privacy,3,2,151,167,138,138,180,29,0.5660377358490566
60-50-100,optimized,2025-08-18,billing,14,7,1442,2137,1176,1176,2403,961,0.6714165968147527
60-50-100,optimized,2025-08-18,technical,13,22,1369,2204,1224,1224,2349,980,0.6574307304785895
60-50-100,optimized,2025-08-18,privacy,3,1,165,180,114,114,231,66,0.6695652173913044
60-50-100,optimized,2025-08-25,billing,14,8,1489,2403,1224,1224,2668,1179,0.6855087358684481
60-50-100,optimized,2025-08-25,technical,13,20,1275,2349,1160,1160,2464,1189,0.6799116997792495
60-50-100,optimized,2025-08-25,privacy,3,2,130,231,138,138,223,93,0.6177285318559557
60-50-100,optimized,2025-09-01,billing,14,9,1465,2668,1272,1272,2861,1396,0.6922332446165014
60-50-100,optimized,2025-09-01,technical,13,20,1258,2464,1160,1160,2562,1304,0.6883396023643202
60-50-100,optimized,2025-09-01,privacy,3,1,106,223,114,114,215,109,0.6534954407294833
60-50-100,optimized,2025-09-08,billing,14,10,1506,2861,1320,1320,3047,1541,0.6977329974811083
60-50-100,optimized,2025-09-08,technical,13,19,1327,2562,1128,1128,2761,1434,0.7099511442530213
60-50-100,optimized,2025-09-08,privacy,3,1,114,215,114,114,215,101,0.6534954407294833
60-50-100,hindsight,2025-06-23,billing,14,7,1510,0,1176,1176,334,0,0.22119205298013245
60-50-100,hindsight,2025-06-23,technical,13,22,1591,0,1224,1224,367,0,0.23067253299811438
60-50-100,hindsight,2025-06-23,privacy,3,1,152,0,114,114,38,0,0.25
60-50-100,hindsight,2025-06-30,billing,14,6,1238,334,1128,1128,444,0,0.2824427480916031
60-50-100,hindsight,2025-06-30,technical,13,22,1356,367,1224,1224,499,0,0.289611143354614
60-50-100,hindsight,2025-06-30,privacy,3,2,123,38,138,138,23,0,0.14285714285714285
60-50-100,hindsight,2025-07-07,billing,14,8,1572,444,1224,1224,792,0,0.39285714285714285
60-50-100,hindsight,2025-07-07,technical,13,21,1490,499,1192,1192,797,0,0.4007038712921066
60-50-100,hindsight,2025-07-07,privacy,3,1,128,23,114,114,37,0,0.24503311258278146
60-50-100,hindsight,2025-07-14,billing,14,7,1393,792,1176,1176,1009,0,0.4617848970251716
60-50-100,hindsight,2025-07-14,technical,13,22,1449,797,1224,1224,1022,0,0.45503116651825465
60-50-100,hindsight,2025-07-14,privacy,3,1,134,37,114,114,57,0,0.3333333333333333
60-50-100,hindsight,2025-07-21,billing,14,8,1441,1009,1224,1224,1226,0,0.5004081632653061
60-50-100,hindsight,2025-07-21,technical,13,21,1416,1022,1192,1192,1246,0,0.5110746513535686
60-50-100,hindsight,2025-07-21,privacy,3,1,146,57,114,114,89,0,0.43842364532019706
60-50-100,hindsight,2025-07-28,billing,14,8,1549,1226,1224,1224,1551,2,0.5589189189189189
60-50-100,hindsight,2025-07-28,technical,13,21,1452,1246,1192,1192,1506,54,0.5581912527798369
60-50-100,hindsight,2025-07-28,privacy,3,1,158,89,114,114,133,0,0.5384615384615384
60-50-100,hindsight,2025-08-04,billing,14,8,1592,1551,1224,1224,1919,327,0.6105631562201718
60-50-100,hindsight,2025-08-04,technical,13,20,1516,1506,1160,1160,1862,346,0.6161482461945731
60-50-100,hindsight,2025-08-04,privacy,3,2,172,133,138,138,167,0,0.5475409836065573
60-50-100,hindsight,2025-08-11,billing,14,8,1442,1919,1224,1224,2137,695,0.635822671823862
60-50-100,hindsight,2025-08-11,technical,13,21,1502,1862,1192,1192,2172,670,0.6456599286563615
60-50-100,hindsight,2025-08-11,privacy,3,1,151,167,114,114,204,53,0.6415094339622641
60-50-100,hindsight,2025-08-18,billing,14,7,1442,2137,1176,1176,2403,961,0.6714165968147527
60-50-100,hindsight,2025-08-18,technical,13,21,1369,2172,1192,1192,2349,980,0.6633719288336628
60-50-100,hindsight,2025-08-18,privacy,3,2,165,204,138,138,231,66,0.6260162601626016
60-50-100,hindsight,2025-08-25,billing,14,9,1489,2403,1272,1272,2620,1131,0.6731757451181911
60-50-100,hindsight,2025-08-25,technical,13,20,1275,2349,1160,1160,2464,1189,0.6799116997792495
60-50-100,hindsight,2025-08-25,privacy,3,1,130,231,114,114,247,117,0.6842105263157895
60-50-100,hindsight,2025-09-01,billing,14,9,1465,2620,1272,1272,2813,1348,0.6886168910648715
60-50-100,hindsight,2025-09-01,technical,13,20,1258,2464,1160,1160,2562,1304,0.6883396023643202
60-50-100,hindsight,2025-09-01,privacy,3,1,106,247,114,114,239,133,0.6770538243626062
60-50-100,hindsight,2025-09-08,billing,14,9,1506,2813,1272,1272,3047,1541,0.7054873813382727
60-50-100,hindsight,2025-09-08,technical,13,20,1327,2562,1160,1160,2729,1402,0.7017228079197737
60-50-100,hindsight,2025-09-08,privacy,3,1,114,239,114,114,239,125,0.6770538243626062
60-50-125,fixed,2025-06-23,billing,14,12,1510,0,1770,1510,0,0,0.0
60-50-125,fixed,2025-06-23,technical,13,16,1591,0,1290,1290,301,0,0.1891891891891892
60-50-125,fixed,2025-06-23,privacy,3,2,152,0,172,152,0,0,0.0
60-50-125,fixed,2025-06-30,billing,14,12,1238,0,1770,1238,0,0,0.0
60-50-125,fixed,2025-06-30,technical,13,16,1356,301,1290,1290,367,0,0.22148461074230538
60-50-125,fixed,2025-06-30,privacy,3,2,123,0,172,123,0,0,0.0
60-50-125,fixed,2025-07-07,billing,14,12,1572,0,1770,1572,0,0,0.0
60-50-125,fixed,2025-07-07,technical,13,16,1490,367,1290,1290,567,0,0.3053311793214863
60-50-125,fixed,2025-07-07,privacy,3,2,128,0,172,128,0,0,0.0
60-50-125,fixed,2025-07-14,billing,14,12,1393,0,1770,1393,0,0,0.0
60-50-125,fixed,2025-07-14,technical,13,16,1449,567,1290,1290,726,0,0.3601190476190476
60-50-125,fixed,2025-07-14,privacy,3,2,134,0,172,134,0,0,0.0
60-50-125,fixed,2025-07-21,billing,14,12,1441,0,1770,1441,0,0,0.0
60-50-125,fixed,2025-07-21,technical,13,16,1416,726,1290,1290,852,0,0.39775910364145656
60-50-125,fixed,2025-07-21,privacy,3,2,146,0,172,146,0,0,0.0
60-50-125,fixed,2025-07-28,billing,14,12,1549,0,1770,1549,0,0,0.0
60-50-125,fixed,2025-07-28,technical,13,16,1452,852,1290,1290,1014,0,0.4401041666666667
60-50-125,fixed,2025-07-28,privacy,3,2,158,0,172,158,0,0,0.0
60-50-125,fixed,2025-08-04,billing,14,12,1592,0,1770,1592,0,0,0.0
60-50-125,fixed,2025-08-04,technical,13,16,1516,1014,1290,1290,1240,0,0.4901185770750988
60-50-125,fixed,2025-08-04,privacy,3,2,172,0,172,172,0,0,0.0
60-50-125,fixed,2025-08-11,billing,14,12,1442,0,1770,1442,0,0,0.0
60-50-125,fixed,2025-08-11,technical,13,16,1502,1240,1290,1290,1452,0,0.5295404814004376
60-50-125,fixed,2025-08-11,privacy,3,2,151,0,172,151,0,0,0.0
60-50-125,fixed,2025-08-18,billing,14,12,1442,0,1770,1442,0,0,0.0
60-50-125,fixed,2025-08-18,technical,13,16,1369,1452,1290,1290,1531,162,0.5427153491669621
60-50-125,fixed,2025-08-18,privacy,3,2,165,0,172,165,0,0,0.0
60-50-125,fixed,2025-08-25,billing,14,12,1489,0,1770,1489,0,0,0.0
60-50-125,fixed,2025-08-25,technical,13,16,1275,1531,1290,1290,1516,241,0.5402708481824662
60-50-125,fixed,2025-08-25,privacy,3,2,130,0,172,130,0,0,0.0
60-50-125,fixed,2025-09-01,billing,14,12,1465,0,1770,1465,0,0,0.0
60-50-125,fixed,2025-09-01,technical,13,16,1258,1516,1290,1290,1484,226,0.5349675558759913
60-50-125,fixed,2025-09-01,privacy,3,2,106,0,172,106,0,0,0.0
60-50-125,fixed,2025-09-08,billing,14,12,1506,0,1770,1506,0,0,0.0
60-50-125,fixed,2025-09-08,technical,13,16,1327,1484,1290,1290,1521,194,0.5410885805763074
60-50-125,fixed,2025-09-08,privacy,3,2,114,0,172,114,0,0,0.0
60-50-125,adaptive,2025-06-23,billing,14,5,1510,0,1350,1350,160,0,0.10596026490066225
60-50-125,adaptive,2025-06-23,technical,13,24,1591,0,1610,1591,0,0,0.0
60-50-125,adaptive,2025-06-23,privacy,3,1,152,0,142,142,10,0,0.06578947368421052
60-50-125,adaptive,2025-06-30,billing,14,9,1238,160,1590,1398,0,0,0.0
60-50-125,adaptive,2025-06-30,technical,13,20,1356,0,1450,1356,0,0,0.0
60-50-125,adaptive,2025-06-30,privacy,3,1,123,10,142,133,0,0,0.0
60-50-125,adaptive,2025-07-07,billing,14,4,1572,0,1290,1290,282,0,0.17938931297709923
60-50-125,adaptive,2025-07-07,technical,13,25,1490,0,1650,1490,0,0,0.0
60-50-125,adaptive,2025-07-07,privacy,3,1,128,0,142,128,0,0,0.0
60-50-125,adaptive,2025-07-14,billing,14,12,1393,282,1770,1675,0,0,0.0
60-50-125,adaptive,2025-07-14,technical,13,18,1449,0,1370,1370,79,0,0.05452035886818495
60-50-125,adaptive,2025-07-14,privacy,3,0,134,0,112,112,22,0,0.16417910447761194
60-50-125,adaptive,2025-07-21,billing,14,6,1441,0,1410,1410,31,0,0.021512838306731435
60-50-125,adaptive,2025-07-21,technical,13,23,1416,79,1570,1495,0,0,0.0
60-50-125,adaptive,2025-07-21,privacy,3,1,146,22,142,142,26,0,0.15476190476190477
60-50-125,adaptive,2025-07-28,billing,14,8,1549,31,1530,1530,50,0,0.03164556962025317
60-50-125,adaptive,2025-07-28,technical,13,20,1452,0,1450,1450,2,0,0.0013774104683195593
60-50-125,adaptive,2025-07-28,privacy,3,2,158,26,172,172,12,0,0.06521739130434782
60-50-125,adaptive,2025-08-04,billing,14,9,1592,50,1590,1590,52,0,0.031668696711327646
60-50-125,adaptive,2025-08-04,technical,13,19,1516,2,1410,1410,108,0,0.07114624505928854
60-50-125,adaptive,2025-08-04,privacy,3,2,172,12,172,172,12,0,0.06521739130434782
60-50-125,adaptive,2025-08-11,billing,14,8,1442,52,1530,1494,0,0,0.0
60-50-125,adaptive,2025-08-11,technical,13,20,1502,108,1450,1450,160,0,0.09937888198757763
60-50-125,adaptive,2025-08-11,privacy,3,2,151,12,172,163,0,0,0.0
60-50-125,adaptive,2025-08-18,billing,14,6,1442,0,1410,1410,32,0,0.022191400832177532
60-50-125,adaptive,2025-08-18,technical,13,23,1369,160,1570,1529,0,0,0.0
60-50-125,adaptive,2025-08-18,privacy,3,1,165,0,142,142,23,0,0.1393939393939394
60-50-125,adaptive,2025-08-25,billing,14,8,1489,32,1530,1521,0,0,0.0
60-50-125,adaptive,2025-08-25,technical,13,19,1275,0,1410,1275,0,0,0.0
60-50-125,adaptive,2025-08-25,privacy,3,3,130,23,202,153,0,0,0.0
60-50-125,adaptive,2025-09-01,billing,14,9,1465,0,1590,1465,0,0,0.0
60-50-125,adaptive,2025-09-01,technical,13,20,1258,0,1450,1258,0,0,0.0
60-50-125,adaptive,2025-09-01,privacy,3,1,106,0,142,106,0,0,0.0
60-50-125,adaptive,2025-09-08,billing,14,9,1506,0,1590,1506,0,0,0.0
60-50-125,adaptive,2025-09-08,technical,13,21,1327,0,1490,1327,0,0,0.0
60-50-125,adaptive,2025-09-08,privacy,3,0,114,0,112,112,2,0,0.017543859649122806
60-50-125,optimized,2025-06-23,billing,14,4,1510,0,1290,1290,220,0,0.1456953642384106
60-50-125,optimized,2025-06-23,technical,13,19,1591,0,1410,1410,181,0,0.11376492771841609
60-50-125,optimized,2025-06-23,privacy,3,7,152,0,322,152,0,0,0.0
60-50-125,optimized,2025-06-30,billing,14,7,1238,220,1470,1458,0,0,0.0
60-50-125,optimized,2025-06-30,technical,13,22,1356,181,1530,1530,7,0,0.004554326610279766
60-50-125,optimized,2025-06-30,privacy,3,1,123,0,142,123,0,0,0.0
60-50-125,optimized,2025-07-07,billing,14,7,1572,0,1470,1470,102,0,0.0648854961832061
60-50-125,optimized,2025-07-07,technical,13,22,1490,7,1530,1497,0,0,0.0
60-50-125,optimized,2025-07-07,privacy,3,1,128,0,142,128,0,0,0.0
60-50-125,optimized,2025-07-14,billing,14,9,1393,102,1590,1495,0,0,0.0
60-50-125,optimized,2025-07-14,technical,13,20,1449,0,1450,1449,0,0,0.0
60-50-125,optimized,2025-07-14,privacy,3,1,134,0,142,134,0,0,0.0
60-50-125,optimized,2025-07-21,billing,14,9,1441,0,1590,1441,0,0,0.0
60-50-125,optimized,2025-07-21,technical,13,20,1416,0,1450,1416,0,0,0.0
60-50-125,optimized,2025-07-21,privacy,3,1,146,0,142,142,4,0,0.0273972602739726
60-50-125,optimized,2025-07-28,billing,14,8,1549,0,1530,1530,19,0,0.012265978050355068
60-50-125,optimized,2025-07-28,technical,13,20,1452,0,1450,1450,2,0,0.0013774104683195593
60-50-125,optimized,2025-07-28,privacy,3,2,158,4,172,162,0,0,0.0
60-50-125,optimized,2025-08-04,billing,14,8,1592,19,1530,1530,81,0,0.05027932960893855
60-50-125,optimized,2025-08-04,technical,13,20,1516,2,1450,1450,68,0,0.04479578392621871
60-50-125,optimized,2025-08-04,privacy,3,2,172,0,172,172,0,0,0.0
60-50-125,optimized,2025-08-11,billing,14,8,1442,81,1530,1523,0,0,0.0
60-50-125,optimized,2025-08-11,technical,13,20,1502,68,1450,1450,120,0,0.07643312101910828
60-50-125,optimized,2025-08-11,privacy,3,2,151,0,172,151,0,0,0.0
60-50-125,optimized,2025-08-18,billing,14,6,1442,0,1410,1410,32,0,0.022191400832177532
60-50-125,optimized,2025-08-18,technical,13,22,1369,120,1530,1489,0,0,0.0
60-50-125,optimized,2025-08-18,privacy,3,2,165,0,172,165,0,0,0.0
60-50-125,optimized,2025-08-25,billing,14,8,1489,32,1530,1521,0,0,0.0
60-50-125,optimized,2025-08-25,technical,13,20,1275,0,1450,1275,0,0,0.0
60-50-125,optimized,2025-08-25,privacy,3,2,130,0,172,130,0,0,0.0
60-50-125,optimized,2025-09-01,billing,14,8,1465,0,1530,1465,0,0,0.0
60-50-125,optimized,2025-09-01,technical,13,20,1258,0,1450,1258,0,0,0.0
60-50-125,optimized,2025-09-01,privacy,3,2,106,0,172,106,0,0,0.0
60-50-125,optimized,2025-09-08,billing,14,8,1506,0,1530,1506,0,0,0.0
60-50-125,optimized,2025-09-08,technical,13,20,1327,0,1450,1327,0,0,0.0
60-50-125,optimized,2025-09-08,privacy,3,2,114,0,172,114,0,0,0.0
60-50-125,hindsight,2025-06-23,billing,14,7,1510,0,1470,1470,40,0,0.026490066225165563
60-50-125,hindsight,2025-06-23,technical,13,21,1591,0,1490,1490,101,0,0.06348208673790069
60-50-125,hindsight,2025-06-23,privacy,3,2,152,0,172,152,0,0,0.0
60-50-125,hindsight,2025-06-30,billing,14,7,1238,40,1470,1278,0,0,0.0
60-50-125,hindsight,2025-06-30,technical,13,21,1356,101,1490,1457,0,0,0.0
60-50-125,hindsight,2025-06-30,privacy,3,2,123,0,172,123,0,0,0.0
60-50-125,hindsight,2025-07-07,billing,14,8,1572,0,1530,1530,42,0,0.026717557251908396
60-50-125,hindsight,2025-07-07,technical,13,21,1490,0,1490,1490,0,0,0.0
60-50-125,hindsight,2025-07-07,privacy,3,1,128,0,142,128,0,0,0.0
60-50-125,hindsight,2025-07-14,billing,14,8,1393,42,1530,1435,0,0,0.0
60-50-125,hindsight,2025-07-14,technical,13,21,1449,0,1490,1449,0,0,0.0
60-50-125,hindsight,2025-07-14,privacy,3,1,134,0,142,134,0,0,0.0
60-50-125,hindsight,2025-07-21,billing,14,7,1441,0,1470,1441,0,0,0.0
60-50-125,hindsight,2025-07-21,technical,13,21,1416,0,1490,1416,0,0,0.0
60-50-125,hindsight,2025-07-21,privacy,3,2,146,0,172,146,0,0,0.0
60-50-125,hindsight,2025-07-28,billing,14,8,1549,0,1530,1530,19,0,0.012265978050355068
60-50-125,hindsight,2025-07-28,technical,13,20,1452,0,1450,1450,2,0,0.0013774104683195593
60-50-125,hindsight,2025-07-28,privacy,3,2,158,0,172,158,0,0,0.0
60-50-125,hindsight,2025-08-04,billing,14,8,1592,19,1530,1530,81,0,0.05027932960893855
60-50-125,hindsight,2025-08-04,technical,13,20,1516,2,1450,1450,68,0,0.04479578392621871
60-50-125,hindsight,2025-08-04,privacy,3,2,172,0,172,172,0,0,0.0
60-50-125,hindsight,2025-08-11,billing,14,7,1442,81,1470,1470,53,0,0.03479973736047275
60-50-125,hindsight,2025-08-11,technical,13,21,1502,68,1490,1490,80,0,0.050955414012738856
60-50-125,hindsight,2025-08-11,privacy,3,2,151,0,172,151,0,0,0.0
60-50-125,hindsight,2025-08-18,billing,14,8,1442,53,1530,1495,0,0,0.0
60-50-125,hindsight,2025-08-18,technical,13,20,1369,80,1450,1449,0,0,0.0
60-50-125,hindsight,2025-08-18,privacy,3,2,165,0,172,165,0,0,0.0
60-50-125,hindsight,2025-08-25,billing,14,8,1489,0,1530,1489,0,0,0.0
60-50-125,hindsight,2025-08-25,technical,13,20,1275,0,1450,1275,0,0,0.0
60-50-125,hindsight,2025-08-25,privacy,3,2,130,0,172,130,0,0,0.0
60-50-125,hindsight,2025-09-01,billing,14,8,1465,0,1530,1465,0,0,0.0
60-50-125,hindsight,2025-09-01,technical,13,20,1258,0,1450,1258,0,0,0.0
60-50-125,hindsight,2025-09-01,privacy,3,2,106,0,172,106,0,0,0.0
60-50-125,hindsight,2025-09-08,billing,14,8,1506,0,1530,1506,0,0,0.0
60-50-125,hindsight,2025-09-08,technical,13,20,1327,0,1450,1327,0,0,0.0
60-50-125,hindsight,2025-09-08,privacy,3,2,114,0,172,114,0,0,0.0
60-100-75,fixed,2025-06-23,billing,0,24,1510,0,864,864,646,0,0.4278145695364238
60-100-75,fixed,2025-06-23,technical,0,31,1591,0,744,744,847,0,0.5323695788812068
60-100-75,fixed,2025-06-23,privacy,0,5,152,0,90,90,62,0,0.40789473684210525
60-100-75,fixed,2025-06-30,billing,0,24,1238,646,864,864,1020,0,0.5414012738853503
60-100-75,fixed,2025-06-30,technical,0,31,1356,847,744,744,1459,103,0.6622787108488425
60-100-75,fixed,2025-06-30,privacy,0,5,123,62,90,90,95,0,0.5135135135135135
60-100-75,fixed,2025-07-07,billing,0,24,1572,1020,864,864,1728,156,0.6666666666666666
60-100-75,fixed,2025-07-07,technical,0,31,1490,1459,744,744,2205,715,0.7477110885045778
60-100-75,fixed,2025-07-07,privacy,0,5,128,95,90,90,133,5,0.5964125560538116
60-100-75,fixed,2025-07-14,billing,0,24,1393,1728,864,864,2257,864,0.7231656520346043
60-100-75,fixed,2025-07-14,technical,0,31,1449,2205,744,744,2910,1461,0.7963875205254516
60-100-75,fixed,2025-07-14,privacy,0,5,134,133,90,90,177,43,0.6629213483146067
60-100-75,fixed,2025-07-21,billing,0,24,1441,2257,864,864,2834,1393,0.7663601946998377
60-100-75,fixed,2025-07-21,technical,0,31,1416,2910,744,744,3582,2166,0.8280166435506241
60-100-75,fixed,2025-07-21,privacy,0,5,146,177,90,90,233,87,0.7213622291021672
60-100-75,fixed,2025-07-28,billing,0,24,1549,2834,864,864,3519,1970,0.8028747433264887
60-100-75,fixed,2025-07-28,technical,0,31,1452,3582,744,744,4290,2838,0.8522050059594756
60-100-75,fixed,2025-07-28,privacy,0,5,158,233,90,90,301,143,0.7698209718670077
60-100-75,fixed,2025-08-04,billing,0,24,1592,3519,864,864,4247,2655,0.8309528468010174
60-100-75,fixed,2025-08-04,technical,0,31,1516,4290,744,744,5062,3546,0.8718566999655529
60-100-75,fixed,2025-08-04,privacy,0,5,172,301,90,90,383,211,0.8097251585623678
60-100-75,fixed,2025-08-11,billing,0,24,1442,4247,864,864,4825,3383,0.8481279662506591
60-100-75,fixed,2025-08-11,technical,0,31,1502,5062,744,744,5820,4318,0.886654478976234
60-100-75,fixed,2025-08-11,privacy,0,5,151,383,90,90,444,293,0.8314606741573034
60-100-75,fixed,2025-08-18,billing,0,24,1442,4825,864,864,5403,3961,0.8621349928195309
60-100-75,fixed,2025-08-18,technical,0,31,1369,5820,744,744,6445,5076,0.8965085547364028
60-100-75,fixed,2025-08-18,privacy,0,5,165,444,90,90,519,354,0.8522167487684729
60-100-75,fixed,2025-08-25,billing,0,24,1489,5403,864,864,6028,4539,0.8746372605919908
60-100-75,fixed,2025-08-25,technical,0,31,1275,6445,744,744,6976,5701,0.9036269430051813
60-100-75,fixed,2025-08-25,privacy,0,5,130,519,90,90,559,429,0.8613251155624037
60-100-75,fixed,2025-09-01,billing,0,24,1465,6028,864,864,6629,5164,0.8846923795542506
60-100-75,fixed,2025-09-01,technical,0,31,1258,6976,744,744,7490,6232,0.9096429438911829
60-100-75,fixed,2025-09-01,privacy,0,5,106,559,90,90,575,469,0.8646616541353384
60-100-75,fixed,2025-09-08,billing,0,24,1506,6629,864,864,7271,5765,0.8937922556853104
60-100-75,fixed,2025-09-08,technical,0,31,1327,7490,744,744,8073,6746,0.9156175569921742
60-100-75,fixed,2025-09-08,privacy,0,5,114,575,90,90,599,485,0.8693759071117562
60-100-75,adaptive,2025-06-23,billing,0,21,1510,0,756,756,754,0,0.49933774834437084
60-100-75,adaptive,2025-06-23,technical,0,34,1591,0,816,816,775,0,0.4871150219987429
60-100-75,adaptive,2025-06-23,privacy,0,5,152,0,90,90,62,0,0.40789473684210525
60-100-75,adaptive,2025-06-30,billing,0,22,1238,754,792,792,1200,0,0.6024096385542169
60-100-75,adaptive,2025-06-30,technical,0,34,1356,775,816,816,1315,0,0.6170811825434068
60-100-75,adaptive,2025-06-30,privacy,0,4,123,62,72,72,113,0,0.6108108108108108
60-100-75,adaptive,2025-07-07,billing,0,21,1572,1200,756,756,2016,444,0.7272727272727273
60-100-75,adaptive,2025-07-07,technical,0,35,1490,1315,840,840,1965,475,0.7005347593582888
60-100-75,adaptive,2025-07-07,privacy,0,4,128,113,72,72,169,41,0.7012448132780082
60-100-75,adaptive,2025-07-14,billing,0,23,1393,2016,828,828,2581,1188,0.7571135230272807
60-100-75,adaptive,2025-07-14,technical,0,33,1449,1965,792,792,2622,1173,0.7680140597539543
60-100-75,adaptive,2025-07-14,privacy,0,4,134,169,72,72,231,97,0.7623762376237624
60-100-75,adaptive,2025-07-21,billing,0,22,1441,2581,792,792,3230,1789,0.8030830432620587
60-100-75,adaptive,2025-07-21,technical,0,34,1416,2622,816,816,3222,1806,0.7979197622585439
60-100-75,adaptive,2025-07-21,privacy,0,4,146,231,72,72,305,159,0.8090185676392573
60-100-75,adaptive,2025-07-28,billing,0,23,1549,3230,828,828,3951,2402,0.8267419962335216
60-100-75,adaptive,2025-07-28,technical,0,33,1452,3222,792,792,3882,2430,0.8305519897304237
60-100-75,adaptive,2025-07-28,privacy,0,4,158,305,72,72,391,233,0.8444924406047516
60-100-75,adaptive,2025-08-04,billing,0,23,1592,3951,828,828,4715,3123,0.8506224066390041
60-100-75,adaptive,2025-08-04,technical,0,33,1516,3882,792,792,4606,3090,0.8532789922193404
60-100-75,adaptive,2025-08-04,privacy,0,4,172,391,72,72,491,319,0.872113676731794
60-100-75,adaptive,2025-08-11,billing,0,22,1442,4715,792,792,5365,3923,0.8713659249634562
60-100-75,adaptive,2025-08-11,technical,0,33,1502,4606,792,792,5316,3814,0.8703339882121808
60-100-75,adaptive,2025-08-11,privacy,0,5,151,491,90,90,552,401,0.8598130841121495
60-100-75,adaptive,2025-08-18,billing,0,22,1442,5365,792,792,6015,4573,0.883649184662847
60-100-75,adaptive,2025-08-18,technical,0,33,1369,5316,792,792,5893,4524,0.881525804038893
60-100-75,adaptive,2025-08-18,privacy,0,5,165,552,90,90,627,462,0.8744769874476988
60-100-75,adaptive,2025-08-25,billing,0,22,1489,6015,792,792,6712,5223,0.894456289978678
60-100-75,adaptive,2025-08-25,technical,0,33,1275,5893,792,792,6376,5101,0.8895089285714286
60-100-75,adaptive,2025-08-25,privacy,0,5,130,627,90,90,667,537,0.8811096433289299
60-100-75,adaptive,2025-09-01,billing,0,23,1465,6712,828,828,7349,5884,0.8987403693286046
60-100-75,adaptive,2025-09-01,technical,0,32,1258,6376,768,768,6866,5608,0.8993974325386429
60-100-75,adaptive,2025-09-01,privacy,0,5,106,667,90,90,683,577,0.8835705045278137
60-100-75,adaptive,2025-09-08,billing,0,24,1506,7349,864,864,7991,6485,0.9024280067758329
60-100-75,adaptive,2025-09-08,technical,0,32,1327,6866,768,768,7425,6098,0.9062614426949835
60-100-75,adaptive,2025-09-08,privacy,0,4,114,683,72,72,725,611,0.9096612296110415
60-100-75,optimized,2025-06-23,billing,0,21,1510,0,756,756,754,0,0.49933774834437084
60-100-75,optimized,2025-06-23,technical,0,34,1591,0,816,816,775,0,0.4871150219987429
60-100-75,optimized,2025-06-23,privacy,0,5,152,0,90,90,62,0,0.40789473684210525
60-100-75,optimized,2025-06-30,billing,0,22,1238,754,792,792,1200,0,0.6024096385542169
60-100-75,optimized,2025-06-30,technical,0,34,1356,775,816,816,1315,0,0.6170811825434068
60-100-75,optimized,2025-06-30,privacy,0,4,123,62,72,72,113,0,0.6108108108108108
60-100-75,optimized,2025-07-07,billing,0,21,1572,1200,756,756,2016,444,0.7272727272727273
60-100-75,optimized,2025-07-07,technical,0,34,1490,1315,816,816,1989,499,0.7090909090909091
60-100-75,optimized,2025-07-07,privacy,0,5,128,113,90,90,151,23,0.6265560165975104
60-100-75,optimized,2025-07-14,billing,0,23,1393,2016,828,828,2581,1188,0.7571135230272807
60-100-75,optimized,2025-07-14,technical,0,33,1449,1989,792,792,2646,1197,0.7696335078534031
60-100-75,optimized,2025-07-14,privacy,0,4,134,151,72,72,213,79,0.7473684210526316
60-100-75,optimized,2025-07-21,billing,0,22,1441,2581,792,792,3230,1789,0.8030830432620587
60-100-75,optimized,2025-07-21,technical,0,34,1416,2646,816,816,3246,1830,0.7991137370753324
60-100-75,optimized,2025-07-21,privacy,0,4,146,213,72,72,287,141,0.7994428969359332
60-100-75,optimized,2025-07-28,billing,0,22,1549,3230,792,792,3987,2438,0.8342749529190208
60-100-75,optimized,2025-07-28,technical,0,33,1452,3246,792,792,3906,2454,0.8314176245210728
60-100-75,optimized,2025-07-28,privacy,0,5,158,287,90,90,355,197,0.797752808988764
60-100-75,optimized,2025-08-04,billing,0,23,1592,3987,828,828,4751,3159,0.8515863057895681
60-100-75,optimized,2025-08-04,technical,0,32,1516,3906,768,768,4654,3138,0.8583548506086315
60-100-75,optimized,2025-08-04,privacy,0,5,172,355,90,90,437,265,0.8292220113851992
60-100-75,optimized,2025-08-11,billing,0,22,1442,4751,792,792,5401,3959,0.872113676731794
60-100-75,optimized,2025-08-11,technical,0,33,1502,4654,792,792,5364,3862,0.8713450292397661
60-100-75,optimized,2025-08-11,privacy,0,5,151,437,90,90,498,347,0.8469387755102041
60-100-75,optimized,2025-08-18,billing,0,22,1442,5401,792,792,6051,4609,0.8842612889083735
60-100-75,optimized,2025-08-18,technical,0,33,1369,5364,792,792,5941,4572,0.8823704143769494
60-100-75,optimized,2025-08-18,privacy,0,5,165,498,90,90,573,408,0.8642533936651584
60-100-75,optimized,2025-08-25,billing,0,22,1489,6051,792,792,6748,5259,0.8949602122015915
60-100-75,optimized,2025-08-25,technical,0,33,1275,5941,792,792,6424,5149,0.8902439024390244
60-100-75,optimized,2025-08-25,privacy,0,5,130,573,90,90,613,483,0.871977240398293
60-100-75,optimized,2025-09-01,billing,0,23,1465,6748,828,828,7385,5920,0.8991842201388043
60-100-75,optimized,2025-09-01,technical,0,32,1258,6424,768,768,6914,5656,0.9000260348867483
60-100-75,optimized,2025-09-01,privacy,0,5,106,613,90,90,629,523,0.874826147426982
60-100-75,optimized,2025-09-08,billing,0,24,1506,7385,864,864,8027,6521,0.9028230795186143
60-100-75,optimized,2025-09-08,technical,0,32,1327,6914,768,768,7473,6146,0.9068074262832181
60-100-75,optimized,2025-09-08,privacy,0,4,114,629,72,72,671,557,0.9030955585464334
60-100-75,hindsight,2025-06-23,billing,0,21,1510,0,756,756,754,0,0.49933774834437084
60-100-75,hindsight,2025-06-23,technical,0,34,1591,0,816,816,775,0,0.4871150219987429
60-100-75,hindsight,2025-06-23,privacy,0,5,152,0,90,90,62,0,0.40789473684210525
60-100-75,hindsight,2025-06-30,billing,0,22,1238,754,792,792,1200,0,0.6024096385542169
60-100-75,hindsight,2025-06-30,technical,0,34,1356,775,816,816,1315,0,0.6170811825434068
60-100-75,hindsight,2025-06-30,privacy,0,4,123,62,72,72,113,0,0.6108108108108108
60-100-75,hindsight,2025-07-07,billing,0,22,1572,1200,792,792,1980,408,0.7142857142857143
60-100-75,hindsight,2025-07-07,technical,0,34,1490,1315,816,816,1989,499,0.7090909090909091
60-100-75,hindsight,2025-07-07,privacy,0,4,128,113,72,72,169,41,0.7012448132780082
60-100-75,hindsight,2025-07-14,billing,0,22,1393,1980,792,792,2581,1188,0.7651941891491254
60-100-75,hindsight,2025-07-14,technical,0,34,1449,1989,816,816,2622,1173,0.7626527050610821
60-100-75,hindsight,2025-07-14,privacy,0,4,134,169,72,72,231,97,0.7623762376237624
60-100-75,hindsight,2025-07-21,billing,0,22,1441,2581,792,792,3230,1789,0.8030830432620587
60-100-75,hindsight,2025-07-21,technical,0,33,1416,2622,792,792,3246,1830,0.8038632986627043
60-100-75,hindsight,2025-07-21,privacy,0,5,146,231,90,90,287,141,0.7612732095490716
60-100-75,hindsight,2025-07-28,billing,0,22,1549,3230,792,792,3987,2438,0.8342749529190208
60-100-75,hindsight,2025-07-28,technical,0,33,1452,3246,792,792,3906,2454,0.8314176245210728
60-100-75,hindsight,2025-07-28,privacy,0,5,158,287,90,90,355,197,0.797752808988764
60-100-75,hindsight,2025-08-04,billing,0,22,1592,3987,792,792,4787,3195,0.8580390751030651
60-100-75,hindsight,2025-08-04,technical,0,33,1516,3906,792,792,4630,3114,0.8539284396901512
60-100-75,hindsight,2025-08-04,privacy,0,5,172,355,90,90,437,265,0.8292220113851992
60-100-75,hindsight,2025-08-11,billing,0,22,1442,4787,792,792,5437,3995,0.8728527853588056
60-100-75,hindsight,2025-08-11,technical,0,33,1502,4630,792,792,5340,3838,0.8708414872798435
60-100-75,hindsight,2025-08-11,privacy,0,5,151,437,90,90,498,347,0.8469387755102041
60-100-75,hindsight,2025-08-18,billing,0,22,1442,5437,792,792,6087,4645,0.8848669864805931
60-100-75,hindsight,2025-08-18,technical,0,33,1369,5340,792,792,5917,4548,0.8819496199135489
60-100-75,hindsight,2025-08-18,privacy,0,5,165,498,90,90,573,408,0.8642533936651584
60-100-75,hindsight,2025-08-25,billing,0,23,1489,6087,828,828,6748,5259,0.8907074973600845
60-100-75,hindsight,2025-08-25,technical,0,32,1275,5917,768,768,6424,5149,0.8932146829810901
60-100-75,hindsight,2025-08-25,privacy,0,5,130,573,90,90,613,483,0.871977240398293
60-100-75,hindsight,2025-09-01,billing,0,23,1465,6748,828,828,7385,5920,0.8991842201388043
60-100-75,hindsight,2025-09-01,technical,0,33,1258,6424,792,792,6890,5632,0.8969018484769591
60-100-75,hindsight,2025-09-01,privacy,0,4,106,613,72,72,647,541,0.8998609179415855
60-100-75,hindsight,2025-09-08,billing,0,24,1506,7385,864,864,8027,6521,0.9028230795186143
60-100-75,hindsight,2025-09-08,technical,0,32,1327,6890,768,768,7449,6122,0.9065352318364367
60-100-75,hindsight,2025-09-08,privacy,0,4,114,647,72,72,689,575,0.9053876478318003
60-100-100,fixed,2025-06-23,billing,0,24,1510,0,1152,1152,358,0,0.2370860927152318
60-100-100,fixed,2025-06-23,technical,0,31,1591,0,992,992,599,0,0.37649277184160906
60-100-100,fixed,2025-06-23,privacy,0,5,152,0,120,120,32,0,0.21052631578947367
60-100-100,fixed,2025-06-30,billing,0,24,1238,358,1152,1152,444,0,0.2781954887218045
60-100-100,fixed,2025-06-30,technical,0,31,1356,599,992,992,963,0,0.4925831202046036
60-100-100,fixed,2025-06-30,privacy,0,5,123,32,120,120,35,0,0.22580645161290322
60-100-100,fixed,2025-07-07,billing,0,24,1572,444,1152,1152,864,0,0.42857142857142855
60-100-100,fixed,2025-07-07,technical,0,31,1490,963,992,992,1461,0,0.5955972278842234
60-100-100,fixed,2025-07-07,privacy,0,5,128,35,120,120,43,0,0.26380368098159507
60-100-100,fixed,2025-07-14,billing,0,24,1393,864,1152,1152,1105,0,0.48958794860434207
60-100-100,fixed,2025-07-14,technical,0,31,1449,1461,992,992,1918,469,0.659106529209622
60-100-100,fixed,2025-07-14,privacy,0,5,134,43,120,120,57,0,0.3220338983050847
60-100-100,fixed,2025-07-21,billing,0,24,1441,1105,1152,1152,1394,0,0.5475255302435192
60-100-100,fixed,2025-07-21,technical,0,31,1416,1918,992,992,2342,926,0.7024595080983803
60-100-100,fixed,2025-07-21,privacy,0,5,146,57,120,120,83,0,0.4088669950738916
60-100-100,fixed,2025-07-28,billing,0,24,1549,1394,1152,1152,1791,242,0.6085626911314985
60-100-100,fixed,2025-07-28,technical,0,31,1452,2342,992,992,2802,1350,0.7385345282024249
60-100-100,fixed,2025-07-28,privacy,0,5,158,83,120,120,121,0,0.5020746887966805
60-100-100,fixed,2025-08-04,billing,0,24,1592,1791,1152,1152,2231,639,0.6594738397871711
60-100-100,fixed,2025-08-04,technical,0,31,1516,2802,992,992,3326,1810,0.7702640111162575
60-100-100,fixed,2025-08-04,privacy,0,5,172,121,120,120,173,1,0.590443686006826
60-100-100,fixed,2025-08-11,billing,0,24,1442,2231,1152,1152,2521,1079,0.686359923768037
60-100-100,fixed,2025-08-11,technical,0,31,1502,3326,992,992,3836,2334,0.7945318972659486
60-100-100,fixed,2025-08-11,privacy,0,5,151,173,120,120,204,53,0.6296296296296297
60-100-100,fixed,2025-08-18,billing,0,24,1442,2521,1152,1152,2811,1369,0.7093111279333838
60-100-100,fixed,2025-08-18,technical,0,31,1369,3836,992,992,4213,2844,0.8094140249759846
60-100-100,fixed,2025-08-18,privacy,0,5,165,204,120,120,249,84,0.6747967479674797
60-100-100,fixed,2025-08-25,billing,0,24,1489,2811,1152,1152,3148,1659,0.7320930232558139
60-100-100,fixed,2025-08-25,technical,0,31,1275,4213,992,992,4496,3221,0.8192419825072886
60-100-100,fixed,2025-08-25,privacy,0,5,130,249,120,120,259,129,0.683377308707124
60-100-100,fixed,2025-09-01,billing,0,24,1465,3148,1152,1152,3461,1996,0.7502709733362237
60-100-100,fixed,2025-09-01,technical,0,31,1258,4496,992,992,4762,3504,0.8275981925616962
60-100-100,fixed,2025-09-01,privacy,0,5,106,259,120,120,245,139,0.6712328767123288
60-100-100,fixed,2025-09-08,billing,0,24,1506,3461,1152,1152,3815,2309,0.7680692570968392
60-100-100,fixed,2025-09-08,technical,0,31,1327,4762,992,992,5097,3770,0.8370832649039252
60-100-100,fixed,2025-09-08,privacy,0,5,114,245,120,120,239,125,0.6657381615598886
60-100-100,adaptive,2025-06-23,billing,0,21,1510,0,1008,1008,502,0,0.33245033112582784
60-100-100,adaptive,2025-06-23,technical,0,34,1591,0,1088,1088,503,0,0.31615336266499056
60-100-100,adaptive,2025-06-23,privacy,0,5,152,0,120,120,32,0,0.21052631578947367
60-100-100,adaptive,2025-06-30,billing,0,22,1238,502,1056,1056,684,0,0.3931034482758621
60-100-100,adaptive,2025-06-30,technical,0,34,1356,503,1088,1088,771,0,0.41473910704679934
60-100-100,adaptive,2025-06-30,privacy,0,4,123,32,96,96,59,0,0.38064516129032255
60-100-100,adaptive,2025-07-07,billing,0,21,1572,684,1008,1008,1248,0,0.5531914893617021
60-100-100,adaptive,2025-07-07,technical,0,35,1490,771,1120,1120,1141,0,0.5046439628482973
60-100-100,adaptive,2025-07-07,privacy,0,4,128,59,96,96,91,0,0.48663101604278075
60-100-100,adaptive,2025-07-14,billing,0,23,1393,1248,1104,1104,1537,144,0.5819765240439227
60-100-100,adaptive,2025-07-14,technical,0,33,1449,1141,1056,1056,1534,85,0.5922779922779923
60-100-100,adaptive,2025-07-14,privacy,0,4,134,91,96,96,129,0,0.5733333333333334
60-100-100,adaptive,2025-07-21,billing,0,22,1441,1537,1056,1056,1922,481,0.6453995970449966
60-100-100,adaptive,2025-07-21,technical,0,34,1416,1534,1088,1088,1862,446,0.6311864406779661
60-100-100,adaptive,2025-07-21,privacy,0,4,146,129,96,96,179,33,0.6509090909090909
60-100-100,adaptive,2025-07-28,billing,0,23,1549,1922,1104,1104,2367,818,0.6819360414866033
60-100-100,adaptive,2025-07-28,technical,0,33,1452,1862,1056,1056,2258,806,0.6813518406759204
60-100-100,adaptive,2025-07-28,privacy,0,4,158,179,96,96,241,83,0.7151335311572701
60-100-100,adaptive,2025-08-04,billing,0,23,1592,2367,1104,1104,2855,1263,0.7211417024501137
60-100-100,adaptive,2025-08-04,technical,0,32,1516,2258,1024,1024,2750,1234,0.7286698463169051
60-100-100,adaptive,2025-08-04,privacy,0,5,172,241,120,120,293,121,0.7094430992736077
60-100-100,adaptive,2025-08-11,billing,0,23,1442,2855,1104,1104,3193,1751,0.7430765650453804
60-100-100,adaptive,2025-08-11,technical,0,32,1502,2750,1024,1024,3228,1726,0.7591721542803387
60-100-100,adaptive,2025-08-11,privacy,0,5,151,293,120,120,324,173,0.7297297297297297
60-100-100,adaptive,2025-08-18,billing,0,22,1442,3193,1056,1056,3579,2137,0.772168284789644
60-100-100,adaptive,2025-08-18,technical,0,34,1369,3228,1088,1088,3509,2140,0.7633239068958017
60-100-100,adaptive,2025-08-18,privacy,0,4,165,324,96,96,393,228,0.803680981595092
60-100-100,adaptive,2025-08-25,billing,0,22,1489,3579,1056,1056,4012,2523,0.7916337805840569
60-100-100,adaptive,2025-08-25,technical,0,33,1275,3509,1056,1056,3728,2453,0.7792642140468228
60-100-100,adaptive,2025-08-25,privacy,0,5,130,393,120,120,403,273,0.7705544933078394
60-100-100,adaptive,2025-09-01,billing,0,23,1465,4012,1104,1104,4373,2908,0.7984297973343071
60-100-100,adaptive,2025-09-01,technical,0,32,1258,3728,1024,1024,3962,2704,0.7946249498596069
60-100-100,adaptive,2025-09-01,privacy,0,5,106,403,120,120,389,283,0.7642436149312377
60-100-100,adaptive,2025-09-08,billing,0,24,1506,4373,1152,1152,4727,3221,0.8040483075352951
60-100-100,adaptive,2025-09-08,technical,0,32,1327,3962,1024,1024,4265,2938,0.8063906220457553
60-100-100,adaptive,2025-09-08,privacy,0,4,114,389,96,96,407,293,0.8091451292246521
60-100-100,optimized,2025-06-23,billing,0,21,1510,0,1008,1008,502,0,0.33245033112582784
60-100-100,optimized,2025-06-23,technical,0,34,1591,0,1088,1088,503,0,0.31615336266499056
60-100-100,optimized,2025-06-23,privacy,0,5,152,0,120,120,32,0,0.21052631578947367
60-100-100,optimized,2025-06-30,billing,0,22,1238,502,1056,1056,684,0,0.3931034482758621
60-100-100,optimized,2025-06-30,technical,0,34,1356,503,1088,1088,771,0,0.41473910704679934
60-100-100,optimized,2025-06-30,privacy,0,4,123,32,96,96,59,0,0.38064516129032255
60-100-100,optimized,2025-07-07,billing,0,21,1572,684,1008,1008,1248,0,0.5531914893617021
60-100-100,optimized,2025-07-07,technical,0,35,1490,771,1120,1120,1141,0,0.5046439628482973
60-100-100,optimized,2025-07-07,privacy,0,4,128,59,96,96,91,0,0.48663101604278075
60-100-100,optimized,2025-07-14,billing,0,23,1393,1248,1104,1104,1537,144,0.5819765240439227
60-100-100,optimized,2025-07-14,technical,0,33,1449,1141,1056,1056,1534,85,0.5922779922779923
60-100-100,optimized,2025-07-14,privacy,0,4,134,91,96,96,129,0,0.5733333333333334
60-100-100,optimized,2025-07-21,billing,0,22,1441,1537,1056,1056,1922,481,0.6453995970449966
60-100-100,optimized,2025-07-21,technical,0,34,1416,1534,1088,1088,1862,446,0.6311864406779661
60-100-100,optimized,2025-07-21,privacy,0,4,146,129,96,96,179,33,0.6509090909090909
60-100-100,optimized,2025-07-28,billing,0,22,1549,1922,1056,1056,2415,866,0.6957649092480553
60-100-100,optimized,2025-07-28,technical,0,33,1452,1862,1056,1056,2258,806,0.6813518406759204
60-100-100,optimized,2025-07-28,privacy,0,5,158,179,120,120,217,59,0.6439169139465876
60-100-100,optimized,2025-08-04,billing,0,23,1592,2415,1104,1104,2903,1311,0.7244821562266034
60-100-100,optimized,2025-08-04,technical,0,32,1516,2258,1024,1024,2750,1234,0.7286698463169051
60-100-100,optimized,2025-08-04,privacy,0,5,172,217,120,120,269,97,0.6915167095115681
60-100-100,optimized,2025-08-11,billing,0,23,1442,2903,1104,1104,3241,1799,0.7459148446490219
60-100-100,optimized,2025-08-11,technical,0,32,1502,2750,1024,1024,3228,1726,0.7591721542803387
60-100-100,optimized,2025-08-11,privacy,0,5,151,269,120,120,300,149,0.7142857142857143
60-100-100,optimized,2025-08-18,billing,0,22,1442,3241,1056,1056,3627,2185,0.7745035233824471
60-100-100,optimized,2025-08-18,technical,0,33,1369,3228,1056,1056,3541,2172,0.7702849684576898
60-100-100,optimized,2025-08-18,privacy,0,5,165,300,120,120,345,180,0.7419354838709677
60-100-100,optimized,2025-08-25,billing,0,23,1489,3627,1104,1104,4012,2523,0.784206411258796
60-100-100,optimized,2025-08-25,technical,0,32,1275,3541,1024,1024,3792,2517,0.7873754152823921
60-100-100,optimized,2025-08-25,privacy,0,5,130,345,120,120,355,225,0.7473684210526316
60-100-100,optimized,2025-09-01,billing,0,23,1465,4012,1104,1104,4373,2908,0.7984297973343071
60-100-100,optimized,2025-09-01,technical,0,32,1258,3792,1024,1024,4026,2768,0.7972277227722773
60-100-100,optimized,2025-09-01,privacy,0,5,106,355,120,120,341,235,0.7396963123644251
60-100-100,optimized,2025-09-08,billing,0,24,1506,4373,1152,1152,4727,3221,0.8040483075352951
60-100-100,optimized,2025-09-08,technical,0,32,1327,4026,1024,1024,4329,3002,0.808705398841771
60-100-100,optimized,2025-09-08,privacy,0,4,114,341,96,96,359,245,0.789010989010989
60-100-100,hindsight,2025-06-23,billing,0,21,1510,0,1008,1008,502,0,0.33245033112582784
60-100-100,hindsight,2025-06-23,technical,0,34,1591,0,1088,1088,503,0,0.31615336266499056
60-100-100,hindsight,2025-06-23,privacy,0,5,152,0,120,120,32,0,0.21052631578947367
60-100-100,hindsight,2025-06-30,billing,0,22,1238,502,1056,1056,684,0,0.3931034482758621
60-100-100,hindsight,2025-06-30,technical,0,34,1356,503,1088,1088,771,0,0.41473910704679934
60-100-100,hindsight,2025-06-30,privacy,0,4,123,32,96,96,59,0,0.38064516129032255
60-100-100,hindsight,2025-07-07,billing,0,22,1572,684,1056,1056,1200,0,0.5319148936170213
60-100-100,hindsight,2025-07-07,technical,0,34,1490,771,1088,1088,1173,0,0.518796992481203
60-100-100,hindsight,2025-07-07,privacy,0,4,128,59,96,96,91,0,0.48663101604278075
60-100-100,hindsight,2025-07-14,billing,0,22,1393,1200,1056,1056,1537,144,0.5927497107597377
60-100-100,hindsight,2025-07-14,technical,0,34,1449,1173,1088,1088,1534,85,0.5850495804729214
60-100-100,hindsight,2025-07-14,privacy,0,4,134,91,96,96,129,0,0.5733333333333334
60-100-100,hindsight,2025-07-21,billing,0,22,1441,1537,1056,1056,1922,481,0.6453995970449966
60-100-100,hindsight,2025-07-21,technical,0,33,1416,1534,1056,1056,1894,478,0.6420338983050847
60-100-100,hindsight,2025-07-21,privacy,0,5,146,129,120,120,155,9,0.5636363636363636
60-100-100,hindsight,2025-07-28,billing,0,23,1549,1922,1104,1104,2367,818,0.6819360414866033
60-100-100,hindsight,2025-07-28,technical,0,33,1452,1894,1056,1056,2290,838,0.6843992827256425
60-100-100,hindsight,2025-07-28,privacy,0,4,158,155,96,96,217,59,0.6932907348242812
60-100-100,hindsight,2025-08-04,billing,0,23,1592,2367,1104,1104,2855,1263,0.7211417024501137
60-100-100,hindsight,2025-08-04,technical,0,32,1516,2290,1024,1024,2782,1266,0.7309511297950604
60-100-100,hindsight,2025-08-04,privacy,0,5,172,217,120,120,269,97,0.6915167095115681
60-100-100,hindsight,2025-08-11,billing,0,22,1442,2855,1056,1056,3241,1799,0.7542471491738422
60-100-100,hindsight,2025-08-11,technical,0,33,1502,2782,1056,1056,3228,1726,0.7535014005602241
60-100-100,hindsight,2025-08-11,privacy,0,5,151,269,120,120,300,149,0.7142857142857143
60-100-100,hindsight,2025-08-18,billing,0,22,1442,3241,1056,1056,3627,2185,0.7745035233824471
60-100-100,hindsight,2025-08-18,technical,0,33,1369,3228,1056,1056,3541,2172,0.7702849684576898
60-100-100,hindsight,2025-08-18,privacy,0,5,165,300,120,120,345,180,0.7419354838709677
60-100-100,hindsight,2025-08-25,billing,0,23,1489,3627,1104,1104,4012,2523,0.784206411258796
60-100-100,hindsight,2025-08-25,technical,0,32,1275,3541,1024,1024,3792,2517,0.7873754152823921
60-100-100,hindsight,2025-08-25,privacy,0,5,130,345,120,120,355,225,0.7473684210526316
60-100-100,hindsight,2025-09-01,billing,0,24,1465,4012,1152,1152,4325,2860,0.789665875479277
60-100-100,hindsight,2025-09-01,technical,0,32,1258,3792,1024,1024,4026,2768,0.7972277227722773
60-100-100,hindsight,2025-09-01,privacy,0,4,106,355,96,96,365,259,0.7917570498915402
60-100-100,hindsight,2025-09-08,billing,0,24,1506,4325,1152,1152,4679,3173,0.802435259818213
60-100-100,hindsight,2025-09-08,technical,0,32,1327,4026,1024,1024,4329,3002,0.808705398841771
60-100-100,hindsight,2025-09-08,privacy,0,4,114,365,96,96,383,269,0.7995824634655533
60-100-125,fixed,2025-06-23,billing,0,24,1510,0,1440,1440,70,0,0.046357615894039736
60-100-125,fixed,2025-06-23,technical,0,31,1591,0,1240,1240,351,0,0.22061596480201132
60-100-125,fixed,2025-06-23,privacy,0,5,152,0,150,150,2,0,0.013157894736842105
60-100-125,fixed,2025-06-30,billing,0,24,1238,70,1440,1308,0,0,0.0
60-100-125,fixed,2025-06-30,technical,0,31,1356,351,1240,1240,467,0,0.2735793790275337
60-100-125,fixed,2025-06-30,privacy,0,5,123,2,150,125,0,0,0.0
60-100-125,fixed,2025-07-07,billing,0,24,1572,0,1440,1440,132,0,0.08396946564885496
60-100-125,fixed,2025-07-07,technical,0,31,1490,467,1240,1240,717,0,0.3663771078180889
60-100-125,fixed,2025-07-07,privacy,0,5,128,0,150,128,0,0,0.0
60-100-125,fixed,2025-07-14,billing,0,24,1393,132,1440,1440,85,0,0.05573770491803279
60-100-125,fixed,2025-07-14,technical,0,31,1449,717,1240,1240,926,0,0.4275161588180979
60-100-125,fixed,2025-07-14,privacy,0,5,134,0,150,134,0,0,0.0
60-100-125,fixed,2025-07-21,billing,0,24,1441,85,1440,1440,86,0,0.0563564875491481
60-100-125,fixed,2025-07-21,technical,0,31,1416,926,1240,1240,1102,0,0.4705380017079419
60-100-125,fixed,2025-07-21,privacy,0,5,146,0,150,146,0,0,0.0
60-100-125,fixed,2025-07-28,billing,0,24,1549,86,1440,1440,195,0,0.11926605504587157
60-100-125,fixed,2025-07-28,technical,0,31,1452,1102,1240,1240,1314,0,0.514487079091621
60-100-125,fixed,2025-07-28,privacy,0,5,158,0,150,150,8,0,0.05063291139240506
60-100-125,fixed,2025-08-04,billing,0,24,1592,195,1440,1440,347,0,0.19418019026301064
60-100-125,fixed,2025-08-04,technical,0,31,1516,1314,1240,1240,1590,74,0.5618374558303887
60-100-125,fixed,2025-08-04,privacy,0,5,172,8,150,150,30,0,0.16666666666666666
60-100-125,fixed,2025-08-11,billing,0,24,1442,347,1440,1440,349,0,0.19508105086640581
60-100-125,fixed,2025-08-11,technical,0,31,1502,1590,1240,1240,1852,350,0.5989650711513583
60-100-125,fixed,2025-08-11,privacy,0,5,151,30,150,150,31,0,0.1712707182320442
60-100-125,fixed,2025-08-18,billing,0,24,1442,349,1440,1440,351,0,0.19597989949748743
60-100-125,fixed,2025-08-18,technical,0,31,1369,1852,1240,1240,1981,612,0.6150263893200869
60-100-125,fixed,2025-08-18,privacy,0,5,165,31,150,150,46,0,0.23469387755102042
60-100-125,fixed,2025-08-25,billing,0,24,1489,351,1440,1440,400,0,0.21739130434782608
60-100-125,fixed,2025-08-25,technical,0,31,1275,1981,1240,1240,2016,741,0.6191646191646192
60-100-125,fixed,2025-08-25,privacy,0,5,130,46,150,150,26,0,0.14772727272727273
60-100-125,fixed,2025-09-01,billing,0,24,1465,400,1440,1440,425,0,0.22788203753351208
60-100-125,fixed,2025-09-01,technical,0,31,1258,2016,1240,1240,2034,776,0.6212583995113011
60-100-125,fixed,2025-09-01,privacy,0,5,106,26,150,132,0,0,0.0
60-100-125,fixed,2025-09-08,billing,0,24,1506,425,1440,1440,491,0,0.2542723977213879
60-100-125,fixed,2025-09-08,technical,0,31,1327,2034,1240,1240,2121,794,0.631062183873847
60-100-125,fixed,2025-09-08,privacy,0,5,114,0,150,114,0,0,0.0
60-100-125,adaptive,2025-06-23,billing,0,21,1510,0,1260,1260,250,0,0.16556291390728478
60-100-125,adaptive,2025-06-23,technical,0,34,1591,0,1360,1360,231,0,0.1451917033312382
60-100-125,adaptive,2025-06-23,privacy,0,5,152,0,150,150,2,0,0.013157894736842105
60-100-125,adaptive,2025-06-30,billing,0,22,1238,250,1320,1320,168,0,0.11290322580645161
60-100-125,adaptive,2025-06-30,technical,0,34,1356,231,1360,1360,227,0,0.14303717706364208
60-100-125,adaptive,2025-06-30,privacy,0,4,123,2,120,120,5,0,0.04
60-100-125,adaptive,2025-07-07,billing,0,21,1572,168,1260,1260,480,0,0.27586206896551724
60-100-125,adaptive,2025-07-07,technical,0,35,1490,227,1400,1400,317,0,0.18462434478741993
60-100-125,adaptive,2025-07-07,privacy,0,4,128,5,120,120,13,0,0.09774436090225563
60-100-125,adaptive,2025-07-14,billing,0,25,1393,480,1500,1500,373,0,0.19914575547250402
60-100-125,adaptive,2025-07-14,technical,0,32,1449,317,1280,1280,486,0,0.27519818799546997
60-100-125,adaptive,2025-07-14,privacy,0,3,134,13,90,90,57,0,0.3877551020408163
60-100-125,adaptive,2025-07-21,billing,0,21,1441,373,1260,1260,554,0,0.3054024255788313
60-100-125,adaptive,2025-07-21,technical,0,34,1416,486,1360,1360,542,0,0.28496319663512093
60-100-125,adaptive,2025-07-21,privacy,0,5,146,57,150,150,53,0,0.26108374384236455
60-100-125,adaptive,2025-07-28,billing,0,22,1549,554,1320,1320,783,0,0.3723252496433666
60-100-125,adaptive,2025-07-28,technical,0,33,1452,542,1320,1320,674,0,0.33801404212637914
60-100-125,adaptive,2025-07-28,privacy,0,5,158,53,150,150,61,0,0.2890995260663507
60-100-125,adaptive,2025-08-04,billing,0,24,1592,783,1440,1440,935,0,0.3936842105263158
60-100-125,adaptive,2025-08-04,technical,0,32,1516,674,1280,1280,910,0,0.4155251141552511
60-100-125,adaptive,2025-08-04,privacy,0,4,172,61,120,120,113,0,0.48497854077253216
60-100-125,adaptive,2025-08-11,billing,0,23,1442,935,1380,1380,997,0,0.4194362641985696
60-100-125,adaptive,2025-08-11,technical,0,32,1502,910,1280,1280,1132,0,0.4693200663349917
60-100-125,adaptive,2025-08-11,privacy,0,5,151,113,150,150,114,0,0.4318181818181818
60-100-125,adaptive,2025-08-18,billing,0,21,1442,997,1260,1260,1179,0,0.4833948339483395
60-100-125,adaptive,2025-08-18,technical,0,34,1369,1132,1360,1360,1141,0,0.45621751299480207
60-100-125,adaptive,2025-08-18,privacy,0,5,165,114,150,150,129,0,0.46236559139784944
60-100-125,adaptive,2025-08-25,billing,0,23,1489,1179,1380,1380,1288,0,0.4827586206896552
60-100-125,adaptive,2025-08-25,technical,0,32,1275,1141,1280,1280,1136,0,0.47019867549668876
60-100-125,adaptive,2025-08-25,privacy,0,5,130,129,150,150,109,0,0.42084942084942084
60-100-125,adaptive,2025-09-01,billing,0,24,1465,1288,1440,1440,1313,0,0.47693425354159097
60-100-125,adaptive,2025-09-01,technical,0,32,1258,1136,1280,1280,1114,0,0.4653299916457811
60-100-125,adaptive,2025-09-01,privacy,0,4,106,109,120,120,95,0,0.4418604651162791
60-100-125,adaptive,2025-09-08,billing,0,25,1506,1313,1500,1500,1319,0,0.46789641716920893
60-100-125,adaptive,2025-09-08,technical,0,32,1327,1114,1280,1280,1161,0,0.4756247439573945
60-100-125,adaptive,2025-09-08,privacy,0,3,114,95,90,90,119,5,0.569377990430622
60-100-125,optimized,2025-06-23,billing,0,21,1510,0,1260,1260,250,0,0.16556291390728478
60-100-125,optimized,2025-06-23,technical,0,34,1591,0,1360,1360,231,0,0.1451917033312382
60-100-125,optimized,2025-06-23,privacy,0,5,152,0,150,150,2,0,0.013157894736842105
60-100-125,optimized,2025-06-30,billing,0,22,1238,250,1320,1320,168,0,0.11290322580645161
60-100-125,optimized,2025-06-30,technical,0,34,1356,231,1360,1360,227,0,0.14303717706364208
60-100-125,optimized,2025-06-30,privacy,0,4,123,2,120,120,5,0,0.04
60-100-125,optimized,2025-07-07,billing,0,21,1572,168,1260,1260,480,0,0.27586206896551724
60-100-125,optimized,2025-07-07,technical,0,35,1490,227,1400,1400,317,0,0.18462434478741993
60-100-125,optimized,2025-07-07,privacy,0,4,128,5,120,120,13,0,0.09774436090225563
60-100-125,optimized,2025-07-14,billing,0,24,1393,480,1440,1440,433,0,0.23117992525360384
60-100-125,optimized,2025-07-14,technical,0,32,1449,317,1280,1280,486,0,0.27519818799546997
60-100-125,optimized,2025-07-14,privacy,0,4,134,13,120,120,27,0,0.1836734693877551
60-100-125,optimized,2025-07-21,billing,0,22,1441,433,1320,1320,554,0,0.29562433297758806
60-100-125,optimized,2025-07-21,technical,0,34,1416,486,1360,1360,542,0,0.28496319663512093
60-100-125,optimized,2025-07-21,privacy,0,4,146,27,120,120,53,0,0.3063583815028902
60-100-125,optimized,2025-07-28,billing,0,22,1549,554,1320,1320,783,0,0.3723252496433666
60-100-125,optimized,2025-07-28,technical,0,33,1452,542,1320,1320,674,0,0.33801404212637914
60-100-125,optimized,2025-07-28,privacy,0,5,158,53,150,150,61,0,0.2890995260663507
60-100-125,optimized,2025-08-04,billing,0,23,1592,783,1380,1380,995,0,0.4189473684210526
60-100-125,optimized,2025-08-04,technical,0,32,1516,674,1280,1280,910,0,0.4155251141552511
60-100-125,optimized,2025-08-04,privacy,0,5,172,61,150,150,83,0,0.3562231759656652
60-100-125,optimized,2025-08-11,billing,0,23,1442,995,1380,1380,1057,0,0.43372999589659417
60-100-125,optimized,2025-08-11,technical,0,32,1502,910,1280,1280,1132,0,0.4693200663349917
60-100-125,optimized,2025-08-11,privacy,0,5,151,83,150,150,84,0,0.358974358974359
60-100-125,optimized,2025-08-18,billing,0,22,1442,1057,1320,1320,1179,0,0.4717887154861945
60-100-125,optimized,2025-08-18,technical,0,34,1369,1132,1360,1360,1141,0,0.45621751299480207
60-100-125,optimized,2025-08-18,privacy,0,4,165,84,120,120,129,0,0.5180722891566265
60-100-125,optimized,2025-08-25,billing,0,23,1489,1179,1380,1380,1288,0,0.4827586206896552
60-100-125,optimized,2025-08-25,technical,0,32,1275,1141,1280,1280,1136,0,0.47019867549668876
60-100-125,optimized,2025-08-25,privacy,0,5,130,129,150,150,109,0,0.42084942084942084
60-100-125,optimized,2025-09-01,billing,0,24,1465,1288,1440,1440,1313,0,0.47693425354159097
60-100-125,optimized,2025-09-01,technical,0,31,1258,1136,1240,1240,1154,0,0.48203842940685043
60-100-125,optimized,2025-09-01,privacy,0,5,106,109,150,150,65,0,0.3023255813953488
60-100-125,optimized,2025-09-08,billing,0,25,1506,1313,1500,1500,1319,0,0.46789641716920893
60-100-125,optimized,2025-09-08,technical,0,32,1327,1154,1280,1280,1201,0,0.4840790004030633
60-100-125,optimized,2025-09-08,privacy,0,3,114,65,90,90,89,0,0.4972067039106145
60-100-125,hindsight,2025-06-23,billing,0,21,1510,0,1260,1260,250,0,0.16556291390728478
60-100-125,hindsight,2025-06-23,technical,0,34,1591,0,1360,1360,231,0,0.1451917033312382
60-100-125,hindsight,2025-06-23,privacy,0,5,152,0,150,150,2,0,0.013157894736842105
60-100-125,hindsight,2025-06-30,billing,0,22,1238,250,1320,1320,168,0,0.11290322580645161
60-100-125,hindsight,2025-06-30,technical,0,34,1356,231,1360,1360,227,0,0.14303717706364208
60-100-125,hindsight,2025-06-30,privacy,0,4,123,2,120,120,5,0,0.04
60-100-125,hindsight,2025-07-07,billing,0,23,1572,168,1380,1380,360,0,0.20689655172413793
60-100-125,hindsight,2025-07-07,technical,0,33,1490,227,1320,1320,397,0,0.23121723937099592
60-100-125,hindsight,2025-07-07,privacy,0,4,128,5,120,120,13,0,0.09774436090225563
60-100-125,hindsight,2025-07-14,billing,0,22,1393,360,1320,1320,433,0,0.24700513405590416
60-100-125,hindsight,2025-07-14,technical,0,34,1449,397,1360,1360,486,0,0.26327193932827736
60-100-125,hindsight,2025-07-14,privacy,0,4,134,13,120,120,27,0,0.1836734693877551
60-100-125,hindsight,2025-07-21,billing,0,22,1441,433,1320,1320,554,0,0.29562433297758806
60-100-125,hindsight,2025-07-21,technical,0,33,1416,486,1320,1320,582,0,0.305993690851735
60-100-125,hindsight,2025-07-21,privacy,0,5,146,27,150,150,23,0,0.1329479768786127
60-100-125,hindsight,2025-07-28,billing,0,23,1549,554,1380,1380,723,0,0.3437945791726106
60-100-125,hindsight,2025-07-28,technical,0,33,1452,582,1320,1320,714,0,0.35103244837758113
60-100-125,hindsight,2025-07-28,privacy,0,4,158,23,120,120,61,0,0.3370165745856354
60-100-125,hindsight,2025-08-04,billing,0,23,1592,723,1380,1380,935,0,0.4038876889848812
60-100-125,hindsight,2025-08-04,technical,0,32,1516,714,1280,1280,950,0,0.4260089686098655
60-100-125,hindsight,2025-08-04,privacy,0,5,172,61,150,150,83,0,0.3562231759656652
60-100-125,hindsight,2025-08-11,billing,0,22,1442,935,1320,1320,1057,0,0.44467816575515356
60-100-125,hindsight,2025-08-11,technical,0,33,1502,950,1320,1320,1132,0,0.46166394779771613
60-100-125,hindsight,2025-08-11,privacy,0,5,151,83,150,150,84,0,0.358974358974359
60-100-125,hindsight,2025-08-18,billing,0,22,1442,1057,1320,1320,1179,0,0.4717887154861945
60-100-125,hindsight,2025-08-18,technical,0,33,1369,1132,1320,1320,1181,0,0.4722111155537785
60-100-125,hindsight,2025-08-18,privacy,0,5,165,84,150,150,99,0,0.39759036144578314
60-100-125,hindsight,2025-08-25,billing,0,24,1489,1179,1440,1440,1228,0,0.46026986506746626
60-100-125,hindsight,2025-08-25,technical,0,32,1275,1181,1280,1280,1176,0,0.4788273615635179
60-100-125,hindsight,2025-08-25,privacy,0,4,130,99,120,120,109,0,0.4759825327510917
60-100-125,hindsight,2025-09-01,billing,0,24,1465,1228,1440,1440,1253,0,0.46528035647976235
60-100-125,hindsight,2025-09-01,technical,0,32,1258,1176,1280,1280,1154,0,0.4741166803615448
60-100-125,hindsight,2025-09-01,privacy,0,4,106,109,120,120,95,0,0.4418604651162791
60-100-125,hindsight,2025-09-08,billing,0,24,1506,1253,1440,1440,1319,0,0.4780717651322943
60-100-125,hindsight,2025-09-08,technical,0,32,1327,1154,1280,1280,1201,0,0.4840790004030633
60-100-125,hindsight,2025-09-08,privacy,0,4,114,95,120,120,89,0,0.4258373205741627
72-0-75,fixed,2025-06-23,billing,33,0,1510,0,1485,1485,25,0,0.016556291390728478
72-0-75,fixed,2025-06-23,technical,32,0,1591,0,960,960,631,0,0.3966059082338152
72-0-75,fixed,2025-06-23,privacy,7,0,152,0,157,152,0,0,0.0
72-0-75,fixed,2025-06-30,billing,33,0,1238,25,1485,1263,0,0,0.0
72-0-75,fixed,2025-06-30,technical,32,0,1356,631,960,960,1027,0,0.5168595873175642
72-0-75,fixed,2025-06-30,privacy,7,0,123,0,157,123,0,0,0.0
72-0-75,fixed,2025-07-07,billing,33,0,1572,0,1485,1485,87,0,0.05534351145038168
72-0-75,fixed,2025-07-07,technical,32,0,1490,1027,960,960,1557,67,0.6185935637663885
72-0-75,fixed,2025-07-07,privacy,7,0,128,0,157,128,0,0,0.0
72-0-75,fixed,2025-07-14,billing,33,0,1393,87,1485,1480,0,0,0.0
72-0-75,fixed,2025-07-14,technical,32,0,1449,1557,960,960,2046,597,0.6806387225548902
72-0-75,fixed,2025-07-14,privacy,7,0,134,0,157,134,0,0,0.0
72-0-75,fixed,2025-07-21,billing,33,0,1441,0,1485,1441,0,0,0.0
72-0-75,fixed,2025-07-21,technical,32,0,1416,2046,960,960,2502,1086,0.7227036395147314
72-0-75,fixed,2025-07-21,privacy,7,0,146,0,157,146,0,0,0.0
72-0-75,fixed,2025-07-28,billing,33,0,1549,0,1485,1485,64,0,0.04131697869593286
72-0-75,fixed,2025-07-28,technical,32,0,1452,2502,960,960,2994,1542,0.7572078907435509
72-0-75,fixed,2025-07-28,privacy,7,0,158,0,157,157,1,0,0.006329113924050633
72-0-75,fixed,2025-08-04,billing,33,0,1592,64,1485,1485,171,0,0.10326086956521739
72-0-75,fixed,2025-08-04,technical,32,0,1516,2994,960,960,3550,2034,0.7871396895787139
72-0-75,fixed,2025-08-04,privacy,7,0,172,1,157,157,16,0,0.09248554913294797
72-0-75,fixed,2025-08-11,billing,33,0,1442,171,1485,1485,128,0,0.07935523868567886
72-0-75,fixed,2025-08-11,technical,32,0,1502,3550,960,960,4092,2590,0.8099762470308789
72-0-75,fixed,2025-08-11,privacy,7,0,151,16,157,157,10,0,0.059880239520958084
72-0-75,fixed,2025-08-18,billing,33,0,1442,128,1485,1485,85,0,0.054140127388535034
72-0-75,fixed,2025-08-18,technical,32,0,1369,4092,960,960,4501,3132,0.8242080205090643
72-0-75,fixed,2025-08-18,privacy,7,0,165,10,157,157,18,0,0.10285714285714286
72-0-75,fixed,2025-08-25,billing,33,0,1489,85,1485,1485,89,0,0.056543837357052096
72-0-75,fixed,2025-08-25,technical,32,0,1275,4501,960,960,4816,3541,0.8337950138504155
72-0-75,fixed,2025-08-25,privacy,7,0,130,18,157,148,0,0,0.0
72-0-75,fixed,2025-09-01,billing,33,0,1465,89,1485,1485,69,0,0.0444015444015444
72-0-75,fixed,2025-09-01,technical,32,0,1258,4816,960,960,5114,3856,0.8419492920645374
72-0-75,fixed,2025-09-01,privacy,7,0,106,0,157,106,0,0,0.0
72-0-75,fixed,2025-09-08,billing,33,0,1506,69,1485,1485,90,0,0.05714285714285714
72-0-75,fixed,2025-09-08,technical,32,0,1327,5114,960,960,5481,4154,0.8509548206800186
72-0-75,fixed,2025-09-08,privacy,7,0,114,0,157,114,0,0,0.0
72-0-75,adaptive,2025-06-23,billing,33,0,1510,0,1485,1485,25,0,0.016556291390728478
72-0-75,adaptive,2025-06-23,technical,32,0,1591,0,960,960,631,0,0.3966059082338152
72-0-75,adaptive,2025-06-23,privacy,7,0,152,0,157,152,0,0,0.0
72-0-75,adaptive,2025-06-30,billing,33,0,1238,25,1485,1263,0,0,0.0
72-0-75,adaptive,2025-06-30,technical,32,0,1356,631,960,960,1027,0,0.5168595873175642
72-0-75,adaptive,2025-06-30,privacy,7,0,123,0,157,123,0,0,0.0
72-0-75,adaptive,2025-07-07,billing,33,0,1572,0,1485,1485,87,0,0.05534351145038168
72-0-75,adaptive,2025-07-07,technical,32,0,1490,1027,960,960,1557,67,0.6185935637663885
72-0-75,adaptive,2025-07-07,privacy,7,0,128,0,157,128,0,0,0.0
72-0-75,adaptive,2025-07-14,billing,33,0,1393,87,1485,1480,0,0,0.0
72-0-75,adaptive,2025-07-14,technical,32,0,1449,1557,960,960,2046,597,0.6806387225548902
72-0-75,adaptive,2025-07-14,privacy,7,0,134,0,157,134,0,0,0.0
72-0-75,adaptive,2025-07-21,billing,33,0,1441,0,1485,1441,0,0,0.0
72-0-75,adaptive,2025-07-21,technical,32,0,1416,2046,960,960,2502,1086,0.7227036395147314
72-0-75,adaptive,2025-07-21,privacy,7,0,146,0,157,146,0,0,0.0
72-0-75,adaptive,2025-07-28,billing,33,0,1549,0,1485,1485,64,0,0.04131697869593286
72-0-75,adaptive,2025-07-28,technical,32,0,1452,2502,960,960,2994,1542,0.7572078907435509
72-0-75,adaptive,2025-07-28,privacy,7,0,158,0,157,157,1,0,0.006329113924050633
72-0-75,adaptive,2025-08-04,billing,33,0,1592,64,1485,1485,171,0,0.10326086956521739
72-0-75,adaptive,2025-08-04,technical,32,0,1516,2994,960,960,3550,2034,0.7871396895787139
72-0-75,adaptive,2025-08-04,privacy,7,0,172,1,157,157,16,0,0.09248554913294797
72-0-75,adaptive,2025-08-11,billing,33,0,1442,171,1485,1485,128,0,0.07935523868567886
72-0-75,adaptive,2025-08-11,technical,32,0,1502,3550,960,960,4092,2590,0.8099762470308789
72-0-75,adaptive,2025-08-11,privacy,7,0,151,16,157,157,10,0,0.059880239520958084
72-0-75,adaptive,2025-08-18,billing,33,0,1442,128,1485,1485,85,0,0.054140127388535034
72-0-75,adaptive,2025-08-18,technical,32,0,1369,4092,960,960,4501,3132,0.8242080205090643
72-0-75,adaptive,2025-08-18,privacy,7,0,165,10,157,157,18,0,0.10285714285714286
72-0-75,adaptive,2025-08-25,billing,33,0,1489,85,1485,1485,89,0,0.056543837357052096
72-0-75,adaptive,2025-08-25,technical,32,0,1275,4501,960,960,4816,3541,0.8337950138504155
72-0-75,adaptive,2025-08-25,privacy,7,0,130,18,157,148,0,0,0.0
72-0-75,adaptive,2025-09-01,billing,33,0,1465,89,1485,1485,69,0,0.0444015444015444
72-0-75,adaptive,2025-09-01,technical,32,0,1258,4816,960,960,5114,3856,0.8419492920645374
72-0-75,adaptive,2025-09-01,privacy,7,0,106,0,157,106,0,0,0.0
72-0-75,adaptive,2025-09-08,billing,33,0,1506,69,1485,1485,90,0,0.05714285714285714
72-0-75,adaptive,2025-09-08,technical,32,0,1327,5114,960,960,5481,4154,0.8509548206800186
72-0-75,adaptive,2025-09-08,privacy,7,0,114,0,157,114,0,0,0.0
72-0-75,optimized,2025-06-23,billing,33,0,1510,0,1485,1485,25,0,0.016556291390728478
72-0-75,optimized,2025-06-23,technical,32,0,1591,0,960,960,631,0,0.3966059082338152
72-0-75,optimized,2025-06-23,privacy,7,0,152,0,157,152,0,0,0.0
72-0-75,optimized,2025-06-30,billing,33,0,1238,25,1485,1263,0,0,0.0
72-0-75,optimized,2025-06-30,technical,32,0,1356,631,960,960,1027,0,0.5168595873175642
72-0-75,optimized,2025-06-30,privacy,7,0,123,0,157,123,0,0,0.0
72-0-75,optimized,2025-07-07,billing,33,0,1572,0,1485,1485,87,0,0.05534351145038168
72-0-75,optimized,2025-07-07,technical,32,0,1490,1027,960,960,1557,67,0.6185935637663885
72-0-75,optimized,2025-07-07,privacy,7,0,128,0,157,128,0,0,0.0
72-0-75,optimized,2025-07-14,billing,33,0,1393,87,1485,1480,0,0,0.0
72-0-75,optimized,2025-07-14,technical,32,0,1449,1557,960,960,2046,597,0.6806387225548902
72-0-75,optimized,2025-07-14,privacy,7,0,134,0,157,134,0,0,0.0
72-0-75,optimized,2025-07-21,billing,33,0,1441,0,1485,1441,0,0,0.0
72-0-75,optimized,2025-07-21,technical,32,0,1416,2046,960,960,2502,1086,0.7227036395147314
72-0-75,optimized,2025-07-21,privacy,7,0,146,0,157,146,0,0,0.0
72-0-75,optimized,2025-07-28,billing,33,0,1549,0,1485,1485,64,0,0.04131697869593286
72-0-75,optimized,2025-07-28,technical,32,0,1452,2502,960,960,2994,1542,0.7572078907435509
72-0-75,optimized,2025-07-28,privacy,7,0,158,0,157,157,1,0,0.006329113924050633
72-0-75,optimized,2025-08-04,billing,33,0,1592,64,1485,1485,171,0,0.10326086956521739
72-0-75,optimized,2025-08-04,technical,32,0,1516,2994,960,960,3550,2034,0.7871396895787139
72-0-75,optimized,2025-08-04,privacy,7,0,172,1,157,157,16,0,0.09248554913294797
72-0-75,optimized,2025-08-11,billing,33,0,1442,171,1485,1485,128,0,0.07935523868567886
72-0-75,optimized,2025-08-11,technical,32,0,1502,3550,960,960,4092,2590,0.8099762470308789
72-0-75,optimized,2025-08-11,privacy,7,0,151,16,157,157,10,0,0.059880239520958084
72-0-75,optimized,2025-08-18,billing,33,0,1442,128,1485,1485,85,0,0.054140127388535034
72-0-75,optimized,2025-08-18,technical,32,0,1369,4092,960,960,4501,3132,0.8242080205090643
72-0-75,optimized,2025-08-18,privacy,7,0,165,10,157,157,18,0,0.10285714285714286
72-0-75,optimized,2025-08-25,billing,33,0,1489,85,1485,1485,89,0,0.056543837357052096
72-0-75,optimized,2025-08-25,technical,32,0,1275,4501,960,960,4816,3541,0.8337950138504155
72-0-75,optimized,2025-08-25,privacy,7,0,130,18,157,148,0,0,0.0
72-0-75,optimized,2025-09-01,billing,33,0,1465,89,1485,1485,69,0,0.0444015444015444
72-0-75,optimized,2025-09-01,technical,32,0,1258,4816,960,960,5114,3856,0.8419492920645374
72-0-75,optimized,2025-09-01,privacy,7,0,106,0,157,106,0,0,0.0
72-0-75,optimized,2025-09-08,billing,33,0,1506,69,1485,1485,90,0,0.05714285714285714
72-0-75,optimized,2025-09-08,technical,32,0,1327,5114,960,960,5481,4154,0.8509548206800186
72-0-75,optimized,2025-09-08,privacy,7,0,114,0,157,114,0,0,0.0
72-0-75,hindsight,2025-06-23,billing,33,0,1510,0,1485,1485,25,0,0.016556291390728478
72-0-75,hindsight,2025-06-23,technical,32,0,1591,0,960,960,631,0,0.3966059082338152
72-0-75,hindsight,2025-06-23,privacy,7,0,152,0,157,152,0,0,0.0
72-0-75,hindsight,2025-06-30,billing,33,0,1238,25,1485,1263,0,0,0.0
72-0-75,hindsight,2025-06-30,technical,32,0,1356,631,960,960,1027,0,0.5168595873175642
72-0-75,hindsight,2025-06-30,privacy,7,0,123,0,157,123,0,0,0.0
72-0-75,hindsight,2025-07-07,billing,33,0,1572,0,1485,1485,87,0,0.05534351145038168
72-0-75,hindsight,2025-07-07,technical,32,0,1490,1027,960,960,1557,67,0.6185935637663885
72-0-75,hindsight,2025-07-07,privacy,7,0,128,0,157,128,0,0,0.0
72-0-75,hindsight,2025-07-14,billing,33,0,1393,87,1485,1480,0,0,0.0
72-0-75,hindsight,2025-07-14,technical,32,0,1449,1557,960,960,2046,597,0.6806387225548902
72-0-75,hindsight,2025-07-14,privacy,7,0,134,0,157,134,0,0,0.0
72-0-75,hindsight,2025-07-21,billing,33,0,1441,0,1485,1441,0,0,0.0
72-0-75,hindsight,2025-07-21,technical,32,0,1416,2046,960,960,2502,1086,0.7227036395147314
72-0-75,hindsight,2025-07-21,privacy,7,0,146,0,157,146,0,0,0.0
72-0-75,hindsight,2025-07-28,billing,33,0,1549,0,1485,1485,64,0,0.04131697869593286
72-0-75,hindsight,2025-07-28,technical,32,0,1452,2502,960,960,2994,1542,0.7572078907435509
72-0-75,hindsight,2025-07-28,privacy,7,0,158,0,157,157,1,0,0.006329113924050633
72-0-75,hindsight,2025-08-04,billing,33,0,1592,64,1485,1485,171,0,0.10326086956521739
72-0-75,hindsight,2025-08-04,technical,32,0,1516,2994,960,960,3550,2034,0.7871396895787139
72-0-75,hindsight,2025-08-04,privacy,7,0,172,1,157,157,16,0,0.09248554913294797
72-0-75,hindsight,2025-08-11,billing,33,0,1442,171,1485,1485,128,0,0.07935523868567886
72-0-75,hindsight,2025-08-11,technical,32,0,1502,3550,960,960,4092,2590,0.8099762470308789
72-0-75,hindsight,2025-08-11,privacy,7,0,151,16,157,157,10,0,0.059880239520958084
72-0-75,hindsight,2025-08-18,billing,33,0,1442,128,1485,1485,85,0,0.054140127388535034
72-0-75,hindsight,2025-08-18,technical,32,0,1369,4092,960,960,4501,3132,0.8242080205090643
72-0-75,hindsight,2025-08-18,privacy,7,0,165,10,157,157,18,0,0.10285714285714286
72-0-75,hindsight,2025-08-25,billing,33,0,1489,85,1485,1485,89,0,0.056543837357052096
72-0-75,hindsight,2025-08-25,technical,32,0,1275,4501,960,960,4816,3541,0.8337950138504155
72-0-75,hindsight,2025-08-25,privacy,7,0,130,18,157,148,0,0,0.0
72-0-75,hindsight,2025-09-01,billing,33,0,1465,89,1485,1485,69,0,0.0444015444015444
72-0-75,hindsight,2025-09-01,technical,32,0,1258,4816,960,960,5114,3856,0.8419492920645374
72-0-75,hindsight,2025-09-01,privacy,7,0,106,0,157,106,0,0,0.0
72-0-75,hindsight,2025-09-08,billing,33,0,1506,69,1485,1485,90,0,0.05714285714285714
72-0-75,hindsight,2025-09-08,technical,32,0,1327,5114,960,960,5481,4154,0.8509548206800186
72-0-75,hindsight,2025-09-08,privacy,7,0,114,0,157,114,0,0,0.0
72-0-100,fixed,2025-06-23,billing,33,0,1510,0,1980,1510,0,0,0.0
72-0-100,fixed,2025-06-23,technical,32,0,1591,0,1280,1280,311,0,0.19547454431175362
72-0-100,fixed,2025-06-23,privacy,7,0,152,0,210,152,0,0,0.0
72-0-100,fixed,2025-06-30,billing,33,0,1238,0,1980,1238,0,0,0.0
72-0-100,fixed,2025-06-30,technical,32,0,1356,311,1280,1280,387,0,0.23215356928614278
72-0-100,fixed,2025-06-30,privacy,7,0,123,0,210,123,0,0,0.0
72-0-100,fixed,2025-07-07,billing,33,0,1572,0,1980,1572,0,0,0.0
72-0-100,fixed,2025-07-07,technical,32,0,1490,387,1280,1280,597,0,0.31806073521576983
72-0-100,fixed,2025-07-07,privacy,7,0,128,0,210,128,0,0,0.0
72-0-100,fixed,2025-07-14,billing,33,0,1393,0,1980,1393,0,0,0.0
72-0-100,fixed,2025-07-14,technical,32,0,1449,597,1280,1280,766,0,0.37438905180840665
72-0-100,fixed,2025-07-14,privacy,7,0,134,0,210,134,0,0,0.0
72-0-100,fixed,2025-07-21,billing,33,0,1441,0,1980,1441,0,0,0.0
72-0-100,fixed,2025-07-21,technical,32,0,1416,766,1280,1280,902,0,0.41338221814848763
72-0-100,fixed,2025-07-21,privacy,7,0,146,0,210,146,0,0,0.0
72-0-100,fixed,2025-07-28,billing,33,0,1549,0,1980,1549,0,0,0.0
72-0-100,fixed,2025-07-28,technical,32,0,1452,902,1280,1280,1074,0,0.4562446898895497
72-0-100,fixed,2025-07-28,privacy,7,0,158,0,210,158,0,0,0.0
72-0-100,fixed,2025-08-04,billing,33,0,1592,0,1980,1592,0,0,0.0
72-0-100,fixed,2025-08-04,technical,32,0,1516,1074,1280,1280,1310,0,0.5057915057915058
72-0-100,fixed,2025-08-04,privacy,7,0,172,0,210,172,0,0,0.0
72-0-100,fixed,2025-08-11,billing,33,0,1442,0,1980,1442,0,0,0.0
72-0-100,fixed,2025-08-11,technical,32,0,1502,1310,1280,1280,1532,30,0.5448079658605974
72-0-100,fixed,2025-08-11,privacy,7,0,151,0,210,151,0,0,0.0
72-0-100,fixed,2025-08-18,billing,33,0,1442,0,1980,1442,0,0,0.0
72-0-100,fixed,2025-08-18,technical,32,0,1369,1532,1280,1280,1621,252,0.5587728369527749
72-0-100,fixed,2025-08-18,privacy,7,0,165,0,210,165,0,0,0.0
72-0-100,fixed,2025-08-25,billing,33,0,1489,0,1980,1489,0,0,0.0
72-0-100,fixed,2025-08-25,technical,32,0,1275,1621,1280,1280,1616,341,0.5580110497237569
72-0-100,fixed,2025-08-25,privacy,7,0,130,0,210,130,0,0,0.0
72-0-100,fixed,2025-09-01,billing,33,0,1465,0,1980,1465,0,0,0.0
72-0-100,fixed,2025-09-01,technical,32,0,1258,1616,1280,1280,1594,336,0.5546276965901183
72-0-100,fixed,2025-09-01,privacy,7,0,106,0,210,106,0,0,0.0
72-0-100,fixed,2025-09-08,billing,33,0,1506,0,1980,1506,0,0,0.0
72-0-100,fixed,2025-09-08,technical,32,0,1327,1594,1280,1280,1641,314,0.561793906196508
72-0-100,fixed,2025-09-08,privacy,7,0,114,0,210,114,0,0,0.0
72-0-100,adaptive,2025-06-23,billing,33,0,1510,0,1980,1510,0,0,0.0
72-0-100,adaptive,2025-06-23,technical,32,0,1591,0,1280,1280,311,0,0.19547454431175362
72-0-100,adaptive,2025-06-23,privacy,7,0,152,0,210,152,0,0,0.0
72-0-100,adaptive,2025-06-30,billing,33,0,1238,0,1980,1238,0,0,0.0
72-0-100,adaptive,2025-06-30,technical,32,0,1356,311,1280,1280,387,0,0.23215356928614278
72-0-100,adaptive,2025-06-30,privacy,7,0,123,0,210,123,0,0,0.0
72-0-100,adaptive,2025-07-07,billing,33,0,1572,0,1980,1572,0,0,0.0
72-0-100,adaptive,2025-07-07,technical,32,0,1490,387,1280,1280,597,0,0.31806073521576983
72-0-100,adaptive,2025-07-07,privacy,7,0,128,0,210,128,0,0,0.0
72-0-100,adaptive,2025-07-14,billing,33,0,1393,0,1980,1393,0,0,0.0
72-0-100,adaptive,2025-07-14,technical,32,0,1449,597,1280,1280,766,0,0.37438905180840665
72-0-100,adaptive,2025-07-14,privacy,7,0,134,0,210,134,0,0,0.0
72-0-100,adaptive,2025-07-21,billing,33,0,1441,0,1980,1441,0,0,0.0
72-0-100,adaptive,2025-07-21,technical,32,0,1416,766,1280,1280,902,0,0.41338221814848763
72-0-100,adaptive,2025-07-21,privacy,7,0,146,0,210,146,0,0,0.0
72-0-100,adaptive,2025-07-28,billing,33,0,1549,0,1980,1549,0,0,0.0
72-0-100,adaptive,2025-07-28,technical,32,0,1452,902,1280,1280,1074,0,0.4562446898895497
72-0-100,adaptive,2025-07-28,privacy,7,0,158,0,210,158,0,0,0.0
72-0-100,adaptive,2025-08-04,billing,33,0,1592,0,1980,1592,0,0,0.0
72-0-100,adaptive,2025-08-04,technical,32,0,1516,1074,1280,1280,1310,0,0.5057915057915058
72-0-100,adaptive,2025-08-04,privacy,7,0,172,0,210,172,0,0,0.0
72-0-100,adaptive,2025-08-11,billing,33,0,1442,0,1980,1442,0,0,0.0
72-0-100,adaptive,2025-08-11,technical,32,0,1502,1310,1280,1280,1532,30,0.5448079658605974
72-0-100,adaptive,2025-08-11,privacy,7,0,151,0,210,151,0,0,0.0
72-0-100,adaptive,2025-08-18,billing,33,0,1442,0,1980,1442,0,0,0.0
72-0-100,adaptive,2025-08-18,technical,32,0,1369,1532,1280,1280,1621,252,0.5587728369527749
72-0-100,adaptive,2025-08-18,privacy,7,0,165,0,210,165,0,0,0.0
72-0-100,adaptive,2025-08-25,billing,33,0,1489,0,1980,1489,0,0,0.0
72-0-100,adaptive,2025-08-25,technical,32,0,1275,1621,1280,1280,1616,341,0.5580110497237569
72-0-100,adaptive,2025-08-25,privacy,7,0,130,0,210,130,0,0,0.0
72-0-100,adaptive,2025-09-01,billing,33,0,1465,0,1980,1465,0,0,0.0
72-0-100,adaptive,2025-09-01,technical,32,0,1258,1616,1280,1280,1594,336,0.5546276965901183
72-0-100,adaptive,2025-09-01,privacy,7,0,106,0,210,106,0,0,0.0
72-0-100,adaptive,2025-09-08,billing,33,0,1506,0,1980,1506,0,0,0.0
72-0-100,adaptive,2025-09-08,technical,32,0,1327,1594,1280,1280,1641,314,0.561793906196508
72-0-100,adaptive,2025-09-08,privacy,7,0,114,0,210,114,0,0,0.0
72-0-100,optimized,2025-06-23,billing,33,0,1510,0,1980,1510,0,0,0.0
72-0-100,optimized,2025-06-23,technical,32,0,1591,0,1280,1280,311,0,0.19547454431175362
72-0-100,optimized,2025-06-23,privacy,7,0,152,0,210,152,0,0,0.0
72-0-100,optimized,2025-06-30,billing,33,0,1238,0,1980,1238,0,0,0.0
72-0-100,optimized,2025-06-30,technical,32,0,1356,311,1280,1280,387,0,0.23215356928614278
72-0-100,optimized,2025-06-30,privacy,7,0,123,0,210,123,0,0,0.0
72-0-100,optimized,2025-07-07,billing,33,0,1572,0,1980,1572,0,0,0.0
72-0-100,optimized,2025-07-07,technical,32,0,1490,387,1280,1280,597,0,0.31806073521576983
72-0-100,optimized,2025-07-07,privacy,7,0,128,0,210,128,0,0,0.0
72-0-100,optimized,2025-07-14,billing,33,0,1393,0,1980,1393,0,0,0.0
72-0-100,optimized,2025-07-14,technical,32,0,1449,597,1280,1280,766,0,0.37438905180840665
72-0-100,optimized,2025-07-14,privacy,7,0,134,0,210,134,0,0,0.0
72-0-100,optimized,2025-07-21,billing,33,0,1441,0,1980,1441,0,0,0.0
72-0-100,optimized,2025-07-21,technical,32,0,1416,766,1280,1280,902,0,0.41338221814848763
72-0-100,optimized,2025-07-21,privacy,7,0,146,0,210,146,0,0,0.0
72-0-100,optimized,2025-07-28,billing,33,0,1549,0,1980,1549,0,0,0.0
72-0-100,optimized,2025-07-28,technical,32,0,1452,902,1280,1280,1074,0,0.4562446898895497
72-0-100,optimized,2025-07-28,privacy,7,0,158,0,210,158,0,0,0.0
72-0-100,optimized,2025-08-04,billing,33,0,1592,0,1980,1592,0,0,0.0
72-0-100,optimized,2025-08-04,technical,32,0,1516,1074,1280,1280,1310,0,0.5057915057915058
72-0-100,optimized,2025-08-04,privacy,7,0,172,0,210,172,0,0,0.0
72-0-100,optimized,2025-08-11,billing,33,0,1442,0,1980,1442,0,0,0.0
72-0-100,optimized,2025-08-11,technical,32,0,1502,1310,1280,1280,1532,30,0.5448079658605974
72-0-100,optimized,2025-08-11,privacy,7,0,151,0,210,151,0,0,0.0
72-0-100,optimized,2025-08-18,billing,33,0,1442,0,1980,1442,0,0,0.0
72-0-100,optimized,2025-08-18,technical,32,0,1369,1532,1280,1280,1621,252,0.5587728369527749
72-0-100,optimized,2025-08-18,privacy,7,0,165,0,210,165,0,0,0.0
72-0-100,optimized,2025-08-25,billing,33,0,1489,0,1980,1489,0,0,0.0
72-0-100,optimized,2025-08-25,technical,32,0,1275,1621,1280,1280,1616,341,0.5580110497237569
72-0-100,optimized,2025-08-25,privacy,7,0,130,0,210,130,0,0,0.0
72-0-100,optimized,2025-09-01,billing,33,0,1465,0,1980,1465,0,0,0.0
72-0-100,optimized,2025-09-01,technical,32,0,1258,1616,1280,1280,1594,336,0.5546276965901183
72-0-100,optimized,2025-09-01,privacy,7,0,106,0,210,106,0,0,0.0
72-0-100,optimized,2025-09-08,billing,33,0,1506,0,1980,1506,0,0,0.0
72-0-100,optimized,2025-09-08,technical,32,0,1327,1594,1280,1280,1641,314,0.561793906196508
72-0-100,optimized,2025-09-08,privacy,7,0,114,0,210,114,0,0,0.0
72-0-100,hindsight,2025-06-23,billing,33,0,1510,0,1980,1510,0,0,0.0
72-0-100,hindsight,2025-06-23,technical,32,0,1591,0,1280,1280,311,0,0.19547454431175362
72-0-100,hindsight,2025-06-23,privacy,7,0,152,0,210,152,0,0,0.0
72-0-100,hindsight,2025-06-30,billing,33,0,1238,0,1980,1238,0,0,0.0
72-0-100,hindsight,2025-06-30,technical,32,0,1356,311,1280,1280,387,0,0.23215356928614278
72-0-100,hindsight,2025-06-30,privacy,7,0,123,0,210,123,0,0,0.0
72-0-100,hindsight,2025-07-07,billing,33,0,1572,0,1980,1572,0,0,0.0
72-0-100,hindsight,2025-07-07,technical,32,0,1490,387,1280,1280,597,0,0.31806073521576983
72-0-100,hindsight,2025-07-07,privacy,7,0,128,0,210,128,0,0,0.0
72-0-100,hindsight,2025-07-14,billing,33,0,1393,0,1980,1393,0,0,0.0
72-0-100,hindsight,2025-07-14,technical,32,0,1449,597,1280,1280,766,0,0.37438905180840665
72-0-100,hindsight,2025-07-14,privacy,7,0,134,0,210,134,0,0,0.0
72-0-100,hindsight,2025-07-21,billing,33,0,1441,0,1980,1441,0,0,0.0
72-0-100,hindsight,2025-07-21,technical,32,0,1416,766,1280,1280,902,0,0.41338221814848763
72-0-100,hindsight,2025-07-21,privacy,7,0,146,0,210,146,0,0,0.0
72-0-100,hindsight,2025-07-28,billing,33,0,1549,0,1980,1549,0,0,0.0
72-0-100,hindsight,2025-07-28,technical,32,0,1452,902,1280,1280,1074,0,0.4562446898895497
72-0-100,hindsight,2025-07-28,privacy,7,0,158,0,210,158,0,0,0.0
72-0-100,hindsight,2025-08-04,billing,33,0,1592,0,1980,1592,0,0,0.0
72-0-100,hindsight,2025-08-04,technical,32,0,1516,1074,1280,1280,1310,0,0.5057915057915058
72-0-100,hindsight,2025-08-04,privacy,7,0,172,0,210,172,0,0,0.0
72-0-100,hindsight,2025-08-11,billing,33,0,1442,0,1980,1442,0,0,0.0
72-0-100,hindsight,2025-08-11,technical,32,0,1502,1310,1280,1280,1532,30,0.5448079658605974
72-0-100,hindsight,2025-08-11,privacy,7,0,151,0,210,151,0,0,0.0
72-0-100,hindsight,2025-08-18,billing,33,0,1442,0,1980,1442,0,0,0.0
72-0-100,hindsight,2025-08-18,technical,32,0,1369,1532,1280,1280,1621,252,0.5587728369527749
72-0-100,hindsight,2025-08-18,privacy,7,0,165,0,210,165,0,0,0.0
72-0-100,hindsight,2025-08-25,billing,33,0,1489,0,1980,1489,0,0,0.0
72-0-100,hindsight,2025-08-25,technical,32,0,1275,1621,1280,1280,1616,341,0.5580110497237569
72-0-100,hindsight,2025-08-25,privacy,7,0,130,0,210,130,0,0,0.0
72-0-100,hindsight,2025-09-01,billing,33,0,1465,0,1980,1465,0,0,0.0
72-0-100,hindsight,2025-09-01,technical,32,0,1258,1616,1280,1280,1594,336,0.5546276965901183
72-0-100,hindsight,2025-09-01,privacy,7,0,106,0,210,106,0,0,0.0
72-0-100,hindsight,2025-09-08,billing,33,0,1506,0,1980,1506,0,0,0.0
72-0-100,hindsight,2025-09-08,technical,32,0,1327,1594,1280,1280,1641,314,0.561793906196508
72-0-100,hindsight,2025-09-08,privacy,7,0,114,0,210,114,0,0,0.0
72-0-125,fixed,2025-06-23,billing,33,0,1510,0,2475,1510,0,0,0.0
72-0-125,fixed,2025-06-23,technical,32,0,1591,0,1600,1591,0,0,0.0
72-0-125,fixed,2025-06-23,privacy,7,0,152,0,262,152,0,0,0.0
72-0-125,fixed,2025-06-30,billing,33,0,1238,0,2475,1238,0,0,0.0
72-0-125,fixed,2025-06-30,technical,32,0,1356,0,1600,1356,0,0,0.0
72-0-125,fixed,2025-06-30,privacy,7,0,123,0,262,123,0,0,0.0
72-0-125,fixed,2025-07-07,billing,33,0,1572,0,2475,1572,0,0,0.0
72-0-125,fixed,2025-07-07,technical,32,0,1490,0,1600,1490,0,0,0.0
72-0-125,fixed,2025-07-07,privacy,7,0,128,0,262,128,0,0,0.0
72-0-125,fixed,2025-07-14,billing,33,0,1393,0,2475,1393,0,0,0.0
72-0-125,fixed,2025-07-14,technical,32,0,1449,0,1600,1449,0,0,0.0
72-0-125,fixed,2025-07-14,privacy,7,0,134,0,262,134,0,0,0.0
72-0-125,fixed,2025-07-21,billing,33,0,1441,0,2475,1441,0,0,0.0
72-0-125,fixed,2025-07-21,technical,32,0,1416,0,1600,1416,0,0,0.0
72-0-125,fixed,2025-07-21,privacy,7,0,146,0,262,146,0,0,0.0
72-0-125,fixed,2025-07-28,billing,33,0,1549,0,2475,1549,0,0,0.0
72-0-125,fixed,2025-07-28,technical,32,0,1452,0,1600,1452,0,0,0.0
72-0-125,fixed,2025-07-28,privacy,7,0,158,0,262,158,0,0,0.0
72-0-125,fixed,2025-08-04,billing,33,0,1592,0,2475,1592,0,0,0.0
72-0-125,fixed,2025-08-04,technical,32,0,1516,0,1600,1516,0,0,0.0
72-0-125,fixed,2025-08-04,privacy,7,0,172,0,262,172,0,0,0.0
72-0-125,fixed,2025-08-11,billing,33,0,1442,0,2475,1442,0,0,0.0
72-0-125,fixed,2025-08-11,technical,32,0,1502,0,1600,1502,0,0,0.0
72-0-125,fixed,2025-08-11,privacy,7,0,151,0,262,151,0,0,0.0
72-0-125,fixed,2025-08-18,billing,33,0,1442,0,2475,1442,0,0,0.0
72-0-125,fixed,2025-08-18,technical,32,0,1369,0,1600,1369,0,0,0.0
72-0-125,fixed,2025-08-18,privacy,7,0,165,0,262,165,0,0,0.0
72-0-125,fixed,2025-08-25,billing,33,0,1489,0,2475,1489,0,0,0.0
72-0-125,fixed,2025-08-25,technical,32,0,1275,0,1600,1275,0,0,0.0
72-0-125,fixed,2025-08-25,privacy,7,0,130,0,262,130,0,0,0.0
72-0-125,fixed,2025-09-01,billing,33,0,1465,0,2475,1465,0,0,0.0
72-0-125,fixed,2025-09-01,technical,32,0,1258,0,1600,1258,0,0,0.0
72-0-125,fixed,2025-09-01,privacy,7,0,106,0,262,106,0,0,0.0
72-0-125,fixed,2025-09-08,billing,33,0,1506,0,2475,1506,0,0,0.0
72-0-125,fixed,2025-09-08,technical,32,0,1327,0,1600,1327,0,0,0.0
72-0-125,fixed,2025-09-08,privacy,7,0,114,0,262,114,0,0,0.0
72-0-125,adaptive,2025-06-23,billing,33,0,1510,0,2475,1510,0,0,0.0
72-0-125,adaptive,2025-06-23,technical,32,0,1591,0,1600,1591,0,0,0.0
72-0-125,adaptive,2025-06-23,privacy,7,0,152,0,262,152,0,0,0.0
72-0-125,adaptive,2025-06-30,billing,33,0,1238,0,2475,1238,0,0,0.0
72-0-125,adaptive,2025-06-30,technical,32,0,1356,0,1600,1356,0,0,0.0
72-0-125,adaptive,2025-06-30,privacy,7,0,123,0,262,123,0,0,0.0
72-0-125,adaptive,2025-07-07,billing,33,0,1572,0,2475,1572,0,0,0.0
72-0-125,adaptive,2025-07-07,technical,32,0,1490,0,1600,1490,0,0,0.0
72-0-125,adaptive,2025-07-07,privacy,7,0,128,0,262,128,0,0,0.0
72-0-125,adaptive,2025-07-14,billing,33,0,1393,0,2475,1393,0,0,0.0
72-0-125,adaptive,2025-07-14,technical,32,0,1449,0,1600,1449,0,0,0.0
72-0-125,adaptive,2025-07-14,privacy,7,0,134,0,262,134,0,0,0.0
72-0-125,adaptive,2025-07-21,billing,33,0,1441,0,2475,1441,0,0,0.0
72-0-125,adaptive,2025-07-21,technical,32,0,1416,0,1600,1416,0,0,0.0
72-0-125,adaptive,2025-07-21,privacy,7,0,146,0,262,146,0,0,0.0
72-0-125,adaptive,2025-07-28,billing,33,0,1549,0,2475,1549,0,0,0.0
72-0-125,adaptive,2025-07-28,technical,32,0,1452,0,1600,1452,0,0,0.0
72-0-125,adaptive,2025-07-28,privacy,7,0,158,0,262,158,0,0,0.0
72-0-125,adaptive,2025-08-04,billing,33,0,1592,0,2475,1592,0,0,0.0
72-0-125,adaptive,2025-08-04,technical,32,0,1516,0,1600,1516,0,0,0.0
72-0-125,adaptive,2025-08-04,privacy,7,0,172,0,262,172,0,0,0.0
72-0-125,adaptive,2025-08-11,billing,33,0,1442,0,2475,1442,0,0,0.0
72-0-125,adaptive,2025-08-11,technical,32,0,1502,0,1600,1502,0,0,0.0
72-0-125,adaptive,2025-08-11,privacy,7,0,151,0,262,151,0,0,0.0
72-0-125,adaptive,2025-08-18,billing,33,0,1442,0,2475,1442,0,0,0.0
72-0-125,adaptive,2025-08-18,technical,32,0,1369,0,1600,1369,0,0,0.0
72-0-125,adaptive,2025-08-18,privacy,7,0,165,0,262,165,0,0,0.0
72-0-125,adaptive,2025-08-25,billing,33,0,1489,0,2475,1489,0,0,0.0
72-0-125,adaptive,2025-08-25,technical,32,0,1275,0,1600,1275,0,0,0.0
72-0-125,adaptive,2025-08-25,privacy,7,0,130,0,262,130,0,0,0.0
72-0-125,adaptive,2025-09-01,billing,33,0,1465,0,2475,1465,0,0,0.0
72-0-125,adaptive,2025-09-01,technical,32,0,1258,0,1600,1258,0,0,0.0
72-0-125,adaptive,2025-09-01,privacy,7,0,106,0,262,106,0,0,0.0
72-0-125,adaptive,2025-09-08,billing,33,0,1506,0,2475,1506,0,0,0.0
72-0-125,adaptive,2025-09-08,technical,32,0,1327,0,1600,1327,0,0,0.0
72-0-125,adaptive,2025-09-08,privacy,7,0,114,0,262,114,0,0,0.0
72-0-125,optimized,2025-06-23,billing,33,0,1510,0,2475,1510,0,0,0.0
72-0-125,optimized,2025-06-23,technical,32,0,1591,0,1600,1591,0,0,0.0
72-0-125,optimized,2025-06-23,privacy,7,0,152,0,262,152,0,0,0.0
72-0-125,optimized,2025-06-30,billing,33,0,1238,0,2475,1238,0,0,0.0
72-0-125,optimized,2025-06-30,technical,32,0,1356,0,1600,1356,0,0,0.0
72-0-125,optimized,2025-06-30,privacy,7,0,123,0,262,123,0,0,0.0
72-0-125,optimized,2025-07-07,billing,33,0,1572,0,2475,1572,0,0,0.0
72-0-125,optimized,2025-07-07,technical,32,0,1490,0,1600,1490,0,0,0.0
72-0-125,optimized,2025-07-07,privacy,7,0,128,0,262,128,0,0,0.0
72-0-125,optimized,2025-07-14,billing,33,0,1393,0,2475,1393,0,0,0.0
72-0-125,optimized,2025-07-14,technical,32,0,1449,0,1600,1449,0,0,0.0
72-0-125,optimized,2025-07-14,privacy,7,0,134,0,262,134,0,0,0.0
72-0-125,optimized,2025-07-21,billing,33,0,1441,0,2475,1441,0,0,0.0
72-0-125,optimized,2025-07-21,technical,32,0,1416,0,1600,1416,0,0,0.0
72-0-125,optimized,2025-07-21,privacy,7,0,146,0,262,146,0,0,0.0
72-0-125,optimized,2025-07-28,billing,33,0,1549,0,2475,1549,0,0,0.0
72-0-125,optimized,2025-07-28,technical,32,0,1452,0,1600,1452,0,0,0.0
72-0-125,optimized,2025-07-28,privacy,7,0,158,0,262,158,0,0,0.0
72-0-125,optimized,2025-08-04,billing,33,0,1592,0,2475,1592,0,0,0.0
72-0-125,optimized,2025-08-04,technical,32,0,1516,0,1600,1516,0,0,0.0
72-0-125,optimized,2025-08-04,privacy,7,0,172,0,262,172,0,0,0.0
72-0-125,optimized,2025-08-11,billing,33,0,1442,0,2475,1442,0,0,0.0
72-0-125,optimized,2025-08-11,technical,32,0,1502,0,1600,1502,0,0,0.0
72-0-125,optimized,2025-08-11,privacy,7,0,151,0,262,151,0,0,0.0
72-0-125,optimized,2025-08-18,billing,33,0,1442,0,2475,1442,0,0,0.0
72-0-125,optimized,2025-08-18,technical,32,0,1369,0,1600,1369,0,0,0.0
72-0-125,optimized,2025-08-18,privacy,7,0,165,0,262,165,0,0,0.0
72-0-125,optimized,2025-08-25,billing,33,0,1489,0,2475,1489,0,0,0.0
72-0-125,optimized,2025-08-25,technical,32,0,1275,0,1600,1275,0,0,0.0
72-0-125,optimized,2025-08-25,privacy,7,0,130,0,262,130,0,0,0.0
72-0-125,optimized,2025-09-01,billing,33,0,1465,0,2475,1465,0,0,0.0
72-0-125,optimized,2025-09-01,technical,32,0,1258,0,1600,1258,0,0,0.0
72-0-125,optimized,2025-09-01,privacy,7,0,106,0,262,106,0,0,0.0
72-0-125,optimized,2025-09-08,billing,33,0,1506,0,2475,1506,0,0,0.0
72-0-125,optimized,2025-09-08,technical,32,0,1327,0,1600,1327,0,0,0.0
72-0-125,optimized,2025-09-08,privacy,7,0,114,0,262,114,0,0,0.0
72-0-125,hindsight,2025-06-23,billing,33,0,1510,0,2475,1510,0,0,0.0
72-0-125,hindsight,2025-06-23,technical,32,0,1591,0,1600,1591,0,0,0.0
72-0-125,hindsight,2025-06-23,privacy,7,0,152,0,262,152,0,0,0.0
72-0-125,hindsight,2025-06-30,billing,33,0,1238,0,2475,1238,0,0,0.0
72-0-125,hindsight,2025-06-30,technical,32,0,1356,0,1600,1356,0,0,0.0
72-0-125,hindsight,2025-06-30,privacy,7,0,123,0,262,123,0,0,0.0
72-0-125,hindsight,2025-07-07,billing,33,0,1572,0,2475,1572,0,0,0.0
72-0-125,hindsight,2025-07-07,technical,32,0,1490,0,1600,1490,0,0,0.0
72-0-125,hindsight,2025-07-07,privacy,7,0,128,0,262,128,0,0,0.0
72-0-125,hindsight,2025-07-14,billing,33,0,1393,0,2475,1393,0,0,0.0
72-0-125,hindsight,2025-07-14,technical,32,0,1449,0,1600,1449,0,0,0.0
72-0-125,hindsight,2025-07-14,privacy,7,0,134,0,262,134,0,0,0.0
72-0-125,hindsight,2025-07-21,billing,33,0,1441,0,2475,1441,0,0,0.0
72-0-125,hindsight,2025-07-21,technical,32,0,1416,0,1600,1416,0,0,0.0
72-0-125,hindsight,2025-07-21,privacy,7,0,146,0,262,146,0,0,0.0
72-0-125,hindsight,2025-07-28,billing,33,0,1549,0,2475,1549,0,0,0.0
72-0-125,hindsight,2025-07-28,technical,32,0,1452,0,1600,1452,0,0,0.0
72-0-125,hindsight,2025-07-28,privacy,7,0,158,0,262,158,0,0,0.0
72-0-125,hindsight,2025-08-04,billing,33,0,1592,0,2475,1592,0,0,0.0
72-0-125,hindsight,2025-08-04,technical,32,0,1516,0,1600,1516,0,0,0.0
72-0-125,hindsight,2025-08-04,privacy,7,0,172,0,262,172,0,0,0.0
72-0-125,hindsight,2025-08-11,billing,33,0,1442,0,2475,1442,0,0,0.0
72-0-125,hindsight,2025-08-11,technical,32,0,1502,0,1600,1502,0,0,0.0
72-0-125,hindsight,2025-08-11,privacy,7,0,151,0,262,151,0,0,0.0
72-0-125,hindsight,2025-08-18,billing,33,0,1442,0,2475,1442,0,0,0.0
72-0-125,hindsight,2025-08-18,technical,32,0,1369,0,1600,1369,0,0,0.0
72-0-125,hindsight,2025-08-18,privacy,7,0,165,0,262,165,0,0,0.0
72-0-125,hindsight,2025-08-25,billing,33,0,1489,0,2475,1489,0,0,0.0
72-0-125,hindsight,2025-08-25,technical,32,0,1275,0,1600,1275,0,0,0.0
72-0-125,hindsight,2025-08-25,privacy,7,0,130,0,262,130,0,0,0.0
72-0-125,hindsight,2025-09-01,billing,33,0,1465,0,2475,1465,0,0,0.0
72-0-125,hindsight,2025-09-01,technical,32,0,1258,0,1600,1258,0,0,0.0
72-0-125,hindsight,2025-09-01,privacy,7,0,106,0,262,106,0,0,0.0
72-0-125,hindsight,2025-09-08,billing,33,0,1506,0,2475,1506,0,0,0.0
72-0-125,hindsight,2025-09-08,technical,32,0,1327,0,1600,1327,0,0,0.0
72-0-125,hindsight,2025-09-08,privacy,7,0,114,0,262,114,0,0,0.0
72-25-75,fixed,2025-06-23,billing,24,7,1510,0,1332,1332,178,0,0.11788079470198676
72-25-75,fixed,2025-06-23,technical,24,9,1591,0,936,936,655,0,0.4116907605279698
72-25-75,fixed,2025-06-23,privacy,6,2,152,0,171,152,0,0,0.0
72-25-75,fixed,2025-06-30,billing,24,7,1238,178,1332,1332,84,0,0.059322033898305086
72-25-75,fixed,2025-06-30,technical,24,9,1356,655,936,936,1075,0,0.5345599204375933
72-25-75,fixed,2025-06-30,privacy,6,2,123,0,171,123,0,0,0.0
72-25-75,fixed,2025-07-07,billing,24,7,1572,84,1332,1332,324,0,0.1956521739130435
72-25-75,fixed,2025-07-07,technical,24,9,1490,1075,936,936,1629,139,0.6350877192982456
72-25-75,fixed,2025-07-07,privacy,6,2,128,0,171,128,0,0,0.0
72-25-75,fixed,2025-07-14,billing,24,7,1393,324,1332,1332,385,0,0.22422830518345951
72-25-75,fixed,2025-07-14,technical,24,9,1449,1629,936,936,2142,693,0.695906432748538
72-25-75,fixed,2025-07-14,privacy,6,2,134,0,171,134,0,0,0.0
72-25-75,fixed,2025-07-21,billing,24,7,1441,385,1332,1332,494,0,0.27053669222343923
72-25-75,fixed,2025-07-21,technical,24,9,1416,2142,936,936,2622,1206,0.7369308600337268
72-25-75,fixed,2025-07-21,privacy,6,2,146,0,171,146,0,0,0.0
72-25-75,fixed,2025-07-28,billing,24,7,1549,494,1332,1332,711,0,0.34801762114537443
72-25-75,fixed,2025-07-28,technical,24,9,1452,2622,936,936,3138,1686,0.7702503681885126
72-25-75,fixed,2025-07-28,privacy,6,2,158,0,171,158,0,0,0.0
72-25-75,fixed,2025-08-04,billing,24,7,1592,711,1332,1332,971,0,0.42162396873643077
72-25-75,fixed,2025-08-04,technical,24,9,1516,3138,936,936,3718,2202,0.7988826815642458
72-25-75,fixed,2025-08-04,privacy,6,2,172,0,171,171,1,0,0.005813953488372093
72-25-75,fixed,2025-08-11,billing,24,7,1442,971,1332,1332,1081,0,0.4479900538748446
72-25-75,fixed,2025-08-11,technical,24,9,1502,3718,936,936,4284,2782,0.8206896551724138
72-25-75,fixed,2025-08-11,privacy,6,2,151,1,171,152,0,0,0.0
72-25-75,fixed,2025-08-18,billing,24,7,1442,1081,1332,1332,1191,0,0.47205707491082044
72-25-75,fixed,2025-08-18,technical,24,9,1369,4284,936,936,4717,3348,0.8344241995400672
72-25-75,fixed,2025-08-18,privacy,6,2,165,0,171,165,0,0,0.0
72-25-75,fixed,2025-08-25,billing,24,7,1489,1191,1332,1332,1348,0,0.5029850746268657
72-25-75,fixed,2025-08-25,technical,24,9,1275,4717,936,936,5056,3781,0.8437917222963952
72-25-75,fixed,2025-08-25,privacy,6,2,130,0,171,130,0,0,0.0
72-25-75,fixed,2025-09-01,billing,24,7,1465,1348,1332,1332,1481,16,0.5264841805901174
72-25-75,fixed,2025-09-01,technical,24,9,1258,5056,936,936,5378,4120,0.8517579980994615
72-25-75,fixed,2025-09-01,privacy,6,2,106,0,171,106,0,0,0.0
72-25-75,fixed,2025-09-08,billing,24,7,1506,1481,1332,1332,1655,149,0.5540676263809843
72-25-75,fixed,2025-09-08,technical,24,9,1327,5378,936,936,5769,4442,0.8604026845637583
72-25-75,fixed,2025-09-08,privacy,6,2,114,0,171,114,0,0,0.0
72-25-75,adaptive,2025-06-23,billing,24,3,1510,0,1188,1188,322,0,0.21324503311258278
72-25-75,adaptive,2025-06-23,technical,24,15,1591,0,1080,1080,511,0,0.3211816467630421
72-25-75,adaptive,2025-06-23,privacy,6,0,152,0,135,135,17,0,0.1118421052631579
72-25-75,adaptive,2025-06-30,billing,24,5,1238,322,1260,1260,300,0,0.19230769230769232
72-25-75,adaptive,2025-06-30,technical,24,13,1356,511,1032,1032,835,0,0.44724156400642745
72-25-75,adaptive,2025-06-30,privacy,6,0,123,17,135,135,5,0,0.03571428571428571
72-25-75,adaptive,2025-07-07,billing,24,3,1572,300,1188,1188,684,0,0.36538461538461536
72-25-75,adaptive,2025-07-07,technical,24,15,1490,835,1080,1080,1245,0,0.535483870967742
72-25-75,adaptive,2025-07-07,privacy,6,0,128,5,135,133,0,0,0.0
72-25-75,adaptive,2025-07-14,billing,24,5,1393,684,1260,1260,817,0,0.3933558016369764
72-25-75,adaptive,2025-07-14,technical,24,13,1449,1245,1032,1032,1662,213,0.6169265033407573
72-25-75,adaptive,2025-07-14,privacy,6,0,134,0,135,134,0,0,0.0
72-25-75,adaptive,2025-07-21,billing,24,4,1441,817,1224,1224,1034,0,0.4579273693534101
72-25-75,adaptive,2025-07-21,technical,24,14,1416,1662,1056,1056,2022,606,0.6569200779727096
72-25-75,adaptive,2025-07-21,privacy,6,0,146,0,135,135,11,0,0.07534246575342465
72-25-75,adaptive,2025-07-28,billing,24,5,1549,1034,1260,1260,1323,0,0.5121951219512195
72-25-75,adaptive,2025-07-28,technical,24,13,1452,2022,1032,1032,2442,990,0.7029360967184801
72-25-75,adaptive,2025-07-28,privacy,6,0,158,11,135,135,34,0,0.20118343195266272
72-25-75,adaptive,2025-08-04,billing,24,5,1592,1323,1260,1260,1655,63,0.5677530017152659
72-25-75,adaptive,2025-08-04,technical,24,13,1516,2442,1032,1032,2926,1410,0.7392622536634664
72-25-75,adaptive,2025-08-04,privacy,6,0,172,34,135,135,71,0,0.3446601941747573
72-25-75,adaptive,2025-08-11,billing,24,5,1442,1655,1260,1260,1837,395,0.5931546658056184
72-25-75,adaptive,2025-08-11,technical,24,13,1502,2926,1032,1032,3396,1894,0.7669376693766937
72-25-75,adaptive,2025-08-11,privacy,6,0,151,71,135,135,87,0,0.3918918918918919
72-25-75,adaptive,2025-08-18,billing,24,5,1442,1837,1260,1260,2019,577,0.6157365050320219
72-25-75,adaptive,2025-08-18,technical,24,13,1369,3396,1032,1032,3733,2364,0.7834207764952781
72-25-75,adaptive,2025-08-18,privacy,6,0,165,87,135,135,117,0,0.4642857142857143
72-25-75,adaptive,2025-08-25,billing,24,5,1489,2019,1260,1260,2248,759,0.6408209806157354
72-25-75,adaptive,2025-08-25,technical,24,13,1275,3733,1032,1032,3976,2701,0.7939297124600639
72-25-75,adaptive,2025-08-25,privacy,6,0,130,117,135,135,112,0,0.4534412955465587
72-25-75,adaptive,2025-09-01,billing,24,5,1465,2248,1260,1260,2453,988,0.6606517640721788
72-25-75,adaptive,2025-09-01,technical,24,13,1258,3976,1032,1032,4202,2944,0.8028276652655713
72-25-75,adaptive,2025-09-01,privacy,6,0,106,112,135,135,83,0,0.38073394495412843
72-25-75,adaptive,2025-09-08,billing,24,5,1506,2453,1260,1260,2699,1193,0.6817378125789341
72-25-75,adaptive,2025-09-08,technical,24,13,1327,4202,1032,1032,4497,3170,0.8133478024959305
72-25-75,adaptive,2025-09-08,privacy,6,0,114,83,135,135,62,0,0.3147208121827411
72-25-75,optimized,2025-06-23,billing,24,0,1510,0,1080,1080,430,0,0.2847682119205298
72-25-75,optimized,2025-06-23,technical,24,18,1591,0,1152,1152,439,0,0.27592708988057824
72-25-75,optimized,2025-06-23,privacy,6,0,152,0,135,135,17,0,0.1118421052631579
72-25-75,optimized,2025-06-30,billing,24,0,1238,430,1080,1080,588,0,0.35251798561151076
72-25-75,optimized,2025-06-30,technical,24,18,1356,439,1152,1152,643,0,0.35821727019498606
72-25-75,optimized,2025-06-30,privacy,6,0,123,17,135,135,5,0,0.03571428571428571
72-25-75,optimized,2025-07-07,billing,24,0,1572,588,1080,1080,1080,0,0.5
72-25-75,optimized,2025-07-07,technical,24,18,1490,643,1152,1152,981,0,0.459915611814346
72-25-75,optimized,2025-07-07,privacy,6,0,128,5,135,133,0,0,0.0
72-25-75,optimized,2025-07-14,billing,24,3,1393,1080,1188,1188,1285,0,0.5196118075212293
72-25-75,optimized,2025-07-14,technical,24,15,1449,981,1080,1080,1350,0,0.5555555555555556
72-25-75,optimized,2025-07-14,privacy,6,0,134,0,135,134,0,0,0.0
72-25-75,optimized,2025-07-21,billing,24,0,1441,1285,1080,1080,1646,205,0.6038151137197358
72-25-75,optimized,2025-07-21,technical,24,18,1416,1350,1152,1152,1614,198,0.5835140997830802
72-25-75,optimized,2025-07-21,privacy,6,0,146,0,135,135,11,0,0.07534246575342465
72-25-75,optimized,2025-07-28,billing,24,2,1549,1646,1152,1152,2043,494,0.6394366197183099
72-25-75,optimized,2025-07-28,technical,24,16,1452,1614,1104,1104,1962,510,0.639921722113503
72-25-75,optimized,2025-07-28,privacy,6,0,158,11,135,135,34,0,0.20118343195266272
72-25-75,optimized,2025-08-04,billing,24,2,1592,2043,1152,1152,2483,891,0.6830811554332875
72-25-75,optimized,2025-08-04,technical,24,16,1516,1962,1104,1104,2374,858,0.682576193214491
72-25-75,optimized,2025-08-04,privacy,6,0,172,34,135,135,71,0,0.3446601941747573
72-25-75,optimized,2025-08-11,billing,24,2,1442,2483,1152,1152,2773,1331,0.7064968152866242
72-25-75,optimized,2025-08-11,technical,24,16,1502,2374,1104,1104,2772,1270,0.7151702786377709
72-25-75,optimized,2025-08-11,privacy,6,0,151,71,135,135,87,0,0.3918918918918919
72-25-75,optimized,2025-08-18,billing,24,1,1442,2773,1116,1116,3099,1657,0.7352313167259786
72-25-75,optimized,2025-08-18,technical,24,17,1369,2772,1128,1128,3013,1644,0.7276020284955325
72-25-75,optimized,2025-08-18,privacy,6,0,165,87,135,135,117,0,0.4642857142857143
72-25-75,optimized,2025-08-25,billing,24,2,1489,3099,1152,1152,3436,1947,0.7489102005231038
72-25-75,optimized,2025-08-25,technical,24,16,1275,3013,1104,1104,3184,1909,0.7425373134328358
72-25-75,optimized,2025-08-25,privacy,6,0,130,117,135,135,112,0,0.4534412955465587
72-25-75,optimized,2025-09-01,billing,24,3,1465,3436,1188,1188,3713,2248,0.7576004896959804
72-25-75,optimized,2025-09-01,technical,24,15,1258,3184,1080,1080,3362,2104,0.7568662764520486
72-25-75,optimized,2025-09-01,privacy,6,0,106,112,135,135,83,0,0.38073394495412843
72-25-75,optimized,2025-09-08,billing,24,3,1506,3713,1188,1188,4031,2525,0.77237018585936
72-25-75,optimized,2025-09-08,technical,24,15,1327,3362,1080,1080,3609,2282,0.7696737044145874
72-25-75,optimized,2025-09-08,privacy,6,0,114,83,135,135,62,0,0.3147208121827411
72-25-75,hindsight,2025-06-23,billing,24,0,1510,0,1080,1080,430,0,0.2847682119205298
72-25-75,hindsight,2025-06-23,technical,24,18,1591,0,1152,1152,439,0,0.27592708988057824
72-25-75,hindsight,2025-06-23,privacy,6,0,152,0,135,135,17,0,0.1118421052631579
72-25-75,hindsight,2025-06-30,billing,24,0,1238,430,1080,1080,588,0,0.35251798561151076
72-25-75,hindsight,2025-06-30,technical,24,18,1356,439,1152,1152,643,0,0.35821727019498606
72-25-75,hindsight,2025-06-30,privacy,6,0,123,17,135,135,5,0,0.03571428571428571
72-25-75,hindsight,2025-07-07,billing,24,2,1572,588,1152,1152,1008,0,0.4666666666666667
72-25-75,hindsight,2025-07-07,technical,24,16,1490,643,1104,1104,1029,0,0.48241912798874825
72-25-75,hindsight,2025-07-07,privacy,6,0,128,5,135,133,0,0,0.0
72-25-75,hindsight,2025-07-14,billing,24,1,1393,1008,1116,1116,1285,0,0.5351936693044564
72-25-75,hindsight,2025-07-14,technical,24,17,1449,1029,1128,1128,1350,0,0.5447941888619855
72-25-75,hindsight,2025-07-14,privacy,6,0,134,0,135,134,0,0,0.0
72-25-75,hindsight,2025-07-21,billing,24,1,1441,1285,1116,1116,1610,169,0.5906089508437271
72-25-75,hindsight,2025-07-21,technical,24,17,1416,1350,1128,1128,1638,222,0.5921908893709328
72-25-75,hindsight,2025-07-21,privacy,6,0,146,0,135,135,11,0,0.07534246575342465
72-25-75,hindsight,2025-07-28,billing,24,2,1549,1610,1152,1152,2007,458,0.6353276353276354
72-25-75,hindsight,2025-07-28,technical,24,16,1452,1638,1104,1104,1986,534,0.6427184466019418
72-25-75,hindsight,2025-07-28,privacy,6,0,158,11,135,135,34,0,0.20118343195266272
72-25-75,hindsight,2025-08-04,billing,24,2,1592,2007,1152,1152,2447,855,0.6799110864128924
72-25-75,hindsight,2025-08-04,technical,24,16,1516,1986,1104,1104,2398,882,0.6847515705311251
72-25-75,hindsight,2025-08-04,privacy,6,0,172,34,135,135,71,0,0.3446601941747573
72-25-75,hindsight,2025-08-11,billing,24,1,1442,2447,1116,1116,2773,1331,0.7130367703779892
72-25-75,hindsight,2025-08-11,technical,24,17,1502,2398,1128,1128,2772,1270,0.7107692307692308
72-25-75,hindsight,2025-08-11,privacy,6,0,151,71,135,135,87,0,0.3918918918918919
72-25-75,hindsight,2025-08-18,billing,24,2,1442,2773,1152,1152,3063,1621,0.7266903914590748
72-25-75,hindsight,2025-08-18,technical,24,16,1369,2772,1104,1104,3037,1668,0.7333977300169041
72-25-75,hindsight,2025-08-18,privacy,6,0,165,87,135,135,117,0,0.4642857142857143
72-25-75,hindsight,2025-08-25,billing,24,2,1489,3063,1152,1152,3400,1911,0.7469244288224957
72-25-75,hindsight,2025-08-25,technical,24,16,1275,3037,1104,1104,3208,1933,0.7439703153988868
72-25-75,hindsight,2025-08-25,privacy,6,0,130,117,135,135,112,0,0.4534412955465587
72-25-75,hindsight,2025-09-01,billing,24,3,1465,3400,1188,1188,3677,2212,0.7558067831449127
72-25-75,hindsight,2025-09-01,technical,24,15,1258,3208,1080,1080,3386,2128,0.7581728616211375
72-25-75,hindsight,2025-09-01,privacy,6,0,106,112,135,135,83,0,0.38073394495412843
72-25-75,hindsight,2025-09-08,billing,24,3,1506,3677,1188,1188,3995,2489,0.7707891182712715
72-25-75,hindsight,2025-09-08,technical,24,15,1327,3386,1080,1080,3633,2306,0.7708465945257797
72-25-75,hindsight,2025-09-08,privacy,6,0,114,83,135,135,62,0,0.3147208121827411
72-25-100,fixed,2025-06-23,billing,24,7,1510,0,1776,1510,0,0,0.0
72-25-100,fixed,2025-06-23,technical,24,9,1591,0,1248,1248,343,0,0.21558768070395978
72-25-100,fixed,2025-06-23,privacy,6,2,152,0,228,152,0,0,0.0
72-25-100,fixed,2025-06-30,billing,24,7,1238,0,1776,1238,0,0,0.0
72-25-100,fixed,2025-06-30,technical,24,9,1356,343,1248,1248,451,0,0.2654502648616833
72-25-100,fixed,2025-06-30,privacy,6,2,123,0,228,123,0,0,0.0
72-25-100,fixed,2025-07-07,billing,24,7,1572,0,1776,1572,0,0,0.0
72-25-100,fixed,2025-07-07,technical,24,9,1490,451,1248,1248,693,0,0.357032457496136
72-25-100,fixed,2025-07-07,privacy,6,2,128,0,228,128,0,0,0.0
72-25-100,fixed,2025-07-14,billing,24,7,1393,0,1776,1393,0,0,0.0
72-25-100,fixed,2025-07-14,technical,24,9,1449,693,1248,1248,894,0,0.4173669467787115
72-25-100,fixed,2025-07-14,privacy,6,2,134,0,228,134,0,0,0.0
72-25-100,fixed,2025-07-21,billing,24,7,1441,0,1776,1441,0,0,0.0
72-25-100,fixed,2025-07-21,technical,24,9,1416,894,1248,1248,1062,0,0.4597402597402597
72-25-100,fixed,2025-07-21,privacy,6,2,146,0,228,146,0,0,0.0
72-25-100,fixed,2025-07-28,billing,24,7,1549,0,1776,1549,0,0,0.0
72-25-100,fixed,2025-07-28,technical,24,9,1452,1062,1248,1248,1266,0,0.5035799522673031
72-25-100,fixed,2025-07-28,privacy,6,2,158,0,228,158,0,0,0.0
72-25-100,fixed,2025-08-04,billing,24,7,1592,0,1776,1592,0,0,0.0
72-25-100,fixed,2025-08-04,technical,24,9,1516,1266,1248,1248,1534,18,0.5514018691588785
72-25-100,fixed,2025-08-04,privacy,6,2,172,0,228,172,0,0,0.0
72-25-100,fixed,2025-08-11,billing,24,7,1442,0,1776,1442,0,0,0.0
72-25-100,fixed,2025-08-11,technical,24,9,1502,1534,1248,1248,1788,286,0.5889328063241107
72-25-100,fixed,2025-08-11,privacy,6,2,151,0,228,151,0,0,0.0
72-25-100,fixed,2025-08-18,billing,24,7,1442,0,1776,1442,0,0,0.0
72-25-100,fixed,2025-08-18,technical,24,9,1369,1788,1248,1248,1909,540,0.6046879949318974
72-25-100,fixed,2025-08-18,privacy,6,2,165,0,228,165,0,0,0.0
72-25-100,fixed,2025-08-25,billing,24,7,1489,0,1776,1489,0,0,0.0
72-25-100,fixed,2025-08-25,technical,24,9,1275,1909,1248,1248,1936,661,0.6080402010050251
72-25-100,fixed,2025-08-25,privacy,6,2,130,0,228,130,0,0,0.0
72-25-100,fixed,2025-09-01,billing,24,7,1465,0,1776,1465,0,0,0.0
72-25-100,fixed,2025-09-01,technical,24,9,1258,1936,1248,1248,1946,688,0.6092673763306199
72-25-100,fixed,2025-09-01,privacy,6,2,106,0,228,106,0,0,0.0
72-25-100,fixed,2025-09-08,billing,24,7,1506,0,1776,1506,0,0,0.0
72-25-100,fixed,2025-09-08,technical,24,9,1327,1946,1248,1248,2025,698,0.618698441796517
72-25-100,fixed,2025-09-08,privacy,6,2,114,0,228,114,0,0,0.0
72-25-100,adaptive,2025-06-23,billing,24,0,1510,0,1440,1440,70,0,0.046357615894039736
72-25-100,adaptive,2025-06-23,technical,24,18,1591,0,1536,1536,55,0,0.034569453174104335
72-25-100,adaptive,2025-06-23,privacy,6,0,152,0,180,152,0,0,0.0
72-25-100,adaptive,2025-06-30,billing,24,2,1238,70,1536,1308,0,0,0.0
72-25-100,adaptive,2025-06-30,technical,24,16,1356,55,1472,1411,0,0,0.0
72-25-100,adaptive,2025-06-30,privacy,6,0,123,0,180,123,0,0,0.0
72-25-100,adaptive,2025-07-07,billing,24,0,1572,0,1440,1440,132,0,0.08396946564885496
72-25-100,adaptive,2025-07-07,technical,24,18,1490,0,1536,1490,0,0,0.0
72-25-100,adaptive,2025-07-07,privacy,6,0,128,0,180,128,0,0,0.0
72-25-100,adaptive,2025-07-14,billing,24,4,1393,132,1632,1525,0,0,0.0
72-25-100,adaptive,2025-07-14,technical,24,14,1449,0,1408,1408,41,0,0.028295376121463076
72-25-100,adaptive,2025-07-14,privacy,6,0,134,0,180,134,0,0,0.0
72-25-100,adaptive,2025-07-21,billing,24,0,1441,0,1440,1440,1,0,0.0006939625260235947
72-25-100,adaptive,2025-07-21,technical,24,18,1416,41,1536,1457,0,0,0.0
72-25-100,adaptive,2025-07-21,privacy,6,0,146,0,180,146,0,0,0.0
72-25-100,adaptive,2025-07-28,billing,24,0,1549,1,1440,1440,110,0,0.07096774193548387
72-25-100,adaptive,2025-07-28,technical,24,18,1452,0,1536,1452,0,0,0.0
72-25-100,adaptive,2025-07-28,privacy,6,0,158,0,180,158,0,0,0.0
72-25-100,adaptive,2025-08-04,billing,24,4,1592,110,1632,1632,70,0,0.041128084606345476
72-25-100,adaptive,2025-08-04,technical,24,14,1516,0,1408,1408,108,0,0.0712401055408971
72-25-100,adaptive,2025-08-04,privacy,6,0,172,0,180,172,0,0,0.0
72-25-100,adaptive,2025-08-11,billing,24,3,1442,70,1584,1512,0,0,0.0
72-25-100,adaptive,2025-08-11,technical,24,15,1502,108,1440,1440,170,0,0.10559006211180125
72-25-100,adaptive,2025-08-11,privacy,6,0,151,0,180,151,0,0,0.0
72-25-100,adaptive,2025-08-18,billing,24,0,1442,0,1440,1440,2,0,0.0013869625520110957
72-25-100,adaptive,2025-08-18,technical,24,18,1369,170,1536,1536,3,0,0.001949317738791423
72-25-100,adaptive,2025-08-18,privacy,6,0,165,0,180,165,0,0,0.0
72-25-100,adaptive,2025-08-25,billing,24,0,1489,2,1440,1440,51,0,0.03420523138832998
72-25-100,adaptive,2025-08-25,technical,24,18,1275,3,1536,1278,0,0,0.0
72-25-100,adaptive,2025-08-25,privacy,6,0,130,0,180,130,0,0,0.0
72-25-100,adaptive,2025-09-01,billing,24,3,1465,51,1584,1516,0,0,0.0
72-25-100,adaptive,2025-09-01,technical,24,15,1258,0,1440,1258,0,0,0.0
72-25-100,adaptive,2025-09-01,privacy,6,0,106,0,180,106,0,0,0.0
72-25-100,adaptive,2025-09-08,billing,24,1,1506,0,1488,1488,18,0,0.01195219123505976
72-25-100,adaptive,2025-09-08,technical,24,17,1327,0,1504,1327,0,0,0.0
72-25-100,adaptive,2025-09-08,privacy,6,0,114,0,180,114,0,0,0.0
72-25-100,optimized,2025-06-23,billing,24,0,1510,0,1440,1440,70,0,0.046357615894039736
72-25-100,optimized,2025-06-23,technical,24,14,1591,0,1408,1408,183,0,0.11502199874292897
72-25-100,optimized,2025-06-23,privacy,6,4,152,0,276,152,0,0,0.0
72-25-100,optimized,2025-06-30,billing,24,0,1238,70,1440,1308,0,0,0.0
72-25-100,optimized,2025-06-30,technical,24,18,1356,183,1536,1536,3,0,0.001949317738791423
72-25-100,optimized,2025-06-30,privacy,6,0,123,0,180,123,0,0,0.0
72-25-100,optimized,2025-07-07,billing,24,0,1572,0,1440,1440,132,0,0.08396946564885496
72-25-100,optimized,2025-07-07,technical,24,18,1490,3,1536,1493,0,0,0.0
72-25-100,optimized,2025-07-07,privacy,6,0,128,0,180,128,0,0,0.0
72-25-100,optimized,2025-07-14,billing,24,4,1393,132,1632,1525,0,0,0.0
72-25-100,optimized,2025-07-14,technical,24,14,1449,0,1408,1408,41,0,0.028295376121463076
72-25-100,optimized,2025-07-14,privacy,6,0,134,0,180,134,0,0,0.0
72-25-100,optimized,2025-07-21,billing,24,1,1441,0,1488,1441,0,0,0.0
72-25-100,optimized,2025-07-21,technical,24,17,1416,41,1504,1457,0,0,0.0
72-25-100,optimized,2025-07-21,privacy,6,0,146,0,180,146,0,0,0.0
72-25-100,optimized,2025-07-28,billing,24,1,1549,0,1488,1488,61,0,0.039380245319561004
72-25-100,optimized,2025-07-28,technical,24,17,1452,0,1504,1452,0,0,0.0
72-25-100,optimized,2025-07-28,privacy,6,0,158,0,180,158,0,0,0.0
72-25-100,optimized,2025-08-04,billing,24,3,1592,61,1584,1584,69,0,0.041742286751361164
72-25-100,optimized,2025-08-04,technical,24,15,1516,0,1440,1440,76,0,0.05013192612137203
72-25-100,optimized,2025-08-04,privacy,6,0,172,0,180,172,0,0,0.0
72-25-100,optimized,2025-08-11,billing,24,2,1442,69,1536,1511,0,0,0.0
72-25-100,optimized,2025-08-11,technical,24,16,1502,76,1472,1472,106,0,0.06717363751584284
72-25-100,optimized,2025-08-11,privacy,6,0,151,0,180,151,0,0,0.0
72-25-100,optimized,2025-08-18,billing,24,0,1442,0,1440,1440,2,0,0.0013869625520110957
72-25-100,optimized,2025-08-18,technical,24,18,1369,106,1536,1475,0,0,0.0
72-25-100,optimized,2025-08-18,privacy,6,0,165,0,180,165,0,0,0.0
72-25-100,optimized,2025-08-25,billing,24,1,1489,2,1488,1488,3,0,0.002012072434607646
72-25-100,optimized,2025-08-25,technical,24,17,1275,0,1504,1275,0,0,0.0
72-25-100,optimized,2025-08-25,privacy,6,0,130,0,180,130,0,0,0.0
72-25-100,optimized,2025-09-01,billing,24,2,1465,3,1536,1468,0,0,0.0
72-25-100,optimized,2025-09-01,technical,24,16,1258,0,1472,1258,0,0,0.0
72-25-100,optimized,2025-09-01,privacy,6,0,106,0,180,106,0,0,0.0
72-25-100,optimized,2025-09-08,billing,24,2,1506,0,1536,1506,0,0,0.0
72-25-100,optimized,2025-09-08,technical,24,16,1327,0,1472,1327,0,0,0.0
72-25-100,optimized,2025-09-08,privacy,6,0,114,0,180,114,0,0,0.0
72-25-100,hindsight,2025-06-23,billing,24,0,1510,0,1440,1440,70,0,0.046357615894039736
72-25-100,hindsight,2025-06-23,technical,24,18,1591,0,1536,1536,55,0,0.034569453174104335
72-25-100,hindsight,2025-06-23,privacy,6,0,152,0,180,152,0,0,0.0
72-25-100,hindsight,2025-06-30,billing,24,0,1238,70,1440,1308,0,0,0.0
72-25-100,hindsight,2025-06-30,technical,24,18,1356,55,1536,1411,0,0,0.0
72-25-100,hindsight,2025-06-30,privacy,6,0,123,0,180,123,0,0,0.0
72-25-100,hindsight,2025-07-07,billing,24,2,1572,0,1536,1536,36,0,0.022900763358778626
72-25-100,hindsight,2025-07-07,technical,24,16,1490,0,1472,1472,18,0,0.012080536912751677
72-25-100,hindsight,2025-07-07,privacy,6,0,128,0,180,128,0,0,0.0
72-25-100,hindsight,2025-07-14,billing,24,2,1393,36,1536,1429,0,0,0.0
72-25-100,hindsight,2025-07-14,technical,24,16,1449,18,1472,1467,0,0,0.0
72-25-100,hindsight,2025-07-14,privacy,6,0,134,0,180,134,0,0,0.0
72-25-100,hindsight,2025-07-21,billing,24,2,1441,0,1536,1441,0,0,0.0
72-25-100,hindsight,2025-07-21,technical,24,16,1416,0,1472,1416,0,0,0.0
72-25-100,hindsight,2025-07-21,privacy,6,0,146,0,180,146,0,0,0.0
72-25-100,hindsight,2025-07-28,billing,24,3,1549,0,1584,1549,0,0,0.0
72-25-100,hindsight,2025-07-28,technical,24,15,1452,0,1440,1440,12,0,0.008264462809917356
72-25-100,hindsight,2025-07-28,privacy,6,0,158,0,180,158,0,0,0.0
72-25-100,hindsight,2025-08-04,billing,24,2,1592,0,1536,1536,56,0,0.035175879396984924
72-25-100,hindsight,2025-08-04,technical,24,16,1516,12,1472,1472,56,0,0.03664921465968586
72-25-100,hindsight,2025-08-04,privacy,6,0,172,0,180,172,0,0,0.0
72-25-100,hindsight,2025-08-11,billing,24,1,1442,56,1488,1488,10,0,0.006675567423230975
72-25-100,hindsight,2025-08-11,technical,24,17,1502,56,1504,1504,54,0,0.03465982028241335
72-25-100,hindsight,2025-08-11,privacy,6,0,151,0,180,151,0,0,0.0
72-25-100,hindsight,2025-08-18,billing,24,1,1442,10,1488,1452,0,0,0.0
72-25-100,hindsight,2025-08-18,technical,24,17,1369,54,1504,1423,0,0,0.0
72-25-100,hindsight,2025-08-18,privacy,6,0,165,0,180,165,0,0,0.0
72-25-100,hindsight,2025-08-25,billing,24,2,1489,0,1536,1489,0,0,0.0
72-25-100,hindsight,2025-08-25,technical,24,16,1275,0,1472,1275,0,0,0.0
72-25-100,hindsight,2025-08-25,privacy,6,0,130,0,180,130,0,0,0.0
72-25-100,hindsight,2025-09-01,billing,24,2,1465,0,1536,1465,0,0,0.0
72-25-100,hindsight,2025-09-01,technical,24,16,1258,0,1472,1258,0,0,0.0
72-25-100,hindsight,2025-09-01,privacy,6,0,106,0,180,106,0,0,0.0
72-25-100,hindsight,2025-09-08,billing,24,2,1506,0,1536,1506,0,0,0.0
72-25-100,hindsight,2025-09-08,technical,24,16,1327,0,1472,1327,0,0,0.0
72-25-100,hindsight,2025-09-08,privacy,6,0,114,0,180,114,0,0,0.0
72-25-125,fixed,2025-06-23,billing,24,7,1510,0,2220,1510,0,0,0.0
72-25-125,fixed,2025-06-23,technical,24,9,1591,0,1560,1560,31,0,0.01948460087994972
72-25-125,fixed,2025-06-23,privacy,6,2,152,0,285,152,0,0,0.0
72-25-125,fixed,2025-06-30,billing,24,7,1238,0,2220,1238,0,0,0.0
72-25-125,fixed,2025-06-30,technical,24,9,1356,31,1560,1387,0,0,0.0
72-25-125,fixed,2025-06-30,privacy,6,2,123,0,285,123,0,0,0.0
72-25-125,fixed,2025-07-07,billing,24,7,1572,0,2220,1572,0,0,0.0
72-25-125,fixed,2025-07-07,technical,24,9,1490,0,1560,1490,0,0,0.0
72-25-125,fixed,2025-07-07,privacy,6,2,128,0,285,128,0,0,0.0
72-25-125,fixed,2025-07-14,billing,24,7,1393,0,2220,1393,0,0,0.0
72-25-125,fixed,2025-07-14,technical,24,9,1449,0,1560,1449,0,0,0.0
72-25-125,fixed,2025-07-14,privacy,6,2,134,0,285,134,0,0,0.0
72-25-125,fixed,2025-07-21,billing,24,7,1441,0,2220,1441,0,0,0.0
72-25-125,fixed,2025-07-21,technical,24,9,1416,0,1560,1416,0,0,0.0
72-25-125,fixed,2025-07-21,privacy,6,2,146,0,285,146,0,0,0.0
72-25-125,fixed,2025-07-28,billing,24,7,1549,0,2220,1549,0,0,0.0
72-25-125,fixed,2025-07-28,technical,24,9,1452,0,1560,1452,0,0,0.0
72-25-125,fixed,2025-07-28,privacy,6,2,158,0,285,158,0,0,0.0
72-25-125,fixed,2025-08-04,billing,24,7,1592,0,2220,1592,0,0,0.0
72-25-125,fixed,2025-08-04,technical,24,9,1516,0,1560,1516,0,0,0.0
72-25-125,fixed,2025-08-04,privacy,6,2,172,0,285,172,0,0,0.0
72-25-125,fixed,2025-08-11,billing,24,7,1442,0,2220,1442,0,0,0.0
72-25-125,fixed,2025-08-11,technical,24,9,1502,0,1560,1502,0,0,0.0
72-25-125,fixed,2025-08-11,privacy,6,2,151,0,285,151,0,0,0.0
72-25-125,fixed,2025-08-18,billing,24,7,1442,0,2220,1442,0,0,0.0
72-25-125,fixed,2025-08-18,technical,24,9,1369,0,1560,1369,0,0,0.0
72-25-125,fixed,2025-08-18,privacy,6,2,165,0,285,165,0,0,0.0
72-25-125,fixed,2025-08-25,billing,24,7,1489,0,2220,1489,0,0,0.0
72-25-125,fixed,2025-08-25,technical,24,9,1275,0,1560,1275,0,0,0.0
72-25-125,fixed,2025-08-25,privacy,6,2,130,0,285,130,0,0,0.0
72-25-125,fixed,2025-09-01,billing,24,7,1465,0,2220,1465,0,0,0.0
72-25-125,fixed,2025-09-01,technical,24,9,1258,0,1560,1258,0,0,0.0
72-25-125,fixed,2025-09-01,privacy,6,2,106,0,285,106,0,0,0.0
72-25-125,fixed,2025-09-08,billing,24,7,1506,0,2220,1506,0,0,0.0
72-25-125,fixed,2025-09-08,technical,24,9,1327,0,1560,1327,0,0,0.0
72-25-125,fixed,2025-09-08,privacy,6,2,114,0,285,114,0,0,0.0
72-25-125,adaptive,2025-06-23,billing,24,0,1510,0,1800,1510,0,0,0.0
72-25-125,adaptive,2025-06-23,technical,24,18,1591,0,1920,1591,0,0,0.0
72-25-125,adaptive,2025-06-23,privacy,6,0,152,0,225,152,0,0,0.0
72-25-125,adaptive,2025-06-30,billing,24,0,1238,0,1800,1238,0,0,0.0
72-25-125,adaptive,2025-06-30,technical,24,18,1356,0,1920,1356,0,0,0.0
72-25-125,adaptive,2025-06-30,privacy,6,0,123,0,225,123,0,0,0.0
72-25-125,adaptive,2025-07-07,billing,24,0,1572,0,1800,1572,0,0,0.0
72-25-125,adaptive,2025-07-07,technical,24,18,1490,0,1920,1490,0,0,0.0
72-25-125,adaptive,2025-07-07,privacy,6,0,128,0,225,128,0,0,0.0
72-25-125,adaptive,2025-07-14,billing,24,0,1393,0,1800,1393,0,0,0.0
72-25-125,adaptive,2025-07-14,technical,24,18,1449,0,1920,1449,0,0,0.0
72-25-125,adaptive,2025-07-14,privacy,6,0,134,0,225,134,0,0,0.0
72-25-125,adaptive,2025-07-21,billing,24,0,1441,0,1800,1441,0,0,0.0
72-25-125,adaptive,2025-07-21,technical,24,18,1416,0,1920,1416,0,0,0.0
72-25-125,adaptive,2025-07-21,privacy,6,0,146,0,225,146,0,0,0.0
72-25-125,adaptive,2025-07-28,billing,24,0,1549,0,1800,1549,0,0,0.0
72-25-125,adaptive,2025-07-28,technical,24,18,1452,0,1920,1452,0,0,0.0
72-25-125,adaptive,2025-07-28,privacy,6,0,158,0,225,158,0,0,0.0
72-25-125,adaptive,2025-08-04,billing,24,0,1592,0,1800,1592,0,0,0.0
72-25-125,adaptive,2025-08-04,technical,24,18,1516,0,1920,1516,0,0,0.0
72-25-125,adaptive,2025-08-04,privacy,6,0,172,0,225,172,0,0,0.0
72-25-125,adaptive,2025-08-11,billing,24,0,1442,0,1800,1442,0,0,0.0
72-25-125,adaptive,2025-08-11,technical,24,18,1502,0,1920,1502,0,0,0.0
72-25-125,adaptive,2025-08-11,privacy,6,0,151,0,225,151,0,0,0.0
72-25-125,adaptive,2025-08-18,billing,24,0,1442,0,1800,1442,0,0,0.0
72-25-125,adaptive,2025-08-18,technical,24,18,1369,0,1920,1369,0,0,0.0
72-25-125,adaptive,2025-08-18,privacy,6,0,165,0,225,165,0,0,0.0
72-25-125,adaptive,2025-08-25,billing,24,0,1489,0,1800,1489,0,0,0.0
72-25-125,adaptive,2025-08-25,technical,24,18,1275,0,1920,1275,0,0,0.0
72-25-125,adaptive,2025-08-25,privacy,6,0,130,0,225,130,0,0,0.0
72-25-125,adaptive,2025-09-01,billing,24,0,1465,0,1800,1465,0,0,0.0
72-25-125,adaptive,2025-09-01,technical,24,18,1258,0,1920,1258,0,0,0.0
72-25-125,adaptive,2025-09-01,privacy,6,0,106,0,225,106,0,0,0.0
72-25-125,adaptive,2025-09-08,billing,24,0,1506,0,1800,1506,0,0,0.0
72-25-125,adaptive,2025-09-08,technical,24,18,1327,0,1920,1327,0,0,0.0
72-25-125,adaptive,2025-09-08,privacy,6,0,114,0,225,114,0,0,0.0
72-25-125,optimized,2025-06-23,billing,24,0,1510,0,1800,1510,0,0,0.0
72-25-125,optimized,2025-06-23,technical,24,5,1591,0,1400,1400,191,0,0.12005028284098052
72-25-125,optimized,2025-06-23,privacy,6,13,152,0,615,152,0,0,0.0
72-25-125,optimized,2025-06-30,billing,24,0,1238,0,1800,1238,0,0,0.0
72-25-125,optimized,2025-06-30,technical,24,15,1356,191,1800,1547,0,0,0.0
72-25-125,optimized,2025-06-30,privacy,6,3,123,0,315,123,0,0,0.0
72-25-125,optimized,2025-07-07,billing,24,0,1572,0,1800,1572,0,0,0.0
72-25-125,optimized,2025-07-07,technical,24,15,1490,0,1800,1490,0,0,0.0
72-25-125,optimized,2025-07-07,privacy,6,3,128,0,315,128,0,0,0.0
72-25-125,optimized,2025-07-14,billing,24,0,1393,0,1800,1393,0,0,0.0
72-25-125,optimized,2025-07-14,technical,24,15,1449,0,1800,1449,0,0,0.0
72-25-125,optimized,2025-07-14,privacy,6,3,134,0,315,134,0,0,0.0
72-25-125,optimized,2025-07-21,billing,24,0,1441,0,1800,1441,0,0,0.0
72-25-125,optimized,2025-07-21,technical,24,15,1416,0,1800,1416,0,0,0.0
72-25-125,optimized,2025-07-21,privacy,6,3,146,0,315,146,0,0,0.0
72-25-125,optimized,2025-07-28,billing,24,0,1549,0,1800,1549,0,0,0.0
72-25-125,optimized,2025-07-28,technical,24,15,1452,0,1800,1452,0,0,0.0
72-25-125,optimized,2025-07-28,privacy,6,3,158,0,315,158,0,0,0.0
72-25-125,optimized,2025-08-04,billing,24,0,1592,0,1800,1592,0,0,0.0
72-25-125,optimized,2025-08-04,technical,24,15,1516,0,1800,1516,0,0,0.0
72-25-125,optimized,2025-08-04,privacy,6,3,172,0,315,172,0,0,0.0
72-25-125,optimized,2025-08-11,billing,24,0,1442,0,1800,1442,0,0,0.0
72-25-125,optimized,2025-08-11,technical,24,15,1502,0,1800,1502,0,0,0.0
72-25-125,optimized,2025-08-11,privacy,6,3,151,0,315,151,0,0,0.0
72-25-125,optimized,2025-08-18,billing,24,0,1442,0,1800,1442,0,0,0.0
72-25-125,optimized,2025-08-18,technical,24,15,1369,0,1800,1369,0,0,0.0
72-25-125,optimized,2025-08-18,privacy,6,3,165,0,315,165,0,0,0.0
72-25-125,optimized,2025-08-25,billing,24,0,1489,0,1800,1489,0,0,0.0
72-25-125,optimized,2025-08-25,technical,24,15,1275,0,1800,1275,0,0,0.0
72-25-125,optimized,2025-08-25,privacy,6,3,130,0,315,130,0,0,0.0
72-25-125,optimized,2025-09-01,billing,24,0,1465,0,1800,1465,0,0,0.0
72-25-125,optimized,2025-09-01,technical,24,15,1258,0,1800,1258,0,0,0.0
72-25-125,optimized,2025-09-01,privacy,6,3,106,0,315,106,0,0,0.0
72-25-125,optimized,2025-09-08,billing,24,0,1506,0,1800,1506,0,0,0.0
72-25-125,optimized,2025-09-08,technical,24,15,1327,0,1800,1327,0,0,0.0
72-25-125,optimized,2025-09-08,privacy,6,3,114,0,315,114,0,0,0.0
72-25-125,hindsight,2025-06-23,billing,24,0,1510,0,1800,1510,0,0,0.0
72-25-125,hindsight,2025-06-23,technical,24,10,1591,0,1600,1591,0,0,0.0
72-25-125,hindsight,2025-06-23,privacy,6,8,152,0,465,152,0,0,0.0
72-25-125,hindsight,2025-06-30,billing,24,0,1238,0,1800,1238,0,0,0.0
72-25-125,hindsight,2025-06-30,technical,24,10,1356,0,1600,1356,0,0,0.0
72-25-125,hindsight,2025-06-30,privacy,6,8,123,0,465,123,0,0,0.0
72-25-125,hindsight,2025-07-07,billing,24,0,1572,0,1800,1572,0,0,0.0
72-25-125,hindsight,2025-07-07,technical,24,10,1490,0,1600,1490,0,0,0.0
72-25-125,hindsight,2025-07-07,privacy,6,8,128,0,465,128,0,0,0.0
72-25-125,hindsight,2025-07-14,billing,24,0,1393,0,1800,1393,0,0,0.0
72-25-125,hindsight,2025-07-14,technical,24,10,1449,0,1600,1449,0,0,0.0
72-25-125,hindsight,2025-07-14,privacy,6,8,134,0,465,134,0,0,0.0
72-25-125,hindsight,2025-07-21,billing,24,0,1441,0,1800,1441,0,0,0.0
72-25-125,hindsight,2025-07-21,technical,24,10,1416,0,1600,1416,0,0,0.0
72-25-125,hindsight,2025-07-21,privacy,6,8,146,0,465,146,0,0,0.0
72-25-125,hindsight,2025-07-28,billing,24,0,1549,0,1800,1549,0,0,0.0
72-25-125,hindsight,2025-07-28,technical,24,10,1452,0,1600,1452,0,0,0.0
72-25-125,hindsight,2025-07-28,privacy,6,8,158,0,465,158,0,0,0.0
72-25-125,hindsight,2025-08-04,billing,24,0,1592,0,1800,1592,0,0,0.0
72-25-125,hindsight,2025-08-04,technical,24,10,1516,0,1600,1516,0,0,0.0
72-25-125,hindsight,2025-08-04,privacy,6,8,172,0,465,172,0,0,0.0
72-25-125,hindsight,2025-08-11,billing,24,0,1442,0,1800,1442,0,0,0.0
72-25-125,hindsight,2025-08-11,technical,24,10,1502,0,1600,1502,0,0,0.0
72-25-125,hindsight,2025-08-11,privacy,6,8,151,0,465,151,0,0,0.0
72-25-125,hindsight,2025-08-18,billing,24,0,1442,0,1800,1442,0,0,0.0
72-25-125,hindsight,2025-08-18,technical,24,10,1369,0,1600,1369,0,0,0.0
72-25-125,hindsight,2025-08-18,privacy,6,8,165,0,465,165,0,0,0.0
72-25-125,hindsight,2025-08-25,billing,24,0,1489,0,1800,1489,0,0,0.0
72-25-125,hindsight,2025-08-25,technical,24,10,1275,0,1600,1275,0,0,0.0
72-25-125,hindsight,2025-08-25,privacy,6,8,130,0,465,130,0,0,0.0
72-25-125,hindsight,2025-09-01,billing,24,0,1465,0,1800,1465,0,0,0.0
72-25-125,hindsight,2025-09-01,technical,24,10,1258,0,1600,1258,0,0,0.0
72-25-125,hindsight,2025-09-01,privacy,6,8,106,0,465,106,0,0,0.0
72-25-125,hindsight,2025-09-08,billing,24,0,1506,0,1800,1506,0,0,0.0
72-25-125,hindsight,2025-09-08,technical,24,10,1327,0,1600,1327,0,0,0.0
72-25-125,hindsight,2025-09-08,privacy,6,8,114,0,465,114,0,0,0.0
72-50-75,fixed,2025-06-23,billing,16,14,1510,0,1224,1224,286,0,0.18940397350993377
72-50-75,fixed,2025-06-23,technical,16,19,1591,0,936,936,655,0,0.4116907605279698
72-50-75,fixed,2025-06-23,privacy,4,3,152,0,144,144,8,0,0.05263157894736842
72-50-75,fixed,2025-06-30,billing,16,14,1238,286,1224,1224,300,0,0.1968503937007874
72-50-75,fixed,2025-06-30,technical,16,19,1356,655,936,936,1075,0,0.5345599204375933
72-50-75,fixed,2025-06-30,privacy,4,3,123,8,144,131,0,0,0.0
72-50-75,fixed,2025-07-07,billing,16,14,1572,300,1224,1224,648,0,0.34615384615384615
72-50-75,fixed,2025-07-07,technical,16,19,1490,1075,936,936,1629,139,0.6350877192982456
72-50-75,fixed,2025-07-07,privacy,4,3,128,0,144,128,0,0,0.0
72-50-75,fixed,2025-07-14,billing,16,14,1393,648,1224,1224,817,0,0.40029397354238117
72-50-75,fixed,2025-07-14,technical,16,19,1449,1629,936,936,2142,693,0.695906432748538
72-50-75,fixed,2025-07-14,privacy,4,3,134,0,144,134,0,0,0.0
72-50-75,fixed,2025-07-21,billing,16,14,1441,817,1224,1224,1034,0,0.4579273693534101
72-50-75,fixed,2025-07-21,technical,16,19,1416,2142,936,936,2622,1206,0.7369308600337268
72-50-75,fixed,2025-07-21,privacy,4,3,146,0,144,144,2,0,0.0136986301369863
72-50-75,fixed,2025-07-28,billing,16,14,1549,1034,1224,1224,1359,0,0.5261324041811847
72-50-75,fixed,2025-07-28,technical,16,19,1452,2622,936,936,3138,1686,0.7702503681885126
72-50-75,fixed,2025-07-28,privacy,4,3,158,2,144,144,16,0,0.1
72-50-75,fixed,2025-08-04,billing,16,14,1592,1359,1224,1224,1727,135,0.5852253473398847
72-50-75,fixed,2025-08-04,technical,16,19,1516,3138,936,936,3718,2202,0.7988826815642458
72-50-75,fixed,2025-08-04,privacy,4,3,172,16,144,144,44,0,0.23404255319148937
72-50-75,fixed,2025-08-11,billing,16,14,1442,1727,1224,1224,1945,503,0.6137582833701483
72-50-75,fixed,2025-08-11,technical,16,19,1502,3718,936,936,4284,2782,0.8206896551724138
72-50-75,fixed,2025-08-11,privacy,4,3,151,44,144,144,51,0,0.26153846153846155
72-50-75,fixed,2025-08-18,billing,16,14,1442,1945,1224,1224,2163,721,0.6386182462356067
72-50-75,fixed,2025-08-18,technical,16,19,1369,4284,936,936,4717,3348,0.8344241995400672
72-50-75,fixed,2025-08-18,privacy,4,3,165,51,144,144,72,0,0.3333333333333333
72-50-75,fixed,2025-08-25,billing,16,14,1489,2163,1224,1224,2428,939,0.664841182913472
72-50-75,fixed,2025-08-25,technical,16,19,1275,4717,936,936,5056,3781,0.8437917222963952
72-50-75,fixed,2025-08-25,privacy,4,3,130,72,144,144,58,0,0.2871287128712871
72-50-75,fixed,2025-09-01,billing,16,14,1465,2428,1224,1224,2669,1204,0.6855895196506551
72-50-75,fixed,2025-09-01,technical,16,19,1258,5056,936,936,5378,4120,0.8517579980994615
72-50-75,fixed,2025-09-01,privacy,4,3,106,58,144,144,20,0,0.12195121951219512
72-50-75,fixed,2025-09-08,billing,16,14,1506,2669,1224,1224,2951,1445,0.7068263473053892
72-50-75,fixed,2025-09-08,technical,16,19,1327,5378,936,936,5769,4442,0.8604026845637583
72-50-75,fixed,2025-09-08,privacy,4,3,114,20,144,134,0,0,0.0
72-50-75,adaptive,2025-06-23,billing,16,10,1510,0,1080,1080,430,0,0.2847682119205298
72-50-75,adaptive,2025-06-23,technical,16,24,1591,0,1056,1056,535,0,0.33626649905719674
72-50-75,adaptive,2025-06-23,privacy,4,2,152,0,126,126,26,0,0.17105263157894737
72-50-75,adaptive,2025-06-30,billing,16,11,1238,430,1116,1116,552,0,0.33093525179856115
72-50-75,adaptive,2025-06-30,technical,16,23,1356,535,1032,1032,859,0,0.45425700687466947
72-50-75,adaptive,2025-06-30,privacy,4,2,123,26,126,126,23,0,0.15436241610738255
72-50-75,adaptive,2025-07-07,billing,16,10,1572,552,1080,1080,1044,0,0.4915254237288136
72-50-75,adaptive,2025-07-07,technical,16,25,1490,859,1080,1080,1269,0,0.5402298850574713
72-50-75,adaptive,2025-07-07,privacy,4,1,128,23,108,108,43,0,0.2847682119205298
72-50-75,adaptive,2025-07-14,billing,16,12,1393,1044,1152,1152,1285,0,0.5272876487484612
72-50-75,adaptive,2025-07-14,technical,16,23,1449,1269,1032,1032,1686,237,0.6203090507726269
72-50-75,adaptive,2025-07-14,privacy,4,1,134,43,108,108,69,0,0.3898305084745763
72-50-75,adaptive,2025-07-21,billing,16,12,1441,1285,1152,1152,1574,133,0.5774027879677183
72-50-75,adaptive,2025-07-21,technical,16,23,1416,1686,1032,1032,2070,654,0.6673114119922631
72-50-75,adaptive,2025-07-21,privacy,4,1,146,69,108,108,107,0,0.49767441860465117
72-50-75,adaptive,2025-07-28,billing,16,11,1549,1574,1116,1116,2007,458,0.6426512968299711
72-50-75,adaptive,2025-07-28,technical,16,23,1452,2070,1032,1032,2490,1038,0.706984667802385
72-50-75,adaptive,2025-07-28,privacy,4,2,158,107,126,126,139,0,0.5245283018867924
72-50-75,adaptive,2025-08-04,billing,16,12,1592,2007,1152,1152,2447,855,0.6799110864128924
72-50-75,adaptive,2025-08-04,technical,16,22,1516,2490,1008,1008,2998,1482,0.7483774338492262
72-50-75,adaptive,2025-08-04,privacy,4,2,172,139,126,126,185,13,0.594855305466238
72-50-75,adaptive,2025-08-11,billing,16,12,1442,2447,1152,1152,2737,1295,0.7037798920030857
72-50-75,adaptive,2025-08-11,technical,16,22,1502,2998,1008,1008,3492,1990,0.776
72-50-75,adaptive,2025-08-11,privacy,4,2,151,185,126,126,210,59,0.625
72-50-75,adaptive,2025-08-18,billing,16,11,1442,2737,1116,1116,3063,1621,0.7329504666188084
72-50-75,adaptive,2025-08-18,technical,16,23,1369,3492,1032,1032,3829,2460,0.7876980045258177
72-50-75,adaptive,2025-08-18,privacy,4,2,165,210,126,126,249,84,0.664
72-50-75,adaptive,2025-08-25,billing,16,12,1489,3063,1152,1152,3400,1911,0.7469244288224957
72-50-75,adaptive,2025-08-25,technical,16,22,1275,3829,1008,1008,4096,2821,0.8025078369905956
72-50-75,adaptive,2025-08-25,privacy,4,2,130,249,126,126,253,123,0.6675461741424802
72-50-75,adaptive,2025-09-01,billing,16,12,1465,3400,1152,1152,3713,2248,0.7632065775950668
72-50-75,adaptive,2025-09-01,technical,16,22,1258,4096,1008,1008,4346,3088,0.8117295480014942
72-50-75,adaptive,2025-09-01,privacy,4,2,106,253,126,126,233,127,0.649025069637883
72-50-75,adaptive,2025-09-08,billing,16,13,1506,3713,1188,1188,4031,2525,0.77237018585936
72-50-75,adaptive,2025-09-08,technical,16,22,1327,4346,1008,1008,4665,3338,0.822316234796404
72-50-75,adaptive,2025-09-08,privacy,4,1,114,233,108,108,239,125,0.6887608069164265
72-50-75,optimized,2025-06-23,billing,16,8,1510,0,1008,1008,502,0,0.33245033112582784
72-50-75,optimized,2025-06-23,technical,16,26,1591,0,1104,1104,487,0,0.3060967944688875
72-50-75,optimized,2025-06-23,privacy,4,2,152,0,126,126,26,0,0.17105263157894737
72-50-75,optimized,2025-06-30,billing,16,10,1238,502,1080,1080,660,0,0.3793103448275862
72-50-75,optimized,2025-06-30,technical,16,25,1356,487,1080,1080,763,0,0.4139989148128052
72-50-75,optimized,2025-06-30,privacy,4,1,123,26,108,108,41,0,0.2751677852348993
72-50-75,optimized,2025-07-07,billing,16,9,1572,660,1044,1044,1188,0,0.532258064516129
72-50-75,optimized,2025-07-07,technical,16,27,1490,763,1128,1128,1125,0,0.4993342210386152
72-50-75,optimized,2025-07-07,privacy,4,0,128,41,90,90,79,0,0.46745562130177515
72-50-75,optimized,2025-07-14,billing,16,11,1393,1188,1116,1116,1465,72,0.5676094537001163
72-50-75,optimized,2025-07-14,technical,16,25,1449,1125,1080,1080,1494,45,0.5804195804195804
72-50-75,optimized,2025-07-14,privacy,4,0,134,79,90,90,123,0,0.5774647887323944
72-50-75,optimized,2025-07-21,billing,16,10,1441,1465,1080,1080,1826,385,0.6283551273227804
72-50-75,optimized,2025-07-21,technical,16,25,1416,1494,1080,1080,1830,414,0.6288659793814433
72-50-75,optimized,2025-07-21,privacy,4,1,146,123,108,108,161,15,0.5985130111524164
72-50-75,optimized,2025-07-28,billing,16,10,1549,1826,1080,1080,2295,746,0.68
72-50-75,optimized,2025-07-28,technical,16,25,1452,1830,1080,1080,2202,750,0.6709323583180987
72-50-75,optimized,2025-07-28,privacy,4,1,158,161,108,108,211,53,0.6614420062695925
72-50-75,optimized,2025-08-04,billing,16,11,1592,2295,1116,1116,2771,1179,0.7128891175713918
72-50-75,optimized,2025-08-04,technical,16,24,1516,2202,1056,1056,2662,1146,0.7159763313609467
72-50-75,optimized,2025-08-04,privacy,4,1,172,211,108,108,275,103,0.7180156657963447
72-50-75,optimized,2025-08-11,billing,16,10,1442,2771,1080,1080,3133,1691,0.7436506052694042
72-50-75,optimized,2025-08-11,technical,16,24,1502,2662,1056,1056,3108,1606,0.7463976945244957
72-50-75,optimized,2025-08-11,privacy,4,2,151,275,126,126,300,149,0.704225352112676
72-50-75,optimized,2025-08-18,billing,16,10,1442,3133,1080,1080,3495,2053,0.7639344262295082
72-50-75,optimized,2025-08-18,technical,16,25,1369,3108,1080,1080,3397,2028,0.7587670314943042
72-50-75,optimized,2025-08-18,privacy,4,1,165,300,108,108,357,192,0.7677419354838709
72-50-75,optimized,2025-08-25,billing,16,10,1489,3495,1080,1080,3904,2415,0.78330658105939
72-50-75,optimized,2025-08-25,technical,16,24,1275,3397,1056,1056,3616,2341,0.773972602739726
72-50-75,optimized,2025-08-25,privacy,4,2,130,357,126,126,361,231,0.7412731006160165
72-50-75,optimized,2025-09-01,billing,16,12,1465,3904,1152,1152,4217,2752,0.7854349040789719
72-50-75,optimized,2025-09-01,technical,16,23,1258,3616,1032,1032,3842,2584,0.7882642593352482
72-50-75,optimized,2025-09-01,privacy,4,1,106,361,108,108,359,253,0.7687366167023555
72-50-75,optimized,2025-09-08,billing,16,12,1506,4217,1152,1152,4571,3065,0.7987069718679014
72-50-75,optimized,2025-09-08,technical,16,23,1327,3842,1032,1032,4137,2810,0.800348229831689
72-50-75,optimized,2025-09-08,privacy,4,1,114,359,108,108,365,251,0.7716701902748414
72-50-75,hindsight,2025-06-23,billing,16,9,1510,0,1044,1044,466,0,0.3086092715231788
72-50-75,hindsight,2025-06-23,technical,16,26,1591,0,1104,1104,487,0,0.3060967944688875
72-50-75,hindsight,2025-06-23,privacy,4,1,152,0,108,108,44,0,0.2894736842105263
72-50-75,hindsight,2025-06-30,billing,16,9,1238,466,1044,1044,660,0,0.3873239436619718
72-50-75,hindsight,2025-06-30,technical,16,26,1356,487,1104,1104,739,0,0.400976668475312
72-50-75,hindsight,2025-06-30,privacy,4,1,123,44,108,108,59,0,0.3532934131736527
72-50-75,hindsight,2025-07-07,billing,16,10,1572,660,1080,1080,1152,0,0.5161290322580645
72-50-75,hindsight,2025-07-07,technical,16,25,1490,739,1080,1080,1149,0,0.5154777927321669
72-50-75,hindsight,2025-07-07,privacy,4,1,128,59,108,108,79,0,0.42245989304812837
72-50-75,hindsight,2025-07-14,billing,16,10,1393,1152,1080,1080,1465,72,0.5756385068762279
72-50-75,hindsight,2025-07-14,technical,16,26,1449,1149,1104,1104,1494,45,0.5750577367205543
72-50-75,hindsight,2025-07-14,privacy,4,0,134,79,90,90,123,0,0.5774647887323944
72-50-75,hindsight,2025-07-21,billing,16,10,1441,1465,1080,1080,1826,385,0.6283551273227804
72-50-75,hindsight,2025-07-21,technical,16,25,1416,1494,1080,1080,1830,414,0.6288659793814433
72-50-75,hindsight,2025-07-21,privacy,4,1,146,123,108,108,161,15,0.5985130111524164
72-50-75,hindsight,2025-07-28,billing,16,11,1549,1826,1116,1116,2259,710,0.6693333333333333
72-50-75,hindsight,2025-07-28,technical,16,24,1452,1830,1056,1056,2226,774,0.6782449725776966
72-50-75,hindsight,2025-07-28,privacy,4,1,158,161,108,108,211,53,0.6614420062695925
72-50-75,hindsight,2025-08-04,billing,16,11,1592,2259,1116,1116,2735,1143,0.7102051415216827
72-50-75,hindsight,2025-08-04,technical,16,24,1516,2226,1056,1056,2686,1170,0.7177979690005345
72-50-75,hindsight,2025-08-04,privacy,4,1,172,211,108,108,275,103,0.7180156657963447
72-50-75,hindsight,2025-08-11,billing,16,10,1442,2735,1080,1080,3097,1655,0.741441225760115
72-50-75,hindsight,2025-08-11,technical,16,25,1502,2686,1080,1080,3108,1606,0.7421203438395415
72-50-75,hindsight,2025-08-11,privacy,4,1,151,275,108,108,318,167,0.7464788732394366
72-50-75,hindsight,2025-08-18,billing,16,10,1442,3097,1080,1080,3459,2017,0.7620621282220753
72-50-75,hindsight,2025-08-18,technical,16,24,1369,3108,1056,1056,3421,2052,0.7641277641277642
72-50-75,hindsight,2025-08-18,privacy,4,2,165,318,126,126,357,192,0.7391304347826086
72-50-75,hindsight,2025-08-25,billing,16,11,1489,3459,1116,1116,3832,2343,0.7744543249797898
72-50-75,hindsight,2025-08-25,technical,16,24,1275,3421,1056,1056,3640,2365,0.7751277683134583
72-50-75,hindsight,2025-08-25,privacy,4,1,130,357,108,108,379,249,0.7782340862422998
72-50-75,hindsight,2025-09-01,billing,16,12,1465,3832,1152,1152,4145,2680,0.782518406645271
72-50-75,hindsight,2025-09-01,technical,16,23,1258,3640,1032,1032,3866,2608,0.7893017558187015
72-50-75,hindsight,2025-09-01,privacy,4,1,106,379,108,108,377,271,0.777319587628866
72-50-75,hindsight,2025-09-08,billing,16,12,1506,4145,1152,1152,4499,2993,0.7961422757034153
72-50-75,hindsight,2025-09-08,technical,16,23,1327,3866,1032,1032,4161,2834,0.8012709416522241
72-50-75,hindsight,2025-09-08,privacy,4,1,114,377,108,108,383,269,0.780040733197556
72-50-100,fixed,2025-06-23,billing,16,14,1510,0,1632,1510,0,0,0.0
72-50-100,fixed,2025-06-23,technical,16,19,1591,0,1248,1248,343,0,0.21558768070395978
72-50-100,fixed,2025-06-23,privacy,4,3,152,0,192,152,0,0,0.0
72-50-100,fixed,2025-06-30,billing,16,14,1238,0,1632,1238,0,0,0.0
72-50-100,fixed,2025-06-30,technical,16,19,1356,343,1248,1248,451,0,0.2654502648616833
72-50-100,fixed,2025-06-30,privacy,4,3,123,0,192,123,0,0,0.0
72-50-100,fixed,2025-07-07,billing,16,14,1572,0,1632,1572,0,0,0.0
72-50-100,fixed,2025-07-07,technical,16,19,1490,451,1248,1248,693,0,0.357032457496136
72-50-100,fixed,2025-07-07,privacy,4,3,128,0,192,128,0,0,0.0
72-50-100,fixed,2025-07-14,billing,16,14,1393,0,1632,1393,0,0,0.0
72-50-100,fixed,2025-07-14,technical,16,19,1449,693,1248,1248,894,0,0.4173669467787115
72-50-100,fixed,2025-07-14,privacy,4,3,134,0,192,134,0,0,0.0
72-50-100,fixed,2025-07-21,billing,16,14,1441,0,1632,1441,0,0,0.0
72-50-100,fixed,2025-07-21,technical,16,19,1416,894,1248,1248,1062,0,0.4597402597402597
72-50-100,fixed,2025-07-21,privacy,4,3,146,0,192,146,0,0,0.0
72-50-100,fixed,2025-07-28,billing,16,14,1549,0,1632,1549,0,0,0.0
72-50-100,fixed,2025-07-28,technical,16,19,1452,1062,1248,1248,1266,0,0.5035799522673031
72-50-100,fixed,2025-07-28,privacy,4,3,158,0,192,158,0,0,0.0
72-50-100,fixed,2025-08-04,billing,16,14,1592,0,1632,1592,0,0,0.0
72-50-100,fixed,2025-08-04,technical,16,19,1516,1266,1248,1248,1534,18,0.5514018691588785
72-50-100,fixed,2025-08-04,privacy,4,3,172,0,192,172,0,0,0.0
72-50-100,fixed,2025-08-11,billing,16,14,1442,0,1632,1442,0,0,0.0
72-50-100,fixed,2025-08-11,technical,16,19,1502,1534,1248,1248,1788,286,0.5889328063241107
72-50-100,fixed,2025-08-11,privacy,4,3,151,0,192,151,0,0,0.0
72-50-100,fixed,2025-08-18,billing,16,14,1442,0,1632,1442,0,0,0.0
72-50-100,fixed,2025-08-18,technical,16,19,1369,1788,1248,1248,1909,540,0.6046879949318974
72-50-100,fixed,2025-08-18,privacy,4,3,165,0,192,165,0,0,0.0
72-50-100,fixed,2025-08-25,billing,16,14,1489,0,1632,1489,0,0,0.0
72-50-100,fixed,2025-08-25,technical,16,19,1275,1909,1248,1248,1936,661,0.6080402010050251
72-50-100,fixed,2025-08-25,privacy,4,3,130,0,192,130,0,0,0.0
72-50-100,fixed,2025-09-01,billing,16,14,1465,0,1632,1465,0,0,0.0
72-50-100,fixed,2025-09-01,technical,16,19,1258,1936,1248,1248,1946,688,0.6092673763306199
72-50-100,fixed,2025-09-01,privacy,4,3,106,0,192,106,0,0,0.0
72-50-100,fixed,2025-09-08,billing,16,14,1506,0,1632,1506,0,0,0.0
72-50-100,fixed,2025-09-08,technical,16,19,1327,1946,1248,1248,2025,698,0.618698441796517
72-50-100,fixed,2025-09-08,privacy,4,3,114,0,192,114,0,0,0.0
72-50-100,adaptive,2025-06-23,billing,16,8,1510,0,1344,1344,166,0,0.10993377483443709
72-50-100,adaptive,2025-06-23,technical,16,27,1591,0,1504,1504,87,0,0.054682589566310495
72-50-100,adaptive,2025-06-23,privacy,4,1,152,0,144,144,8,0,0.05263157894736842
72-50-100,adaptive,2025-06-30,billing,16,11,1238,166,1488,1404,0,0,0.0
72-50-100,adaptive,2025-06-30,technical,16,24,1356,87,1408,1408,35,0,0.024255024255024255
72-50-100,adaptive,2025-06-30,privacy,4,1,123,8,144,131,0,0,0.0
72-50-100,adaptive,2025-07-07,billing,16,7,1572,0,1296,1296,276,0,0.17557251908396945
72-50-100,adaptive,2025-07-07,technical,16,29,1490,35,1568,1525,0,0,0.0
72-50-100,adaptive,2025-07-07,privacy,4,0,128,0,120,120,8,0,0.0625
72-50-100,adaptive,2025-07-14,billing,16,15,1393,276,1680,1669,0,0,0.0
72-50-100,adaptive,2025-07-14,technical,16,21,1449,0,1312,1312,137,0,0.0945479641131815
72-50-100,adaptive,2025-07-14,privacy,4,0,134,8,120,120,22,0,0.15492957746478872
72-50-100,adaptive,2025-07-21,billing,16,8,1441,0,1344,1344,97,0,0.06731436502428868
72-50-100,adaptive,2025-07-21,technical,16,27,1416,137,1504,1504,49,0,0.031551835157759174
72-50-100,adaptive,2025-07-21,privacy,4,1,146,22,144,144,24,0,0.14285714285714285
72-50-100,adaptive,2025-07-28,billing,16,11,1549,97,1488,1488,158,0,0.0959902794653706
72-50-100,adaptive,2025-07-28,technical,16,23,1452,49,1376,1376,125,0,0.0832778147901399
72-50-100,adaptive,2025-07-28,privacy,4,2,158,24,168,168,14,0,0.07692307692307693
72-50-100,adaptive,2025-08-04,billing,16,12,1592,158,1536,1536,214,0,0.12228571428571429
72-50-100,adaptive,2025-08-04,technical,16,22,1516,125,1344,1344,297,0,0.1809872029250457
72-50-100,adaptive,2025-08-04,privacy,4,2,172,14,168,168,18,0,0.0967741935483871
72-50-100,adaptive,2025-08-11,billing,16,11,1442,214,1488,1488,168,0,0.10144927536231885
72-50-100,adaptive,2025-08-11,technical,16,23,1502,297,1376,1376,423,0,0.23513062812673707
72-50-100,adaptive,2025-08-11,privacy,4,2,151,18,168,168,1,0,0.005917159763313609
72-50-100,adaptive,2025-08-18,billing,16,9,1442,168,1392,1392,218,0,0.13540372670807455
72-50-100,adaptive,2025-08-18,technical,16,26,1369,423,1472,1472,320,0,0.17857142857142858
72-50-100,adaptive,2025-08-18,privacy,4,1,165,1,144,144,22,0,0.13253012048192772
72-50-100,adaptive,2025-08-25,billing,16,10,1489,218,1440,1440,267,0,0.15641476274165203
72-50-100,adaptive,2025-08-25,technical,16,24,1275,320,1408,1408,187,0,0.11724137931034483
72-50-100,adaptive,2025-08-25,privacy,4,2,130,22,168,152,0,0,0.0
72-50-100,adaptive,2025-09-01,billing,16,14,1465,267,1632,1632,100,0,0.057736720554272515
72-50-100,adaptive,2025-09-01,technical,16,22,1258,187,1344,1344,101,0,0.0698961937716263
72-50-100,adaptive,2025-09-01,privacy,4,0,106,0,120,106,0,0,0.0
72-50-100,adaptive,2025-09-08,billing,16,13,1506,100,1584,1584,22,0,0.0136986301369863
72-50-100,adaptive,2025-09-08,technical,16,23,1327,101,1376,1376,52,0,0.036414565826330535
72-50-100,adaptive,2025-09-08,privacy,4,0,114,0,120,114,0,0,0.0
72-50-100,optimized,2025-06-23,billing,16,7,1510,0,1296,1296,214,0,0.14172185430463577
72-50-100,optimized,2025-06-23,technical,16,24,1591,0,1408,1408,183,0,0.11502199874292897
72-50-100,optimized,2025-06-23,privacy,4,5,152,0,240,152,0,0,0.0
72-50-100,optimized,2025-06-30,billing,16,10,1238,214,1440,1440,12,0,0.008264462809917356
72-50-100,optimized,2025-06-30,technical,16,25,1356,183,1440,1440,99,0,0.06432748538011696
72-50-100,optimized,2025-06-30,privacy,4,1,123,0,144,123,0,0,0.0
72-50-100,optimized,2025-07-07,billing,16,9,1572,12,1392,1392,192,0,0.12121212121212122
72-50-100,optimized,2025-07-07,technical,16,26,1490,99,1472,1472,117,0,0.0736312146003776
72-50-100,optimized,2025-07-07,privacy,4,1,128,0,144,128,0,0,0.0
72-50-100,optimized,2025-07-14,billing,16,12,1393,192,1536,1536,49,0,0.030914826498422712
72-50-100,optimized,2025-07-14,technical,16,24,1449,117,1408,1408,158,0,0.10089399744572158
72-50-100,optimized,2025-07-14,privacy,4,0,134,0,120,120,14,0,0.1044776119402985
72-50-100,optimized,2025-07-21,billing,16,8,1441,49,1344,1344,146,0,0.09798657718120805
72-50-100,optimized,2025-07-21,technical,16,27,1416,158,1504,1504,70,0,0.044472681067344345
72-50-100,optimized,2025-07-21,privacy,4,1,146,14,144,144,16,0,0.1
72-50-100,optimized,2025-07-28,billing,16,11,1549,146,1488,1488,207,0,0.12212389380530973
72-50-100,optimized,2025-07-28,technical,16,23,1452,70,1376,1376,146,0,0.09592641261498029
72-50-100,optimized,2025-07-28,privacy,4,2,158,16,168,168,6,0,0.034482758620689655
72-50-100,optimized,2025-08-04,billing,16,12,1592,207,1536,1536,263,0,0.1461923290717065
72-50-100,optimized,2025-08-04,technical,16,23,1516,146,1376,1376,286,0,0.17208182912154033
72-50-100,optimized,2025-08-04,privacy,4,1,172,6,144,144,34,0,0.19101123595505617
72-50-100,optimized,2025-08-11,billing,16,10,1442,263,1440,1440,265,0,0.15542521994134897
72-50-100,optimized,2025-08-11,technical,16,24,1502,286,1408,1408,380,0,0.21252796420581654
72-50-100,optimized,2025-08-11,privacy,4,2,151,34,168,168,17,0,0.0918918918918919
72-50-100,optimized,2025-08-18,billing,16,8,1442,265,1344,1344,363,0,0.2126537785588752
72-50-100,optimized,2025-08-18,technical,16,27,1369,380,1504,1504,245,0,0.1400800457404231
72-50-100,optimized,2025-08-18,privacy,4,1,165,17,144,144,38,0,0.2087912087912088
72-50-100,optimized,2025-08-25,billing,16,12,1489,363,1536,1536,316,0,0.17062634989200864
72-50-100,optimized,2025-08-25,technical,16,22,1275,245,1344,1344,176,0,0.11578947368421053
72-50-100,optimized,2025-08-25,privacy,4,2,130,38,168,168,0,0,0.0
72-50-100,optimized,2025-09-01,billing,16,15,1465,316,1680,1680,101,0,0.056709713644020214
72-50-100,optimized,2025-09-01,technical,16,21,1258,176,1312,1312,122,0,0.08507670850767085
72-50-100,optimized,2025-09-01,privacy,4,0,106,0,120,106,0,0,0.0
72-50-100,optimized,2025-09-08,billing,16,13,1506,101,1584,1584,23,0,0.01431238332296204
72-50-100,optimized,2025-09-08,technical,16,23,1327,122,1376,1376,73,0,0.05037957211870255
72-50-100,optimized,2025-09-08,privacy,4,0,114,0,120,114,0,0,0.0
72-50-100,hindsight,2025-06-23,billing,16,9,1510,0,1392,1392,118,0,0.0781456953642384
72-50-100,hindsight,2025-06-23,technical,16,26,1591,0,1472,1472,119,0,0.07479572595851666
72-50-100,hindsight,2025-06-23,privacy,4,1,152,0,144,144,8,0,0.05263157894736842
72-50-100,hindsight,2025-06-30,billing,16,9,1238,118,1392,1356,0,0,0.0
72-50-100,hindsight,2025-06-30,technical,16,26,1356,119,1472,1472,3,0,0.002033898305084746
72-50-100,hindsight,2025-06-30,privacy,4,1,123,8,144,131,0,0,0.0
72-50-100,hindsight,2025-07-07,billing,16,11,1572,0,1488,1488,84,0,0.05343511450381679
72-50-100,hindsight,2025-07-07,technical,16,24,1490,3,1408,1408,85,0,0.056932350971198926
72-50-100,hindsight,2025-07-07,privacy,4,1,128,0,144,128,0,0,0.0
72-50-100,hindsight,2025-07-14,billing,16,9,1393,84,1392,1392,85,0,0.05754908598510494
72-50-100,hindsight,2025-07-14,technical,16,26,1449,85,1472,1472,62,0,0.04041720990873533
72-50-100,hindsight,2025-07-14,privacy,4,1,134,0,144,134,0,0,0.0
72-50-100,hindsight,2025-07-21,billing,16,11,1441,85,1488,1488,38,0,0.02490170380078637
72-50-100,hindsight,2025-07-21,technical,16,24,1416,62,1408,1408,70,0,0.04736129905277402
72-50-100,hindsight,2025-07-21,privacy,4,1,146,0,144,144,2,0,0.0136986301369863
72-50-100,hindsight,2025-07-28,billing,16,10,1549,38,1440,1440,147,0,0.09262759924385633
72-50-100,hindsight,2025-07-28,technical,16,24,1452,70,1408,1408,114,0,0.07490144546649145
72-50-100,hindsight,2025-07-28,privacy,4,2,158,2,168,160,0,0,0.0
72-50-100,hindsight,2025-08-04,billing,16,11,1592,147,1488,1488,251,0,0.144335825186889
72-50-100,hindsight,2025-08-04,technical,16,23,1516,114,1376,1376,254,0,0.1558282208588957
72-50-100,hindsight,2025-08-04,privacy,4,2,172,0,168,168,4,0,0.023255813953488372
72-50-100,hindsight,2025-08-11,billing,16,9,1442,251,1392,1392,301,0,0.17779090372120496
72-50-100,hindsight,2025-08-11,technical,16,26,1502,254,1472,1472,284,0,0.16173120728929385
72-50-100,hindsight,2025-08-11,privacy,4,1,151,4,144,144,11,0,0.07096774193548387
72-50-100,hindsight,2025-08-18,billing,16,11,1442,301,1488,1488,255,0,0.14629948364888123
72-50-100,hindsight,2025-08-18,technical,16,23,1369,284,1376,1376,277,0,0.1675741076830006
72-50-100,hindsight,2025-08-18,privacy,4,2,165,11,168,168,8,0,0.045454545454545456
72-50-100,hindsight,2025-08-25,billing,16,12,1489,255,1536,1536,208,0,0.11926605504587157
72-50-100,hindsight,2025-08-25,technical,16,23,1275,277,1376,1376,176,0,0.1134020618556701
72-50-100,hindsight,2025-08-25,privacy,4,1,130,8,144,138,0,0,0.0
72-50-100,hindsight,2025-09-01,billing,16,13,1465,208,1584,1584,89,0,0.05319784817692767
72-50-100,hindsight,2025-09-01,technical,16,23,1258,176,1376,1376,58,0,0.040446304044630406
72-50-100,hindsight,2025-09-01,privacy,4,0,106,0,120,106,0,0,0.0
72-50-100,hindsight,2025-09-08,billing,16,13,1506,89,1584,1584,11,0,0.006896551724137931
72-50-100,hindsight,2025-09-08,technical,16,23,1327,58,1376,1376,9,0,0.006498194945848376
72-50-100,hindsight,2025-09-08,privacy,4,0,114,0,120,114,0,0,0.0
72-50-125,fixed,2025-06-23,billing,16,14,1510,0,2040,1510,0,0,0.0
72-50-125,fixed,2025-06-23,technical,16,19,1591,0,1560,1560,31,0,0.01948460087994972
72-50-125,fixed,2025-06-23,privacy,4,3,152,0,240,152,0,0,0.0
72-50-125,fixed,2025-06-30,billing,16,14,1238,0,2040,1238,0,0,0.0
72-50-125,fixed,2025-06-30,technical,16,19,1356,31,1560,1387,0,0,0.0
72-50-125,fixed,2025-06-30,privacy,4,3,123,0,240,123,0,0,0.0
72-50-125,fixed,2025-07-07,billing,16,14,1572,0,2040,1572,0,0,0.0
72-50-125,fixed,2025-07-07,technical,16,19,1490,0,1560,1490,0,0,0.0
72-50-125,fixed,2025-07-07,privacy,4,3,128,0,240,128,0,0,0.0
72-50-125,fixed,2025-07-14,billing,16,14,1393,0,2040,1393,0,0,0.0
72-50-125,fixed,2025-07-14,technical,16,19,1449,0,1560,1449,0,0,0.0
72-50-125,fixed,2025-07-14,privacy,4,3,134,0,240,134,0,0,0.0
72-50-125,fixed,2025-07-21,billing,16,14,1441,0,2040,1441,0,0,0.0
72-50-125,fixed,2025-07-21,technical,16,19,1416,0,1560,1416,0,0,0.0
72-50-125,fixed,2025-07-21,privacy,4,3,146,0,240,146,0,0,0.0
72-50-125,fixed,2025-07-28,billing,16,14,1549,0,2040,1549,0,0,0.0
72-50-125,fixed,2025-07-28,technical,16,19,1452,0,1560,1452,0,0,0.0
72-50-125,fixed,2025-07-28,privacy,4,3,158,0,240,158,0,0,0.0
72-50-125,fixed,2025-08-04,billing,16,14,1592,0,2040,1592,0,0,0.0
72-50-125,fixed,2025-08-04,technical,16,19,1516,0,1560,1516,0,0,0.0
72-50-125,fixed,2025-08-04,privacy,4,3,172,0,240,172,0,0,0.0
72-50-125,fixed,2025-08-11,billing,16,14,1442,0,2040,1442,0,0,0.0
72-50-125,fixed,2025-08-11,technical,16,19,1502,0,1560,1502,0,0,0.0
72-50-125,fixed,2025-08-11,privacy,4,3,151,0,240,151,0,0,0.0
72-50-125,fixed,2025-08-18,billing,16,14,1442,0,2040,1442,0,0,0.0
72-50-125,fixed,2025-08-18,technical,16,19,1369,0,1560,1369,0,0,0.0
72-50-125,fixed,2025-08-18,privacy,4,3,165,0,240,165,0,0,0.0
72-50-125,fixed,2025-08-25,billing,16,14,1489,0,2040,1489,0,0,0.0
72-50-125,fixed,2025-08-25,technical,16,19,1275,0,1560,1275,0,0,0.0
72-50-125,fixed,2025-08-25,privacy,4,3,130,0,240,130,0,0,0.0
72-50-125,fixed,2025-09-01,billing,16,14,1465,0,2040,1465,0,0,0.0
72-50-125,fixed,2025-09-01,technical,16,19,1258,0,1560,1258,0,0,0.0
72-50-125,fixed,2025-09-01,privacy,4,3,106,0,240,106,0,0,0.0
72-50-125,fixed,2025-09-08,billing,16,14,1506,0,2040,1506,0,0,0.0
72-50-125,fixed,2025-09-08,technical,16,19,1327,0,1560,1327,0,0,0.0
72-50-125,fixed,2025-09-08,privacy,4,3,114,0,240,114,0,0,0.0
72-50-125,adaptive,2025-06-23,billing,16,3,1510,0,1380,1380,130,0,0.08609271523178808
72-50-125,adaptive,2025-06-23,technical,16,33,1591,0,2120,1591,0,0,0.0
72-50-125,adaptive,2025-06-23,privacy,4,0,152,0,150,150,2,0,0.013157894736842105
72-50-125,adaptive,2025-06-30,billing,16,10,1238,130,1800,1368,0,0,0.0
72-50-125,adaptive,2025-06-30,technical,16,26,1356,0,1840,1356,0,0,0.0
72-50-125,adaptive,2025-06-30,privacy,4,0,123,2,150,125,0,0,0.0
72-50-125,adaptive,2025-07-07,billing,16,2,1572,0,1320,1320,252,0,0.16030534351145037
72-50-125,adaptive,2025-07-07,technical,16,34,1490,0,2160,1490,0,0,0.0
72-50-125,adaptive,2025-07-07,privacy,4,0,128,0,150,128,0,0,0.0
72-50-125,adaptive,2025-07-14,billing,16,14,1393,252,2040,1645,0,0,0.0
72-50-125,adaptive,2025-07-14,technical,16,22,1449,0,1680,1449,0,0,0.0
72-50-125,adaptive,2025-07-14,privacy,4,0,134,0,150,134,0,0,0.0
72-50-125,adaptive,2025-07-21,billing,16,6,1441,0,1560,1441,0,0,0.0
72-50-125,adaptive,2025-07-21,technical,16,30,1416,0,2000,1416,0,0,0.0
72-50-125,adaptive,2025-07-21,privacy,4,0,146,0,150,146,0,0,0.0
72-50-125,adaptive,2025-07-28,billing,16,7,1549,0,1620,1549,0,0,0.0
72-50-125,adaptive,2025-07-28,technical,16,29,1452,0,1960,1452,0,0,0.0
72-50-125,adaptive,2025-07-28,privacy,4,0,158,0,150,150,8,0,0.05063291139240506
72-50-125,adaptive,2025-08-04,billing,16,9,1592,0,1740,1592,0,0,0.0
72-50-125,adaptive,2025-08-04,technical,16,26,1516,0,1840,1516,0,0,0.0
72-50-125,adaptive,2025-08-04,privacy,4,1,172,8,180,180,0,0,0.0
72-50-125,adaptive,2025-08-11,billing,16,9,1442,0,1740,1442,0,0,0.0
72-50-125,adaptive,2025-08-11,technical,16,26,1502,0,1840,1502,0,0,0.0
72-50-125,adaptive,2025-08-11,privacy,4,1,151,0,180,151,0,0,0.0
72-50-125,adaptive,2025-08-18,billing,16,7,1442,0,1620,1442,0,0,0.0
72-50-125,adaptive,2025-08-18,technical,16,29,1369,0,1960,1369,0,0,0.0
72-50-125,adaptive,2025-08-18,privacy,4,0,165,0,150,150,15,0,0.09090909090909091
72-50-125,adaptive,2025-08-25,billing,16,7,1489,0,1620,1489,0,0,0.0
72-50-125,adaptive,2025-08-25,technical,16,27,1275,0,1880,1275,0,0,0.0
72-50-125,adaptive,2025-08-25,privacy,4,2,130,15,210,145,0,0,0.0
72-50-125,adaptive,2025-09-01,billing,16,10,1465,0,1800,1465,0,0,0.0
72-50-125,adaptive,2025-09-01,technical,16,26,1258,0,1840,1258,0,0,0.0
72-50-125,adaptive,2025-09-01,privacy,4,0,106,0,150,106,0,0,0.0
72-50-125,adaptive,2025-09-08,billing,16,10,1506,0,1800,1506,0,0,0.0
72-50-125,adaptive,2025-09-08,technical,16,26,1327,0,1840,1327,0,0,0.0
72-50-125,adaptive,2025-09-08,privacy,4,0,114,0,150,114,0,0,0.0
72-50-125,optimized,2025-06-23,billing,16,2,1510,0,1320,1320,190,0,0.12582781456953643
72-50-125,optimized,2025-06-23,technical,16,15,1591,0,1400,1400,191,0,0.12005028284098052
72-50-125,optimized,2025-06-23,privacy,4,19,152,0,720,152,0,0,0.0
72-50-125,optimized,2025-06-30,billing,16,9,1238,190,1740,1428,0,0,0.0
72-50-125,optimized,2025-06-30,technical,16,25,1356,191,1800,1547,0,0,0.0
72-50-125,optimized,2025-06-30,privacy,4,2,123,0,210,123,0,0,0.0
72-50-125,optimized,2025-07-07,billing,16,9,1572,0,1740,1572,0,0,0.0
72-50-125,optimized,2025-07-07,technical,16,25,1490,0,1800,1490,0,0,0.0
72-50-125,optimized,2025-07-07,privacy,4,2,128,0,210,128,0,0,0.0
72-50-125,optimized,2025-07-14,billing,16,9,1393,0,1740,1393,0,0,0.0
72-50-125,optimized,2025-07-14,technical,16,25,1449,0,1800,1449,0,0,0.0
72-50-125,optimized,2025-07-14,privacy,4,2,134,0,210,134,0,0,0.0
72-50-125,optimized,2025-07-21,billing,16,9,1441,0,1740,1441,0,0,0.0
72-50-125,optimized,2025-07-21,technical,16,25,1416,0,1800,1416,0,0,0.0
72-50-125,optimized,2025-07-21,privacy,4,2,146,0,210,146,0,0,0.0
72-50-125,optimized,2025-07-28,billing,16,9,1549,0,1740,1549,0,0,0.0
72-50-125,optimized,2025-07-28,technical,16,25,1452,0,1800,1452,0,0,0.0
72-50-125,optimized,2025-07-28,privacy,4,2,158,0,210,158,0,0,0.0
72-50-125,optimized,2025-08-04,billing,16,9,1592,0,1740,1592,0,0,0.0
72-50-125,optimized,2025-08-04,technical,16,25,1516,0,1800,1516,0,0,0.0
72-50-125,optimized,2025-08-04,privacy,4,2,172,0,210,172,0,0,0.0
72-50-125,optimized,2025-08-11,billing,16,9,1442,0,1740,1442,0,0,0.0
72-50-125,optimized,2025-08-11,technical,16,25,1502,0,1800,1502,0,0,0.0
72-50-125,optimized,2025-08-11,privacy,4,2,151,0,210,151,0,0,0.0
72-50-125,optimized,2025-08-18,billing,16,9,1442,0,1740,1442,0,0,0.0
72-50-125,optimized,2025-08-18,technical,16,25,1369,0,1800,1369,0,0,0.0
72-50-125,optimized,2025-08-18,privacy,4,2,165,0,210,165,0,0,0.0
72-50-125,optimized,2025-08-25,billing,16,9,1489,0,1740,1489,0,0,0.0
72-50-125,optimized,2025-08-25,technical,16,25,1275,0,1800,1275,0,0,0.0
72-50-125,optimized,2025-08-25,privacy,4,2,130,0,210,130,0,0,0.0
72-50-125,optimized,2025-09-01,billing,16,9,1465,0,1740,1465,0,0,0.0
72-50-125,optimized,2025-09-01,technical,16,25,1258,0,1800,1258,0,0,0.0
72-50-125,optimized,2025-09-01,privacy,4,2,106,0,210,106,0,0,0.0
72-50-125,optimized,2025-09-08,billing,16,9,1506,0,1740,1506,0,0,0.0
72-50-125,optimized,2025-09-08,technical,16,25,1327,0,1800,1327,0,0,0.0
72-50-125,optimized,2025-09-08,privacy,4,2,114,0,210,114,0,0,0.0
72-50-125,hindsight,2025-06-23,billing,16,6,1510,0,1560,1510,0,0,0.0
72-50-125,hindsight,2025-06-23,technical,16,20,1591,0,1600,1591,0,0,0.0
72-50-125,hindsight,2025-06-23,privacy,4,10,152,0,450,152,0,0,0.0
72-50-125,hindsight,2025-06-30,billing,16,6,1238,0,1560,1238,0,0,0.0
72-50-125,hindsight,2025-06-30,technical,16,20,1356,0,1600,1356,0,0,0.0
72-50-125,hindsight,2025-06-30,privacy,4,10,123,0,450,123,0,0,0.0
72-50-125,hindsight,2025-07-07,billing,16,7,1572,0,1620,1572,0,0,0.0
72-50-125,hindsight,2025-07-07,technical,16,19,1490,0,1560,1490,0,0,0.0
72-50-125,hindsight,2025-07-07,privacy,4,10,128,0,450,128,0,0,0.0
72-50-125,hindsight,2025-07-14,billing,16,7,1393,0,1620,1393,0,0,0.0
72-50-125,hindsight,2025-07-14,technical,16,19,1449,0,1560,1449,0,0,0.0
72-50-125,hindsight,2025-07-14,privacy,4,10,134,0,450,134,0,0,0.0
72-50-125,hindsight,2025-07-21,billing,16,7,1441,0,1620,1441,0,0,0.0
72-50-125,hindsight,2025-07-21,technical,16,19,1416,0,1560,1416,0,0,0.0
72-50-125,hindsight,2025-07-21,privacy,4,10,146,0,450,146,0,0,0.0
72-50-125,hindsight,2025-07-28,billing,16,7,1549,0,1620,1549,0,0,0.0
72-50-125,hindsight,2025-07-28,technical,16,19,1452,0,1560,1452,0,0,0.0
72-50-125,hindsight,2025-07-28,privacy,4,10,158,0,450,158,0,0,0.0
72-50-125,hindsight,2025-08-04,billing,16,7,1592,0,1620,1592,0,0,0.0
72-50-125,hindsight,2025-08-04,technical,16,19,1516,0,1560,1516,0,0,0.0
72-50-125,hindsight,2025-08-04,privacy,4,10,172,0,450,172,0,0,0.0
72-50-125,hindsight,2025-08-11,billing,16,7,1442,0,1620,1442,0,0,0.0
72-50-125,hindsight,2025-08-11,technical,16,19,1502,0,1560,1502,0,0,0.0
72-50-125,hindsight,2025-08-11,privacy,4,10,151,0,450,151,0,0,0.0
72-50-125,hindsight,2025-08-18,billing,16,7,1442,0,1620,1442,0,0,0.0
72-50-125,hindsight,2025-08-18,technical,16,19,1369,0,1560,1369,0,0,0.0
72-50-125,hindsight,2025-08-18,privacy,4,10,165,0,450,165,0,0,0.0
72-50-125,hindsight,2025-08-25,billing,16,7,1489,0,1620,1489,0,0,0.0
72-50-125,hindsight,2025-08-25,technical,16,19,1275,0,1560,1275,0,0,0.0
72-50-125,hindsight,2025-08-25,privacy,4,10,130,0,450,130,0,0,0.0
72-50-125,hindsight,2025-09-01,billing,16,7,1465,0,1620,1465,0,0,0.0
72-50-125,hindsight,2025-09-01,technical,16,19,1258,0,1560,1258,0,0,0.0
72-50-125,hindsight,2025-09-01,privacy,4,10,106,0,450,106,0,0,0.0
72-50-125,hindsight,2025-09-08,billing,16,7,1506,0,1620,1506,0,0,0.0
72-50-125,hindsight,2025-09-08,technical,16,19,1327,0,1560,1327,0,0,0.0
72-50-125,hindsight,2025-09-08,privacy,4,10,114,0,450,114,0,0,0.0
72-100-75,fixed,2025-06-23,billing,0,29,1510,0,1044,1044,466,0,0.3086092715231788
72-100-75,fixed,2025-06-23,technical,0,37,1591,0,888,888,703,0,0.4418604651162791
72-100-75,fixed,2025-06-23,privacy,0,6,152,0,108,108,44,0,0.2894736842105263
72-100-75,fixed,2025-06-30,billing,0,29,1238,466,1044,1044,660,0,0.3873239436619718
72-100-75,fixed,2025-06-30,technical,0,37,1356,703,888,888,1171,0,0.5687226809130645
72-100-75,fixed,2025-06-30,privacy,0,6,123,44,108,108,59,0,0.3532934131736527
72-100-75,fixed,2025-07-07,billing,0,29,1572,660,1044,1044,1188,0,0.532258064516129
72-100-75,fixed,2025-07-07,technical,0,37,1490,1171,888,888,1773,283,0.6662908680947013
72-100-75,fixed,2025-07-07,privacy,0,6,128,59,108,108,79,0,0.42245989304812837
72-100-75,fixed,2025-07-14,billing,0,29,1393,1188,1044,1044,1537,144,0.5955056179775281
72-100-75,fixed,2025-07-14,technical,0,37,1449,1773,888,888,2334,885,0.7243947858472998
72-100-75,fixed,2025-07-14,privacy,0,6,134,79,108,108,105,0,0.49295774647887325
72-100-75,fixed,2025-07-21,billing,0,29,1441,1537,1044,1044,1934,493,0.6494291470785762
72-100-75,fixed,2025-07-21,technical,0,37,1416,2334,888,888,2862,1446,0.7632
72-100-75,fixed,2025-07-21,privacy,0,6,146,105,108,108,143,0,0.5697211155378487
72-100-75,fixed,2025-07-28,billing,0,29,1549,1934,1044,1044,2439,890,0.7002583979328165
72-100-75,fixed,2025-07-28,technical,0,37,1452,2862,888,888,3426,1974,0.7941585535465925
72-100-75,fixed,2025-07-28,privacy,0,6,158,143,108,108,193,35,0.6411960132890365
72-100-75,fixed,2025-08-04,billing,0,29,1592,2439,1044,1044,2987,1395,0.7410071942446043
72-100-75,fixed,2025-08-04,technical,0,37,1516,3426,888,888,4054,2538,0.820315661675435
72-100-75,fixed,2025-08-04,privacy,0,6,172,193,108,108,257,85,0.7041095890410959
72-100-75,fixed,2025-08-11,billing,0,29,1442,2987,1044,1044,3385,1943,0.7642808760442538
72-100-75,fixed,2025-08-11,technical,0,37,1502,4054,888,888,4668,3166,0.8401727861771058
72-100-75,fixed,2025-08-11,privacy,0,6,151,257,108,108,300,149,0.7352941176470589
72-100-75,fixed,2025-08-18,billing,0,29,1442,3385,1044,1044,3783,2341,0.783716594157862
72-100-75,fixed,2025-08-18,technical,0,37,1369,4668,888,888,5149,3780,0.852907073049528
72-100-75,fixed,2025-08-18,privacy,0,6,165,300,108,108,357,192,0.7677419354838709
72-100-75,fixed,2025-08-25,billing,0,29,1489,3783,1044,1044,4228,2739,0.8019726858877086
72-100-75,fixed,2025-08-25,technical,0,37,1275,5149,888,888,5536,4261,0.8617683686176837
72-100-75,fixed,2025-08-25,privacy,0,6,130,357,108,108,379,249,0.7782340862422998
72-100-75,fixed,2025-09-01,billing,0,29,1465,4228,1044,1044,4649,3184,0.8166168979448446
72-100-75,fixed,2025-09-01,technical,0,37,1258,5536,888,888,5906,4648,0.869296438033559
72-100-75,fixed,2025-09-01,privacy,0,6,106,379,108,108,377,271,0.777319587628866
72-100-75,fixed,2025-09-08,billing,0,29,1506,4649,1044,1044,5111,3605,0.8303818034118603
72-100-75,fixed,2025-09-08,technical,0,37,1327,5906,888,888,6345,5018,0.8772293654085441
72-100-75,fixed,2025-09-08,privacy,0,6,114,377,108,108,383,269,0.780040733197556
72-100-75,adaptive,2025-06-23,billing,0,25,1510,0,900,900,610,0,0.40397350993377484
72-100-75,adaptive,2025-06-23,technical,0,41,1591,0,984,984,607,0,0.38152105593966057
72-100-75,adaptive,2025-06-23,privacy,0,6,152,0,108,108,44,0,0.2894736842105263
72-100-75,adaptive,2025-06-30,billing,0,26,1238,610,936,936,912,0,0.4935064935064935
72-100-75,adaptive,2025-06-30,technical,0,41,1356,607,984,984,979,0,0.4987264391237901
72-100-75,adaptive,2025-06-30,privacy,0,5,123,44,90,90,77,0,0.46107784431137727
72-100-75,adaptive,2025-07-07,billing,0,25,1572,912,900,900,1584,12,0.6376811594202898
72-100-75,adaptive,2025-07-07,technical,0,42,1490,979,1008,1008,1461,0,0.5917375455650061
72-100-75,adaptive,2025-07-07,privacy,0,5,128,77,90,90,115,0,0.5609756097560976
72-100-75,adaptive,2025-07-14,billing,0,28,1393,1584,1008,1008,1969,576,0.6614040980853207
72-100-75,adaptive,2025-07-14,technical,0,40,1449,1461,960,960,1950,501,0.6701030927835051
72-100-75,adaptive,2025-07-14,privacy,0,4,134,115,72,72,177,43,0.7108433734939759
72-100-75,adaptive,2025-07-21,billing,0,27,1441,1969,972,972,2438,997,0.7149560117302053
72-100-75,adaptive,2025-07-21,technical,0,40,1416,1950,960,960,2406,990,0.714795008912656
72-100-75,adaptive,2025-07-21,privacy,0,5,146,177,90,90,233,87,0.7213622291021672
72-100-75,adaptive,2025-07-28,billing,0,27,1549,2438,972,972,3015,1466,0.7562076749435666
72-100-75,adaptive,2025-07-28,technical,0,40,1452,2406,960,960,2898,1446,0.7511664074650077
72-100-75,adaptive,2025-07-28,privacy,0,5,158,233,90,90,301,143,0.7698209718670077
72-100-75,adaptive,2025-08-04,billing,0,27,1592,3015,972,972,3635,2043,0.7890167136965487
72-100-75,adaptive,2025-08-04,technical,0,39,1516,2898,936,936,3478,1962,0.7879474399637517
72-100-75,adaptive,2025-08-04,privacy,0,6,172,301,108,108,365,193,0.7716701902748414
72-100-75,adaptive,2025-08-11,billing,0,27,1442,3635,972,972,4105,2663,0.8085483553279496
72-100-75,adaptive,2025-08-11,technical,0,39,1502,3478,936,936,4044,2542,0.8120481927710843
72-100-75,adaptive,2025-08-11,privacy,0,6,151,365,108,108,408,257,0.7906976744186046
72-100-75,adaptive,2025-08-18,billing,0,27,1442,4105,972,972,4575,3133,0.8247701460248783
72-100-75,adaptive,2025-08-18,technical,0,40,1369,4044,960,960,4453,3084,0.8226491779050434
72-100-75,adaptive,2025-08-18,privacy,0,5,165,408,90,90,483,318,0.8429319371727748
72-100-75,adaptive,2025-08-25,billing,0,27,1489,4575,972,972,5092,3603,0.8397097625329816
72-100-75,adaptive,2025-08-25,technical,0,39,1275,4453,936,936,4792,3517,0.8365921787709497
72-100-75,adaptive,2025-08-25,privacy,0,6,130,483,108,108,505,375,0.8238172920065253
72-100-75,adaptive,2025-09-01,billing,0,28,1465,5092,1008,1008,5549,4084,0.846271160591734
72-100-75,adaptive,2025-09-01,technical,0,39,1258,4792,936,936,5114,3856,0.8452892561983472
72-100-75,adaptive,2025-09-01,privacy,0,5,106,505,90,90,521,415,0.8527004909983633
72-100-75,adaptive,2025-09-08,billing,0,28,1506,5549,1008,1008,6047,4541,0.8571226080793763
72-100-75,adaptive,2025-09-08,technical,0,39,1327,5114,936,936,5505,4178,0.8546809501630181
72-100-75,adaptive,2025-09-08,privacy,0,5,114,521,90,90,545,431,0.8582677165354331
72-100-75,optimized,2025-06-23,billing,0,25,1510,0,900,900,610,0,0.40397350993377484
72-100-75,optimized,2025-06-23,technical,0,41,1591,0,984,984,607,0,0.38152105593966057
72-100-75,optimized,2025-06-23,privacy,0,6,152,0,108,108,44,0,0.2894736842105263
72-100-75,optimized,2025-06-30,billing,0,26,1238,610,936,936,912,0,0.4935064935064935
72-100-75,optimized,2025-06-30,technical,0,41,1356,607,984,984,979,0,0.4987264391237901
72-100-75,optimized,2025-06-30,privacy,0,5,123,44,90,90,77,0,0.46107784431137727
72-100-75,optimized,2025-07-07,billing,0,26,1572,912,936,936,1548,0,0.6231884057971014
72-100-75,optimized,2025-07-07,technical,0,41,1490,979,984,984,1485,0,0.6014580801944107
72-100-75,optimized,2025-07-07,privacy,0,5,128,77,90,90,115,0,0.5609756097560976
72-100-75,optimized,2025-07-14,billing,0,28,1393,1548,1008,1008,1933,540,0.657259435566134
72-100-75,optimized,2025-07-14,technical,0,39,1449,1485,936,936,1998,549,0.6809815950920245
72-100-75,optimized,2025-07-14,privacy,0,5,134,115,90,90,159,25,0.6385542168674698
72-100-75,optimized,2025-07-21,billing,0,26,1441,1933,936,936,2438,997,0.7225844694724363
72-100-75,optimized,2025-07-21,technical,0,41,1416,1998,984,984,2430,1014,0.7117750439367311
72-100-75,optimized,2025-07-21,privacy,0,5,146,159,90,90,215,69,0.7049180327868853
72-100-75,optimized,2025-07-28,billing,0,27,1549,2438,972,972,3015,1466,0.7562076749435666
72-100-75,optimized,2025-07-28,technical,0,40,1452,2430,960,960,2922,1470,0.7527047913446677
72-100-75,optimized,2025-07-28,privacy,0,5,158,215,90,90,283,125,0.7587131367292225
72-100-75,optimized,2025-08-04,billing,0,27,1592,3015,972,972,3635,2043,0.7890167136965487
72-100-75,optimized,2025-08-04,technical,0,39,1516,2922,936,936,3502,1986,0.7890941865705272
72-100-75,optimized,2025-08-04,privacy,0,6,172,283,108,108,347,175,0.7626373626373626
72-100-75,optimized,2025-08-11,billing,0,27,1442,3635,972,972,4105,2663,0.8085483553279496
72-100-75,optimized,2025-08-11,technical,0,39,1502,3502,936,936,4068,2566,0.8129496402877698
72-100-75,optimized,2025-08-11,privacy,0,6,151,347,108,108,390,239,0.7831325301204819
72-100-75,optimized,2025-08-18,billing,0,26,1442,4105,936,936,4611,3169,0.8312601406165495
72-100-75,optimized,2025-08-18,technical,0,40,1369,4068,960,960,4477,3108,0.8234320397277911
72-100-75,optimized,2025-08-18,privacy,0,6,165,390,108,108,447,282,0.8054054054054054
72-100-75,optimized,2025-08-25,billing,0,27,1489,4611,972,972,5128,3639,0.8406557377049181
72-100-75,optimized,2025-08-25,technical,0,39,1275,4477,936,936,4816,3541,0.8372739916550765
72-100-75,optimized,2025-08-25,privacy,0,6,130,447,108,108,469,339,0.8128249566724437
72-100-75,optimized,2025-09-01,billing,0,28,1465,5128,1008,1008,5585,4120,0.8471105718185955
72-100-75,optimized,2025-09-01,technical,0,39,1258,4816,936,936,5138,3880,0.8459005597629239
72-100-75,optimized,2025-09-01,privacy,0,5,106,469,90,90,485,379,0.8434782608695652
72-100-75,optimized,2025-09-08,billing,0,28,1506,5585,1008,1008,6083,4577,0.857847976307996
72-100-75,optimized,2025-09-08,technical,0,39,1327,5138,936,936,5529,4202,0.8552204176334107
72-100-75,optimized,2025-09-08,privacy,0,5,114,485,90,90,509,395,0.8497495826377296
72-100-75,hindsight,2025-06-23,billing,0,26,1510,0,936,936,574,0,0.3801324503311258
72-100-75,hindsight,2025-06-23,technical,0,40,1591,0,960,960,631,0,0.3966059082338152
72-100-75,hindsight,2025-06-23,privacy,0,6,152,0,108,108,44,0,0.2894736842105263
72-100-75,hindsight,2025-06-30,billing,0,25,1238,574,900,900,912,0,0.5033112582781457
72-100-75,hindsight,2025-06-30,technical,0,42,1356,631,1008,1008,979,0,0.49270256668344237
72-100-75,hindsight,2025-06-30,privacy,0,5,123,44,90,90,77,0,0.46107784431137727
72-100-75,hindsight,2025-07-07,billing,0,27,1572,912,972,972,1512,0,0.6086956521739131
72-100-75,hindsight,2025-07-07,technical,0,40,1490,979,960,960,1509,19,0.6111786148238153
72-100-75,hindsight,2025-07-07,privacy,0,5,128,77,90,90,115,0,0.5609756097560976
72-100-75,hindsight,2025-07-14,billing,0,27,1393,1512,972,972,1933,540,0.6654044750430292
72-100-75,hindsight,2025-07-14,technical,0,40,1449,1509,960,960,1998,549,0.6754563894523327
72-100-75,hindsight,2025-07-14,privacy,0,5,134,115,90,90,159,25,0.6385542168674698
72-100-75,hindsight,2025-07-21,billing,0,27,1441,1933,972,972,2402,961,0.7119146413752223
72-100-75,hindsight,2025-07-21,technical,0,40,1416,1998,960,960,2454,1038,0.718804920913884
72-100-75,hindsight,2025-07-21,privacy,0,5,146,159,90,90,215,69,0.7049180327868853
72-100-75,hindsight,2025-07-28,billing,0,27,1549,2402,972,972,2979,1430,0.7539863325740319
72-100-75,hindsight,2025-07-28,technical,0,40,1452,2454,960,960,2946,1494,0.7542242703533026
72-100-75,hindsight,2025-07-28,privacy,0,5,158,215,90,90,283,125,0.7587131367292225
72-100-75,hindsight,2025-08-04,billing,0,27,1592,2979,972,972,3599,2007,0.7873550645373004
72-100-75,hindsight,2025-08-04,technical,0,39,1516,2946,936,936,3526,2010,0.7902285970416854
72-100-75,hindsight,2025-08-04,privacy,0,6,172,283,108,108,347,175,0.7626373626373626
72-100-75,hindsight,2025-08-11,billing,0,27,1442,3599,972,972,4069,2627,0.807181114858163
72-100-75,hindsight,2025-08-11,technical,0,39,1502,3526,936,936,4092,2590,0.8138424821002387
72-100-75,hindsight,2025-08-11,privacy,0,6,151,347,108,108,390,239,0.7831325301204819
72-100-75,hindsight,2025-08-18,billing,0,27,1442,4069,972,972,4539,3097,0.8236254763200871
72-100-75,hindsight,2025-08-18,technical,0,39,1369,4092,936,936,4525,3156,0.8286028199963377
72-100-75,hindsight,2025-08-18,privacy,0,6,165,390,108,108,447,282,0.8054054054054054
72-100-75,hindsight,2025-08-25,billing,0,27,1489,4539,972,972,5056,3567,0.8387524883875249
72-100-75,hindsight,2025-08-25,technical,0,39,1275,4525,936,936,4864,3589,0.8386206896551724
72-100-75,hindsight,2025-08-25,privacy,0,6,130,447,108,108,469,339,0.8128249566724437
72-100-75,hindsight,2025-09-01,billing,0,28,1465,5056,1008,1008,5513,4048,0.8454224812145377
72-100-75,hindsight,2025-09-01,technical,0,39,1258,4864,936,936,5186,3928,0.847108787977785
72-100-75,hindsight,2025-09-01,privacy,0,5,106,469,90,90,485,379,0.8434782608695652
72-100-75,hindsight,2025-09-08,billing,0,28,1506,5513,1008,1008,6011,4505,0.8563897991166833
72-100-75,hindsight,2025-09-08,technical,0,39,1327,5186,936,936,5577,4250,0.8562874251497006
72-100-75,hindsight,2025-09-08,privacy,0,5,114,485,90,90,509,395,0.8497495826377296
72-100-100,fixed,2025-06-23,billing,0,29,1510,0,1392,1392,118,0,0.0781456953642384
72-100-100,fixed,2025-06-23,technical,0,37,1591,0,1184,1184,407,0,0.2558139534883721
72-100-100,fixed,2025-06-23,privacy,0,6,152,0,144,144,8,0,0.05263157894736842
72-100-100,fixed,2025-06-30,billing,0,29,1238,118,1392,1356,0,0,0.0
72-100-100,fixed,2025-06-30,technical,0,37,1356,407,1184,1184,579,0,0.3284174702212138
72-100-100,fixed,2025-06-30,privacy,0,6,123,8,144,131,0,0,0.0
72-100-100,fixed,2025-07-07,billing,0,29,1572,0,1392,1392,180,0,0.11450381679389313
72-100-100,fixed,2025-07-07,technical,0,37,1490,579,1184,1184,885,0,0.4277428709521508
72-100-100,fixed,2025-07-07,privacy,0,6,128,0,144,128,0,0,0.0
72-100-100,fixed,2025-07-14,billing,0,29,1393,180,1392,1392,181,0,0.11506675143038779
72-100-100,fixed,2025-07-14,technical,0,37,1449,885,1184,1184,1150,0,0.49271636675235647
72-100-100,fixed,2025-07-14,privacy,0,6,134,0,144,134,0,0,0.0
72-100-100,fixed,2025-07-21,billing,0,29,1441,181,1392,1392,230,0,0.14180024660912455
72-100-100,fixed,2025-07-21,technical,0,37,1416,1150,1184,1184,1382,0,0.5385814497272019
72-100-100,fixed,2025-07-21,privacy,0,6,146,0,144,144,2,0,0.0136986301369863
72-100-100,fixed,2025-07-28,billing,0,29,1549,230,1392,1392,387,0,0.2175379426644182
72-100-100,fixed,2025-07-28,technical,0,37,1452,1382,1184,1184,1650,198,0.5822159491884262
72-100-100,fixed,2025-07-28,privacy,0,6,158,2,144,144,16,0,0.1
72-100-100,fixed,2025-08-04,billing,0,29,1592,387,1392,1392,587,0,0.2966144517433047
72-100-100,fixed,2025-08-04,technical,0,37,1516,1650,1184,1184,1982,466,0.626026531901453
72-100-100,fixed,2025-08-04,privacy,0,6,172,16,144,144,44,0,0.23404255319148937
72-100-100,fixed,2025-08-11,billing,0,29,1442,587,1392,1392,637,0,0.3139477575160177
72-100-100,fixed,2025-08-11,technical,0,37,1502,1982,1184,1184,2300,798,0.6601607347876005
72-100-100,fixed,2025-08-11,privacy,0,6,151,44,144,144,51,0,0.26153846153846155
72-100-100,fixed,2025-08-18,billing,0,29,1442,637,1392,1392,687,0,0.33044733044733043
72-100-100,fixed,2025-08-18,technical,0,37,1369,2300,1184,1184,2485,1116,0.6772962660125375
72-100-100,fixed,2025-08-18,privacy,0,6,165,51,144,144,72,0,0.3333333333333333
72-100-100,fixed,2025-08-25,billing,0,29,1489,687,1392,1392,784,0,0.3602941176470588
72-100-100,fixed,2025-08-25,technical,0,37,1275,2485,1184,1184,2576,1301,0.6851063829787234
72-100-100,fixed,2025-08-25,privacy,0,6,130,72,144,144,58,0,0.2871287128712871
72-100-100,fixed,2025-09-01,billing,0,29,1465,784,1392,1392,857,0,0.3810582481102712
72-100-100,fixed,2025-09-01,technical,0,37,1258,2576,1184,1184,2650,1392,0.6911841418883672
72-100-100,fixed,2025-09-01,privacy,0,6,106,58,144,144,20,0,0.12195121951219512
72-100-100,fixed,2025-09-08,billing,0,29,1506,857,1392,1392,971,0,0.41091832416419805
72-100-100,fixed,2025-09-08,technical,0,37,1327,2650,1184,1184,2793,1466,0.7022881569021876
72-100-100,fixed,2025-09-08,privacy,0,6,114,20,144,134,0,0,0.0
72-100-100,adaptive,2025-06-23,billing,0,25,1510,0,1200,1200,310,0,0.2052980132450331
72-100-100,adaptive,2025-06-23,technical,0,41,1591,0,1312,1312,279,0,0.17536140791954746
72-100-100,adaptive,2025-06-23,privacy,0,6,152,0,144,144,8,0,0.05263157894736842
72-100-100,adaptive,2025-06-30,billing,0,26,1238,310,1248,1248,300,0,0.1937984496124031
72-100-100,adaptive,2025-06-30,technical,0,41,1356,279,1312,1312,323,0,0.19755351681957187
72-100-100,adaptive,2025-06-30,privacy,0,5,123,8,120,120,11,0,0.08396946564885496
72-100-100,adaptive,2025-07-07,billing,0,26,1572,300,1248,1248,624,0,0.3333333333333333
72-100-100,adaptive,2025-07-07,technical,0,42,1490,323,1344,1344,469,0,0.25868725868725867
72-100-100,adaptive,2025-07-07,privacy,0,4,128,11,96,96,43,0,0.30935251798561153
72-100-100,adaptive,2025-07-14,billing,0,29,1393,624,1392,1392,625,0,0.3098661378284581
72-100-100,adaptive,2025-07-14,technical,0,39,1449,469,1248,1248,670,0,0.34932221063607927
72-100-100,adaptive,2025-07-14,privacy,0,4,134,43,96,96,81,0,0.4576271186440678
72-100-100,adaptive,2025-07-21,billing,0,26,1441,625,1248,1248,818,0,0.3959341723136496
72-100-100,adaptive,2025-07-21,technical,0,41,1416,670,1312,1312,774,0,0.3710450623202301
72-100-100,adaptive,2025-07-21,privacy,0,5,146,81,120,120,107,0,0.4713656387665198
72-100-100,adaptive,2025-07-28,billing,0,27,1549,818,1296,1296,1071,0,0.4524714828897338
72-100-100,adaptive,2025-07-28,technical,0,39,1452,774,1248,1248,978,0,0.4393530997304582
72-100-100,adaptive,2025-07-28,privacy,0,6,158,107,144,144,121,0,0.45660377358490567
72-100-100,adaptive,2025-08-04,billing,0,28,1592,1071,1344,1344,1319,0,0.49530604581299287
72-100-100,adaptive,2025-08-04,technical,0,38,1516,978,1216,1216,1278,0,0.51242983159583
72-100-100,adaptive,2025-08-04,privacy,0,6,172,121,144,144,149,0,0.5085324232081911
72-100-100,adaptive,2025-08-11,billing,0,27,1442,1319,1296,1296,1465,23,0.5306048533140166
72-100-100,adaptive,2025-08-11,technical,0,39,1502,1278,1248,1248,1532,30,0.5510791366906475
72-100-100,adaptive,2025-08-11,privacy,0,6,151,149,144,144,156,5,0.52
72-100-100,adaptive,2025-08-18,billing,0,26,1442,1465,1248,1248,1659,217,0.5706914344685242
72-100-100,adaptive,2025-08-18,technical,0,41,1369,1532,1312,1312,1589,220,0.5477421578765943
72-100-100,adaptive,2025-08-18,privacy,0,5,165,156,120,120,201,36,0.6261682242990654
72-100-100,adaptive,2025-08-25,billing,0,27,1489,1659,1296,1296,1852,363,0.5883100381194409
72-100-100,adaptive,2025-08-25,technical,0,39,1275,1589,1248,1248,1616,341,0.5642458100558659
72-100-100,adaptive,2025-08-25,privacy,0,6,130,201,144,144,187,57,0.5649546827794562
72-100-100,adaptive,2025-09-01,billing,0,29,1465,1852,1392,1392,1925,460,0.5803436840518541
72-100-100,adaptive,2025-09-01,technical,0,38,1258,1616,1216,1216,1658,400,0.5768963117606124
72-100-100,adaptive,2025-09-01,privacy,0,5,106,187,120,120,173,67,0.590443686006826
72-100-100,adaptive,2025-09-08,billing,0,29,1506,1925,1392,1392,2039,533,0.594287379772661
72-100-100,adaptive,2025-09-08,technical,0,38,1327,1658,1216,1216,1769,442,0.5926298157453936
72-100-100,adaptive,2025-09-08,privacy,0,5,114,173,120,120,167,53,0.5818815331010453
72-100-100,optimized,2025-06-23,billing,0,25,1510,0,1200,1200,310,0,0.2052980132450331
72-100-100,optimized,2025-06-23,technical,0,41,1591,0,1312,1312,279,0,0.17536140791954746
72-100-100,optimized,2025-06-23,privacy,0,6,152,0,144,144,8,0,0.05263157894736842
72-100-100,optimized,2025-06-30,billing,0,26,1238,310,1248,1248,300,0,0.1937984496124031
72-100-100,optimized,2025-06-30,technical,0,41,1356,279,1312,1312,323,0,0.19755351681957187
72-100-100,optimized,2025-06-30,privacy,0,5,123,8,120,120,11,0,0.08396946564885496
72-100-100,optimized,2025-07-07,billing,0,26,1572,300,1248,1248,624,0,0.3333333333333333
72-100-100,optimized,2025-07-07,technical,0,41,1490,323,1312,1312,501,0,0.2763375620518478
72-100-100,optimized,2025-07-07,privacy,0,5,128,11,120,120,19,0,0.1366906474820144
72-100-100,optimized,2025-07-14,billing,0,29,1393,624,1392,1392,625,0,0.3098661378284581
72-100-100,optimized,2025-07-14,technical,0,39,1449,501,1248,1248,702,0,0.36
72-100-100,optimized,2025-07-14,privacy,0,4,134,19,96,96,57,0,0.37254901960784315
72-100-100,optimized,2025-07-21,billing,0,26,1441,625,1248,1248,818,0,0.3959341723136496
72-100-100,optimized,2025-07-21,technical,0,41,1416,702,1312,1312,806,0,0.380547686496695
72-100-100,optimized,2025-07-21,privacy,0,5,146,57,120,120,83,0,0.4088669950738916
72-100-100,optimized,2025-07-28,billing,0,27,1549,818,1296,1296,1071,0,0.4524714828897338
72-100-100,optimized,2025-07-28,technical,0,39,1452,806,1248,1248,1010,0,0.44729849424269263
72-100-100,optimized,2025-07-28,privacy,0,6,158,83,144,144,97,0,0.4024896265560166
72-100-100,optimized,2025-08-04,billing,0,27,1592,1071,1296,1296,1367,0,0.5133308298911002
72-100-100,optimized,2025-08-04,technical,0,39,1516,1010,1248,1248,1278,0,0.505938242280285
72-100-100,optimized,2025-08-04,privacy,0,6,172,97,144,144,125,0,0.4646840148698885
72-100-100,optimized,2025-08-11,billing,0,27,1442,1367,1296,1296,1513,71,0.538625845496618
72-100-100,optimized,2025-08-11,technical,0,39,1502,1278,1248,1248,1532,30,0.5510791366906475
72-100-100,optimized,2025-08-11,privacy,0,6,151,125,144,144,132,0,0.4782608695652174
72-100-100,optimized,2025-08-18,billing,0,26,1442,1513,1248,1248,1707,265,0.5776649746192893
72-100-100,optimized,2025-08-18,technical,0,41,1369,1532,1312,1312,1589,220,0.5477421578765943
72-100-100,optimized,2025-08-18,privacy,0,5,165,132,120,120,177,12,0.5959595959595959
72-100-100,optimized,2025-08-25,billing,0,27,1489,1707,1296,1296,1900,411,0.5944931163954944
72-100-100,optimized,2025-08-25,technical,0,39,1275,1589,1248,1248,1616,341,0.5642458100558659
72-100-100,optimized,2025-08-25,privacy,0,6,130,177,144,144,163,33,0.5309446254071661
72-100-100,optimized,2025-09-01,billing,0,29,1465,1900,1392,1392,1973,508,0.5863298662704309
72-100-100,optimized,2025-09-01,technical,0,38,1258,1616,1216,1216,1658,400,0.5768963117606124
72-100-100,optimized,2025-09-01,privacy,0,5,106,163,120,120,149,43,0.5539033457249071
72-100-100,optimized,2025-09-08,billing,0,30,1506,1973,1440,1440,2039,533,0.5860879563092842
72-100-100,optimized,2025-09-08,technical,0,37,1327,1658,1184,1184,1801,474,0.6033500837520938
72-100-100,optimized,2025-09-08,privacy,0,5,114,149,120,120,143,29,0.5437262357414449
72-100-100,hindsight,2025-06-23,billing,0,26,1510,0,1248,1248,262,0,0.17350993377483442
72-100-100,hindsight,2025-06-23,technical,0,40,1591,0,1280,1280,311,0,0.19547454431175362
72-100-100,hindsight,2025-06-23,privacy,0,6,152,0,144,144,8,0,0.05263157894736842
72-100-100,hindsight,2025-06-30,billing,0,25,1238,262,1200,1200,300,0,0.2
72-100-100,hindsight,2025-06-30,technical,0,42,1356,311,1344,1344,323,0,0.19376124775044992
72-100-100,hindsight,2025-06-30,privacy,0,5,123,8,120,120,11,0,0.08396946564885496
72-100-100,hindsight,2025-07-07,billing,0,27,1572,300,1296,1296,576,0,0.3076923076923077
72-100-100,hindsight,2025-07-07,technical,0,40,1490,323,1280,1280,533,0,0.29398786541643684
72-100-100,hindsight,2025-07-07,privacy,0,5,128,11,120,120,19,0,0.1366906474820144
72-100-100,hindsight,2025-07-14,billing,0,27,1393,576,1296,1296,673,0,0.3417978669375317
72-100-100,hindsight,2025-07-14,technical,0,40,1449,533,1280,1280,702,0,0.35418768920282545
72-100-100,hindsight,2025-07-14,privacy,0,5,134,19,120,120,33,0,0.21568627450980393
72-100-100,hindsight,2025-07-21,billing,0,27,1441,673,1296,1296,818,0,0.3869441816461684
72-100-100,hindsight,2025-07-21,technical,0,40,1416,702,1280,1280,838,0,0.39565627950897075
72-100-100,hindsight,2025-07-21,privacy,0,5,146,33,120,120,59,0,0.329608938547486
72-100-100,hindsight,2025-07-28,billing,0,27,1549,818,1296,1296,1071,0,0.4524714828897338
72-100-100,hindsight,2025-07-28,technical,0,40,1452,838,1280,1280,1010,0,0.4410480349344978
72-100-100,hindsight,2025-07-28,privacy,0,5,158,59,120,120,97,0,0.4470046082949309
72-100-100,hindsight,2025-08-04,billing,0,27,1592,1071,1296,1296,1367,0,0.5133308298911002
72-100-100,hindsight,2025-08-04,technical,0,39,1516,1010,1248,1248,1278,0,0.505938242280285
72-100-100,hindsight,2025-08-04,privacy,0,6,172,97,144,144,125,0,0.4646840148698885
72-100-100,hindsight,2025-08-11,billing,0,27,1442,1367,1296,1296,1513,71,0.538625845496618
72-100-100,hindsight,2025-08-11,technical,0,39,1502,1278,1248,1248,1532,30,0.5510791366906475
72-100-100,hindsight,2025-08-11,privacy,0,6,151,125,144,144,132,0,0.4782608695652174
72-100-100,hindsight,2025-08-18,billing,0,27,1442,1513,1296,1296,1659,217,0.5614213197969543
72-100-100,hindsight,2025-08-18,technical,0,39,1369,1532,1248,1248,1653,284,0.5698035160289555
72-100-100,hindsight,2025-08-18,privacy,0,6,165,132,144,144,153,0,0.5151515151515151
72-100-100,hindsight,2025-08-25,billing,0,28,1489,1659,1344,1344,1804,315,0.5730622617534943
72-100-100,hindsight,2025-08-25,technical,0,39,1275,1653,1248,1248,1680,405,0.5737704918032787
72-100-100,hindsight,2025-08-25,privacy,0,5,130,153,120,120,163,33,0.5759717314487632
72-100-100,hindsight,2025-09-01,billing,0,29,1465,1804,1392,1392,1877,412,0.5741817069440196
72-100-100,hindsight,2025-09-01,technical,0,38,1258,1680,1216,1216,1722,464,0.5861130020422056
72-100-100,hindsight,2025-09-01,privacy,0,5,106,163,120,120,149,43,0.5539033457249071
72-100-100,hindsight,2025-09-08,billing,0,29,1506,1877,1392,1392,1991,485,0.5885308897428319
72-100-100,hindsight,2025-09-08,technical,0,38,1327,1722,1216,1216,1833,506,0.6011807149885209
72-100-100,hindsight,2025-09-08,privacy,0,5,114,149,120,120,143,29,0.5437262357414449
72-100-125,fixed,2025-06-23,billing,0,29,1510,0,1740,1510,0,0,0.0
72-100-125,fixed,2025-06-23,technical,0,37,1591,0,1480,1480,111,0,0.06976744186046512
72-100-125,fixed,2025-06-23,privacy,0,6,152,0,180,152,0,0,0.0
72-100-125,fixed,2025-06-30,billing,0,29,1238,0,1740,1238,0,0,0.0
72-100-125,fixed,2025-06-30,technical,0,37,1356,111,1480,1467,0,0,0.0
72-100-125,fixed,2025-06-30,privacy,0,6,123,0,180,123,0,0,0.0
72-100-125,fixed,2025-07-07,billing,0,29,1572,0,1740,1572,0,0,0.0
72-100-125,fixed,2025-07-07,technical,0,37,1490,0,1480,1480,10,0,0.006711409395973154
72-100-125,fixed,2025-07-07,privacy,0,6,128,0,180,128,0,0,0.0
72-100-125,fixed,2025-07-14,billing,0,29,1393,0,1740,1393,0,0,0.0
72-100-125,fixed,2025-07-14,technical,0,37,1449,10,1480,1459,0,0,0.0
72-100-125,fixed,2025-07-14,privacy,0,6,134,0,180,134,0,0,0.0
72-100-125,fixed,2025-07-21,billing,0,29,1441,0,1740,1441,0,0,0.0
72-100-125,fixed,2025-07-21,technical,0,37,1416,0,1480,1416,0,0,0.0
72-100-125,fixed,2025-07-21,privacy,0,6,146,0,180,146,0,0,0.0
72-100-125,fixed,2025-07-28,billing,0,29,1549,0,1740,1549,0,0,0.0
72-100-125,fixed,2025-07-28,technical,0,37,1452,0,1480,1452,0,0,0.0
72-100-125,fixed,2025-07-28,privacy,0,6,158,0,180,158,0,0,0.0
72-100-125,fixed,2025-08-04,billing,0,29,1592,0,1740,1592,0,0,0.0
72-100-125,fixed,2025-08-04,technical,0,37,1516,0,1480,1480,36,0,0.023746701846965697
72-100-125,fixed,2025-08-04,privacy,0,6,172,0,180,172,0,0,0.0
72-100-125,fixed,2025-08-11,billing,0,29,1442,0,1740,1442,0,0,0.0
72-100-125,fixed,2025-08-11,technical,0,37,1502,36,1480,1480,58,0,0.0377113133940182
72-100-125,fixed,2025-08-11,privacy,0,6,151,0,180,151,0,0,0.0
72-100-125,fixed,2025-08-18,billing,0,29,1442,0,1740,1442,0,0,0.0
72-100-125,fixed,2025-08-18,technical,0,37,1369,58,1480,1427,0,0,0.0
72-100-125,fixed,2025-08-18,privacy,0,6,165,0,180,165,0,0,0.0
72-100-125,fixed,2025-08-25,billing,0,29,1489,0,1740,1489,0,0,0.0
72-100-125,fixed,2025-08-25,technical,0,37,1275,0,1480,1275,0,0,0.0
72-100-125,fixed,2025-08-25,privacy,0,6,130,0,180,130,0,0,0.0
72-100-125,fixed,2025-09-01,billing,0,29,1465,0,1740,1465,0,0,0.0
72-100-125,fixed,2025-09-01,technical,0,37,1258,0,1480,1258,0,0,0.0
72-100-125,fixed,2025-09-01,privacy,0,6,106,0,180,106,0,0,0.0
72-100-125,fixed,2025-09-08,billing,0,29,1506,0,1740,1506,0,0,0.0
72-100-125,fixed,2025-09-08,technical,0,37,1327,0,1480,1327,0,0,0.0
72-100-125,fixed,2025-09-08,privacy,0,6,114,0,180,114,0,0,0.0
72-100-125,adaptive,2025-06-23,billing,0,25,1510,0,1500,1500,10,0,0.006622516556291391
72-100-125,adaptive,2025-06-23,technical,0,41,1591,0,1640,1591,0,0,0.0
72-100-125,adaptive,2025-06-23,privacy,0,6,152,0,180,152,0,0,0.0
72-100-125,adaptive,2025-06-30,billing,0,26,1238,10,1560,1248,0,0,0.0
72-100-125,adaptive,2025-06-30,technical,0,41,1356,0,1640,1356,0,0,0.0
72-100-125,adaptive,2025-06-30,privacy,0,5,123,0,150,123,0,0,0.0
72-100-125,adaptive,2025-07-07,billing,0,25,1572,0,1500,1500,72,0,0.04580152671755725
72-100-125,adaptive,2025-07-07,technical,0,42,1490,0,1680,1490,0,0,0.0
72-100-125,adaptive,2025-07-07,privacy,0,5,128,0,150,128,0,0,0.0
72-100-125,adaptive,2025-07-14,billing,0,29,1393,72,1740,1465,0,0,0.0
72-100-125,adaptive,2025-07-14,technical,0,39,1449,0,1560,1449,0,0,0.0
72-100-125,adaptive,2025-07-14,privacy,0,4,134,0,120,120,14,0,0.1044776119402985
72-100-125,adaptive,2025-07-21,billing,0,26,1441,0,1560,1441,0,0,0.0
72-100-125,adaptive,2025-07-21,technical,0,40,1416,0,1600,1416,0,0,0.0
72-100-125,adaptive,2025-07-21,privacy,0,6,146,14,180,160,0,0,0.0
72-100-125,adaptive,2025-07-28,billing,0,27,1549,0,1620,1549,0,0,0.0
72-100-125,adaptive,2025-07-28,technical,0,40,1452,0,1600,1452,0,0,0.0
72-100-125,adaptive,2025-07-28,privacy,0,5,158,0,150,150,8,0,0.05063291139240506
72-100-125,adaptive,2025-08-04,billing,0,27,1592,0,1620,1592,0,0,0.0
72-100-125,adaptive,2025-08-04,technical,0,39,1516,0,1560,1516,0,0,0.0
72-100-125,adaptive,2025-08-04,privacy,0,6,172,8,180,180,0,0,0.0
72-100-125,adaptive,2025-08-11,billing,0,27,1442,0,1620,1442,0,0,0.0
72-100-125,adaptive,2025-08-11,technical,0,39,1502,0,1560,1502,0,0,0.0
72-100-125,adaptive,2025-08-11,privacy,0,6,151,0,180,151,0,0,0.0
72-100-125,adaptive,2025-08-18,billing,0,26,1442,0,1560,1442,0,0,0.0
72-100-125,adaptive,2025-08-18,technical,0,41,1369,0,1640,1369,0,0,0.0
72-100-125,adaptive,2025-08-18,privacy,0,5,165,0,150,150,15,0,0.09090909090909091
72-100-125,adaptive,2025-08-25,billing,0,27,1489,0,1620,1489,0,0,0.0
72-100-125,adaptive,2025-08-25,technical,0,38,1275,0,1520,1275,0,0,0.0
72-100-125,adaptive,2025-08-25,privacy,0,7,130,15,210,145,0,0,0.0
72-100-125,adaptive,2025-09-01,billing,0,29,1465,0,1740,1465,0,0,0.0
72-100-125,adaptive,2025-09-01,technical,0,38,1258,0,1520,1258,0,0,0.0
72-100-125,adaptive,2025-09-01,privacy,0,5,106,0,150,106,0,0,0.0
72-100-125,adaptive,2025-09-08,billing,0,30,1506,0,1800,1506,0,0,0.0
72-100-125,adaptive,2025-09-08,technical,0,38,1327,0,1520,1327,0,0,0.0
72-100-125,adaptive,2025-09-08,privacy,0,4,114,0,120,114,0,0,0.0
72-100-125,optimized,2025-06-23,billing,0,22,1510,0,1320,1320,190,0,0.12582781456953643
72-100-125,optimized,2025-06-23,technical,0,35,1591,0,1400,1400,191,0,0.12005028284098052
72-100-125,optimized,2025-06-23,privacy,0,15,152,0,450,152,0,0,0.0
72-100-125,optimized,2025-06-30,billing,0,26,1238,190,1560,1428,0,0,0.0
72-100-125,optimized,2025-06-30,technical,0,41,1356,191,1640,1547,0,0,0.0
72-100-125,optimized,2025-06-30,privacy,0,5,123,0,150,123,0,0,0.0
72-100-125,optimized,2025-07-07,billing,0,26,1572,0,1560,1560,12,0,0.007633587786259542
72-100-125,optimized,2025-07-07,technical,0,41,1490,0,1640,1490,0,0,0.0
72-100-125,optimized,2025-07-07,privacy,0,5,128,0,150,128,0,0,0.0
72-100-125,optimized,2025-07-14,billing,0,27,1393,12,1620,1405,0,0,0.0
72-100-125,optimized,2025-07-14,technical,0,40,1449,0,1600,1449,0,0,0.0
72-100-125,optimized,2025-07-14,privacy,0,5,134,0,150,134,0,0,0.0
72-100-125,optimized,2025-07-21,billing,0,27,1441,0,1620,1441,0,0,0.0
72-100-125,optimized,2025-07-21,technical,0,40,1416,0,1600,1416,0,0,0.0
72-100-125,optimized,2025-07-21,privacy,0,5,146,0,150,146,0,0,0.0
72-100-125,optimized,2025-07-28,billing,0,27,1549,0,1620,1549,0,0,0.0
72-100-125,optimized,2025-07-28,technical,0,40,1452,0,1600,1452,0,0,0.0
72-100-125,optimized,2025-07-28,privacy,0,5,158,0,150,150,8,0,0.05063291139240506
72-100-125,optimized,2025-08-04,billing,0,26,1592,0,1560,1560,32,0,0.020100502512562814
72-100-125,optimized,2025-08-04,technical,0,40,1516,0,1600,1516,0,0,0.0
72-100-125,optimized,2025-08-04,privacy,0,6,172,8,180,180,0,0,0.0
72-100-125,optimized,2025-08-11,billing,0,28,1442,32,1680,1474,0,0,0.0
72-100-125,optimized,2025-08-11,technical,0,38,1502,0,1520,1502,0,0,0.0
72-100-125,optimized,2025-08-11,privacy,0,6,151,0,180,151,0,0,0.0
72-100-125,optimized,2025-08-18,billing,0,28,1442,0,1680,1442,0,0,0.0
72-100-125,optimized,2025-08-18,technical,0,38,1369,0,1520,1369,0,0,0.0
72-100-125,optimized,2025-08-18,privacy,0,6,165,0,180,165,0,0,0.0
72-100-125,optimized,2025-08-25,billing,0,28,1489,0,1680,1489,0,0,0.0
72-100-125,optimized,2025-08-25,technical,0,38,1275,0,1520,1275,0,0,0.0
72-100-125,optimized,2025-08-25,privacy,0,6,130,0,180,130,0,0,0.0
72-100-125,optimized,2025-09-01,billing,0,28,1465,0,1680,1465,0,0,0.0
72-100-125,optimized,2025-09-01,technical,0,38,1258,0,1520,1258,0,0,0.0
72-100-125,optimized,2025-09-01,privacy,0,6,106,0,180,106,0,0,0.0
72-100-125,optimized,2025-09-08,billing,0,28,1506,0,1680,1506,0,0,0.0
72-100-125,optimized,2025-09-08,technical,0,38,1327,0,1520,1327,0,0,0.0
72-100-125,optimized,2025-09-08,privacy,0,6,114,0,180,114,0,0,0.0
72-100-125,hindsight,2025-06-23,billing,0,26,1510,0,1560,1510,0,0,0.0
72-100-125,hindsight,2025-06-23,technical,0,40,1591,0,1600,1591,0,0,0.0
72-100-125,hindsight,2025-06-23,privacy,0,6,152,0,180,152,0,0,0.0
72-100-125,hindsight,2025-06-30,billing,0,26,1238,0,1560,1238,0,0,0.0
72-100-125,hindsight,2025-06-30,technical,0,40,1356,0,1600,1356,0,0,0.0
72-100-125,hindsight,2025-06-30,privacy,0,6,123,0,180,123,0,0,0.0
72-100-125,hindsight,2025-07-07,billing,0,27,1572,0,1620,1572,0,0,0.0
72-100-125,hindsight,2025-07-07,technical,0,39,1490,0,1560,1490,0,0,0.0
72-100-125,hindsight,2025-07-07,privacy,0,6,128,0,180,128,0,0,0.0
72-100-125,hindsight,2025-07-14,billing,0,27,1393,0,1620,1393,0,0,0.0
72-100-125,hindsight,2025-07-14,technical,0,39,1449,0,1560,1449,0,0,0.0
72-100-125,hindsight,2025-07-14,privacy,0,6,134,0,180,134,0,0,0.0
72-100-125,hindsight,2025-07-21,billing,0,27,1441,0,1620,1441,0,0,0.0
72-100-125,hindsight,2025-07-21,technical,0,39,1416,0,1560,1416,0,0,0.0
72-100-125,hindsight,2025-07-21,privacy,0,6,146,0,180,146,0,0,0.0
72-100-125,hindsight,2025-07-28,billing,0,27,1549,0,1620,1549,0,0,0.0
72-100-125,hindsight,2025-07-28,technical,0,39,1452,0,1560,1452,0,0,0.0
72-100-125,hindsight,2025-07-28,privacy,0,6,158,0,180,158,0,0,0.0
72-100-125,hindsight,2025-08-04,billing,0,27,1592,0,1620,1592,0,0,0.0
72-100-125,hindsight,2025-08-04,technical,0,39,1516,0,1560,1516,0,0,0.0
72-100-125,hindsight,2025-08-04,privacy,0,6,172,0,180,172,0,0,0.0
72-100-125,hindsight,2025-08-11,billing,0,27,1442,0,1620,1442,0,0,0.0
72-100-125,hindsight,2025-08-11,technical,0,39,1502,0,1560,1502,0,0,0.0
72-100-125,hindsight,2025-08-11,privacy,0,6,151,0,180,151,0,0,0.0
72-100-125,hindsight,2025-08-18,billing,0,27,1442,0,1620,1442,0,0,0.0
72-100-125,hindsight,2025-08-18,technical,0,39,1369,0,1560,1369,0,0,0.0
72-100-125,hindsight,2025-08-18,privacy,0,6,165,0,180,165,0,0,0.0
72-100-125,hindsight,2025-08-25,billing,0,27,1489,0,1620,1489,0,0,0.0
72-100-125,hindsight,2025-08-25,technical,0,39,1275,0,1560,1275,0,0,0.0
72-100-125,hindsight,2025-08-25,privacy,0,6,130,0,180,130,0,0,0.0
72-100-125,hindsight,2025-09-01,billing,0,27,1465,0,1620,1465,0,0,0.0
72-100-125,hindsight,2025-09-01,technical,0,39,1258,0,1560,1258,0,0,0.0
72-100-125,hindsight,2025-09-01,privacy,0,6,106,0,180,106,0,0,0.0
72-100-125,hindsight,2025-09-08,billing,0,27,1506,0,1620,1506,0,0,0.0
72-100-125,hindsight,2025-09-08,technical,0,39,1327,0,1560,1327,0,0,0.0
72-100-125,hindsight,2025-09-08,privacy,0,6,114,0,180,114,0,0,0.0
