scenario_id,policy,route_id,month,type_id,roundtrips
p80-f50-h6,optimized,11109,1,629,0
p80-f50-h6,optimized,11109,1,631,79
p80-f50-h6,optimized,11109,1,673,64
p80-f50-h6,optimized,11109,2,629,0
p80-f50-h6,optimized,11109,2,631,123
p80-f50-h6,optimized,11109,2,673,8
p80-f50-h6,optimized,11109,3,629,0
p80-f50-h6,optimized,11109,3,631,91
p80-f50-h6,optimized,11109,3,673,57
p80-f50-h6,optimized,11109,4,629,0
p80-f50-h6,optimized,11109,4,631,144
p80-f50-h6,optimized,11109,4,673,0
p80-f50-h6,optimized,11109,5,629,0
p80-f50-h6,optimized,11109,5,631,98
p80-f50-h6,optimized,11109,5,673,61
p80-f50-h6,optimized,11109,6,629,0
p80-f50-h6,optimized,11109,6,631,83
p80-f50-h6,optimized,11109,6,673,79
p80-f50-h6,optimized,11109,7,629,0
p80-f50-h6,optimized,11109,7,631,174
p80-f50-h6,optimized,11109,7,673,0
p80-f50-h6,optimized,11109,8,629,0
p80-f50-h6,optimized,11109,8,631,123
p80-f50-h6,optimized,11109,8,673,45
p80-f50-h6,optimized,11109,9,629,0
p80-f50-h6,optimized,11109,9,631,10
p80-f50-h6,optimized,11109,9,673,146
p80-f50-h6,optimized,11109,10,629,0
p80-f50-h6,optimized,11109,10,631,51
p80-f50-h6,optimized,11109,10,673,101
p80-f50-h6,optimized,11109,11,629,0
p80-f50-h6,optimized,11109,11,631,73
p80-f50-h6,optimized,11109,11,673,52
p80-f50-h6,optimized,11109,12,629,0
p80-f50-h6,optimized,11109,12,631,4
p80-f50-h6,optimized,11109,12,673,169
p80-f50-h6,optimized,10372,1,631,0
p80-f50-h6,optimized,10372,1,673,169
p80-f50-h6,optimized,10372,2,631,0
p80-f50-h6,optimized,10372,2,673,152
p80-f50-h6,optimized,10372,3,631,0
p80-f50-h6,optimized,10372,3,673,187
p80-f50-h6,optimized,10372,4,631,0
p80-f50-h6,optimized,10372,4,673,138
p80-f50-h6,optimized,10372,5,631,0
p80-f50-h6,optimized,10372,5,673,18
p80-f50-h6,optimized,10372,6,631,0
p80-f50-h6,optimized,10372,6,673,141
p80-f50-h6,optimized,10372,7,631,0
p80-f50-h6,optimized,10372,7,673,163
p80-f50-h6,optimized,10372,8,631,0
p80-f50-h6,optimized,10372,8,673,168
p80-f50-h6,optimized,10372,9,631,0
p80-f50-h6,optimized,10372,9,673,143
p80-f50-h6,optimized,10372,10,631,0
p80-f50-h6,optimized,10372,10,673,134
p80-f50-h6,optimized,10372,11,631,0
p80-f50-h6,optimized,10372,11,673,106
p80-f50-h6,optimized,10372,12,631,0
p80-f50-h6,optimized,10372,12,673,166
p80-f50-h6,optimized,14457,1,629,0
p80-f50-h6,optimized,14457,1,631,13
p80-f50-h6,optimized,14457,1,673,83
p80-f50-h6,optimized,14457,2,629,0
p80-f50-h6,optimized,14457,2,631,32
p80-f50-h6,optimized,14457,2,673,51
p80-f50-h6,optimized,14457,3,629,0
p80-f50-h6,optimized,14457,3,631,32
p80-f50-h6,optimized,14457,3,673,74
p80-f50-h6,optimized,14457,4,629,0
p80-f50-h6,optimized,14457,4,631,12
p80-f50-h6,optimized,14457,4,673,106
p80-f50-h6,optimized,14457,5,629,0
p80-f50-h6,optimized,14457,5,631,35
p80-f50-h6,optimized,14457,5,673,75
p80-f50-h6,optimized,14457,6,629,0
p80-f50-h6,optimized,14457,6,631,3
p80-f50-h6,optimized,14457,6,673,120
p80-f50-h6,optimized,14457,7,629,0
p80-f50-h6,optimized,14457,7,631,24
p80-f50-h6,optimized,14457,7,673,97
p80-f50-h6,optimized,14457,8,629,0
p80-f50-h6,optimized,14457,8,631,32
p80-f50-h6,optimized,14457,8,673,92
p80-f50-h6,optimized,14457,9,629,0
p80-f50-h6,optimized,14457,9,631,5
p80-f50-h6,optimized,14457,9,673,113
p80-f50-h6,optimized,14457,10,629,0
p80-f50-h6,optimized,14457,10,631,88
p80-f50-h6,optimized,14457,10,673,0
p80-f50-h6,optimized,14457,11,629,0
p80-f50-h6,optimized,14457,11,631,16
p80-f50-h6,optimized,14457,11,673,64
p80-f50-h6,optimized,14457,12,629,0
p80-f50-h6,optimized,14457,12,631,22
p80-f50-h6,optimized,14457,12,673,83
p80-f50-h6,optimized,11122,1,629,0
p80-f50-h6,optimized,11122,1,631,92
p80-f50-h6,optimized,11122,1,673,0
p80-f50-h6,optimized,11122,2,629,0
p80-f50-h6,optimized,11122,2,631,84
p80-f50-h6,optimized,11122,2,673,0
p80-f50-h6,optimized,11122,3,629,0
p80-f50-h6,optimized,11122,3,631,93
p80-f50-h6,optimized,11122,3,673,0
p80-f50-h6,optimized,11122,4,629,0
p80-f50-h6,optimized,11122,4,631,89
p80-f50-h6,optimized,11122,4,673,0
p80-f50-h6,optimized,11122,5,629,0
p80-f50-h6,optimized,11122,5,631,65
p80-f50-h6,optimized,11122,5,673,36
p80-f50-h6,optimized,11122,6,629,0
p80-f50-h6,optimized,11122,6,631,70
p80-f50-h6,optimized,11122,6,673,40
p80-f50-h6,optimized,11122,7,629,0
p80-f50-h6,optimized,11122,7,631,63
p80-f50-h6,optimized,11122,7,673,46
p80-f50-h6,optimized,11122,8,629,0
p80-f50-h6,optimized,11122,8,631,108
p80-f50-h6,optimized,11122,8,673,0
p80-f50-h6,optimized,11122,9,629,0
p80-f50-h6,optimized,11122,9,631,106
p80-f50-h6,optimized,11122,9,673,0
p80-f50-h6,optimized,11122,10,629,0
p80-f50-h6,optimized,11122,10,631,108
p80-f50-h6,optimized,11122,10,673,0
p80-f50-h6,optimized,11122,11,629,0
p80-f50-h6,optimized,11122,11,631,102
p80-f50-h6,optimized,11122,11,673,0
p80-f50-h6,optimized,11122,12,629,0
p80-f50-h6,optimized,11122,12,631,109
p80-f50-h6,optimized,11122,12,673,0
p80-f50-h6,optimized,13851,1,629,0
p80-f50-h6,optimized,13851,1,631,3
p80-f50-h6,optimized,13851,1,673,93
p80-f50-h6,optimized,13851,2,629,0
p80-f50-h6,optimized,13851,2,631,0
p80-f50-h6,optimized,13851,2,673,84
p80-f50-h6,optimized,13851,3,629,0
p80-f50-h6,optimized,13851,3,631,0
p80-f50-h6,optimized,13851,3,673,99
p80-f50-h6,optimized,13851,4,629,0
p80-f50-h6,optimized,13851,4,631,0
p80-f50-h6,optimized,13851,4,673,96
p80-f50-h6,optimized,13851,5,629,0
p80-f50-h6,optimized,13851,5,631,4
p80-f50-h6,optimized,13851,5,673,112
p80-f50-h6,optimized,13851,6,629,0
p80-f50-h6,optimized,13851,6,631,12
p80-f50-h6,optimized,13851,6,673,99
p80-f50-h6,optimized,13851,7,629,0
p80-f50-h6,optimized,13851,7,631,0
p80-f50-h6,optimized,13851,7,673,110
p80-f50-h6,optimized,13851,8,629,0
p80-f50-h6,optimized,13851,8,631,0
p80-f50-h6,optimized,13851,8,673,106
p80-f50-h6,optimized,13851,9,629,0
p80-f50-h6,optimized,13851,9,631,20
p80-f50-h6,optimized,13851,9,673,77
p80-f50-h6,optimized,13851,10,629,0
p80-f50-h6,optimized,13851,10,631,0
p80-f50-h6,optimized,13851,10,673,76
p80-f50-h6,optimized,13851,11,629,0
p80-f50-h6,optimized,13851,11,631,12
p80-f50-h6,optimized,13851,11,673,44
p80-f50-h6,optimized,13851,12,629,0
p80-f50-h6,optimized,13851,12,631,23
p80-f50-h6,optimized,13851,12,673,40
p80-f50-h6,optimized,12280,1,629,0
p80-f50-h6,optimized,12280,1,631,1
p80-f50-h6,optimized,12280,1,673,70
p80-f50-h6,optimized,12280,2,629,0
p80-f50-h6,optimized,12280,2,631,0
p80-f50-h6,optimized,12280,2,673,65
p80-f50-h6,optimized,12280,3,629,0
p80-f50-h6,optimized,12280,3,631,5
p80-f50-h6,optimized,12280,3,673,69
p80-f50-h6,optimized,12280,4,629,0
p80-f50-h6,optimized,12280,4,631,11
p80-f50-h6,optimized,12280,4,673,64
p80-f50-h6,optimized,12280,5,629,0
p80-f50-h6,optimized,12280,5,631,10
p80-f50-h6,optimized,12280,5,673,80
p80-f50-h6,optimized,12280,6,629,0
p80-f50-h6,optimized,12280,6,631,2
p80-f50-h6,optimized,12280,6,673,91
p80-f50-h6,optimized,12280,7,629,0
p80-f50-h6,optimized,12280,7,631,8
p80-f50-h6,optimized,12280,7,673,98
p80-f50-h6,optimized,12280,8,629,0
p80-f50-h6,optimized,12280,8,631,0
p80-f50-h6,optimized,12280,8,673,107
p80-f50-h6,optimized,12280,9,629,0
p80-f50-h6,optimized,12280,9,631,11
p80-f50-h6,optimized,12280,9,673,90
p80-f50-h6,optimized,12280,10,629,0
p80-f50-h6,optimized,12280,10,631,0
p80-f50-h6,optimized,12280,10,673,92
p80-f50-h6,optimized,12280,11,629,0
p80-f50-h6,optimized,12280,11,631,5
p80-f50-h6,optimized,12280,11,673,75
p80-f50-h6,optimized,12280,12,629,0
p80-f50-h6,optimized,12280,12,631,0
p80-f50-h6,optimized,12280,12,673,65
p80-f50-h6,optimized,14869,1,629,0
p80-f50-h6,optimized,14869,1,631,6
p80-f50-h6,optimized,14869,1,673,56
p80-f50-h6,optimized,14869,2,629,0
p80-f50-h6,optimized,14869,2,631,0
p80-f50-h6,optimized,14869,2,673,69
p80-f50-h6,optimized,14869,3,629,0
p80-f50-h6,optimized,14869,3,631,10
p80-f50-h6,optimized,14869,3,673,70
p80-f50-h6,optimized,14869,4,629,0
p80-f50-h6,optimized,14869,4,631,0
p80-f50-h6,optimized,14869,4,673,101
p80-f50-h6,optimized,14869,5,629,0
p80-f50-h6,optimized,14869,5,631,13
p80-f50-h6,optimized,14869,5,673,72
p80-f50-h6,optimized,14869,6,629,0
p80-f50-h6,optimized,14869,6,631,13
p80-f50-h6,optimized,14869,6,673,52
p80-f50-h6,optimized,14869,7,629,0
p80-f50-h6,optimized,14869,7,631,0
p80-f50-h6,optimized,14869,7,673,68
p80-f50-h6,optimized,14869,8,629,0
p80-f50-h6,optimized,14869,8,631,0
p80-f50-h6,optimized,14869,8,673,77
p80-f50-h6,optimized,14869,9,629,0
p80-f50-h6,optimized,14869,9,631,17
p80-f50-h6,optimized,14869,9,673,83
p80-f50-h6,optimized,14869,10,629,0
p80-f50-h6,optimized,14869,10,631,0
p80-f50-h6,optimized,14869,10,673,86
p80-f50-h6,optimized,14869,11,629,0
p80-f50-h6,optimized,14869,11,631,14
p80-f50-h6,optimized,14869,11,673,60
p80-f50-h6,optimized,14869,12,629,0
p80-f50-h6,optimized,14869,12,631,17
p80-f50-h6,optimized,14869,12,673,51
p80-f50-h6,optimized,14783,1,629,0
p80-f50-h6,optimized,14783,1,631,31
p80-f50-h6,optimized,14783,1,673,28
p80-f50-h6,optimized,14783,2,629,0
p80-f50-h6,optimized,14783,2,631,0
p80-f50-h6,optimized,14783,2,673,61
p80-f50-h6,optimized,14783,3,629,0
p80-f50-h6,optimized,14783,3,631,15
p80-f50-h6,optimized,14783,3,673,59
p80-f50-h6,optimized,14783,4,629,0
p80-f50-h6,optimized,14783,4,631,0
p80-f50-h6,optimized,14783,4,673,63
p80-f50-h6,optimized,14783,5,629,0
p80-f50-h6,optimized,14783,5,631,17
p80-f50-h6,optimized,14783,5,673,71
p80-f50-h6,optimized,14783,6,629,0
p80-f50-h6,optimized,14783,6,631,37
p80-f50-h6,optimized,14783,6,673,52
p80-f50-h6,optimized,14783,7,629,0
p80-f50-h6,optimized,14783,7,631,0
p80-f50-h6,optimized,14783,7,673,93
p80-f50-h6,optimized,14783,8,629,0
p80-f50-h6,optimized,14783,8,631,0
p80-f50-h6,optimized,14783,8,673,94
p80-f50-h6,optimized,14783,9,629,0
p80-f50-h6,optimized,14783,9,631,36
p80-f50-h6,optimized,14783,9,673,55
p80-f50-h6,optimized,14783,10,629,0
p80-f50-h6,optimized,14783,10,631,0
p80-f50-h6,optimized,14783,10,673,87
p80-f50-h6,optimized,14783,11,629,0
p80-f50-h6,optimized,14783,11,631,11
p80-f50-h6,optimized,14783,11,673,53
p80-f50-h6,optimized,14783,12,629,0
p80-f50-h6,optimized,14783,12,631,36
p80-f50-h6,optimized,14783,12,673,32
p80-f50-h6,historical_shares,11109,1,629,142
p80-f50-h6,historical_shares,11109,1,631,11
p80-f50-h6,historical_shares,11109,1,673,31
p80-f50-h6,historical_shares,11109,2,629,123
p80-f50-h6,historical_shares,11109,2,631,9
p80-f50-h6,historical_shares,11109,2,673,27
p80-f50-h6,historical_shares,11109,3,629,147
p80-f50-h6,historical_shares,11109,3,631,11
p80-f50-h6,historical_shares,11109,3,673,32
p80-f50-h6,historical_shares,11109,4,629,137
p80-f50-h6,historical_shares,11109,4,631,11
p80-f50-h6,historical_shares,11109,4,673,30
p80-f50-h6,historical_shares,11109,5,629,157
p80-f50-h6,historical_shares,11109,5,631,12
p80-f50-h6,historical_shares,11109,5,673,35
p80-f50-h6,historical_shares,11109,6,629,160
p80-f50-h6,historical_shares,11109,6,631,12
p80-f50-h6,historical_shares,11109,6,673,36
p80-f50-h6,historical_shares,11109,7,629,152
p80-f50-h6,historical_shares,11109,7,631,12
p80-f50-h6,historical_shares,11109,7,673,33
p80-f50-h6,historical_shares,11109,8,629,156
p80-f50-h6,historical_shares,11109,8,631,12
p80-f50-h6,historical_shares,11109,8,673,34
p80-f50-h6,historical_shares,11109,9,629,158
p80-f50-h6,historical_shares,11109,9,631,12
p80-f50-h6,historical_shares,11109,9,673,35
p80-f50-h6,historical_shares,11109,10,629,148
p80-f50-h6,historical_shares,11109,10,631,11
p80-f50-h6,historical_shares,11109,10,673,33
p80-f50-h6,historical_shares,11109,11,629,123
p80-f50-h6,historical_shares,11109,11,631,10
p80-f50-h6,historical_shares,11109,11,673,27
p80-f50-h6,historical_shares,11109,12,629,175
p80-f50-h6,historical_shares,11109,12,631,13
p80-f50-h6,historical_shares,11109,12,673,39
p80-f50-h6,historical_shares,10372,1,631,16
p80-f50-h6,historical_shares,10372,1,673,153
p80-f50-h6,historical_shares,10372,2,631,15
p80-f50-h6,historical_shares,10372,2,673,137
p80-f50-h6,historical_shares,10372,3,631,18
p80-f50-h6,historical_shares,10372,3,673,169
p80-f50-h6,historical_shares,10372,4,631,13
p80-f50-h6,historical_shares,10372,4,673,125
p80-f50-h6,historical_shares,10372,5,631,2
p80-f50-h6,historical_shares,10372,5,673,16
p80-f50-h6,historical_shares,10372,6,631,14
p80-f50-h6,historical_shares,10372,6,673,127
p80-f50-h6,historical_shares,10372,7,631,16
p80-f50-h6,historical_shares,10372,7,673,147
p80-f50-h6,historical_shares,10372,8,631,16
p80-f50-h6,historical_shares,10372,8,673,152
p80-f50-h6,historical_shares,10372,9,631,14
p80-f50-h6,historical_shares,10372,9,673,129
p80-f50-h6,historical_shares,10372,10,631,13
p80-f50-h6,historical_shares,10372,10,673,121
p80-f50-h6,historical_shares,10372,11,631,10
p80-f50-h6,historical_shares,10372,11,673,97
p80-f50-h6,historical_shares,10372,12,631,16
p80-f50-h6,historical_shares,10372,12,673,150
p80-f50-h6,historical_shares,14457,1,629,84
p80-f50-h6,historical_shares,14457,1,631,8
p80-f50-h6,historical_shares,14457,1,673,30
p80-f50-h6,historical_shares,14457,2,629,72
p80-f50-h6,historical_shares,14457,2,631,7
p80-f50-h6,historical_shares,14457,2,673,26
p80-f50-h6,historical_shares,14457,3,629,92
p80-f50-h6,historical_shares,14457,3,631,9
p80-f50-h6,historical_shares,14457,3,673,33
p80-f50-h6,historical_shares,14457,4,629,103
p80-f50-h6,historical_shares,14457,4,631,11
p80-f50-h6,historical_shares,14457,4,673,36
p80-f50-h6,historical_shares,14457,5,629,96
p80-f50-h6,historical_shares,14457,5,631,10
p80-f50-h6,historical_shares,14457,5,673,33
p80-f50-h6,historical_shares,14457,6,629,107
p80-f50-h6,historical_shares,14457,6,631,11
p80-f50-h6,historical_shares,14457,6,673,38
p80-f50-h6,historical_shares,14457,7,629,105
p80-f50-h6,historical_shares,14457,7,631,11
p80-f50-h6,historical_shares,14457,7,673,37
p80-f50-h6,historical_shares,14457,8,629,108
p80-f50-h6,historical_shares,14457,8,631,11
p80-f50-h6,historical_shares,14457,8,673,38
p80-f50-h6,historical_shares,14457,9,629,103
p80-f50-h6,historical_shares,14457,9,631,11
p80-f50-h6,historical_shares,14457,9,673,36
p80-f50-h6,historical_shares,14457,10,629,74
p80-f50-h6,historical_shares,14457,10,631,8
p80-f50-h6,historical_shares,14457,10,673,26
p80-f50-h6,historical_shares,14457,11,629,70
p80-f50-h6,historical_shares,14457,11,631,7
p80-f50-h6,historical_shares,14457,11,673,25
p80-f50-h6,historical_shares,14457,12,629,92
p80-f50-h6,historical_shares,14457,12,631,9
p80-f50-h6,historical_shares,14457,12,673,32
p80-f50-h6,historical_shares,11122,1,629,105
p80-f50-h6,historical_shares,11122,1,631,7
p80-f50-h6,historical_shares,11122,1,673,3
p80-f50-h6,historical_shares,11122,2,629,96
p80-f50-h6,historical_shares,11122,2,631,6
p80-f50-h6,historical_shares,11122,2,673,3
p80-f50-h6,historical_shares,11122,3,629,113
p80-f50-h6,historical_shares,11122,3,631,7
p80-f50-h6,historical_shares,11122,3,673,4
p80-f50-h6,historical_shares,11122,4,629,106
p80-f50-h6,historical_shares,11122,4,631,7
p80-f50-h6,historical_shares,11122,4,673,3
p80-f50-h6,historical_shares,11122,5,629,126
p80-f50-h6,historical_shares,11122,5,631,8
p80-f50-h6,historical_shares,11122,5,673,4
p80-f50-h6,historical_shares,11122,6,629,137
p80-f50-h6,historical_shares,11122,6,631,9
p80-f50-h6,historical_shares,11122,6,673,4
p80-f50-h6,historical_shares,11122,7,629,136
p80-f50-h6,historical_shares,11122,7,631,9
p80-f50-h6,historical_shares,11122,7,673,4
p80-f50-h6,historical_shares,11122,8,629,133
p80-f50-h6,historical_shares,11122,8,631,9
p80-f50-h6,historical_shares,11122,8,673,4
p80-f50-h6,historical_shares,11122,9,629,125
p80-f50-h6,historical_shares,11122,9,631,8
p80-f50-h6,historical_shares,11122,9,673,4
p80-f50-h6,historical_shares,11122,10,629,133
p80-f50-h6,historical_shares,11122,10,631,9
p80-f50-h6,historical_shares,11122,10,673,4
p80-f50-h6,historical_shares,11122,11,629,118
p80-f50-h6,historical_shares,11122,11,631,7
p80-f50-h6,historical_shares,11122,11,673,4
p80-f50-h6,historical_shares,11122,12,629,126
p80-f50-h6,historical_shares,11122,12,631,8
p80-f50-h6,historical_shares,11122,12,673,4
p80-f50-h6,historical_shares,13851,1,629,1
p80-f50-h6,historical_shares,13851,1,631,13
p80-f50-h6,historical_shares,13851,1,673,83
p80-f50-h6,historical_shares,13851,2,629,1
p80-f50-h6,historical_shares,13851,2,631,11
p80-f50-h6,historical_shares,13851,2,673,73
p80-f50-h6,historical_shares,13851,3,629,1
p80-f50-h6,historical_shares,13851,3,631,13
p80-f50-h6,historical_shares,13851,3,673,86
p80-f50-h6,historical_shares,13851,4,629,1
p80-f50-h6,historical_shares,13851,4,631,13
p80-f50-h6,historical_shares,13851,4,673,83
p80-f50-h6,historical_shares,13851,5,629,1
p80-f50-h6,historical_shares,13851,5,631,16
p80-f50-h6,historical_shares,13851,5,673,100
p80-f50-h6,historical_shares,13851,6,629,1
p80-f50-h6,historical_shares,13851,6,631,15
p80-f50-h6,historical_shares,13851,6,673,96
p80-f50-h6,historical_shares,13851,7,629,1
p80-f50-h6,historical_shares,13851,7,631,15
p80-f50-h6,historical_shares,13851,7,673,95
p80-f50-h6,historical_shares,13851,8,629,1
p80-f50-h6,historical_shares,13851,8,631,14
p80-f50-h6,historical_shares,13851,8,673,91
p80-f50-h6,historical_shares,13851,9,629,1
p80-f50-h6,historical_shares,13851,9,631,13
p80-f50-h6,historical_shares,13851,9,673,83
p80-f50-h6,historical_shares,13851,10,629,1
p80-f50-h6,historical_shares,13851,10,631,10
p80-f50-h6,historical_shares,13851,10,673,65
p80-f50-h6,historical_shares,13851,11,629,0
p80-f50-h6,historical_shares,13851,11,631,8
p80-f50-h6,historical_shares,13851,11,673,49
p80-f50-h6,historical_shares,13851,12,629,1
p80-f50-h6,historical_shares,13851,12,631,8
p80-f50-h6,historical_shares,13851,12,673,54
p80-f50-h6,historical_shares,12280,1,629,33
p80-f50-h6,historical_shares,12280,1,631,28
p80-f50-h6,historical_shares,12280,1,673,22
p80-f50-h6,historical_shares,12280,2,629,30
p80-f50-h6,historical_shares,12280,2,631,26
p80-f50-h6,historical_shares,12280,2,673,20
p80-f50-h6,historical_shares,12280,3,629,34
p80-f50-h6,historical_shares,12280,3,631,29
p80-f50-h6,historical_shares,12280,3,673,23
p80-f50-h6,historical_shares,12280,4,629,34
p80-f50-h6,historical_shares,12280,4,631,30
p80-f50-h6,historical_shares,12280,4,673,23
p80-f50-h6,historical_shares,12280,5,629,41
p80-f50-h6,historical_shares,12280,5,631,36
p80-f50-h6,historical_shares,12280,5,673,28
p80-f50-h6,historical_shares,12280,6,629,43
p80-f50-h6,historical_shares,12280,6,631,37
p80-f50-h6,historical_shares,12280,6,673,29
p80-f50-h6,historical_shares,12280,7,629,48
p80-f50-h6,historical_shares,12280,7,631,42
p80-f50-h6,historical_shares,12280,7,673,33
p80-f50-h6,historical_shares,12280,8,629,48
p80-f50-h6,historical_shares,12280,8,631,43
p80-f50-h6,historical_shares,12280,8,673,33
p80-f50-h6,historical_shares,12280,9,629,46
p80-f50-h6,historical_shares,12280,9,631,40
p80-f50-h6,historical_shares,12280,9,673,32
p80-f50-h6,historical_shares,12280,10,629,42
p80-f50-h6,historical_shares,12280,10,631,36
p80-f50-h6,historical_shares,12280,10,673,29
p80-f50-h6,historical_shares,12280,11,629,36
p80-f50-h6,historical_shares,12280,11,631,32
p80-f50-h6,historical_shares,12280,11,673,25
p80-f50-h6,historical_shares,12280,12,629,30
p80-f50-h6,historical_shares,12280,12,631,26
p80-f50-h6,historical_shares,12280,12,673,20
p80-f50-h6,historical_shares,14869,1,629,5
p80-f50-h6,historical_shares,14869,1,631,17
p80-f50-h6,historical_shares,14869,1,673,42
p80-f50-h6,historical_shares,14869,2,629,6
p80-f50-h6,historical_shares,14869,2,631,19
p80-f50-h6,historical_shares,14869,2,673,47
p80-f50-h6,historical_shares,14869,3,629,7
p80-f50-h6,historical_shares,14869,3,631,22
p80-f50-h6,historical_shares,14869,3,673,54
p80-f50-h6,historical_shares,14869,4,629,9
p80-f50-h6,historical_shares,14869,4,631,27
p80-f50-h6,historical_shares,14869,4,673,68
p80-f50-h6,historical_shares,14869,5,629,7
p80-f50-h6,historical_shares,14869,5,631,23
p80-f50-h6,historical_shares,14869,5,673,58
p80-f50-h6,historical_shares,14869,6,629,5
p80-f50-h6,historical_shares,14869,6,631,18
p80-f50-h6,historical_shares,14869,6,673,44
p80-f50-h6,historical_shares,14869,7,629,6
p80-f50-h6,historical_shares,14869,7,631,18
p80-f50-h6,historical_shares,14869,7,673,47
p80-f50-h6,historical_shares,14869,8,629,6
p80-f50-h6,historical_shares,14869,8,631,21
p80-f50-h6,historical_shares,14869,8,673,52
p80-f50-h6,historical_shares,14869,9,629,8
p80-f50-h6,historical_shares,14869,9,631,27
p80-f50-h6,historical_shares,14869,9,673,68
p80-f50-h6,historical_shares,14869,10,629,7
p80-f50-h6,historical_shares,14869,10,631,24
p80-f50-h6,historical_shares,14869,10,673,59
p80-f50-h6,historical_shares,14869,11,629,6
p80-f50-h6,historical_shares,14869,11,631,20
p80-f50-h6,historical_shares,14869,11,673,51
p80-f50-h6,historical_shares,14869,12,629,6
p80-f50-h6,historical_shares,14869,12,631,18
p80-f50-h6,historical_shares,14869,12,673,46
p80-f50-h6,historical_shares,14783,1,629,6
p80-f50-h6,historical_shares,14783,1,631,14
p80-f50-h6,historical_shares,14783,1,673,41
p80-f50-h6,historical_shares,14783,2,629,6
p80-f50-h6,historical_shares,14783,2,631,15
p80-f50-h6,historical_shares,14783,2,673,42
p80-f50-h6,historical_shares,14783,3,629,8
p80-f50-h6,historical_shares,14783,3,631,18
p80-f50-h6,historical_shares,14783,3,673,51
p80-f50-h6,historical_shares,14783,4,629,7
p80-f50-h6,historical_shares,14783,4,631,15
p80-f50-h6,historical_shares,14783,4,673,43
p80-f50-h6,historical_shares,14783,5,629,10
p80-f50-h6,historical_shares,14783,5,631,21
p80-f50-h6,historical_shares,14783,5,673,60
p80-f50-h6,historical_shares,14783,6,629,9
p80-f50-h6,historical_shares,14783,6,631,22
p80-f50-h6,historical_shares,14783,6,673,61
p80-f50-h6,historical_shares,14783,7,629,10
p80-f50-h6,historical_shares,14783,7,631,23
p80-f50-h6,historical_shares,14783,7,673,64
p80-f50-h6,historical_shares,14783,8,629,10
p80-f50-h6,historical_shares,14783,8,631,23
p80-f50-h6,historical_shares,14783,8,673,65
p80-f50-h6,historical_shares,14783,9,629,10
p80-f50-h6,historical_shares,14783,9,631,22
p80-f50-h6,historical_shares,14783,9,673,62
p80-f50-h6,historical_shares,14783,10,629,9
p80-f50-h6,historical_shares,14783,10,631,21
p80-f50-h6,historical_shares,14783,10,673,60
p80-f50-h6,historical_shares,14783,11,629,7
p80-f50-h6,historical_shares,14783,11,631,15
p80-f50-h6,historical_shares,14783,11,673,44
p80-f50-h6,historical_shares,14783,12,629,7
p80-f50-h6,historical_shares,14783,12,631,17
p80-f50-h6,historical_shares,14783,12,673,46
p80-f50-h8,optimized,11109,1,629,0
p80-f50-h8,optimized,11109,1,631,79
p80-f50-h8,optimized,11109,1,673,64
p80-f50-h8,optimized,11109,2,629,0
p80-f50-h8,optimized,11109,2,631,131
p80-f50-h8,optimized,11109,2,673,0
p80-f50-h8,optimized,11109,3,629,0
p80-f50-h8,optimized,11109,3,631,91
p80-f50-h8,optimized,11109,3,673,57
p80-f50-h8,optimized,11109,4,629,0
p80-f50-h8,optimized,11109,4,631,144
p80-f50-h8,optimized,11109,4,673,0
p80-f50-h8,optimized,11109,5,629,0
p80-f50-h8,optimized,11109,5,631,98
p80-f50-h8,optimized,11109,5,673,61
p80-f50-h8,optimized,11109,6,629,0
p80-f50-h8,optimized,11109,6,631,83
p80-f50-h8,optimized,11109,6,673,79
p80-f50-h8,optimized,11109,7,629,0
p80-f50-h8,optimized,11109,7,631,174
p80-f50-h8,optimized,11109,7,673,0
p80-f50-h8,optimized,11109,8,629,0
p80-f50-h8,optimized,11109,8,631,142
p80-f50-h8,optimized,11109,8,673,26
p80-f50-h8,optimized,11109,9,629,0
p80-f50-h8,optimized,11109,9,631,10
p80-f50-h8,optimized,11109,9,673,146
p80-f50-h8,optimized,11109,10,629,0
p80-f50-h8,optimized,11109,10,631,71
p80-f50-h8,optimized,11109,10,673,81
p80-f50-h8,optimized,11109,11,629,0
p80-f50-h8,optimized,11109,11,631,73
p80-f50-h8,optimized,11109,11,673,52
p80-f50-h8,optimized,11109,12,629,0
p80-f50-h8,optimized,11109,12,631,4
p80-f50-h8,optimized,11109,12,673,169
p80-f50-h8,optimized,10372,1,631,0
p80-f50-h8,optimized,10372,1,673,169
p80-f50-h8,optimized,10372,2,631,0
p80-f50-h8,optimized,10372,2,673,152
p80-f50-h8,optimized,10372,3,631,0
p80-f50-h8,optimized,10372,3,673,187
p80-f50-h8,optimized,10372,4,631,0
p80-f50-h8,optimized,10372,4,673,138
p80-f50-h8,optimized,10372,5,631,0
p80-f50-h8,optimized,10372,5,673,18
p80-f50-h8,optimized,10372,6,631,0
p80-f50-h8,optimized,10372,6,673,141
p80-f50-h8,optimized,10372,7,631,0
p80-f50-h8,optimized,10372,7,673,163
p80-f50-h8,optimized,10372,8,631,0
p80-f50-h8,optimized,10372,8,673,168
p80-f50-h8,optimized,10372,9,631,0
p80-f50-h8,optimized,10372,9,673,143
p80-f50-h8,optimized,10372,10,631,0
p80-f50-h8,optimized,10372,10,673,134
p80-f50-h8,optimized,10372,11,631,0
p80-f50-h8,optimized,10372,11,673,106
p80-f50-h8,optimized,10372,12,631,0
p80-f50-h8,optimized,10372,12,673,166
p80-f50-h8,optimized,14457,1,629,0
p80-f50-h8,optimized,14457,1,631,13
p80-f50-h8,optimized,14457,1,673,83
p80-f50-h8,optimized,14457,2,629,0
p80-f50-h8,optimized,14457,2,631,32
p80-f50-h8,optimized,14457,2,673,51
p80-f50-h8,optimized,14457,3,629,0
p80-f50-h8,optimized,14457,3,631,32
p80-f50-h8,optimized,14457,3,673,74
p80-f50-h8,optimized,14457,4,629,0
p80-f50-h8,optimized,14457,4,631,12
p80-f50-h8,optimized,14457,4,673,106
p80-f50-h8,optimized,14457,5,629,0
p80-f50-h8,optimized,14457,5,631,35
p80-f50-h8,optimized,14457,5,673,75
p80-f50-h8,optimized,14457,6,629,0
p80-f50-h8,optimized,14457,6,631,3
p80-f50-h8,optimized,14457,6,673,120
p80-f50-h8,optimized,14457,7,629,0
p80-f50-h8,optimized,14457,7,631,24
p80-f50-h8,optimized,14457,7,673,97
p80-f50-h8,optimized,14457,8,629,0
p80-f50-h8,optimized,14457,8,631,32
p80-f50-h8,optimized,14457,8,673,92
p80-f50-h8,optimized,14457,9,629,0
p80-f50-h8,optimized,14457,9,631,5
p80-f50-h8,optimized,14457,9,673,113
p80-f50-h8,optimized,14457,10,629,0
p80-f50-h8,optimized,14457,10,631,88
p80-f50-h8,optimized,14457,10,673,0
p80-f50-h8,optimized,14457,11,629,0
p80-f50-h8,optimized,14457,11,631,16
p80-f50-h8,optimized,14457,11,673,64
p80-f50-h8,optimized,14457,12,629,0
p80-f50-h8,optimized,14457,12,631,22
p80-f50-h8,optimized,14457,12,673,83
p80-f50-h8,optimized,11122,1,629,0
p80-f50-h8,optimized,11122,1,631,92
p80-f50-h8,optimized,11122,1,673,0
p80-f50-h8,optimized,11122,2,629,0
p80-f50-h8,optimized,11122,2,631,84
p80-f50-h8,optimized,11122,2,673,0
p80-f50-h8,optimized,11122,3,629,0
p80-f50-h8,optimized,11122,3,631,93
p80-f50-h8,optimized,11122,3,673,0
p80-f50-h8,optimized,11122,4,629,0
p80-f50-h8,optimized,11122,4,631,89
p80-f50-h8,optimized,11122,4,673,0
p80-f50-h8,optimized,11122,5,629,0
p80-f50-h8,optimized,11122,5,631,65
p80-f50-h8,optimized,11122,5,673,36
p80-f50-h8,optimized,11122,6,629,0
p80-f50-h8,optimized,11122,6,631,70
p80-f50-h8,optimized,11122,6,673,40
p80-f50-h8,optimized,11122,7,629,0
p80-f50-h8,optimized,11122,7,631,63
p80-f50-h8,optimized,11122,7,673,46
p80-f50-h8,optimized,11122,8,629,0
p80-f50-h8,optimized,11122,8,631,108
p80-f50-h8,optimized,11122,8,673,0
p80-f50-h8,optimized,11122,9,629,0
p80-f50-h8,optimized,11122,9,631,106
p80-f50-h8,optimized,11122,9,673,0
p80-f50-h8,optimized,11122,10,629,0
p80-f50-h8,optimized,11122,10,631,108
p80-f50-h8,optimized,11122,10,673,0
p80-f50-h8,optimized,11122,11,629,0
p80-f50-h8,optimized,11122,11,631,102
p80-f50-h8,optimized,11122,11,673,0
p80-f50-h8,optimized,11122,12,629,0
p80-f50-h8,optimized,11122,12,631,109
p80-f50-h8,optimized,11122,12,673,0
p80-f50-h8,optimized,13851,1,629,0
p80-f50-h8,optimized,13851,1,631,3
p80-f50-h8,optimized,13851,1,673,93
p80-f50-h8,optimized,13851,2,629,0
p80-f50-h8,optimized,13851,2,631,1
p80-f50-h8,optimized,13851,2,673,83
p80-f50-h8,optimized,13851,3,629,0
p80-f50-h8,optimized,13851,3,631,0
p80-f50-h8,optimized,13851,3,673,99
p80-f50-h8,optimized,13851,4,629,0
p80-f50-h8,optimized,13851,4,631,7
p80-f50-h8,optimized,13851,4,673,89
p80-f50-h8,optimized,13851,5,629,0
p80-f50-h8,optimized,13851,5,631,4
p80-f50-h8,optimized,13851,5,673,112
p80-f50-h8,optimized,13851,6,629,0
p80-f50-h8,optimized,13851,6,631,12
p80-f50-h8,optimized,13851,6,673,99
p80-f50-h8,optimized,13851,7,629,0
p80-f50-h8,optimized,13851,7,631,11
p80-f50-h8,optimized,13851,7,673,99
p80-f50-h8,optimized,13851,8,629,0
p80-f50-h8,optimized,13851,8,631,0
p80-f50-h8,optimized,13851,8,673,106
p80-f50-h8,optimized,13851,9,629,0
p80-f50-h8,optimized,13851,9,631,20
p80-f50-h8,optimized,13851,9,673,77
p80-f50-h8,optimized,13851,10,629,0
p80-f50-h8,optimized,13851,10,631,0
p80-f50-h8,optimized,13851,10,673,76
p80-f50-h8,optimized,13851,11,629,0
p80-f50-h8,optimized,13851,11,631,12
p80-f50-h8,optimized,13851,11,673,44
p80-f50-h8,optimized,13851,12,629,0
p80-f50-h8,optimized,13851,12,631,23
p80-f50-h8,optimized,13851,12,673,40
p80-f50-h8,optimized,12280,1,629,0
p80-f50-h8,optimized,12280,1,631,1
p80-f50-h8,optimized,12280,1,673,70
p80-f50-h8,optimized,12280,2,629,0
p80-f50-h8,optimized,12280,2,631,2
p80-f50-h8,optimized,12280,2,673,63
p80-f50-h8,optimized,12280,3,629,0
p80-f50-h8,optimized,12280,3,631,5
p80-f50-h8,optimized,12280,3,673,69
p80-f50-h8,optimized,12280,4,629,0
p80-f50-h8,optimized,12280,4,631,12
p80-f50-h8,optimized,12280,4,673,63
p80-f50-h8,optimized,12280,5,629,0
p80-f50-h8,optimized,12280,5,631,10
p80-f50-h8,optimized,12280,5,673,80
p80-f50-h8,optimized,12280,6,629,0
p80-f50-h8,optimized,12280,6,631,2
p80-f50-h8,optimized,12280,6,673,91
p80-f50-h8,optimized,12280,7,629,0
p80-f50-h8,optimized,12280,7,631,9
p80-f50-h8,optimized,12280,7,673,97
p80-f50-h8,optimized,12280,8,629,0
p80-f50-h8,optimized,12280,8,631,0
p80-f50-h8,optimized,12280,8,673,107
p80-f50-h8,optimized,12280,9,629,0
p80-f50-h8,optimized,12280,9,631,11
p80-f50-h8,optimized,12280,9,673,90
p80-f50-h8,optimized,12280,10,629,0
p80-f50-h8,optimized,12280,10,631,0
p80-f50-h8,optimized,12280,10,673,92
p80-f50-h8,optimized,12280,11,629,0
p80-f50-h8,optimized,12280,11,631,5
p80-f50-h8,optimized,12280,11,673,75
p80-f50-h8,optimized,12280,12,629,0
p80-f50-h8,optimized,12280,12,631,0
p80-f50-h8,optimized,12280,12,673,65
p80-f50-h8,optimized,14869,1,629,0
p80-f50-h8,optimized,14869,1,631,6
p80-f50-h8,optimized,14869,1,673,56
p80-f50-h8,optimized,14869,2,629,0
p80-f50-h8,optimized,14869,2,631,3
p80-f50-h8,optimized,14869,2,673,66
p80-f50-h8,optimized,14869,3,629,0
p80-f50-h8,optimized,14869,3,631,10
p80-f50-h8,optimized,14869,3,673,70
p80-f50-h8,optimized,14869,4,629,0
p80-f50-h8,optimized,14869,4,631,4
p80-f50-h8,optimized,14869,4,673,97
p80-f50-h8,optimized,14869,5,629,0
p80-f50-h8,optimized,14869,5,631,13
p80-f50-h8,optimized,14869,5,673,72
p80-f50-h8,optimized,14869,6,629,0
p80-f50-h8,optimized,14869,6,631,13
p80-f50-h8,optimized,14869,6,673,52
p80-f50-h8,optimized,14869,7,629,0
p80-f50-h8,optimized,14869,7,631,0
p80-f50-h8,optimized,14869,7,673,68
p80-f50-h8,optimized,14869,8,629,0
p80-f50-h8,optimized,14869,8,631,0
p80-f50-h8,optimized,14869,8,673,77
p80-f50-h8,optimized,14869,9,629,0
p80-f50-h8,optimized,14869,9,631,17
p80-f50-h8,optimized,14869,9,673,83
p80-f50-h8,optimized,14869,10,629,0
p80-f50-h8,optimized,14869,10,631,0
p80-f50-h8,optimized,14869,10,673,86
p80-f50-h8,optimized,14869,11,629,0
p80-f50-h8,optimized,14869,11,631,14
p80-f50-h8,optimized,14869,11,673,60
p80-f50-h8,optimized,14869,12,629,0
p80-f50-h8,optimized,14869,12,631,17
p80-f50-h8,optimized,14869,12,673,51
p80-f50-h8,optimized,14783,1,629,0
p80-f50-h8,optimized,14783,1,631,31
p80-f50-h8,optimized,14783,1,673,28
p80-f50-h8,optimized,14783,2,629,0
p80-f50-h8,optimized,14783,2,631,0
p80-f50-h8,optimized,14783,2,673,61
p80-f50-h8,optimized,14783,3,629,0
p80-f50-h8,optimized,14783,3,631,17
p80-f50-h8,optimized,14783,3,673,57
p80-f50-h8,optimized,14783,4,629,0
p80-f50-h8,optimized,14783,4,631,0
p80-f50-h8,optimized,14783,4,673,63
p80-f50-h8,optimized,14783,5,629,0
p80-f50-h8,optimized,14783,5,631,28
p80-f50-h8,optimized,14783,5,673,60
p80-f50-h8,optimized,14783,6,629,0
p80-f50-h8,optimized,14783,6,631,37
p80-f50-h8,optimized,14783,6,673,52
p80-f50-h8,optimized,14783,7,629,0
p80-f50-h8,optimized,14783,7,631,0
p80-f50-h8,optimized,14783,7,673,93
p80-f50-h8,optimized,14783,8,629,0
p80-f50-h8,optimized,14783,8,631,0
p80-f50-h8,optimized,14783,8,673,94
p80-f50-h8,optimized,14783,9,629,0
p80-f50-h8,optimized,14783,9,631,39
p80-f50-h8,optimized,14783,9,673,52
p80-f50-h8,optimized,14783,10,629,0
p80-f50-h8,optimized,14783,10,631,0
p80-f50-h8,optimized,14783,10,673,87
p80-f50-h8,optimized,14783,11,629,0
p80-f50-h8,optimized,14783,11,631,21
p80-f50-h8,optimized,14783,11,673,43
p80-f50-h8,optimized,14783,12,629,0
p80-f50-h8,optimized,14783,12,631,36
p80-f50-h8,optimized,14783,12,673,32
p80-f50-h8,historical_shares,11109,1,629,142
p80-f50-h8,historical_shares,11109,1,631,11
p80-f50-h8,historical_shares,11109,1,673,31
p80-f50-h8,historical_shares,11109,2,629,123
p80-f50-h8,historical_shares,11109,2,631,9
p80-f50-h8,historical_shares,11109,2,673,27
p80-f50-h8,historical_shares,11109,3,629,147
p80-f50-h8,historical_shares,11109,3,631,11
p80-f50-h8,historical_shares,11109,3,673,32
p80-f50-h8,historical_shares,11109,4,629,137
p80-f50-h8,historical_shares,11109,4,631,11
p80-f50-h8,historical_shares,11109,4,673,30
p80-f50-h8,historical_shares,11109,5,629,157
p80-f50-h8,historical_shares,11109,5,631,12
p80-f50-h8,historical_shares,11109,5,673,35
p80-f50-h8,historical_shares,11109,6,629,160
p80-f50-h8,historical_shares,11109,6,631,12
p80-f50-h8,historical_shares,11109,6,673,36
p80-f50-h8,historical_shares,11109,7,629,152
p80-f50-h8,historical_shares,11109,7,631,12
p80-f50-h8,historical_shares,11109,7,673,33
p80-f50-h8,historical_shares,11109,8,629,156
p80-f50-h8,historical_shares,11109,8,631,12
p80-f50-h8,historical_shares,11109,8,673,34
p80-f50-h8,historical_shares,11109,9,629,158
p80-f50-h8,historical_shares,11109,9,631,12
p80-f50-h8,historical_shares,11109,9,673,35
p80-f50-h8,historical_shares,11109,10,629,148
p80-f50-h8,historical_shares,11109,10,631,11
p80-f50-h8,historical_shares,11109,10,673,33
p80-f50-h8,historical_shares,11109,11,629,123
p80-f50-h8,historical_shares,11109,11,631,10
p80-f50-h8,historical_shares,11109,11,673,27
p80-f50-h8,historical_shares,11109,12,629,175
p80-f50-h8,historical_shares,11109,12,631,13
p80-f50-h8,historical_shares,11109,12,673,39
p80-f50-h8,historical_shares,10372,1,631,16
p80-f50-h8,historical_shares,10372,1,673,153
p80-f50-h8,historical_shares,10372,2,631,15
p80-f50-h8,historical_shares,10372,2,673,137
p80-f50-h8,historical_shares,10372,3,631,18
p80-f50-h8,historical_shares,10372,3,673,169
p80-f50-h8,historical_shares,10372,4,631,13
p80-f50-h8,historical_shares,10372,4,673,125
p80-f50-h8,historical_shares,10372,5,631,2
p80-f50-h8,historical_shares,10372,5,673,16
p80-f50-h8,historical_shares,10372,6,631,14
p80-f50-h8,historical_shares,10372,6,673,127
p80-f50-h8,historical_shares,10372,7,631,16
p80-f50-h8,historical_shares,10372,7,673,147
p80-f50-h8,historical_shares,10372,8,631,16
p80-f50-h8,historical_shares,10372,8,673,152
p80-f50-h8,historical_shares,10372,9,631,14
p80-f50-h8,historical_shares,10372,9,673,129
p80-f50-h8,historical_shares,10372,10,631,13
p80-f50-h8,historical_shares,10372,10,673,121
p80-f50-h8,historical_shares,10372,11,631,10
p80-f50-h8,historical_shares,10372,11,673,97
p80-f50-h8,historical_shares,10372,12,631,16
p80-f50-h8,historical_shares,10372,12,673,150
p80-f50-h8,historical_shares,14457,1,629,84
p80-f50-h8,historical_shares,14457,1,631,8
p80-f50-h8,historical_shares,14457,1,673,30
p80-f50-h8,historical_shares,14457,2,629,72
p80-f50-h8,historical_shares,14457,2,631,7
p80-f50-h8,historical_shares,14457,2,673,26
p80-f50-h8,historical_shares,14457,3,629,92
p80-f50-h8,historical_shares,14457,3,631,9
p80-f50-h8,historical_shares,14457,3,673,33
p80-f50-h8,historical_shares,14457,4,629,103
p80-f50-h8,historical_shares,14457,4,631,11
p80-f50-h8,historical_shares,14457,4,673,36
p80-f50-h8,historical_shares,14457,5,629,96
p80-f50-h8,historical_shares,14457,5,631,10
p80-f50-h8,historical_shares,14457,5,673,33
p80-f50-h8,historical_shares,14457,6,629,107
p80-f50-h8,historical_shares,14457,6,631,11
p80-f50-h8,historical_shares,14457,6,673,38
p80-f50-h8,historical_shares,14457,7,629,105
p80-f50-h8,historical_shares,14457,7,631,11
p80-f50-h8,historical_shares,14457,7,673,37
p80-f50-h8,historical_shares,14457,8,629,108
p80-f50-h8,historical_shares,14457,8,631,11
p80-f50-h8,historical_shares,14457,8,673,38
p80-f50-h8,historical_shares,14457,9,629,103
p80-f50-h8,historical_shares,14457,9,631,11
p80-f50-h8,historical_shares,14457,9,673,36
p80-f50-h8,historical_shares,14457,10,629,74
p80-f50-h8,historical_shares,14457,10,631,8
p80-f50-h8,historical_shares,14457,10,673,26
p80-f50-h8,historical_shares,14457,11,629,70
p80-f50-h8,historical_shares,14457,11,631,7
p80-f50-h8,historical_shares,14457,11,673,25
p80-f50-h8,historical_shares,14457,12,629,92
p80-f50-h8,historical_shares,14457,12,631,9
p80-f50-h8,historical_shares,14457,12,673,32
p80-f50-h8,historical_shares,11122,1,629,105
p80-f50-h8,historical_shares,11122,1,631,7
p80-f50-h8,historical_shares,11122,1,673,3
p80-f50-h8,historical_shares,11122,2,629,96
p80-f50-h8,historical_shares,11122,2,631,6
p80-f50-h8,historical_shares,11122,2,673,3
p80-f50-h8,historical_shares,11122,3,629,113
p80-f50-h8,historical_shares,11122,3,631,7
p80-f50-h8,historical_shares,11122,3,673,4
p80-f50-h8,historical_shares,11122,4,629,106
p80-f50-h8,historical_shares,11122,4,631,7
p80-f50-h8,historical_shares,11122,4,673,3
p80-f50-h8,historical_shares,11122,5,629,126
p80-f50-h8,historical_shares,11122,5,631,8
p80-f50-h8,historical_shares,11122,5,673,4
p80-f50-h8,historical_shares,11122,6,629,137
p80-f50-h8,historical_shares,11122,6,631,9
p80-f50-h8,historical_shares,11122,6,673,4
p80-f50-h8,historical_shares,11122,7,629,136
p80-f50-h8,historical_shares,11122,7,631,9
p80-f50-h8,historical_shares,11122,7,673,4
p80-f50-h8,historical_shares,11122,8,629,133
p80-f50-h8,historical_shares,11122,8,631,9
p80-f50-h8,historical_shares,11122,8,673,4
p80-f50-h8,historical_shares,11122,9,629,125
p80-f50-h8,historical_shares,11122,9,631,8
p80-f50-h8,historical_shares,11122,9,673,4
p80-f50-h8,historical_shares,11122,10,629,133
p80-f50-h8,historical_shares,11122,10,631,9
p80-f50-h8,historical_shares,11122,10,673,4
p80-f50-h8,historical_shares,11122,11,629,118
p80-f50-h8,historical_shares,11122,11,631,7
p80-f50-h8,historical_shares,11122,11,673,4
p80-f50-h8,historical_shares,11122,12,629,126
p80-f50-h8,historical_shares,11122,12,631,8
p80-f50-h8,historical_shares,11122,12,673,4
p80-f50-h8,historical_shares,13851,1,629,1
p80-f50-h8,historical_shares,13851,1,631,13
p80-f50-h8,historical_shares,13851,1,673,83
p80-f50-h8,historical_shares,13851,2,629,1
p80-f50-h8,historical_shares,13851,2,631,11
p80-f50-h8,historical_shares,13851,2,673,73
p80-f50-h8,historical_shares,13851,3,629,1
p80-f50-h8,historical_shares,13851,3,631,13
p80-f50-h8,historical_shares,13851,3,673,86
p80-f50-h8,historical_shares,13851,4,629,1
p80-f50-h8,historical_shares,13851,4,631,13
p80-f50-h8,historical_shares,13851,4,673,83
p80-f50-h8,historical_shares,13851,5,629,1
p80-f50-h8,historical_shares,13851,5,631,16
p80-f50-h8,historical_shares,13851,5,673,100
p80-f50-h8,historical_shares,13851,6,629,1
p80-f50-h8,historical_shares,13851,6,631,15
p80-f50-h8,historical_shares,13851,6,673,96
p80-f50-h8,historical_shares,13851,7,629,1
p80-f50-h8,historical_shares,13851,7,631,15
p80-f50-h8,historical_shares,13851,7,673,95
p80-f50-h8,historical_shares,13851,8,629,1
p80-f50-h8,historical_shares,13851,8,631,14
p80-f50-h8,historical_shares,13851,8,673,91
p80-f50-h8,historical_shares,13851,9,629,1
p80-f50-h8,historical_shares,13851,9,631,13
p80-f50-h8,historical_shares,13851,9,673,83
p80-f50-h8,historical_shares,13851,10,629,1
p80-f50-h8,historical_shares,13851,10,631,10
p80-f50-h8,historical_shares,13851,10,673,65
p80-f50-h8,historical_shares,13851,11,629,0
p80-f50-h8,historical_shares,13851,11,631,8
p80-f50-h8,historical_shares,13851,11,673,49
p80-f50-h8,historical_shares,13851,12,629,1
p80-f50-h8,historical_shares,13851,12,631,8
p80-f50-h8,historical_shares,13851,12,673,54
p80-f50-h8,historical_shares,12280,1,629,33
p80-f50-h8,historical_shares,12280,1,631,28
p80-f50-h8,historical_shares,12280,1,673,22
p80-f50-h8,historical_shares,12280,2,629,30
p80-f50-h8,historical_shares,12280,2,631,26
p80-f50-h8,historical_shares,12280,2,673,20
p80-f50-h8,historical_shares,12280,3,629,34
p80-f50-h8,historical_shares,12280,3,631,29
p80-f50-h8,historical_shares,12280,3,673,23
p80-f50-h8,historical_shares,12280,4,629,34
p80-f50-h8,historical_shares,12280,4,631,30
p80-f50-h8,historical_shares,12280,4,673,23
p80-f50-h8,historical_shares,12280,5,629,41
p80-f50-h8,historical_shares,12280,5,631,36
p80-f50-h8,historical_shares,12280,5,673,28
p80-f50-h8,historical_shares,12280,6,629,43
p80-f50-h8,historical_shares,12280,6,631,37
p80-f50-h8,historical_shares,12280,6,673,29
p80-f50-h8,historical_shares,12280,7,629,48
p80-f50-h8,historical_shares,12280,7,631,42
p80-f50-h8,historical_shares,12280,7,673,33
p80-f50-h8,historical_shares,12280,8,629,48
p80-f50-h8,historical_shares,12280,8,631,43
p80-f50-h8,historical_shares,12280,8,673,33
p80-f50-h8,historical_shares,12280,9,629,46
p80-f50-h8,historical_shares,12280,9,631,40
p80-f50-h8,historical_shares,12280,9,673,32
p80-f50-h8,historical_shares,12280,10,629,42
p80-f50-h8,historical_shares,12280,10,631,36
p80-f50-h8,historical_shares,12280,10,673,29
p80-f50-h8,historical_shares,12280,11,629,36
p80-f50-h8,historical_shares,12280,11,631,32
p80-f50-h8,historical_shares,12280,11,673,25
p80-f50-h8,historical_shares,12280,12,629,30
p80-f50-h8,historical_shares,12280,12,631,26
p80-f50-h8,historical_shares,12280,12,673,20
p80-f50-h8,historical_shares,14869,1,629,5
p80-f50-h8,historical_shares,14869,1,631,17
p80-f50-h8,historical_shares,14869,1,673,42
p80-f50-h8,historical_shares,14869,2,629,6
p80-f50-h8,historical_shares,14869,2,631,19
p80-f50-h8,historical_shares,14869,2,673,47
p80-f50-h8,historical_shares,14869,3,629,7
p80-f50-h8,historical_shares,14869,3,631,22
p80-f50-h8,historical_shares,14869,3,673,54
p80-f50-h8,historical_shares,14869,4,629,9
p80-f50-h8,historical_shares,14869,4,631,27
p80-f50-h8,historical_shares,14869,4,673,68
p80-f50-h8,historical_shares,14869,5,629,7
p80-f50-h8,historical_shares,14869,5,631,23
p80-f50-h8,historical_shares,14869,5,673,58
p80-f50-h8,historical_shares,14869,6,629,5
p80-f50-h8,historical_shares,14869,6,631,18
p80-f50-h8,historical_shares,14869,6,673,44
p80-f50-h8,historical_shares,14869,7,629,6
p80-f50-h8,historical_shares,14869,7,631,18
p80-f50-h8,historical_shares,14869,7,673,47
p80-f50-h8,historical_shares,14869,8,629,6
p80-f50-h8,historical_shares,14869,8,631,21
p80-f50-h8,historical_shares,14869,8,673,52
p80-f50-h8,historical_shares,14869,9,629,8
p80-f50-h8,historical_shares,14869,9,631,27
p80-f50-h8,historical_shares,14869,9,673,68
p80-f50-h8,historical_shares,14869,10,629,7
p80-f50-h8,historical_shares,14869,10,631,24
p80-f50-h8,historical_shares,14869,10,673,59
p80-f50-h8,historical_shares,14869,11,629,6
p80-f50-h8,historical_shares,14869,11,631,20
p80-f50-h8,historical_shares,14869,11,673,51
p80-f50-h8,historical_shares,14869,12,629,6
p80-f50-h8,historical_shares,14869,12,631,18
p80-f50-h8,historical_shares,14869,12,673,46
p80-f50-h8,historical_shares,14783,1,629,6
p80-f50-h8,historical_shares,14783,1,631,14
p80-f50-h8,historical_shares,14783,1,673,41
p80-f50-h8,historical_shares,14783,2,629,6
p80-f50-h8,historical_shares,14783,2,631,15
p80-f50-h8,historical_shares,14783,2,673,42
p80-f50-h8,historical_shares,14783,3,629,8
p80-f50-h8,historical_shares,14783,3,631,18
p80-f50-h8,historical_shares,14783,3,673,51
p80-f50-h8,historical_shares,14783,4,629,7
p80-f50-h8,historical_shares,14783,4,631,15
p80-f50-h8,historical_shares,14783,4,673,43
p80-f50-h8,historical_shares,14783,5,629,10
p80-f50-h8,historical_shares,14783,5,631,21
p80-f50-h8,historical_shares,14783,5,673,60
p80-f50-h8,historical_shares,14783,6,629,9
p80-f50-h8,historical_shares,14783,6,631,22
p80-f50-h8,historical_shares,14783,6,673,61
p80-f50-h8,historical_shares,14783,7,629,10
p80-f50-h8,historical_shares,14783,7,631,23
p80-f50-h8,historical_shares,14783,7,673,64
p80-f50-h8,historical_shares,14783,8,629,10
p80-f50-h8,historical_shares,14783,8,631,23
p80-f50-h8,historical_shares,14783,8,673,65
p80-f50-h8,historical_shares,14783,9,629,10
p80-f50-h8,historical_shares,14783,9,631,22
p80-f50-h8,historical_shares,14783,9,673,62
p80-f50-h8,historical_shares,14783,10,629,9
p80-f50-h8,historical_shares,14783,10,631,21
p80-f50-h8,historical_shares,14783,10,673,60
p80-f50-h8,historical_shares,14783,11,629,7
p80-f50-h8,historical_shares,14783,11,631,15
p80-f50-h8,historical_shares,14783,11,673,44
p80-f50-h8,historical_shares,14783,12,629,7
p80-f50-h8,historical_shares,14783,12,631,17
p80-f50-h8,historical_shares,14783,12,673,46
p80-f50-h10,optimized,11109,1,629,0
p80-f50-h10,optimized,11109,1,631,79
p80-f50-h10,optimized,11109,1,673,64
p80-f50-h10,optimized,11109,2,629,0
p80-f50-h10,optimized,11109,2,631,131
p80-f50-h10,optimized,11109,2,673,0
p80-f50-h10,optimized,11109,3,629,0
p80-f50-h10,optimized,11109,3,631,91
p80-f50-h10,optimized,11109,3,673,57
p80-f50-h10,optimized,11109,4,629,0
p80-f50-h10,optimized,11109,4,631,144
p80-f50-h10,optimized,11109,4,673,0
p80-f50-h10,optimized,11109,5,629,0
p80-f50-h10,optimized,11109,5,631,98
p80-f50-h10,optimized,11109,5,673,61
p80-f50-h10,optimized,11109,6,629,0
p80-f50-h10,optimized,11109,6,631,83
p80-f50-h10,optimized,11109,6,673,79
p80-f50-h10,optimized,11109,7,629,0
p80-f50-h10,optimized,11109,7,631,174
p80-f50-h10,optimized,11109,7,673,0
p80-f50-h10,optimized,11109,8,629,0
p80-f50-h10,optimized,11109,8,631,168
p80-f50-h10,optimized,11109,8,673,0
p80-f50-h10,optimized,11109,9,629,0
p80-f50-h10,optimized,11109,9,631,10
p80-f50-h10,optimized,11109,9,673,146
p80-f50-h10,optimized,11109,10,629,0
p80-f50-h10,optimized,11109,10,631,141
p80-f50-h10,optimized,11109,10,673,11
p80-f50-h10,optimized,11109,11,629,0
p80-f50-h10,optimized,11109,11,631,73
p80-f50-h10,optimized,11109,11,673,52
p80-f50-h10,optimized,11109,12,629,0
p80-f50-h10,optimized,11109,12,631,4
p80-f50-h10,optimized,11109,12,673,169
p80-f50-h10,optimized,10372,1,631,0
p80-f50-h10,optimized,10372,1,673,169
p80-f50-h10,optimized,10372,2,631,0
p80-f50-h10,optimized,10372,2,673,152
p80-f50-h10,optimized,10372,3,631,0
p80-f50-h10,optimized,10372,3,673,187
p80-f50-h10,optimized,10372,4,631,0
p80-f50-h10,optimized,10372,4,673,138
p80-f50-h10,optimized,10372,5,631,0
p80-f50-h10,optimized,10372,5,673,18
p80-f50-h10,optimized,10372,6,631,0
p80-f50-h10,optimized,10372,6,673,141
p80-f50-h10,optimized,10372,7,631,0
p80-f50-h10,optimized,10372,7,673,163
p80-f50-h10,optimized,10372,8,631,0
p80-f50-h10,optimized,10372,8,673,168
p80-f50-h10,optimized,10372,9,631,4
p80-f50-h10,optimized,10372,9,673,139
p80-f50-h10,optimized,10372,10,631,0
p80-f50-h10,optimized,10372,10,673,134
p80-f50-h10,optimized,10372,11,631,0
p80-f50-h10,optimized,10372,11,673,106
p80-f50-h10,optimized,10372,12,631,0
p80-f50-h10,optimized,10372,12,673,166
p80-f50-h10,optimized,14457,1,629,0
p80-f50-h10,optimized,14457,1,631,13
p80-f50-h10,optimized,14457,1,673,83
p80-f50-h10,optimized,14457,2,629,0
p80-f50-h10,optimized,14457,2,631,32
p80-f50-h10,optimized,14457,2,673,51
p80-f50-h10,optimized,14457,3,629,0
p80-f50-h10,optimized,14457,3,631,32
p80-f50-h10,optimized,14457,3,673,74
p80-f50-h10,optimized,14457,4,629,0
p80-f50-h10,optimized,14457,4,631,12
p80-f50-h10,optimized,14457,4,673,106
p80-f50-h10,optimized,14457,5,629,0
p80-f50-h10,optimized,14457,5,631,35
p80-f50-h10,optimized,14457,5,673,75
p80-f50-h10,optimized,14457,6,629,0
p80-f50-h10,optimized,14457,6,631,3
p80-f50-h10,optimized,14457,6,673,120
p80-f50-h10,optimized,14457,7,629,0
p80-f50-h10,optimized,14457,7,631,24
p80-f50-h10,optimized,14457,7,673,97
p80-f50-h10,optimized,14457,8,629,0
p80-f50-h10,optimized,14457,8,631,32
p80-f50-h10,optimized,14457,8,673,92
p80-f50-h10,optimized,14457,9,629,0
p80-f50-h10,optimized,14457,9,631,5
p80-f50-h10,optimized,14457,9,673,113
p80-f50-h10,optimized,14457,10,629,0
p80-f50-h10,optimized,14457,10,631,88
p80-f50-h10,optimized,14457,10,673,0
p80-f50-h10,optimized,14457,11,629,0
p80-f50-h10,optimized,14457,11,631,16
p80-f50-h10,optimized,14457,11,673,64
p80-f50-h10,optimized,14457,12,629,0
p80-f50-h10,optimized,14457,12,631,22
p80-f50-h10,optimized,14457,12,673,83
p80-f50-h10,optimized,11122,1,629,0
p80-f50-h10,optimized,11122,1,631,92
p80-f50-h10,optimized,11122,1,673,0
p80-f50-h10,optimized,11122,2,629,0
p80-f50-h10,optimized,11122,2,631,84
p80-f50-h10,optimized,11122,2,673,0
p80-f50-h10,optimized,11122,3,629,0
p80-f50-h10,optimized,11122,3,631,93
p80-f50-h10,optimized,11122,3,673,0
p80-f50-h10,optimized,11122,4,629,0
p80-f50-h10,optimized,11122,4,631,89
p80-f50-h10,optimized,11122,4,673,0
p80-f50-h10,optimized,11122,5,629,0
p80-f50-h10,optimized,11122,5,631,65
p80-f50-h10,optimized,11122,5,673,36
p80-f50-h10,optimized,11122,6,629,0
p80-f50-h10,optimized,11122,6,631,70
p80-f50-h10,optimized,11122,6,673,40
p80-f50-h10,optimized,11122,7,629,0
p80-f50-h10,optimized,11122,7,631,63
p80-f50-h10,optimized,11122,7,673,46
p80-f50-h10,optimized,11122,8,629,0
p80-f50-h10,optimized,11122,8,631,108
p80-f50-h10,optimized,11122,8,673,0
p80-f50-h10,optimized,11122,9,629,0
p80-f50-h10,optimized,11122,9,631,106
p80-f50-h10,optimized,11122,9,673,0
p80-f50-h10,optimized,11122,10,629,0
p80-f50-h10,optimized,11122,10,631,108
p80-f50-h10,optimized,11122,10,673,0
p80-f50-h10,optimized,11122,11,629,0
p80-f50-h10,optimized,11122,11,631,102
p80-f50-h10,optimized,11122,11,673,0
p80-f50-h10,optimized,11122,12,629,0
p80-f50-h10,optimized,11122,12,631,109
p80-f50-h10,optimized,11122,12,673,0
p80-f50-h10,optimized,13851,1,629,0
p80-f50-h10,optimized,13851,1,631,3
p80-f50-h10,optimized,13851,1,673,93
p80-f50-h10,optimized,13851,2,629,0
p80-f50-h10,optimized,13851,2,631,1
p80-f50-h10,optimized,13851,2,673,83
p80-f50-h10,optimized,13851,3,629,0
p80-f50-h10,optimized,13851,3,631,0
p80-f50-h10,optimized,13851,3,673,99
p80-f50-h10,optimized,13851,4,629,0
p80-f50-h10,optimized,13851,4,631,7
p80-f50-h10,optimized,13851,4,673,89
p80-f50-h10,optimized,13851,5,629,0
p80-f50-h10,optimized,13851,5,631,4
p80-f50-h10,optimized,13851,5,673,112
p80-f50-h10,optimized,13851,6,629,0
p80-f50-h10,optimized,13851,6,631,12
p80-f50-h10,optimized,13851,6,673,99
p80-f50-h10,optimized,13851,7,629,0
p80-f50-h10,optimized,13851,7,631,22
p80-f50-h10,optimized,13851,7,673,88
p80-f50-h10,optimized,13851,8,629,0
p80-f50-h10,optimized,13851,8,631,17
p80-f50-h10,optimized,13851,8,673,89
p80-f50-h10,optimized,13851,9,629,0
p80-f50-h10,optimized,13851,9,631,20
p80-f50-h10,optimized,13851,9,673,77
p80-f50-h10,optimized,13851,10,629,0
p80-f50-h10,optimized,13851,10,631,0
p80-f50-h10,optimized,13851,10,673,76
p80-f50-h10,optimized,13851,11,629,0
p80-f50-h10,optimized,13851,11,631,12
p80-f50-h10,optimized,13851,11,673,44
p80-f50-h10,optimized,13851,12,629,0
p80-f50-h10,optimized,13851,12,631,23
p80-f50-h10,optimized,13851,12,673,40
p80-f50-h10,optimized,12280,1,629,0
p80-f50-h10,optimized,12280,1,631,1
p80-f50-h10,optimized,12280,1,673,70
p80-f50-h10,optimized,12280,2,629,0
p80-f50-h10,optimized,12280,2,631,2
p80-f50-h10,optimized,12280,2,673,63
p80-f50-h10,optimized,12280,3,629,0
p80-f50-h10,optimized,12280,3,631,5
p80-f50-h10,optimized,12280,3,673,69
p80-f50-h10,optimized,12280,4,629,0
p80-f50-h10,optimized,12280,4,631,12
p80-f50-h10,optimized,12280,4,673,63
p80-f50-h10,optimized,12280,5,629,0
p80-f50-h10,optimized,12280,5,631,10
p80-f50-h10,optimized,12280,5,673,80
p80-f50-h10,optimized,12280,6,629,0
p80-f50-h10,optimized,12280,6,631,2
p80-f50-h10,optimized,12280,6,673,91
p80-f50-h10,optimized,12280,7,629,0
p80-f50-h10,optimized,12280,7,631,9
p80-f50-h10,optimized,12280,7,673,97
p80-f50-h10,optimized,12280,8,629,0
p80-f50-h10,optimized,12280,8,631,16
p80-f50-h10,optimized,12280,8,673,91
p80-f50-h10,optimized,12280,9,629,0
p80-f50-h10,optimized,12280,9,631,11
p80-f50-h10,optimized,12280,9,673,90
p80-f50-h10,optimized,12280,10,629,0
p80-f50-h10,optimized,12280,10,631,5
p80-f50-h10,optimized,12280,10,673,87
p80-f50-h10,optimized,12280,11,629,0
p80-f50-h10,optimized,12280,11,631,5
p80-f50-h10,optimized,12280,11,673,75
p80-f50-h10,optimized,12280,12,629,0
p80-f50-h10,optimized,12280,12,631,0
p80-f50-h10,optimized,12280,12,673,65
p80-f50-h10,optimized,14869,1,629,0
p80-f50-h10,optimized,14869,1,631,6
p80-f50-h10,optimized,14869,1,673,56
p80-f50-h10,optimized,14869,2,629,0
p80-f50-h10,optimized,14869,2,631,7
p80-f50-h10,optimized,14869,2,673,62
p80-f50-h10,optimized,14869,3,629,0
p80-f50-h10,optimized,14869,3,631,10
p80-f50-h10,optimized,14869,3,673,70
p80-f50-h10,optimized,14869,4,629,0
p80-f50-h10,optimized,14869,4,631,23
p80-f50-h10,optimized,14869,4,673,78
p80-f50-h10,optimized,14869,5,629,0
p80-f50-h10,optimized,14869,5,631,13
p80-f50-h10,optimized,14869,5,673,72
p80-f50-h10,optimized,14869,6,629,0
p80-f50-h10,optimized,14869,6,631,13
p80-f50-h10,optimized,14869,6,673,52
p80-f50-h10,optimized,14869,7,629,0
p80-f50-h10,optimized,14869,7,631,6
p80-f50-h10,optimized,14869,7,673,62
p80-f50-h10,optimized,14869,8,629,0
p80-f50-h10,optimized,14869,8,631,0
p80-f50-h10,optimized,14869,8,673,77
p80-f50-h10,optimized,14869,9,629,0
p80-f50-h10,optimized,14869,9,631,17
p80-f50-h10,optimized,14869,9,673,83
p80-f50-h10,optimized,14869,10,629,0
p80-f50-h10,optimized,14869,10,631,0
p80-f50-h10,optimized,14869,10,673,86
p80-f50-h10,optimized,14869,11,629,0
p80-f50-h10,optimized,14869,11,631,14
p80-f50-h10,optimized,14869,11,673,60
p80-f50-h10,optimized,14869,12,629,0
p80-f50-h10,optimized,14869,12,631,17
p80-f50-h10,optimized,14869,12,673,51
p80-f50-h10,optimized,14783,1,629,0
p80-f50-h10,optimized,14783,1,631,31
p80-f50-h10,optimized,14783,1,673,28
p80-f50-h10,optimized,14783,2,629,0
p80-f50-h10,optimized,14783,2,631,36
p80-f50-h10,optimized,14783,2,673,25
p80-f50-h10,optimized,14783,3,629,0
p80-f50-h10,optimized,14783,3,631,17
p80-f50-h10,optimized,14783,3,673,57
p80-f50-h10,optimized,14783,4,629,0
p80-f50-h10,optimized,14783,4,631,26
p80-f50-h10,optimized,14783,4,673,37
p80-f50-h10,optimized,14783,5,629,0
p80-f50-h10,optimized,14783,5,631,35
p80-f50-h10,optimized,14783,5,673,53
p80-f50-h10,optimized,14783,6,629,0
p80-f50-h10,optimized,14783,6,631,37
p80-f50-h10,optimized,14783,6,673,52
p80-f50-h10,optimized,14783,7,629,0
p80-f50-h10,optimized,14783,7,631,2
p80-f50-h10,optimized,14783,7,673,91
p80-f50-h10,optimized,14783,8,629,0
p80-f50-h10,optimized,14783,8,631,0
p80-f50-h10,optimized,14783,8,673,94
p80-f50-h10,optimized,14783,9,629,0
p80-f50-h10,optimized,14783,9,631,39
p80-f50-h10,optimized,14783,9,673,52
p80-f50-h10,optimized,14783,10,629,0
p80-f50-h10,optimized,14783,10,631,0
p80-f50-h10,optimized,14783,10,673,87
p80-f50-h10,optimized,14783,11,629,0
p80-f50-h10,optimized,14783,11,631,57
p80-f50-h10,optimized,14783,11,673,7
p80-f50-h10,optimized,14783,12,629,0
p80-f50-h10,optimized,14783,12,631,36
p80-f50-h10,optimized,14783,12,673,32
p80-f50-h10,historical_shares,11109,1,629,142
p80-f50-h10,historical_shares,11109,1,631,11
p80-f50-h10,historical_shares,11109,1,673,31
p80-f50-h10,historical_shares,11109,2,629,123
p80-f50-h10,historical_shares,11109,2,631,9
p80-f50-h10,historical_shares,11109,2,673,27
p80-f50-h10,historical_shares,11109,3,629,147
p80-f50-h10,historical_shares,11109,3,631,11
p80-f50-h10,historical_shares,11109,3,673,32
p80-f50-h10,historical_shares,11109,4,629,137
p80-f50-h10,historical_shares,11109,4,631,11
p80-f50-h10,historical_shares,11109,4,673,30
p80-f50-h10,historical_shares,11109,5,629,157
p80-f50-h10,historical_shares,11109,5,631,12
p80-f50-h10,historical_shares,11109,5,673,35
p80-f50-h10,historical_shares,11109,6,629,160
p80-f50-h10,historical_shares,11109,6,631,12
p80-f50-h10,historical_shares,11109,6,673,36
p80-f50-h10,historical_shares,11109,7,629,152
p80-f50-h10,historical_shares,11109,7,631,12
p80-f50-h10,historical_shares,11109,7,673,33
p80-f50-h10,historical_shares,11109,8,629,156
p80-f50-h10,historical_shares,11109,8,631,12
p80-f50-h10,historical_shares,11109,8,673,34
p80-f50-h10,historical_shares,11109,9,629,158
p80-f50-h10,historical_shares,11109,9,631,12
p80-f50-h10,historical_shares,11109,9,673,35
p80-f50-h10,historical_shares,11109,10,629,148
p80-f50-h10,historical_shares,11109,10,631,11
p80-f50-h10,historical_shares,11109,10,673,33
p80-f50-h10,historical_shares,11109,11,629,123
p80-f50-h10,historical_shares,11109,11,631,10
p80-f50-h10,historical_shares,11109,11,673,27
p80-f50-h10,historical_shares,11109,12,629,175
p80-f50-h10,historical_shares,11109,12,631,13
p80-f50-h10,historical_shares,11109,12,673,39
p80-f50-h10,historical_shares,10372,1,631,16
p80-f50-h10,historical_shares,10372,1,673,153
p80-f50-h10,historical_shares,10372,2,631,15
p80-f50-h10,historical_shares,10372,2,673,137
p80-f50-h10,historical_shares,10372,3,631,18
p80-f50-h10,historical_shares,10372,3,673,169
p80-f50-h10,historical_shares,10372,4,631,13
p80-f50-h10,historical_shares,10372,4,673,125
p80-f50-h10,historical_shares,10372,5,631,2
p80-f50-h10,historical_shares,10372,5,673,16
p80-f50-h10,historical_shares,10372,6,631,14
p80-f50-h10,historical_shares,10372,6,673,127
p80-f50-h10,historical_shares,10372,7,631,16
p80-f50-h10,historical_shares,10372,7,673,147
p80-f50-h10,historical_shares,10372,8,631,16
p80-f50-h10,historical_shares,10372,8,673,152
p80-f50-h10,historical_shares,10372,9,631,14
p80-f50-h10,historical_shares,10372,9,673,129
p80-f50-h10,historical_shares,10372,10,631,13
p80-f50-h10,historical_shares,10372,10,673,121
p80-f50-h10,historical_shares,10372,11,631,10
p80-f50-h10,historical_shares,10372,11,673,97
p80-f50-h10,historical_shares,10372,12,631,16
p80-f50-h10,historical_shares,10372,12,673,150
p80-f50-h10,historical_shares,14457,1,629,84
p80-f50-h10,historical_shares,14457,1,631,8
p80-f50-h10,historical_shares,14457,1,673,30
p80-f50-h10,historical_shares,14457,2,629,72
p80-f50-h10,historical_shares,14457,2,631,7
p80-f50-h10,historical_shares,14457,2,673,26
p80-f50-h10,historical_shares,14457,3,629,92
p80-f50-h10,historical_shares,14457,3,631,9
p80-f50-h10,historical_shares,14457,3,673,33
p80-f50-h10,historical_shares,14457,4,629,103
p80-f50-h10,historical_shares,14457,4,631,11
p80-f50-h10,historical_shares,14457,4,673,36
p80-f50-h10,historical_shares,14457,5,629,96
p80-f50-h10,historical_shares,14457,5,631,10
p80-f50-h10,historical_shares,14457,5,673,33
p80-f50-h10,historical_shares,14457,6,629,107
p80-f50-h10,historical_shares,14457,6,631,11
p80-f50-h10,historical_shares,14457,6,673,38
p80-f50-h10,historical_shares,14457,7,629,105
p80-f50-h10,historical_shares,14457,7,631,11
p80-f50-h10,historical_shares,14457,7,673,37
p80-f50-h10,historical_shares,14457,8,629,108
p80-f50-h10,historical_shares,14457,8,631,11
p80-f50-h10,historical_shares,14457,8,673,38
p80-f50-h10,historical_shares,14457,9,629,103
p80-f50-h10,historical_shares,14457,9,631,11
p80-f50-h10,historical_shares,14457,9,673,36
p80-f50-h10,historical_shares,14457,10,629,74
p80-f50-h10,historical_shares,14457,10,631,8
p80-f50-h10,historical_shares,14457,10,673,26
p80-f50-h10,historical_shares,14457,11,629,70
p80-f50-h10,historical_shares,14457,11,631,7
p80-f50-h10,historical_shares,14457,11,673,25
p80-f50-h10,historical_shares,14457,12,629,92
p80-f50-h10,historical_shares,14457,12,631,9
p80-f50-h10,historical_shares,14457,12,673,32
p80-f50-h10,historical_shares,11122,1,629,105
p80-f50-h10,historical_shares,11122,1,631,7
p80-f50-h10,historical_shares,11122,1,673,3
p80-f50-h10,historical_shares,11122,2,629,96
p80-f50-h10,historical_shares,11122,2,631,6
p80-f50-h10,historical_shares,11122,2,673,3
p80-f50-h10,historical_shares,11122,3,629,113
p80-f50-h10,historical_shares,11122,3,631,7
p80-f50-h10,historical_shares,11122,3,673,4
p80-f50-h10,historical_shares,11122,4,629,106
p80-f50-h10,historical_shares,11122,4,631,7
p80-f50-h10,historical_shares,11122,4,673,3
p80-f50-h10,historical_shares,11122,5,629,126
p80-f50-h10,historical_shares,11122,5,631,8
p80-f50-h10,historical_shares,11122,5,673,4
p80-f50-h10,historical_shares,11122,6,629,137
p80-f50-h10,historical_shares,11122,6,631,9
p80-f50-h10,historical_shares,11122,6,673,4
p80-f50-h10,historical_shares,11122,7,629,136
p80-f50-h10,historical_shares,11122,7,631,9
p80-f50-h10,historical_shares,11122,7,673,4
p80-f50-h10,historical_shares,11122,8,629,133
p80-f50-h10,historical_shares,11122,8,631,9
p80-f50-h10,historical_shares,11122,8,673,4
p80-f50-h10,historical_shares,11122,9,629,125
p80-f50-h10,historical_shares,11122,9,631,8
p80-f50-h10,historical_shares,11122,9,673,4
p80-f50-h10,historical_shares,11122,10,629,133
p80-f50-h10,historical_shares,11122,10,631,9
p80-f50-h10,historical_shares,11122,10,673,4
p80-f50-h10,historical_shares,11122,11,629,118
p80-f50-h10,historical_shares,11122,11,631,7
p80-f50-h10,historical_shares,11122,11,673,4
p80-f50-h10,historical_shares,11122,12,629,126
p80-f50-h10,historical_shares,11122,12,631,8
p80-f50-h10,historical_shares,11122,12,673,4
p80-f50-h10,historical_shares,13851,1,629,1
p80-f50-h10,historical_shares,13851,1,631,13
p80-f50-h10,historical_shares,13851,1,673,83
p80-f50-h10,historical_shares,13851,2,629,1
p80-f50-h10,historical_shares,13851,2,631,11
p80-f50-h10,historical_shares,13851,2,673,73
p80-f50-h10,historical_shares,13851,3,629,1
p80-f50-h10,historical_shares,13851,3,631,13
p80-f50-h10,historical_shares,13851,3,673,86
p80-f50-h10,historical_shares,13851,4,629,1
p80-f50-h10,historical_shares,13851,4,631,13
p80-f50-h10,historical_shares,13851,4,673,83
p80-f50-h10,historical_shares,13851,5,629,1
p80-f50-h10,historical_shares,13851,5,631,16
p80-f50-h10,historical_shares,13851,5,673,100
p80-f50-h10,historical_shares,13851,6,629,1
p80-f50-h10,historical_shares,13851,6,631,15
p80-f50-h10,historical_shares,13851,6,673,96
p80-f50-h10,historical_shares,13851,7,629,1
p80-f50-h10,historical_shares,13851,7,631,15
p80-f50-h10,historical_shares,13851,7,673,95
p80-f50-h10,historical_shares,13851,8,629,1
p80-f50-h10,historical_shares,13851,8,631,14
p80-f50-h10,historical_shares,13851,8,673,91
p80-f50-h10,historical_shares,13851,9,629,1
p80-f50-h10,historical_shares,13851,9,631,13
p80-f50-h10,historical_shares,13851,9,673,83
p80-f50-h10,historical_shares,13851,10,629,1
p80-f50-h10,historical_shares,13851,10,631,10
p80-f50-h10,historical_shares,13851,10,673,65
p80-f50-h10,historical_shares,13851,11,629,0
p80-f50-h10,historical_shares,13851,11,631,8
p80-f50-h10,historical_shares,13851,11,673,49
p80-f50-h10,historical_shares,13851,12,629,1
p80-f50-h10,historical_shares,13851,12,631,8
p80-f50-h10,historical_shares,13851,12,673,54
p80-f50-h10,historical_shares,12280,1,629,33
p80-f50-h10,historical_shares,12280,1,631,28
p80-f50-h10,historical_shares,12280,1,673,22
p80-f50-h10,historical_shares,12280,2,629,30
p80-f50-h10,historical_shares,12280,2,631,26
p80-f50-h10,historical_shares,12280,2,673,20
p80-f50-h10,historical_shares,12280,3,629,34
p80-f50-h10,historical_shares,12280,3,631,29
p80-f50-h10,historical_shares,12280,3,673,23
p80-f50-h10,historical_shares,12280,4,629,34
p80-f50-h10,historical_shares,12280,4,631,30
p80-f50-h10,historical_shares,12280,4,673,23
p80-f50-h10,historical_shares,12280,5,629,41
p80-f50-h10,historical_shares,12280,5,631,36
p80-f50-h10,historical_shares,12280,5,673,28
p80-f50-h10,historical_shares,12280,6,629,43
p80-f50-h10,historical_shares,12280,6,631,37
p80-f50-h10,historical_shares,12280,6,673,29
p80-f50-h10,historical_shares,12280,7,629,48
p80-f50-h10,historical_shares,12280,7,631,42
p80-f50-h10,historical_shares,12280,7,673,33
p80-f50-h10,historical_shares,12280,8,629,48
p80-f50-h10,historical_shares,12280,8,631,43
p80-f50-h10,historical_shares,12280,8,673,33
p80-f50-h10,historical_shares,12280,9,629,46
p80-f50-h10,historical_shares,12280,9,631,40
p80-f50-h10,historical_shares,12280,9,673,32
p80-f50-h10,historical_shares,12280,10,629,42
p80-f50-h10,historical_shares,12280,10,631,36
p80-f50-h10,historical_shares,12280,10,673,29
p80-f50-h10,historical_shares,12280,11,629,36
p80-f50-h10,historical_shares,12280,11,631,32
p80-f50-h10,historical_shares,12280,11,673,25
p80-f50-h10,historical_shares,12280,12,629,30
p80-f50-h10,historical_shares,12280,12,631,26
p80-f50-h10,historical_shares,12280,12,673,20
p80-f50-h10,historical_shares,14869,1,629,5
p80-f50-h10,historical_shares,14869,1,631,17
p80-f50-h10,historical_shares,14869,1,673,42
p80-f50-h10,historical_shares,14869,2,629,6
p80-f50-h10,historical_shares,14869,2,631,19
p80-f50-h10,historical_shares,14869,2,673,47
p80-f50-h10,historical_shares,14869,3,629,7
p80-f50-h10,historical_shares,14869,3,631,22
p80-f50-h10,historical_shares,14869,3,673,54
p80-f50-h10,historical_shares,14869,4,629,9
p80-f50-h10,historical_shares,14869,4,631,27
p80-f50-h10,historical_shares,14869,4,673,68
p80-f50-h10,historical_shares,14869,5,629,7
p80-f50-h10,historical_shares,14869,5,631,23
p80-f50-h10,historical_shares,14869,5,673,58
p80-f50-h10,historical_shares,14869,6,629,5
p80-f50-h10,historical_shares,14869,6,631,18
p80-f50-h10,historical_shares,14869,6,673,44
p80-f50-h10,historical_shares,14869,7,629,6
p80-f50-h10,historical_shares,14869,7,631,18
p80-f50-h10,historical_shares,14869,7,673,47
p80-f50-h10,historical_shares,14869,8,629,6
p80-f50-h10,historical_shares,14869,8,631,21
p80-f50-h10,historical_shares,14869,8,673,52
p80-f50-h10,historical_shares,14869,9,629,8
p80-f50-h10,historical_shares,14869,9,631,27
p80-f50-h10,historical_shares,14869,9,673,68
p80-f50-h10,historical_shares,14869,10,629,7
p80-f50-h10,historical_shares,14869,10,631,24
p80-f50-h10,historical_shares,14869,10,673,59
p80-f50-h10,historical_shares,14869,11,629,6
p80-f50-h10,historical_shares,14869,11,631,20
p80-f50-h10,historical_shares,14869,11,673,51
p80-f50-h10,historical_shares,14869,12,629,6
p80-f50-h10,historical_shares,14869,12,631,18
p80-f50-h10,historical_shares,14869,12,673,46
p80-f50-h10,historical_shares,14783,1,629,6
p80-f50-h10,historical_shares,14783,1,631,14
p80-f50-h10,historical_shares,14783,1,673,41
p80-f50-h10,historical_shares,14783,2,629,6
p80-f50-h10,historical_shares,14783,2,631,15
p80-f50-h10,historical_shares,14783,2,673,42
p80-f50-h10,historical_shares,14783,3,629,8
p80-f50-h10,historical_shares,14783,3,631,18
p80-f50-h10,historical_shares,14783,3,673,51
p80-f50-h10,historical_shares,14783,4,629,7
p80-f50-h10,historical_shares,14783,4,631,15
p80-f50-h10,historical_shares,14783,4,673,43
p80-f50-h10,historical_shares,14783,5,629,10
p80-f50-h10,historical_shares,14783,5,631,21
p80-f50-h10,historical_shares,14783,5,673,60
p80-f50-h10,historical_shares,14783,6,629,9
p80-f50-h10,historical_shares,14783,6,631,22
p80-f50-h10,historical_shares,14783,6,673,61
p80-f50-h10,historical_shares,14783,7,629,10
p80-f50-h10,historical_shares,14783,7,631,23
p80-f50-h10,historical_shares,14783,7,673,64
p80-f50-h10,historical_shares,14783,8,629,10
p80-f50-h10,historical_shares,14783,8,631,23
p80-f50-h10,historical_shares,14783,8,673,65
p80-f50-h10,historical_shares,14783,9,629,10
p80-f50-h10,historical_shares,14783,9,631,22
p80-f50-h10,historical_shares,14783,9,673,62
p80-f50-h10,historical_shares,14783,10,629,9
p80-f50-h10,historical_shares,14783,10,631,21
p80-f50-h10,historical_shares,14783,10,673,60
p80-f50-h10,historical_shares,14783,11,629,7
p80-f50-h10,historical_shares,14783,11,631,15
p80-f50-h10,historical_shares,14783,11,673,44
p80-f50-h10,historical_shares,14783,12,629,7
p80-f50-h10,historical_shares,14783,12,631,17
p80-f50-h10,historical_shares,14783,12,673,46
p80-f75-h6,optimized,11109,1,629,0
p80-f75-h6,optimized,11109,1,631,214
p80-f75-h6,optimized,11109,1,673,0
p80-f75-h6,optimized,11109,2,629,0
p80-f75-h6,optimized,11109,2,631,196
p80-f75-h6,optimized,11109,2,673,0
p80-f75-h6,optimized,11109,3,629,0
p80-f75-h6,optimized,11109,3,631,222
p80-f75-h6,optimized,11109,3,673,0
p80-f75-h6,optimized,11109,4,629,0
p80-f75-h6,optimized,11109,4,631,216
p80-f75-h6,optimized,11109,4,673,0
p80-f75-h6,optimized,11109,5,629,0
p80-f75-h6,optimized,11109,5,631,239
p80-f75-h6,optimized,11109,5,673,0
p80-f75-h6,optimized,11109,6,629,0
p80-f75-h6,optimized,11109,6,631,243
p80-f75-h6,optimized,11109,6,673,0
p80-f75-h6,optimized,11109,7,629,0
p80-f75-h6,optimized,11109,7,631,261
p80-f75-h6,optimized,11109,7,673,0
p80-f75-h6,optimized,11109,8,629,0
p80-f75-h6,optimized,11109,8,631,252
p80-f75-h6,optimized,11109,8,673,0
p80-f75-h6,optimized,11109,9,629,0
p80-f75-h6,optimized,11109,9,631,229
p80-f75-h6,optimized,11109,9,673,0
p80-f75-h6,optimized,11109,10,629,0
p80-f75-h6,optimized,11109,10,631,228
p80-f75-h6,optimized,11109,10,673,0
p80-f75-h6,optimized,11109,11,629,0
p80-f75-h6,optimized,11109,11,631,187
p80-f75-h6,optimized,11109,11,673,0
p80-f75-h6,optimized,11109,12,629,0
p80-f75-h6,optimized,11109,12,631,249
p80-f75-h6,optimized,11109,12,673,0
p80-f75-h6,optimized,10372,1,631,0
p80-f75-h6,optimized,10372,1,673,215
p80-f75-h6,optimized,10372,2,631,0
p80-f75-h6,optimized,10372,2,673,180
p80-f75-h6,optimized,10372,3,631,0
p80-f75-h6,optimized,10372,3,673,211
p80-f75-h6,optimized,10372,4,631,0
p80-f75-h6,optimized,10372,4,673,181
p80-f75-h6,optimized,10372,5,631,0
p80-f75-h6,optimized,10372,5,673,27
p80-f75-h6,optimized,10372,6,631,0
p80-f75-h6,optimized,10372,6,673,174
p80-f75-h6,optimized,10372,7,631,7
p80-f75-h6,optimized,10372,7,673,170
p80-f75-h6,optimized,10372,8,631,0
p80-f75-h6,optimized,10372,8,673,177
p80-f75-h6,optimized,10372,9,631,0
p80-f75-h6,optimized,10372,9,673,171
p80-f75-h6,optimized,10372,10,631,0
p80-f75-h6,optimized,10372,10,673,162
p80-f75-h6,optimized,10372,11,631,0
p80-f75-h6,optimized,10372,11,673,129
p80-f75-h6,optimized,10372,12,631,0
p80-f75-h6,optimized,10372,12,673,199
p80-f75-h6,optimized,14457,1,629,0
p80-f75-h6,optimized,14457,1,631,129
p80-f75-h6,optimized,14457,1,673,0
p80-f75-h6,optimized,14457,2,629,0
p80-f75-h6,optimized,14457,2,631,118
p80-f75-h6,optimized,14457,2,673,0
p80-f75-h6,optimized,14457,3,629,0
p80-f75-h6,optimized,14457,3,631,158
p80-f75-h6,optimized,14457,3,673,0
p80-f75-h6,optimized,14457,4,629,0
p80-f75-h6,optimized,14457,4,631,159
p80-f75-h6,optimized,14457,4,673,0
p80-f75-h6,optimized,14457,5,629,0
p80-f75-h6,optimized,14457,5,631,142
p80-f75-h6,optimized,14457,5,673,0
p80-f75-h6,optimized,14457,6,629,0
p80-f75-h6,optimized,14457,6,631,161
p80-f75-h6,optimized,14457,6,673,0
p80-f75-h6,optimized,14457,7,629,0
p80-f75-h6,optimized,14457,7,631,156
p80-f75-h6,optimized,14457,7,673,0
p80-f75-h6,optimized,14457,8,629,0
p80-f75-h6,optimized,14457,8,631,160
p80-f75-h6,optimized,14457,8,673,0
p80-f75-h6,optimized,14457,9,629,0
p80-f75-h6,optimized,14457,9,631,148
p80-f75-h6,optimized,14457,9,673,0
p80-f75-h6,optimized,14457,10,629,0
p80-f75-h6,optimized,14457,10,631,132
p80-f75-h6,optimized,14457,10,673,0
p80-f75-h6,optimized,14457,11,629,0
p80-f75-h6,optimized,14457,11,631,119
p80-f75-h6,optimized,14457,11,673,0
p80-f75-h6,optimized,14457,12,629,0
p80-f75-h6,optimized,14457,12,631,138
p80-f75-h6,optimized,14457,12,673,0
p80-f75-h6,optimized,11122,1,629,0
p80-f75-h6,optimized,11122,1,631,138
p80-f75-h6,optimized,11122,1,673,0
p80-f75-h6,optimized,11122,2,629,0
p80-f75-h6,optimized,11122,2,631,126
p80-f75-h6,optimized,11122,2,673,0
p80-f75-h6,optimized,11122,3,629,0
p80-f75-h6,optimized,11122,3,631,139
p80-f75-h6,optimized,11122,3,673,0
p80-f75-h6,optimized,11122,4,629,0
p80-f75-h6,optimized,11122,4,631,134
p80-f75-h6,optimized,11122,4,673,0
p80-f75-h6,optimized,11122,5,629,0
p80-f75-h6,optimized,11122,5,631,149
p80-f75-h6,optimized,11122,5,673,0
p80-f75-h6,optimized,11122,6,629,0
p80-f75-h6,optimized,11122,6,631,160
p80-f75-h6,optimized,11122,6,673,0
p80-f75-h6,optimized,11122,7,629,0
p80-f75-h6,optimized,11122,7,631,159
p80-f75-h6,optimized,11122,7,673,0
p80-f75-h6,optimized,11122,8,629,0
p80-f75-h6,optimized,11122,8,631,162
p80-f75-h6,optimized,11122,8,673,0
p80-f75-h6,optimized,11122,9,629,0
p80-f75-h6,optimized,11122,9,631,159
p80-f75-h6,optimized,11122,9,673,0
p80-f75-h6,optimized,11122,10,629,0
p80-f75-h6,optimized,11122,10,631,162
p80-f75-h6,optimized,11122,10,673,0
p80-f75-h6,optimized,11122,11,629,0
p80-f75-h6,optimized,11122,11,631,153
p80-f75-h6,optimized,11122,11,673,0
p80-f75-h6,optimized,11122,12,629,0
p80-f75-h6,optimized,11122,12,631,163
p80-f75-h6,optimized,11122,12,673,0
p80-f75-h6,optimized,13851,1,629,0
p80-f75-h6,optimized,13851,1,631,104
p80-f75-h6,optimized,13851,1,673,0
p80-f75-h6,optimized,13851,2,629,0
p80-f75-h6,optimized,13851,2,631,100
p80-f75-h6,optimized,13851,2,673,0
p80-f75-h6,optimized,13851,3,629,0
p80-f75-h6,optimized,13851,3,631,117
p80-f75-h6,optimized,13851,3,673,0
p80-f75-h6,optimized,13851,4,629,0
p80-f75-h6,optimized,13851,4,631,116
p80-f75-h6,optimized,13851,4,673,0
p80-f75-h6,optimized,13851,5,629,0
p80-f75-h6,optimized,13851,5,631,101
p80-f75-h6,optimized,13851,5,673,19
p80-f75-h6,optimized,13851,6,629,0
p80-f75-h6,optimized,13851,6,631,85
p80-f75-h6,optimized,13851,6,673,29
p80-f75-h6,optimized,13851,7,629,0
p80-f75-h6,optimized,13851,7,631,118
p80-f75-h6,optimized,13851,7,673,0
p80-f75-h6,optimized,13851,8,629,0
p80-f75-h6,optimized,13851,8,631,112
p80-f75-h6,optimized,13851,8,673,0
p80-f75-h6,optimized,13851,9,629,0
p80-f75-h6,optimized,13851,9,631,101
p80-f75-h6,optimized,13851,9,673,0
p80-f75-h6,optimized,13851,10,629,0
p80-f75-h6,optimized,13851,10,631,83
p80-f75-h6,optimized,13851,10,673,0
p80-f75-h6,optimized,13851,11,629,0
p80-f75-h6,optimized,13851,11,631,68
p80-f75-h6,optimized,13851,11,673,0
p80-f75-h6,optimized,13851,12,629,0
p80-f75-h6,optimized,13851,12,631,72
p80-f75-h6,optimized,13851,12,673,0
p80-f75-h6,optimized,12280,1,629,0
p80-f75-h6,optimized,12280,1,631,92
p80-f75-h6,optimized,12280,1,673,0
p80-f75-h6,optimized,12280,2,629,0
p80-f75-h6,optimized,12280,2,631,83
p80-f75-h6,optimized,12280,2,673,0
p80-f75-h6,optimized,12280,3,629,0
p80-f75-h6,optimized,12280,3,631,93
p80-f75-h6,optimized,12280,3,673,0
p80-f75-h6,optimized,12280,4,629,0
p80-f75-h6,optimized,12280,4,631,90
p80-f75-h6,optimized,12280,4,673,0
p80-f75-h6,optimized,12280,5,629,0
p80-f75-h6,optimized,12280,5,631,115
p80-f75-h6,optimized,12280,5,673,0
p80-f75-h6,optimized,12280,6,629,0
p80-f75-h6,optimized,12280,6,631,117
p80-f75-h6,optimized,12280,6,673,0
p80-f75-h6,optimized,12280,7,629,0
p80-f75-h6,optimized,12280,7,631,138
p80-f75-h6,optimized,12280,7,673,0
p80-f75-h6,optimized,12280,8,629,0
p80-f75-h6,optimized,12280,8,631,134
p80-f75-h6,optimized,12280,8,673,0
p80-f75-h6,optimized,12280,9,629,0
p80-f75-h6,optimized,12280,9,631,123
p80-f75-h6,optimized,12280,9,673,0
p80-f75-h6,optimized,12280,10,629,0
p80-f75-h6,optimized,12280,10,631,110
p80-f75-h6,optimized,12280,10,673,0
p80-f75-h6,optimized,12280,11,629,0
p80-f75-h6,optimized,12280,11,631,89
p80-f75-h6,optimized,12280,11,673,0
p80-f75-h6,optimized,12280,12,629,0
p80-f75-h6,optimized,12280,12,631,72
p80-f75-h6,optimized,12280,12,673,0
p80-f75-h6,optimized,14869,1,629,0
p80-f75-h6,optimized,14869,1,631,80
p80-f75-h6,optimized,14869,1,673,0
p80-f75-h6,optimized,14869,2,629,0
p80-f75-h6,optimized,14869,2,631,87
p80-f75-h6,optimized,14869,2,673,0
p80-f75-h6,optimized,14869,3,629,0
p80-f75-h6,optimized,14869,3,631,100
p80-f75-h6,optimized,14869,3,673,0
p80-f75-h6,optimized,14869,4,629,0
p80-f75-h6,optimized,14869,4,631,112
p80-f75-h6,optimized,14869,4,673,0
p80-f75-h6,optimized,14869,5,629,0
p80-f75-h6,optimized,14869,5,631,91
p80-f75-h6,optimized,14869,5,673,0
p80-f75-h6,optimized,14869,6,629,0
p80-f75-h6,optimized,14869,6,631,75
p80-f75-h6,optimized,14869,6,673,0
p80-f75-h6,optimized,14869,7,629,0
p80-f75-h6,optimized,14869,7,631,78
p80-f75-h6,optimized,14869,7,673,0
p80-f75-h6,optimized,14869,8,629,0
p80-f75-h6,optimized,14869,8,631,90
p80-f75-h6,optimized,14869,8,673,0
p80-f75-h6,optimized,14869,9,629,0
p80-f75-h6,optimized,14869,9,631,109
p80-f75-h6,optimized,14869,9,673,0
p80-f75-h6,optimized,14869,10,629,0
p80-f75-h6,optimized,14869,10,631,97
p80-f75-h6,optimized,14869,10,673,0
p80-f75-h6,optimized,14869,11,629,0
p80-f75-h6,optimized,14869,11,631,84
p80-f75-h6,optimized,14869,11,673,0
p80-f75-h6,optimized,14869,12,629,0
p80-f75-h6,optimized,14869,12,631,78
p80-f75-h6,optimized,14869,12,673,0
p80-f75-h6,optimized,14783,1,629,0
p80-f75-h6,optimized,14783,1,631,72
p80-f75-h6,optimized,14783,1,673,0
p80-f75-h6,optimized,14783,2,629,0
p80-f75-h6,optimized,14783,2,631,73
p80-f75-h6,optimized,14783,2,673,0
p80-f75-h6,optimized,14783,3,629,0
p80-f75-h6,optimized,14783,3,631,87
p80-f75-h6,optimized,14783,3,673,5
p80-f75-h6,optimized,14783,4,629,0
p80-f75-h6,optimized,14783,4,631,64
p80-f75-h6,optimized,14783,4,673,3
p80-f75-h6,optimized,14783,5,629,0
p80-f75-h6,optimized,14783,5,631,85
p80-f75-h6,optimized,14783,5,673,5
p80-f75-h6,optimized,14783,6,629,0
p80-f75-h6,optimized,14783,6,631,66
p80-f75-h6,optimized,14783,6,673,24
p80-f75-h6,optimized,14783,7,629,0
p80-f75-h6,optimized,14783,7,631,2
p80-f75-h6,optimized,14783,7,673,91
p80-f75-h6,optimized,14783,8,629,0
p80-f75-h6,optimized,14783,8,631,13
p80-f75-h6,optimized,14783,8,673,81
p80-f75-h6,optimized,14783,9,629,0
p80-f75-h6,optimized,14783,9,631,35
p80-f75-h6,optimized,14783,9,673,56
p80-f75-h6,optimized,14783,10,629,0
p80-f75-h6,optimized,14783,10,631,89
p80-f75-h6,optimized,14783,10,673,0
p80-f75-h6,optimized,14783,11,629,0
p80-f75-h6,optimized,14783,11,631,67
p80-f75-h6,optimized,14783,11,673,0
p80-f75-h6,optimized,14783,12,629,0
p80-f75-h6,optimized,14783,12,631,69
p80-f75-h6,optimized,14783,12,673,0
p80-f75-h6,historical_shares,11109,1,629,165
p80-f75-h6,historical_shares,11109,1,631,13
p80-f75-h6,historical_shares,11109,1,673,36
p80-f75-h6,historical_shares,11109,2,629,151
p80-f75-h6,historical_shares,11109,2,631,12
p80-f75-h6,historical_shares,11109,2,673,33
p80-f75-h6,historical_shares,11109,3,629,171
p80-f75-h6,historical_shares,11109,3,631,13
p80-f75-h6,historical_shares,11109,3,673,38
p80-f75-h6,historical_shares,11109,4,629,166
p80-f75-h6,historical_shares,11109,4,631,13
p80-f75-h6,historical_shares,11109,4,673,37
p80-f75-h6,historical_shares,11109,5,629,184
p80-f75-h6,historical_shares,11109,5,631,14
p80-f75-h6,historical_shares,11109,5,673,41
p80-f75-h6,historical_shares,11109,6,629,187
p80-f75-h6,historical_shares,11109,6,631,14
p80-f75-h6,historical_shares,11109,6,673,42
p80-f75-h6,historical_shares,11109,7,629,201
p80-f75-h6,historical_shares,11109,7,631,15
p80-f75-h6,historical_shares,11109,7,673,45
p80-f75-h6,historical_shares,11109,8,629,194
p80-f75-h6,historical_shares,11109,8,631,15
p80-f75-h6,historical_shares,11109,8,673,43
p80-f75-h6,historical_shares,11109,9,629,176
p80-f75-h6,historical_shares,11109,9,631,14
p80-f75-h6,historical_shares,11109,9,673,39
p80-f75-h6,historical_shares,11109,10,629,176
p80-f75-h6,historical_shares,11109,10,631,13
p80-f75-h6,historical_shares,11109,10,673,39
p80-f75-h6,historical_shares,11109,11,629,144
p80-f75-h6,historical_shares,11109,11,631,11
p80-f75-h6,historical_shares,11109,11,673,32
p80-f75-h6,historical_shares,11109,12,629,192
p80-f75-h6,historical_shares,11109,12,631,15
p80-f75-h6,historical_shares,11109,12,673,42
p80-f75-h6,historical_shares,10372,1,631,21
p80-f75-h6,historical_shares,10372,1,673,194
p80-f75-h6,historical_shares,10372,2,631,17
p80-f75-h6,historical_shares,10372,2,673,163
p80-f75-h6,historical_shares,10372,3,631,20
p80-f75-h6,historical_shares,10372,3,673,191
p80-f75-h6,historical_shares,10372,4,631,17
p80-f75-h6,historical_shares,10372,4,673,164
p80-f75-h6,historical_shares,10372,5,631,3
p80-f75-h6,historical_shares,10372,5,673,24
p80-f75-h6,historical_shares,10372,6,631,17
p80-f75-h6,historical_shares,10372,6,673,157
p80-f75-h6,historical_shares,10372,7,631,17
p80-f75-h6,historical_shares,10372,7,673,160
p80-f75-h6,historical_shares,10372,8,631,17
p80-f75-h6,historical_shares,10372,8,673,160
p80-f75-h6,historical_shares,10372,9,631,16
p80-f75-h6,historical_shares,10372,9,673,155
p80-f75-h6,historical_shares,10372,10,631,16
p80-f75-h6,historical_shares,10372,10,673,146
p80-f75-h6,historical_shares,10372,11,631,12
p80-f75-h6,historical_shares,10372,11,673,117
p80-f75-h6,historical_shares,10372,12,631,19
p80-f75-h6,historical_shares,10372,12,673,180
p80-f75-h6,historical_shares,14457,1,629,89
p80-f75-h6,historical_shares,14457,1,631,9
p80-f75-h6,historical_shares,14457,1,673,31
p80-f75-h6,historical_shares,14457,2,629,81
p80-f75-h6,historical_shares,14457,2,631,8
p80-f75-h6,historical_shares,14457,2,673,29
p80-f75-h6,historical_shares,14457,3,629,109
p80-f75-h6,historical_shares,14457,3,631,11
p80-f75-h6,historical_shares,14457,3,673,38
p80-f75-h6,historical_shares,14457,4,629,110
p80-f75-h6,historical_shares,14457,4,631,11
p80-f75-h6,historical_shares,14457,4,673,38
p80-f75-h6,historical_shares,14457,5,629,98
p80-f75-h6,historical_shares,14457,5,631,10
p80-f75-h6,historical_shares,14457,5,673,34
p80-f75-h6,historical_shares,14457,6,629,111
p80-f75-h6,historical_shares,14457,6,631,11
p80-f75-h6,historical_shares,14457,6,673,39
p80-f75-h6,historical_shares,14457,7,629,107
p80-f75-h6,historical_shares,14457,7,631,11
p80-f75-h6,historical_shares,14457,7,673,38
p80-f75-h6,historical_shares,14457,8,629,110
p80-f75-h6,historical_shares,14457,8,631,11
p80-f75-h6,historical_shares,14457,8,673,39
p80-f75-h6,historical_shares,14457,9,629,103
p80-f75-h6,historical_shares,14457,9,631,11
p80-f75-h6,historical_shares,14457,9,673,36
p80-f75-h6,historical_shares,14457,10,629,91
p80-f75-h6,historical_shares,14457,10,631,9
p80-f75-h6,historical_shares,14457,10,673,32
p80-f75-h6,historical_shares,14457,11,629,82
p80-f75-h6,historical_shares,14457,11,631,8
p80-f75-h6,historical_shares,14457,11,673,29
p80-f75-h6,historical_shares,14457,12,629,95
p80-f75-h6,historical_shares,14457,12,631,10
p80-f75-h6,historical_shares,14457,12,673,33
p80-f75-h6,historical_shares,11122,1,629,126
p80-f75-h6,historical_shares,11122,1,631,8
p80-f75-h6,historical_shares,11122,1,673,4
p80-f75-h6,historical_shares,11122,2,629,115
p80-f75-h6,historical_shares,11122,2,631,7
p80-f75-h6,historical_shares,11122,2,673,4
p80-f75-h6,historical_shares,11122,3,629,127
p80-f75-h6,historical_shares,11122,3,631,8
p80-f75-h6,historical_shares,11122,3,673,4
p80-f75-h6,historical_shares,11122,4,629,122
p80-f75-h6,historical_shares,11122,4,631,8
p80-f75-h6,historical_shares,11122,4,673,4
p80-f75-h6,historical_shares,11122,5,629,136
p80-f75-h6,historical_shares,11122,5,631,9
p80-f75-h6,historical_shares,11122,5,673,4
p80-f75-h6,historical_shares,11122,6,629,146
p80-f75-h6,historical_shares,11122,6,631,9
p80-f75-h6,historical_shares,11122,6,673,5
p80-f75-h6,historical_shares,11122,7,629,145
p80-f75-h6,historical_shares,11122,7,631,9
p80-f75-h6,historical_shares,11122,7,673,5
p80-f75-h6,historical_shares,11122,8,629,148
p80-f75-h6,historical_shares,11122,8,631,9
p80-f75-h6,historical_shares,11122,8,673,5
p80-f75-h6,historical_shares,11122,9,629,145
p80-f75-h6,historical_shares,11122,9,631,9
p80-f75-h6,historical_shares,11122,9,673,5
p80-f75-h6,historical_shares,11122,10,629,148
p80-f75-h6,historical_shares,11122,10,631,9
p80-f75-h6,historical_shares,11122,10,673,5
p80-f75-h6,historical_shares,11122,11,629,140
p80-f75-h6,historical_shares,11122,11,631,9
p80-f75-h6,historical_shares,11122,11,673,4
p80-f75-h6,historical_shares,11122,12,629,149
p80-f75-h6,historical_shares,11122,12,631,9
p80-f75-h6,historical_shares,11122,12,673,5
p80-f75-h6,historical_shares,13851,1,629,1
p80-f75-h6,historical_shares,13851,1,631,14
p80-f75-h6,historical_shares,13851,1,673,89
p80-f75-h6,historical_shares,13851,2,629,1
p80-f75-h6,historical_shares,13851,2,631,13
p80-f75-h6,historical_shares,13851,2,673,86
p80-f75-h6,historical_shares,13851,3,629,1
p80-f75-h6,historical_shares,13851,3,631,16
p80-f75-h6,historical_shares,13851,3,673,100
p80-f75-h6,historical_shares,13851,4,629,1
p80-f75-h6,historical_shares,13851,4,631,16
p80-f75-h6,historical_shares,13851,4,673,99
p80-f75-h6,historical_shares,13851,5,629,1
p80-f75-h6,historical_shares,13851,5,631,16
p80-f75-h6,historical_shares,13851,5,673,103
p80-f75-h6,historical_shares,13851,6,629,1
p80-f75-h6,historical_shares,13851,6,631,15
p80-f75-h6,historical_shares,13851,6,673,98
p80-f75-h6,historical_shares,13851,7,629,1
p80-f75-h6,historical_shares,13851,7,631,16
p80-f75-h6,historical_shares,13851,7,673,101
p80-f75-h6,historical_shares,13851,8,629,1
p80-f75-h6,historical_shares,13851,8,631,15
p80-f75-h6,historical_shares,13851,8,673,96
p80-f75-h6,historical_shares,13851,9,629,1
p80-f75-h6,historical_shares,13851,9,631,14
p80-f75-h6,historical_shares,13851,9,673,86
p80-f75-h6,historical_shares,13851,10,629,1
p80-f75-h6,historical_shares,13851,10,631,11
p80-f75-h6,historical_shares,13851,10,673,71
p80-f75-h6,historical_shares,13851,11,629,1
p80-f75-h6,historical_shares,13851,11,631,9
p80-f75-h6,historical_shares,13851,11,673,58
p80-f75-h6,historical_shares,13851,12,629,1
p80-f75-h6,historical_shares,13851,12,631,10
p80-f75-h6,historical_shares,13851,12,673,61
p80-f75-h6,historical_shares,12280,1,629,36
p80-f75-h6,historical_shares,12280,1,631,31
p80-f75-h6,historical_shares,12280,1,673,25
p80-f75-h6,historical_shares,12280,2,629,33
p80-f75-h6,historical_shares,12280,2,631,28
p80-f75-h6,historical_shares,12280,2,673,22
p80-f75-h6,historical_shares,12280,3,629,36
p80-f75-h6,historical_shares,12280,3,631,32
p80-f75-h6,historical_shares,12280,3,673,25
p80-f75-h6,historical_shares,12280,4,629,35
p80-f75-h6,historical_shares,12280,4,631,31
p80-f75-h6,historical_shares,12280,4,673,24
p80-f75-h6,historical_shares,12280,5,629,45
p80-f75-h6,historical_shares,12280,5,631,39
p80-f75-h6,historical_shares,12280,5,673,31
p80-f75-h6,historical_shares,12280,6,629,46
p80-f75-h6,historical_shares,12280,6,631,40
p80-f75-h6,historical_shares,12280,6,673,31
p80-f75-h6,historical_shares,12280,7,629,54
p80-f75-h6,historical_shares,12280,7,631,47
p80-f75-h6,historical_shares,12280,7,673,37
p80-f75-h6,historical_shares,12280,8,629,52
p80-f75-h6,historical_shares,12280,8,631,46
p80-f75-h6,historical_shares,12280,8,673,36
p80-f75-h6,historical_shares,12280,9,629,48
p80-f75-h6,historical_shares,12280,9,631,42
p80-f75-h6,historical_shares,12280,9,673,33
p80-f75-h6,historical_shares,12280,10,629,43
p80-f75-h6,historical_shares,12280,10,631,38
p80-f75-h6,historical_shares,12280,10,673,29
p80-f75-h6,historical_shares,12280,11,629,36
p80-f75-h6,historical_shares,12280,11,631,32
p80-f75-h6,historical_shares,12280,11,673,25
p80-f75-h6,historical_shares,12280,12,629,30
p80-f75-h6,historical_shares,12280,12,631,26
p80-f75-h6,historical_shares,12280,12,673,20
p80-f75-h6,historical_shares,14869,1,629,7
p80-f75-h6,historical_shares,14869,1,631,21
p80-f75-h6,historical_shares,14869,1,673,52
p80-f75-h6,historical_shares,14869,2,629,7
p80-f75-h6,historical_shares,14869,2,631,23
p80-f75-h6,historical_shares,14869,2,673,57
p80-f75-h6,historical_shares,14869,3,629,8
p80-f75-h6,historical_shares,14869,3,631,26
p80-f75-h6,historical_shares,14869,3,673,66
p80-f75-h6,historical_shares,14869,4,629,9
p80-f75-h6,historical_shares,14869,4,631,29
p80-f75-h6,historical_shares,14869,4,673,74
p80-f75-h6,historical_shares,14869,5,629,7
p80-f75-h6,historical_shares,14869,5,631,24
p80-f75-h6,historical_shares,14869,5,673,60
p80-f75-h6,historical_shares,14869,6,629,6
p80-f75-h6,historical_shares,14869,6,631,20
p80-f75-h6,historical_shares,14869,6,673,49
p80-f75-h6,historical_shares,14869,7,629,6
p80-f75-h6,historical_shares,14869,7,631,21
p80-f75-h6,historical_shares,14869,7,673,51
p80-f75-h6,historical_shares,14869,8,629,7
p80-f75-h6,historical_shares,14869,8,631,24
p80-f75-h6,historical_shares,14869,8,673,59
p80-f75-h6,historical_shares,14869,9,629,9
p80-f75-h6,historical_shares,14869,9,631,28
p80-f75-h6,historical_shares,14869,9,673,72
p80-f75-h6,historical_shares,14869,10,629,8
p80-f75-h6,historical_shares,14869,10,631,25
p80-f75-h6,historical_shares,14869,10,673,64
p80-f75-h6,historical_shares,14869,11,629,7
p80-f75-h6,historical_shares,14869,11,631,22
p80-f75-h6,historical_shares,14869,11,673,55
p80-f75-h6,historical_shares,14869,12,629,6
p80-f75-h6,historical_shares,14869,12,631,21
p80-f75-h6,historical_shares,14869,12,673,51
p80-f75-h6,historical_shares,14783,1,629,7
p80-f75-h6,historical_shares,14783,1,631,17
p80-f75-h6,historical_shares,14783,1,673,48
p80-f75-h6,historical_shares,14783,2,629,8
p80-f75-h6,historical_shares,14783,2,631,17
p80-f75-h6,historical_shares,14783,2,673,48
p80-f75-h6,historical_shares,14783,3,629,9
p80-f75-h6,historical_shares,14783,3,631,22
p80-f75-h6,historical_shares,14783,3,673,61
p80-f75-h6,historical_shares,14783,4,629,7
p80-f75-h6,historical_shares,14783,4,631,16
p80-f75-h6,historical_shares,14783,4,673,44
p80-f75-h6,historical_shares,14783,5,629,10
p80-f75-h6,historical_shares,14783,5,631,21
p80-f75-h6,historical_shares,14783,5,673,60
p80-f75-h6,historical_shares,14783,6,629,9
p80-f75-h6,historical_shares,14783,6,631,22
p80-f75-h6,historical_shares,14783,6,673,61
p80-f75-h6,historical_shares,14783,7,629,10
p80-f75-h6,historical_shares,14783,7,631,23
p80-f75-h6,historical_shares,14783,7,673,64
p80-f75-h6,historical_shares,14783,8,629,10
p80-f75-h6,historical_shares,14783,8,631,23
p80-f75-h6,historical_shares,14783,8,673,65
p80-f75-h6,historical_shares,14783,9,629,10
p80-f75-h6,historical_shares,14783,9,631,22
p80-f75-h6,historical_shares,14783,9,673,62
p80-f75-h6,historical_shares,14783,10,629,9
p80-f75-h6,historical_shares,14783,10,631,21
p80-f75-h6,historical_shares,14783,10,673,60
p80-f75-h6,historical_shares,14783,11,629,7
p80-f75-h6,historical_shares,14783,11,631,16
p80-f75-h6,historical_shares,14783,11,673,44
p80-f75-h6,historical_shares,14783,12,629,7
p80-f75-h6,historical_shares,14783,12,631,17
p80-f75-h6,historical_shares,14783,12,673,46
p80-f75-h8,optimized,11109,1,629,0
p80-f75-h8,optimized,11109,1,631,214
p80-f75-h8,optimized,11109,1,673,0
p80-f75-h8,optimized,11109,2,629,0
p80-f75-h8,optimized,11109,2,631,196
p80-f75-h8,optimized,11109,2,673,0
p80-f75-h8,optimized,11109,3,629,0
p80-f75-h8,optimized,11109,3,631,222
p80-f75-h8,optimized,11109,3,673,0
p80-f75-h8,optimized,11109,4,629,0
p80-f75-h8,optimized,11109,4,631,216
p80-f75-h8,optimized,11109,4,673,0
p80-f75-h8,optimized,11109,5,629,0
p80-f75-h8,optimized,11109,5,631,239
p80-f75-h8,optimized,11109,5,673,0
p80-f75-h8,optimized,11109,6,629,0
p80-f75-h8,optimized,11109,6,631,243
p80-f75-h8,optimized,11109,6,673,0
p80-f75-h8,optimized,11109,7,629,0
p80-f75-h8,optimized,11109,7,631,261
p80-f75-h8,optimized,11109,7,673,0
p80-f75-h8,optimized,11109,8,629,0
p80-f75-h8,optimized,11109,8,631,252
p80-f75-h8,optimized,11109,8,673,0
p80-f75-h8,optimized,11109,9,629,0
p80-f75-h8,optimized,11109,9,631,229
p80-f75-h8,optimized,11109,9,673,0
p80-f75-h8,optimized,11109,10,629,0
p80-f75-h8,optimized,11109,10,631,228
p80-f75-h8,optimized,11109,10,673,0
p80-f75-h8,optimized,11109,11,629,0
p80-f75-h8,optimized,11109,11,631,187
p80-f75-h8,optimized,11109,11,673,0
p80-f75-h8,optimized,11109,12,629,0
p80-f75-h8,optimized,11109,12,631,249
p80-f75-h8,optimized,11109,12,673,0
p80-f75-h8,optimized,10372,1,631,0
p80-f75-h8,optimized,10372,1,673,215
p80-f75-h8,optimized,10372,2,631,0
p80-f75-h8,optimized,10372,2,673,180
p80-f75-h8,optimized,10372,3,631,0
p80-f75-h8,optimized,10372,3,673,211
p80-f75-h8,optimized,10372,4,631,0
p80-f75-h8,optimized,10372,4,673,181
p80-f75-h8,optimized,10372,5,631,0
p80-f75-h8,optimized,10372,5,673,27
p80-f75-h8,optimized,10372,6,631,0
p80-f75-h8,optimized,10372,6,673,174
p80-f75-h8,optimized,10372,7,631,0
p80-f75-h8,optimized,10372,7,673,177
p80-f75-h8,optimized,10372,8,631,0
p80-f75-h8,optimized,10372,8,673,177
p80-f75-h8,optimized,10372,9,631,0
p80-f75-h8,optimized,10372,9,673,171
p80-f75-h8,optimized,10372,10,631,0
p80-f75-h8,optimized,10372,10,673,162
p80-f75-h8,optimized,10372,11,631,0
p80-f75-h8,optimized,10372,11,673,129
p80-f75-h8,optimized,10372,12,631,0
p80-f75-h8,optimized,10372,12,673,199
p80-f75-h8,optimized,14457,1,629,0
p80-f75-h8,optimized,14457,1,631,129
p80-f75-h8,optimized,14457,1,673,0
p80-f75-h8,optimized,14457,2,629,0
p80-f75-h8,optimized,14457,2,631,118
p80-f75-h8,optimized,14457,2,673,0
p80-f75-h8,optimized,14457,3,629,0
p80-f75-h8,optimized,14457,3,631,158
p80-f75-h8,optimized,14457,3,673,0
p80-f75-h8,optimized,14457,4,629,0
p80-f75-h8,optimized,14457,4,631,159
p80-f75-h8,optimized,14457,4,673,0
p80-f75-h8,optimized,14457,5,629,0
p80-f75-h8,optimized,14457,5,631,142
p80-f75-h8,optimized,14457,5,673,0
p80-f75-h8,optimized,14457,6,629,0
p80-f75-h8,optimized,14457,6,631,161
p80-f75-h8,optimized,14457,6,673,0
p80-f75-h8,optimized,14457,7,629,0
p80-f75-h8,optimized,14457,7,631,156
p80-f75-h8,optimized,14457,7,673,0
p80-f75-h8,optimized,14457,8,629,0
p80-f75-h8,optimized,14457,8,631,160
p80-f75-h8,optimized,14457,8,673,0
p80-f75-h8,optimized,14457,9,629,0
p80-f75-h8,optimized,14457,9,631,148
p80-f75-h8,optimized,14457,9,673,0
p80-f75-h8,optimized,14457,10,629,0
p80-f75-h8,optimized,14457,10,631,132
p80-f75-h8,optimized,14457,10,673,0
p80-f75-h8,optimized,14457,11,629,0
p80-f75-h8,optimized,14457,11,631,119
p80-f75-h8,optimized,14457,11,673,0
p80-f75-h8,optimized,14457,12,629,0
p80-f75-h8,optimized,14457,12,631,138
p80-f75-h8,optimized,14457,12,673,0
p80-f75-h8,optimized,11122,1,629,0
p80-f75-h8,optimized,11122,1,631,138
p80-f75-h8,optimized,11122,1,673,0
p80-f75-h8,optimized,11122,2,629,0
p80-f75-h8,optimized,11122,2,631,126
p80-f75-h8,optimized,11122,2,673,0
p80-f75-h8,optimized,11122,3,629,0
p80-f75-h8,optimized,11122,3,631,139
p80-f75-h8,optimized,11122,3,673,0
p80-f75-h8,optimized,11122,4,629,0
p80-f75-h8,optimized,11122,4,631,134
p80-f75-h8,optimized,11122,4,673,0
p80-f75-h8,optimized,11122,5,629,0
p80-f75-h8,optimized,11122,5,631,149
p80-f75-h8,optimized,11122,5,673,0
p80-f75-h8,optimized,11122,6,629,0
p80-f75-h8,optimized,11122,6,631,160
p80-f75-h8,optimized,11122,6,673,0
p80-f75-h8,optimized,11122,7,629,0
p80-f75-h8,optimized,11122,7,631,159
p80-f75-h8,optimized,11122,7,673,0
p80-f75-h8,optimized,11122,8,629,0
p80-f75-h8,optimized,11122,8,631,162
p80-f75-h8,optimized,11122,8,673,0
p80-f75-h8,optimized,11122,9,629,0
p80-f75-h8,optimized,11122,9,631,159
p80-f75-h8,optimized,11122,9,673,0
p80-f75-h8,optimized,11122,10,629,0
p80-f75-h8,optimized,11122,10,631,162
p80-f75-h8,optimized,11122,10,673,0
p80-f75-h8,optimized,11122,11,629,0
p80-f75-h8,optimized,11122,11,631,153
p80-f75-h8,optimized,11122,11,673,0
p80-f75-h8,optimized,11122,12,629,0
p80-f75-h8,optimized,11122,12,631,163
p80-f75-h8,optimized,11122,12,673,0
p80-f75-h8,optimized,13851,1,629,0
p80-f75-h8,optimized,13851,1,631,104
p80-f75-h8,optimized,13851,1,673,0
p80-f75-h8,optimized,13851,2,629,0
p80-f75-h8,optimized,13851,2,631,100
p80-f75-h8,optimized,13851,2,673,0
p80-f75-h8,optimized,13851,3,629,0
p80-f75-h8,optimized,13851,3,631,117
p80-f75-h8,optimized,13851,3,673,0
p80-f75-h8,optimized,13851,4,629,0
p80-f75-h8,optimized,13851,4,631,116
p80-f75-h8,optimized,13851,4,673,0
p80-f75-h8,optimized,13851,5,629,0
p80-f75-h8,optimized,13851,5,631,101
p80-f75-h8,optimized,13851,5,673,19
p80-f75-h8,optimized,13851,6,629,0
p80-f75-h8,optimized,13851,6,631,85
p80-f75-h8,optimized,13851,6,673,29
p80-f75-h8,optimized,13851,7,629,0
p80-f75-h8,optimized,13851,7,631,118
p80-f75-h8,optimized,13851,7,673,0
p80-f75-h8,optimized,13851,8,629,0
p80-f75-h8,optimized,13851,8,631,112
p80-f75-h8,optimized,13851,8,673,0
p80-f75-h8,optimized,13851,9,629,0
p80-f75-h8,optimized,13851,9,631,101
p80-f75-h8,optimized,13851,9,673,0
p80-f75-h8,optimized,13851,10,629,0
p80-f75-h8,optimized,13851,10,631,83
p80-f75-h8,optimized,13851,10,673,0
p80-f75-h8,optimized,13851,11,629,0
p80-f75-h8,optimized,13851,11,631,68
p80-f75-h8,optimized,13851,11,673,0
p80-f75-h8,optimized,13851,12,629,0
p80-f75-h8,optimized,13851,12,631,72
p80-f75-h8,optimized,13851,12,673,0
p80-f75-h8,optimized,12280,1,629,0
p80-f75-h8,optimized,12280,1,631,92
p80-f75-h8,optimized,12280,1,673,0
p80-f75-h8,optimized,12280,2,629,0
p80-f75-h8,optimized,12280,2,631,83
p80-f75-h8,optimized,12280,2,673,0
p80-f75-h8,optimized,12280,3,629,0
p80-f75-h8,optimized,12280,3,631,93
p80-f75-h8,optimized,12280,3,673,0
p80-f75-h8,optimized,12280,4,629,0
p80-f75-h8,optimized,12280,4,631,90
p80-f75-h8,optimized,12280,4,673,0
p80-f75-h8,optimized,12280,5,629,0
p80-f75-h8,optimized,12280,5,631,115
p80-f75-h8,optimized,12280,5,673,0
p80-f75-h8,optimized,12280,6,629,0
p80-f75-h8,optimized,12280,6,631,117
p80-f75-h8,optimized,12280,6,673,0
p80-f75-h8,optimized,12280,7,629,0
p80-f75-h8,optimized,12280,7,631,138
p80-f75-h8,optimized,12280,7,673,0
p80-f75-h8,optimized,12280,8,629,0
p80-f75-h8,optimized,12280,8,631,134
p80-f75-h8,optimized,12280,8,673,0
p80-f75-h8,optimized,12280,9,629,0
p80-f75-h8,optimized,12280,9,631,123
p80-f75-h8,optimized,12280,9,673,0
p80-f75-h8,optimized,12280,10,629,0
p80-f75-h8,optimized,12280,10,631,110
p80-f75-h8,optimized,12280,10,673,0
p80-f75-h8,optimized,12280,11,629,0
p80-f75-h8,optimized,12280,11,631,89
p80-f75-h8,optimized,12280,11,673,0
p80-f75-h8,optimized,12280,12,629,0
p80-f75-h8,optimized,12280,12,631,72
p80-f75-h8,optimized,12280,12,673,0
p80-f75-h8,optimized,14869,1,629,0
p80-f75-h8,optimized,14869,1,631,80
p80-f75-h8,optimized,14869,1,673,0
p80-f75-h8,optimized,14869,2,629,0
p80-f75-h8,optimized,14869,2,631,87
p80-f75-h8,optimized,14869,2,673,0
p80-f75-h8,optimized,14869,3,629,0
p80-f75-h8,optimized,14869,3,631,100
p80-f75-h8,optimized,14869,3,673,0
p80-f75-h8,optimized,14869,4,629,0
p80-f75-h8,optimized,14869,4,631,112
p80-f75-h8,optimized,14869,4,673,0
p80-f75-h8,optimized,14869,5,629,0
p80-f75-h8,optimized,14869,5,631,91
p80-f75-h8,optimized,14869,5,673,0
p80-f75-h8,optimized,14869,6,629,0
p80-f75-h8,optimized,14869,6,631,75
p80-f75-h8,optimized,14869,6,673,0
p80-f75-h8,optimized,14869,7,629,0
p80-f75-h8,optimized,14869,7,631,76
p80-f75-h8,optimized,14869,7,673,2
p80-f75-h8,optimized,14869,8,629,0
p80-f75-h8,optimized,14869,8,631,87
p80-f75-h8,optimized,14869,8,673,3
p80-f75-h8,optimized,14869,9,629,0
p80-f75-h8,optimized,14869,9,631,109
p80-f75-h8,optimized,14869,9,673,0
p80-f75-h8,optimized,14869,10,629,0
p80-f75-h8,optimized,14869,10,631,97
p80-f75-h8,optimized,14869,10,673,0
p80-f75-h8,optimized,14869,11,629,0
p80-f75-h8,optimized,14869,11,631,84
p80-f75-h8,optimized,14869,11,673,0
p80-f75-h8,optimized,14869,12,629,0
p80-f75-h8,optimized,14869,12,631,78
p80-f75-h8,optimized,14869,12,673,0
p80-f75-h8,optimized,14783,1,629,0
p80-f75-h8,optimized,14783,1,631,72
p80-f75-h8,optimized,14783,1,673,0
p80-f75-h8,optimized,14783,2,629,0
p80-f75-h8,optimized,14783,2,631,73
p80-f75-h8,optimized,14783,2,673,0
p80-f75-h8,optimized,14783,3,629,0
p80-f75-h8,optimized,14783,3,631,54
p80-f75-h8,optimized,14783,3,673,38
p80-f75-h8,optimized,14783,4,629,0
p80-f75-h8,optimized,14783,4,631,33
p80-f75-h8,optimized,14783,4,673,34
p80-f75-h8,optimized,14783,5,629,0
p80-f75-h8,optimized,14783,5,631,52
p80-f75-h8,optimized,14783,5,673,38
p80-f75-h8,optimized,14783,6,629,0
p80-f75-h8,optimized,14783,6,631,34
p80-f75-h8,optimized,14783,6,673,56
p80-f75-h8,optimized,14783,7,629,0
p80-f75-h8,optimized,14783,7,631,0
p80-f75-h8,optimized,14783,7,673,93
p80-f75-h8,optimized,14783,8,629,0
p80-f75-h8,optimized,14783,8,631,0
p80-f75-h8,optimized,14783,8,673,94
p80-f75-h8,optimized,14783,9,629,0
p80-f75-h8,optimized,14783,9,631,4
p80-f75-h8,optimized,14783,9,673,87
p80-f75-h8,optimized,14783,10,629,0
p80-f75-h8,optimized,14783,10,631,73
p80-f75-h8,optimized,14783,10,673,16
p80-f75-h8,optimized,14783,11,629,0
p80-f75-h8,optimized,14783,11,631,67
p80-f75-h8,optimized,14783,11,673,0
p80-f75-h8,optimized,14783,12,629,0
p80-f75-h8,optimized,14783,12,631,69
p80-f75-h8,optimized,14783,12,673,0
p80-f75-h8,historical_shares,11109,1,629,165
p80-f75-h8,historical_shares,11109,1,631,13
p80-f75-h8,historical_shares,11109,1,673,36
p80-f75-h8,historical_shares,11109,2,629,151
p80-f75-h8,historical_shares,11109,2,631,12
p80-f75-h8,historical_shares,11109,2,673,33
p80-f75-h8,historical_shares,11109,3,629,171
p80-f75-h8,historical_shares,11109,3,631,13
p80-f75-h8,historical_shares,11109,3,673,38
p80-f75-h8,historical_shares,11109,4,629,166
p80-f75-h8,historical_shares,11109,4,631,13
p80-f75-h8,historical_shares,11109,4,673,37
p80-f75-h8,historical_shares,11109,5,629,184
p80-f75-h8,historical_shares,11109,5,631,14
p80-f75-h8,historical_shares,11109,5,673,41
p80-f75-h8,historical_shares,11109,6,629,187
p80-f75-h8,historical_shares,11109,6,631,14
p80-f75-h8,historical_shares,11109,6,673,42
p80-f75-h8,historical_shares,11109,7,629,201
p80-f75-h8,historical_shares,11109,7,631,15
p80-f75-h8,historical_shares,11109,7,673,45
p80-f75-h8,historical_shares,11109,8,629,194
p80-f75-h8,historical_shares,11109,8,631,15
p80-f75-h8,historical_shares,11109,8,673,43
p80-f75-h8,historical_shares,11109,9,629,176
p80-f75-h8,historical_shares,11109,9,631,14
p80-f75-h8,historical_shares,11109,9,673,39
p80-f75-h8,historical_shares,11109,10,629,176
p80-f75-h8,historical_shares,11109,10,631,13
p80-f75-h8,historical_shares,11109,10,673,39
p80-f75-h8,historical_shares,11109,11,629,144
p80-f75-h8,historical_shares,11109,11,631,11
p80-f75-h8,historical_shares,11109,11,673,32
p80-f75-h8,historical_shares,11109,12,629,192
p80-f75-h8,historical_shares,11109,12,631,15
p80-f75-h8,historical_shares,11109,12,673,42
p80-f75-h8,historical_shares,10372,1,631,21
p80-f75-h8,historical_shares,10372,1,673,194
p80-f75-h8,historical_shares,10372,2,631,17
p80-f75-h8,historical_shares,10372,2,673,163
p80-f75-h8,historical_shares,10372,3,631,20
p80-f75-h8,historical_shares,10372,3,673,191
p80-f75-h8,historical_shares,10372,4,631,17
p80-f75-h8,historical_shares,10372,4,673,164
p80-f75-h8,historical_shares,10372,5,631,3
p80-f75-h8,historical_shares,10372,5,673,24
p80-f75-h8,historical_shares,10372,6,631,17
p80-f75-h8,historical_shares,10372,6,673,157
p80-f75-h8,historical_shares,10372,7,631,17
p80-f75-h8,historical_shares,10372,7,673,160
p80-f75-h8,historical_shares,10372,8,631,17
p80-f75-h8,historical_shares,10372,8,673,160
p80-f75-h8,historical_shares,10372,9,631,16
p80-f75-h8,historical_shares,10372,9,673,155
p80-f75-h8,historical_shares,10372,10,631,16
p80-f75-h8,historical_shares,10372,10,673,146
p80-f75-h8,historical_shares,10372,11,631,12
p80-f75-h8,historical_shares,10372,11,673,117
p80-f75-h8,historical_shares,10372,12,631,19
p80-f75-h8,historical_shares,10372,12,673,180
p80-f75-h8,historical_shares,14457,1,629,89
p80-f75-h8,historical_shares,14457,1,631,9
p80-f75-h8,historical_shares,14457,1,673,31
p80-f75-h8,historical_shares,14457,2,629,81
p80-f75-h8,historical_shares,14457,2,631,8
p80-f75-h8,historical_shares,14457,2,673,29
p80-f75-h8,historical_shares,14457,3,629,109
p80-f75-h8,historical_shares,14457,3,631,11
p80-f75-h8,historical_shares,14457,3,673,38
p80-f75-h8,historical_shares,14457,4,629,110
p80-f75-h8,historical_shares,14457,4,631,11
p80-f75-h8,historical_shares,14457,4,673,38
p80-f75-h8,historical_shares,14457,5,629,98
p80-f75-h8,historical_shares,14457,5,631,10
p80-f75-h8,historical_shares,14457,5,673,34
p80-f75-h8,historical_shares,14457,6,629,111
p80-f75-h8,historical_shares,14457,6,631,11
p80-f75-h8,historical_shares,14457,6,673,39
p80-f75-h8,historical_shares,14457,7,629,107
p80-f75-h8,historical_shares,14457,7,631,11
p80-f75-h8,historical_shares,14457,7,673,38
p80-f75-h8,historical_shares,14457,8,629,110
p80-f75-h8,historical_shares,14457,8,631,11
p80-f75-h8,historical_shares,14457,8,673,39
p80-f75-h8,historical_shares,14457,9,629,103
p80-f75-h8,historical_shares,14457,9,631,11
p80-f75-h8,historical_shares,14457,9,673,36
p80-f75-h8,historical_shares,14457,10,629,91
p80-f75-h8,historical_shares,14457,10,631,9
p80-f75-h8,historical_shares,14457,10,673,32
p80-f75-h8,historical_shares,14457,11,629,82
p80-f75-h8,historical_shares,14457,11,631,8
p80-f75-h8,historical_shares,14457,11,673,29
p80-f75-h8,historical_shares,14457,12,629,95
p80-f75-h8,historical_shares,14457,12,631,10
p80-f75-h8,historical_shares,14457,12,673,33
p80-f75-h8,historical_shares,11122,1,629,126
p80-f75-h8,historical_shares,11122,1,631,8
p80-f75-h8,historical_shares,11122,1,673,4
p80-f75-h8,historical_shares,11122,2,629,115
p80-f75-h8,historical_shares,11122,2,631,7
p80-f75-h8,historical_shares,11122,2,673,4
p80-f75-h8,historical_shares,11122,3,629,127
p80-f75-h8,historical_shares,11122,3,631,8
p80-f75-h8,historical_shares,11122,3,673,4
p80-f75-h8,historical_shares,11122,4,629,122
p80-f75-h8,historical_shares,11122,4,631,8
p80-f75-h8,historical_shares,11122,4,673,4
p80-f75-h8,historical_shares,11122,5,629,136
p80-f75-h8,historical_shares,11122,5,631,9
p80-f75-h8,historical_shares,11122,5,673,4
p80-f75-h8,historical_shares,11122,6,629,146
p80-f75-h8,historical_shares,11122,6,631,9
p80-f75-h8,historical_shares,11122,6,673,5
p80-f75-h8,historical_shares,11122,7,629,145
p80-f75-h8,historical_shares,11122,7,631,9
p80-f75-h8,historical_shares,11122,7,673,5
p80-f75-h8,historical_shares,11122,8,629,148
p80-f75-h8,historical_shares,11122,8,631,9
p80-f75-h8,historical_shares,11122,8,673,5
p80-f75-h8,historical_shares,11122,9,629,145
p80-f75-h8,historical_shares,11122,9,631,9
p80-f75-h8,historical_shares,11122,9,673,5
p80-f75-h8,historical_shares,11122,10,629,148
p80-f75-h8,historical_shares,11122,10,631,9
p80-f75-h8,historical_shares,11122,10,673,5
p80-f75-h8,historical_shares,11122,11,629,140
p80-f75-h8,historical_shares,11122,11,631,9
p80-f75-h8,historical_shares,11122,11,673,4
p80-f75-h8,historical_shares,11122,12,629,149
p80-f75-h8,historical_shares,11122,12,631,9
p80-f75-h8,historical_shares,11122,12,673,5
p80-f75-h8,historical_shares,13851,1,629,1
p80-f75-h8,historical_shares,13851,1,631,14
p80-f75-h8,historical_shares,13851,1,673,89
p80-f75-h8,historical_shares,13851,2,629,1
p80-f75-h8,historical_shares,13851,2,631,13
p80-f75-h8,historical_shares,13851,2,673,86
p80-f75-h8,historical_shares,13851,3,629,1
p80-f75-h8,historical_shares,13851,3,631,16
p80-f75-h8,historical_shares,13851,3,673,100
p80-f75-h8,historical_shares,13851,4,629,1
p80-f75-h8,historical_shares,13851,4,631,16
p80-f75-h8,historical_shares,13851,4,673,99
p80-f75-h8,historical_shares,13851,5,629,1
p80-f75-h8,historical_shares,13851,5,631,16
p80-f75-h8,historical_shares,13851,5,673,103
p80-f75-h8,historical_shares,13851,6,629,1
p80-f75-h8,historical_shares,13851,6,631,15
p80-f75-h8,historical_shares,13851,6,673,98
p80-f75-h8,historical_shares,13851,7,629,1
p80-f75-h8,historical_shares,13851,7,631,16
p80-f75-h8,historical_shares,13851,7,673,101
p80-f75-h8,historical_shares,13851,8,629,1
p80-f75-h8,historical_shares,13851,8,631,15
p80-f75-h8,historical_shares,13851,8,673,96
p80-f75-h8,historical_shares,13851,9,629,1
p80-f75-h8,historical_shares,13851,9,631,14
p80-f75-h8,historical_shares,13851,9,673,86
p80-f75-h8,historical_shares,13851,10,629,1
p80-f75-h8,historical_shares,13851,10,631,11
p80-f75-h8,historical_shares,13851,10,673,71
p80-f75-h8,historical_shares,13851,11,629,1
p80-f75-h8,historical_shares,13851,11,631,9
p80-f75-h8,historical_shares,13851,11,673,58
p80-f75-h8,historical_shares,13851,12,629,1
p80-f75-h8,historical_shares,13851,12,631,10
p80-f75-h8,historical_shares,13851,12,673,61
p80-f75-h8,historical_shares,12280,1,629,36
p80-f75-h8,historical_shares,12280,1,631,31
p80-f75-h8,historical_shares,12280,1,673,25
p80-f75-h8,historical_shares,12280,2,629,33
p80-f75-h8,historical_shares,12280,2,631,28
p80-f75-h8,historical_shares,12280,2,673,22
p80-f75-h8,historical_shares,12280,3,629,36
p80-f75-h8,historical_shares,12280,3,631,32
p80-f75-h8,historical_shares,12280,3,673,25
p80-f75-h8,historical_shares,12280,4,629,35
p80-f75-h8,historical_shares,12280,4,631,31
p80-f75-h8,historical_shares,12280,4,673,24
p80-f75-h8,historical_shares,12280,5,629,45
p80-f75-h8,historical_shares,12280,5,631,39
p80-f75-h8,historical_shares,12280,5,673,31
p80-f75-h8,historical_shares,12280,6,629,46
p80-f75-h8,historical_shares,12280,6,631,40
p80-f75-h8,historical_shares,12280,6,673,31
p80-f75-h8,historical_shares,12280,7,629,54
p80-f75-h8,historical_shares,12280,7,631,47
p80-f75-h8,historical_shares,12280,7,673,37
p80-f75-h8,historical_shares,12280,8,629,52
p80-f75-h8,historical_shares,12280,8,631,46
p80-f75-h8,historical_shares,12280,8,673,36
p80-f75-h8,historical_shares,12280,9,629,48
p80-f75-h8,historical_shares,12280,9,631,42
p80-f75-h8,historical_shares,12280,9,673,33
p80-f75-h8,historical_shares,12280,10,629,43
p80-f75-h8,historical_shares,12280,10,631,38
p80-f75-h8,historical_shares,12280,10,673,29
p80-f75-h8,historical_shares,12280,11,629,36
p80-f75-h8,historical_shares,12280,11,631,32
p80-f75-h8,historical_shares,12280,11,673,25
p80-f75-h8,historical_shares,12280,12,629,30
p80-f75-h8,historical_shares,12280,12,631,26
p80-f75-h8,historical_shares,12280,12,673,20
p80-f75-h8,historical_shares,14869,1,629,7
p80-f75-h8,historical_shares,14869,1,631,21
p80-f75-h8,historical_shares,14869,1,673,52
p80-f75-h8,historical_shares,14869,2,629,7
p80-f75-h8,historical_shares,14869,2,631,23
p80-f75-h8,historical_shares,14869,2,673,57
p80-f75-h8,historical_shares,14869,3,629,8
p80-f75-h8,historical_shares,14869,3,631,26
p80-f75-h8,historical_shares,14869,3,673,66
p80-f75-h8,historical_shares,14869,4,629,9
p80-f75-h8,historical_shares,14869,4,631,29
p80-f75-h8,historical_shares,14869,4,673,74
p80-f75-h8,historical_shares,14869,5,629,7
p80-f75-h8,historical_shares,14869,5,631,24
p80-f75-h8,historical_shares,14869,5,673,60
p80-f75-h8,historical_shares,14869,6,629,6
p80-f75-h8,historical_shares,14869,6,631,20
p80-f75-h8,historical_shares,14869,6,673,49
p80-f75-h8,historical_shares,14869,7,629,6
p80-f75-h8,historical_shares,14869,7,631,21
p80-f75-h8,historical_shares,14869,7,673,51
p80-f75-h8,historical_shares,14869,8,629,7
p80-f75-h8,historical_shares,14869,8,631,24
p80-f75-h8,historical_shares,14869,8,673,59
p80-f75-h8,historical_shares,14869,9,629,9
p80-f75-h8,historical_shares,14869,9,631,28
p80-f75-h8,historical_shares,14869,9,673,72
p80-f75-h8,historical_shares,14869,10,629,8
p80-f75-h8,historical_shares,14869,10,631,25
p80-f75-h8,historical_shares,14869,10,673,64
p80-f75-h8,historical_shares,14869,11,629,7
p80-f75-h8,historical_shares,14869,11,631,22
p80-f75-h8,historical_shares,14869,11,673,55
p80-f75-h8,historical_shares,14869,12,629,6
p80-f75-h8,historical_shares,14869,12,631,21
p80-f75-h8,historical_shares,14869,12,673,51
p80-f75-h8,historical_shares,14783,1,629,7
p80-f75-h8,historical_shares,14783,1,631,17
p80-f75-h8,historical_shares,14783,1,673,48
p80-f75-h8,historical_shares,14783,2,629,8
p80-f75-h8,historical_shares,14783,2,631,17
p80-f75-h8,historical_shares,14783,2,673,48
p80-f75-h8,historical_shares,14783,3,629,9
p80-f75-h8,historical_shares,14783,3,631,22
p80-f75-h8,historical_shares,14783,3,673,61
p80-f75-h8,historical_shares,14783,4,629,7
p80-f75-h8,historical_shares,14783,4,631,16
p80-f75-h8,historical_shares,14783,4,673,44
p80-f75-h8,historical_shares,14783,5,629,10
p80-f75-h8,historical_shares,14783,5,631,21
p80-f75-h8,historical_shares,14783,5,673,60
p80-f75-h8,historical_shares,14783,6,629,9
p80-f75-h8,historical_shares,14783,6,631,22
p80-f75-h8,historical_shares,14783,6,673,61
p80-f75-h8,historical_shares,14783,7,629,10
p80-f75-h8,historical_shares,14783,7,631,23
p80-f75-h8,historical_shares,14783,7,673,64
p80-f75-h8,historical_shares,14783,8,629,10
p80-f75-h8,historical_shares,14783,8,631,23
p80-f75-h8,historical_shares,14783,8,673,65
p80-f75-h8,historical_shares,14783,9,629,10
p80-f75-h8,historical_shares,14783,9,631,22
p80-f75-h8,historical_shares,14783,9,673,62
p80-f75-h8,historical_shares,14783,10,629,9
p80-f75-h8,historical_shares,14783,10,631,21
p80-f75-h8,historical_shares,14783,10,673,60
p80-f75-h8,historical_shares,14783,11,629,7
p80-f75-h8,historical_shares,14783,11,631,16
p80-f75-h8,historical_shares,14783,11,673,44
p80-f75-h8,historical_shares,14783,12,629,7
p80-f75-h8,historical_shares,14783,12,631,17
p80-f75-h8,historical_shares,14783,12,673,46
p80-f75-h10,optimized,11109,1,629,0
p80-f75-h10,optimized,11109,1,631,214
p80-f75-h10,optimized,11109,1,673,0
p80-f75-h10,optimized,11109,2,629,0
p80-f75-h10,optimized,11109,2,631,196
p80-f75-h10,optimized,11109,2,673,0
p80-f75-h10,optimized,11109,3,629,0
p80-f75-h10,optimized,11109,3,631,222
p80-f75-h10,optimized,11109,3,673,0
p80-f75-h10,optimized,11109,4,629,0
p80-f75-h10,optimized,11109,4,631,216
p80-f75-h10,optimized,11109,4,673,0
p80-f75-h10,optimized,11109,5,629,0
p80-f75-h10,optimized,11109,5,631,239
p80-f75-h10,optimized,11109,5,673,0
p80-f75-h10,optimized,11109,6,629,0
p80-f75-h10,optimized,11109,6,631,243
p80-f75-h10,optimized,11109,6,673,0
p80-f75-h10,optimized,11109,7,629,0
p80-f75-h10,optimized,11109,7,631,261
p80-f75-h10,optimized,11109,7,673,0
p80-f75-h10,optimized,11109,8,629,0
p80-f75-h10,optimized,11109,8,631,252
p80-f75-h10,optimized,11109,8,673,0
p80-f75-h10,optimized,11109,9,629,0
p80-f75-h10,optimized,11109,9,631,229
p80-f75-h10,optimized,11109,9,673,0
p80-f75-h10,optimized,11109,10,629,0
p80-f75-h10,optimized,11109,10,631,228
p80-f75-h10,optimized,11109,10,673,0
p80-f75-h10,optimized,11109,11,629,0
p80-f75-h10,optimized,11109,11,631,187
p80-f75-h10,optimized,11109,11,673,0
p80-f75-h10,optimized,11109,12,629,0
p80-f75-h10,optimized,11109,12,631,249
p80-f75-h10,optimized,11109,12,673,0
p80-f75-h10,optimized,10372,1,631,0
p80-f75-h10,optimized,10372,1,673,215
p80-f75-h10,optimized,10372,2,631,0
p80-f75-h10,optimized,10372,2,673,180
p80-f75-h10,optimized,10372,3,631,0
p80-f75-h10,optimized,10372,3,673,211
p80-f75-h10,optimized,10372,4,631,0
p80-f75-h10,optimized,10372,4,673,181
p80-f75-h10,optimized,10372,5,631,0
p80-f75-h10,optimized,10372,5,673,27
p80-f75-h10,optimized,10372,6,631,0
p80-f75-h10,optimized,10372,6,673,174
p80-f75-h10,optimized,10372,7,631,0
p80-f75-h10,optimized,10372,7,673,177
p80-f75-h10,optimized,10372,8,631,0
p80-f75-h10,optimized,10372,8,673,177
p80-f75-h10,optimized,10372,9,631,0
p80-f75-h10,optimized,10372,9,673,171
p80-f75-h10,optimized,10372,10,631,0
p80-f75-h10,optimized,10372,10,673,162
p80-f75-h10,optimized,10372,11,631,0
p80-f75-h10,optimized,10372,11,673,129
p80-f75-h10,optimized,10372,12,631,0
p80-f75-h10,optimized,10372,12,673,199
p80-f75-h10,optimized,14457,1,629,0
p80-f75-h10,optimized,14457,1,631,129
p80-f75-h10,optimized,14457,1,673,0
p80-f75-h10,optimized,14457,2,629,0
p80-f75-h10,optimized,14457,2,631,118
p80-f75-h10,optimized,14457,2,673,0
p80-f75-h10,optimized,14457,3,629,0
p80-f75-h10,optimized,14457,3,631,158
p80-f75-h10,optimized,14457,3,673,0
p80-f75-h10,optimized,14457,4,629,0
p80-f75-h10,optimized,14457,4,631,159
p80-f75-h10,optimized,14457,4,673,0
p80-f75-h10,optimized,14457,5,629,0
p80-f75-h10,optimized,14457,5,631,142
p80-f75-h10,optimized,14457,5,673,0
p80-f75-h10,optimized,14457,6,629,0
p80-f75-h10,optimized,14457,6,631,161
p80-f75-h10,optimized,14457,6,673,0
p80-f75-h10,optimized,14457,7,629,0
p80-f75-h10,optimized,14457,7,631,156
p80-f75-h10,optimized,14457,7,673,0
p80-f75-h10,optimized,14457,8,629,0
p80-f75-h10,optimized,14457,8,631,160
p80-f75-h10,optimized,14457,8,673,0
p80-f75-h10,optimized,14457,9,629,0
p80-f75-h10,optimized,14457,9,631,148
p80-f75-h10,optimized,14457,9,673,0
p80-f75-h10,optimized,14457,10,629,0
p80-f75-h10,optimized,14457,10,631,132
p80-f75-h10,optimized,14457,10,673,0
p80-f75-h10,optimized,14457,11,629,0
p80-f75-h10,optimized,14457,11,631,119
p80-f75-h10,optimized,14457,11,673,0
p80-f75-h10,optimized,14457,12,629,0
p80-f75-h10,optimized,14457,12,631,138
p80-f75-h10,optimized,14457,12,673,0
p80-f75-h10,optimized,11122,1,629,0
p80-f75-h10,optimized,11122,1,631,138
p80-f75-h10,optimized,11122,1,673,0
p80-f75-h10,optimized,11122,2,629,0
p80-f75-h10,optimized,11122,2,631,126
p80-f75-h10,optimized,11122,2,673,0
p80-f75-h10,optimized,11122,3,629,0
p80-f75-h10,optimized,11122,3,631,139
p80-f75-h10,optimized,11122,3,673,0
p80-f75-h10,optimized,11122,4,629,0
p80-f75-h10,optimized,11122,4,631,134
p80-f75-h10,optimized,11122,4,673,0
p80-f75-h10,optimized,11122,5,629,0
p80-f75-h10,optimized,11122,5,631,149
p80-f75-h10,optimized,11122,5,673,0
p80-f75-h10,optimized,11122,6,629,0
p80-f75-h10,optimized,11122,6,631,160
p80-f75-h10,optimized,11122,6,673,0
p80-f75-h10,optimized,11122,7,629,0
p80-f75-h10,optimized,11122,7,631,159
p80-f75-h10,optimized,11122,7,673,0
p80-f75-h10,optimized,11122,8,629,0
p80-f75-h10,optimized,11122,8,631,162
p80-f75-h10,optimized,11122,8,673,0
p80-f75-h10,optimized,11122,9,629,0
p80-f75-h10,optimized,11122,9,631,159
p80-f75-h10,optimized,11122,9,673,0
p80-f75-h10,optimized,11122,10,629,0
p80-f75-h10,optimized,11122,10,631,162
p80-f75-h10,optimized,11122,10,673,0
p80-f75-h10,optimized,11122,11,629,0
p80-f75-h10,optimized,11122,11,631,153
p80-f75-h10,optimized,11122,11,673,0
p80-f75-h10,optimized,11122,12,629,0
p80-f75-h10,optimized,11122,12,631,163
p80-f75-h10,optimized,11122,12,673,0
p80-f75-h10,optimized,13851,1,629,0
p80-f75-h10,optimized,13851,1,631,104
p80-f75-h10,optimized,13851,1,673,0
p80-f75-h10,optimized,13851,2,629,0
p80-f75-h10,optimized,13851,2,631,100
p80-f75-h10,optimized,13851,2,673,0
p80-f75-h10,optimized,13851,3,629,0
p80-f75-h10,optimized,13851,3,631,117
p80-f75-h10,optimized,13851,3,673,0
p80-f75-h10,optimized,13851,4,629,0
p80-f75-h10,optimized,13851,4,631,116
p80-f75-h10,optimized,13851,4,673,0
p80-f75-h10,optimized,13851,5,629,0
p80-f75-h10,optimized,13851,5,631,101
p80-f75-h10,optimized,13851,5,673,19
p80-f75-h10,optimized,13851,6,629,0
p80-f75-h10,optimized,13851,6,631,85
p80-f75-h10,optimized,13851,6,673,29
p80-f75-h10,optimized,13851,7,629,0
p80-f75-h10,optimized,13851,7,631,118
p80-f75-h10,optimized,13851,7,673,0
p80-f75-h10,optimized,13851,8,629,0
p80-f75-h10,optimized,13851,8,631,112
p80-f75-h10,optimized,13851,8,673,0
p80-f75-h10,optimized,13851,9,629,0
p80-f75-h10,optimized,13851,9,631,101
p80-f75-h10,optimized,13851,9,673,0
p80-f75-h10,optimized,13851,10,629,0
p80-f75-h10,optimized,13851,10,631,83
p80-f75-h10,optimized,13851,10,673,0
p80-f75-h10,optimized,13851,11,629,0
p80-f75-h10,optimized,13851,11,631,68
p80-f75-h10,optimized,13851,11,673,0
p80-f75-h10,optimized,13851,12,629,0
p80-f75-h10,optimized,13851,12,631,72
p80-f75-h10,optimized,13851,12,673,0
p80-f75-h10,optimized,12280,1,629,0
p80-f75-h10,optimized,12280,1,631,92
p80-f75-h10,optimized,12280,1,673,0
p80-f75-h10,optimized,12280,2,629,0
p80-f75-h10,optimized,12280,2,631,83
p80-f75-h10,optimized,12280,2,673,0
p80-f75-h10,optimized,12280,3,629,0
p80-f75-h10,optimized,12280,3,631,93
p80-f75-h10,optimized,12280,3,673,0
p80-f75-h10,optimized,12280,4,629,0
p80-f75-h10,optimized,12280,4,631,90
p80-f75-h10,optimized,12280,4,673,0
p80-f75-h10,optimized,12280,5,629,0
p80-f75-h10,optimized,12280,5,631,115
p80-f75-h10,optimized,12280,5,673,0
p80-f75-h10,optimized,12280,6,629,0
p80-f75-h10,optimized,12280,6,631,117
p80-f75-h10,optimized,12280,6,673,0
p80-f75-h10,optimized,12280,7,629,0
p80-f75-h10,optimized,12280,7,631,138
p80-f75-h10,optimized,12280,7,673,0
p80-f75-h10,optimized,12280,8,629,0
p80-f75-h10,optimized,12280,8,631,134
p80-f75-h10,optimized,12280,8,673,0
p80-f75-h10,optimized,12280,9,629,0
p80-f75-h10,optimized,12280,9,631,123
p80-f75-h10,optimized,12280,9,673,0
p80-f75-h10,optimized,12280,10,629,0
p80-f75-h10,optimized,12280,10,631,110
p80-f75-h10,optimized,12280,10,673,0
p80-f75-h10,optimized,12280,11,629,0
p80-f75-h10,optimized,12280,11,631,89
p80-f75-h10,optimized,12280,11,673,0
p80-f75-h10,optimized,12280,12,629,0
p80-f75-h10,optimized,12280,12,631,72
p80-f75-h10,optimized,12280,12,673,0
p80-f75-h10,optimized,14869,1,629,0
p80-f75-h10,optimized,14869,1,631,80
p80-f75-h10,optimized,14869,1,673,0
p80-f75-h10,optimized,14869,2,629,0
p80-f75-h10,optimized,14869,2,631,87
p80-f75-h10,optimized,14869,2,673,0
p80-f75-h10,optimized,14869,3,629,0
p80-f75-h10,optimized,14869,3,631,100
p80-f75-h10,optimized,14869,3,673,0
p80-f75-h10,optimized,14869,4,629,0
p80-f75-h10,optimized,14869,4,631,112
p80-f75-h10,optimized,14869,4,673,0
p80-f75-h10,optimized,14869,5,629,0
p80-f75-h10,optimized,14869,5,631,91
p80-f75-h10,optimized,14869,5,673,0
p80-f75-h10,optimized,14869,6,629,0
p80-f75-h10,optimized,14869,6,631,75
p80-f75-h10,optimized,14869,6,673,0
p80-f75-h10,optimized,14869,7,629,0
p80-f75-h10,optimized,14869,7,631,76
p80-f75-h10,optimized,14869,7,673,2
p80-f75-h10,optimized,14869,8,629,0
p80-f75-h10,optimized,14869,8,631,87
p80-f75-h10,optimized,14869,8,673,3
p80-f75-h10,optimized,14869,9,629,0
p80-f75-h10,optimized,14869,9,631,108
p80-f75-h10,optimized,14869,9,673,1
p80-f75-h10,optimized,14869,10,629,0
p80-f75-h10,optimized,14869,10,631,97
p80-f75-h10,optimized,14869,10,673,0
p80-f75-h10,optimized,14869,11,629,0
p80-f75-h10,optimized,14869,11,631,84
p80-f75-h10,optimized,14869,11,673,0
p80-f75-h10,optimized,14869,12,629,0
p80-f75-h10,optimized,14869,12,631,78
p80-f75-h10,optimized,14869,12,673,0
p80-f75-h10,optimized,14783,1,629,0
p80-f75-h10,optimized,14783,1,631,72
p80-f75-h10,optimized,14783,1,673,0
p80-f75-h10,optimized,14783,2,629,0
p80-f75-h10,optimized,14783,2,631,73
p80-f75-h10,optimized,14783,2,673,0
p80-f75-h10,optimized,14783,3,629,0
p80-f75-h10,optimized,14783,3,631,54
p80-f75-h10,optimized,14783,3,673,38
p80-f75-h10,optimized,14783,4,629,0
p80-f75-h10,optimized,14783,4,631,33
p80-f75-h10,optimized,14783,4,673,34
p80-f75-h10,optimized,14783,5,629,0
p80-f75-h10,optimized,14783,5,631,52
p80-f75-h10,optimized,14783,5,673,38
p80-f75-h10,optimized,14783,6,629,0
p80-f75-h10,optimized,14783,6,631,34
p80-f75-h10,optimized,14783,6,673,56
p80-f75-h10,optimized,14783,7,629,0
p80-f75-h10,optimized,14783,7,631,0
p80-f75-h10,optimized,14783,7,673,93
p80-f75-h10,optimized,14783,8,629,0
p80-f75-h10,optimized,14783,8,631,0
p80-f75-h10,optimized,14783,8,673,94
p80-f75-h10,optimized,14783,9,629,0
p80-f75-h10,optimized,14783,9,631,5
p80-f75-h10,optimized,14783,9,673,86
p80-f75-h10,optimized,14783,10,629,0
p80-f75-h10,optimized,14783,10,631,73
p80-f75-h10,optimized,14783,10,673,16
p80-f75-h10,optimized,14783,11,629,0
p80-f75-h10,optimized,14783,11,631,67
p80-f75-h10,optimized,14783,11,673,0
p80-f75-h10,optimized,14783,12,629,0
p80-f75-h10,optimized,14783,12,631,69
p80-f75-h10,optimized,14783,12,673,0
p80-f75-h10,historical_shares,11109,1,629,165
p80-f75-h10,historical_shares,11109,1,631,13
p80-f75-h10,historical_shares,11109,1,673,36
p80-f75-h10,historical_shares,11109,2,629,151
p80-f75-h10,historical_shares,11109,2,631,12
p80-f75-h10,historical_shares,11109,2,673,33
p80-f75-h10,historical_shares,11109,3,629,171
p80-f75-h10,historical_shares,11109,3,631,13
p80-f75-h10,historical_shares,11109,3,673,38
p80-f75-h10,historical_shares,11109,4,629,166
p80-f75-h10,historical_shares,11109,4,631,13
p80-f75-h10,historical_shares,11109,4,673,37
p80-f75-h10,historical_shares,11109,5,629,184
p80-f75-h10,historical_shares,11109,5,631,14
p80-f75-h10,historical_shares,11109,5,673,41
p80-f75-h10,historical_shares,11109,6,629,187
p80-f75-h10,historical_shares,11109,6,631,14
p80-f75-h10,historical_shares,11109,6,673,42
p80-f75-h10,historical_shares,11109,7,629,201
p80-f75-h10,historical_shares,11109,7,631,15
p80-f75-h10,historical_shares,11109,7,673,45
p80-f75-h10,historical_shares,11109,8,629,194
p80-f75-h10,historical_shares,11109,8,631,15
p80-f75-h10,historical_shares,11109,8,673,43
p80-f75-h10,historical_shares,11109,9,629,176
p80-f75-h10,historical_shares,11109,9,631,14
p80-f75-h10,historical_shares,11109,9,673,39
p80-f75-h10,historical_shares,11109,10,629,176
p80-f75-h10,historical_shares,11109,10,631,13
p80-f75-h10,historical_shares,11109,10,673,39
p80-f75-h10,historical_shares,11109,11,629,144
p80-f75-h10,historical_shares,11109,11,631,11
p80-f75-h10,historical_shares,11109,11,673,32
p80-f75-h10,historical_shares,11109,12,629,192
p80-f75-h10,historical_shares,11109,12,631,15
p80-f75-h10,historical_shares,11109,12,673,42
p80-f75-h10,historical_shares,10372,1,631,21
p80-f75-h10,historical_shares,10372,1,673,194
p80-f75-h10,historical_shares,10372,2,631,17
p80-f75-h10,historical_shares,10372,2,673,163
p80-f75-h10,historical_shares,10372,3,631,20
p80-f75-h10,historical_shares,10372,3,673,191
p80-f75-h10,historical_shares,10372,4,631,17
p80-f75-h10,historical_shares,10372,4,673,164
p80-f75-h10,historical_shares,10372,5,631,3
p80-f75-h10,historical_shares,10372,5,673,24
p80-f75-h10,historical_shares,10372,6,631,17
p80-f75-h10,historical_shares,10372,6,673,157
p80-f75-h10,historical_shares,10372,7,631,17
p80-f75-h10,historical_shares,10372,7,673,160
p80-f75-h10,historical_shares,10372,8,631,17
p80-f75-h10,historical_shares,10372,8,673,160
p80-f75-h10,historical_shares,10372,9,631,16
p80-f75-h10,historical_shares,10372,9,673,155
p80-f75-h10,historical_shares,10372,10,631,16
p80-f75-h10,historical_shares,10372,10,673,146
p80-f75-h10,historical_shares,10372,11,631,12
p80-f75-h10,historical_shares,10372,11,673,117
p80-f75-h10,historical_shares,10372,12,631,19
p80-f75-h10,historical_shares,10372,12,673,180
p80-f75-h10,historical_shares,14457,1,629,89
p80-f75-h10,historical_shares,14457,1,631,9
p80-f75-h10,historical_shares,14457,1,673,31
p80-f75-h10,historical_shares,14457,2,629,81
p80-f75-h10,historical_shares,14457,2,631,8
p80-f75-h10,historical_shares,14457,2,673,29
p80-f75-h10,historical_shares,14457,3,629,109
p80-f75-h10,historical_shares,14457,3,631,11
p80-f75-h10,historical_shares,14457,3,673,38
p80-f75-h10,historical_shares,14457,4,629,110
p80-f75-h10,historical_shares,14457,4,631,11
p80-f75-h10,historical_shares,14457,4,673,38
p80-f75-h10,historical_shares,14457,5,629,98
p80-f75-h10,historical_shares,14457,5,631,10
p80-f75-h10,historical_shares,14457,5,673,34
p80-f75-h10,historical_shares,14457,6,629,111
p80-f75-h10,historical_shares,14457,6,631,11
p80-f75-h10,historical_shares,14457,6,673,39
p80-f75-h10,historical_shares,14457,7,629,107
p80-f75-h10,historical_shares,14457,7,631,11
p80-f75-h10,historical_shares,14457,7,673,38
p80-f75-h10,historical_shares,14457,8,629,110
p80-f75-h10,historical_shares,14457,8,631,11
p80-f75-h10,historical_shares,14457,8,673,39
p80-f75-h10,historical_shares,14457,9,629,103
p80-f75-h10,historical_shares,14457,9,631,11
p80-f75-h10,historical_shares,14457,9,673,36
p80-f75-h10,historical_shares,14457,10,629,91
p80-f75-h10,historical_shares,14457,10,631,9
p80-f75-h10,historical_shares,14457,10,673,32
p80-f75-h10,historical_shares,14457,11,629,82
p80-f75-h10,historical_shares,14457,11,631,8
p80-f75-h10,historical_shares,14457,11,673,29
p80-f75-h10,historical_shares,14457,12,629,95
p80-f75-h10,historical_shares,14457,12,631,10
p80-f75-h10,historical_shares,14457,12,673,33
p80-f75-h10,historical_shares,11122,1,629,126
p80-f75-h10,historical_shares,11122,1,631,8
p80-f75-h10,historical_shares,11122,1,673,4
p80-f75-h10,historical_shares,11122,2,629,115
p80-f75-h10,historical_shares,11122,2,631,7
p80-f75-h10,historical_shares,11122,2,673,4
p80-f75-h10,historical_shares,11122,3,629,127
p80-f75-h10,historical_shares,11122,3,631,8
p80-f75-h10,historical_shares,11122,3,673,4
p80-f75-h10,historical_shares,11122,4,629,122
p80-f75-h10,historical_shares,11122,4,631,8
p80-f75-h10,historical_shares,11122,4,673,4
p80-f75-h10,historical_shares,11122,5,629,136
p80-f75-h10,historical_shares,11122,5,631,9
p80-f75-h10,historical_shares,11122,5,673,4
p80-f75-h10,historical_shares,11122,6,629,146
p80-f75-h10,historical_shares,11122,6,631,9
p80-f75-h10,historical_shares,11122,6,673,5
p80-f75-h10,historical_shares,11122,7,629,145
p80-f75-h10,historical_shares,11122,7,631,9
p80-f75-h10,historical_shares,11122,7,673,5
p80-f75-h10,historical_shares,11122,8,629,148
p80-f75-h10,historical_shares,11122,8,631,9
p80-f75-h10,historical_shares,11122,8,673,5
p80-f75-h10,historical_shares,11122,9,629,145
p80-f75-h10,historical_shares,11122,9,631,9
p80-f75-h10,historical_shares,11122,9,673,5
p80-f75-h10,historical_shares,11122,10,629,148
p80-f75-h10,historical_shares,11122,10,631,9
p80-f75-h10,historical_shares,11122,10,673,5
p80-f75-h10,historical_shares,11122,11,629,140
p80-f75-h10,historical_shares,11122,11,631,9
p80-f75-h10,historical_shares,11122,11,673,4
p80-f75-h10,historical_shares,11122,12,629,149
p80-f75-h10,historical_shares,11122,12,631,9
p80-f75-h10,historical_shares,11122,12,673,5
p80-f75-h10,historical_shares,13851,1,629,1
p80-f75-h10,historical_shares,13851,1,631,14
p80-f75-h10,historical_shares,13851,1,673,89
p80-f75-h10,historical_shares,13851,2,629,1
p80-f75-h10,historical_shares,13851,2,631,13
p80-f75-h10,historical_shares,13851,2,673,86
p80-f75-h10,historical_shares,13851,3,629,1
p80-f75-h10,historical_shares,13851,3,631,16
p80-f75-h10,historical_shares,13851,3,673,100
p80-f75-h10,historical_shares,13851,4,629,1
p80-f75-h10,historical_shares,13851,4,631,16
p80-f75-h10,historical_shares,13851,4,673,99
p80-f75-h10,historical_shares,13851,5,629,1
p80-f75-h10,historical_shares,13851,5,631,16
p80-f75-h10,historical_shares,13851,5,673,103
p80-f75-h10,historical_shares,13851,6,629,1
p80-f75-h10,historical_shares,13851,6,631,15
p80-f75-h10,historical_shares,13851,6,673,98
p80-f75-h10,historical_shares,13851,7,629,1
p80-f75-h10,historical_shares,13851,7,631,16
p80-f75-h10,historical_shares,13851,7,673,101
p80-f75-h10,historical_shares,13851,8,629,1
p80-f75-h10,historical_shares,13851,8,631,15
p80-f75-h10,historical_shares,13851,8,673,96
p80-f75-h10,historical_shares,13851,9,629,1
p80-f75-h10,historical_shares,13851,9,631,14
p80-f75-h10,historical_shares,13851,9,673,86
p80-f75-h10,historical_shares,13851,10,629,1
p80-f75-h10,historical_shares,13851,10,631,11
p80-f75-h10,historical_shares,13851,10,673,71
p80-f75-h10,historical_shares,13851,11,629,1
p80-f75-h10,historical_shares,13851,11,631,9
p80-f75-h10,historical_shares,13851,11,673,58
p80-f75-h10,historical_shares,13851,12,629,1
p80-f75-h10,historical_shares,13851,12,631,10
p80-f75-h10,historical_shares,13851,12,673,61
p80-f75-h10,historical_shares,12280,1,629,36
p80-f75-h10,historical_shares,12280,1,631,31
p80-f75-h10,historical_shares,12280,1,673,25
p80-f75-h10,historical_shares,12280,2,629,33
p80-f75-h10,historical_shares,12280,2,631,28
p80-f75-h10,historical_shares,12280,2,673,22
p80-f75-h10,historical_shares,12280,3,629,36
p80-f75-h10,historical_shares,12280,3,631,32
p80-f75-h10,historical_shares,12280,3,673,25
p80-f75-h10,historical_shares,12280,4,629,35
p80-f75-h10,historical_shares,12280,4,631,31
p80-f75-h10,historical_shares,12280,4,673,24
p80-f75-h10,historical_shares,12280,5,629,45
p80-f75-h10,historical_shares,12280,5,631,39
p80-f75-h10,historical_shares,12280,5,673,31
p80-f75-h10,historical_shares,12280,6,629,46
p80-f75-h10,historical_shares,12280,6,631,40
p80-f75-h10,historical_shares,12280,6,673,31
p80-f75-h10,historical_shares,12280,7,629,54
p80-f75-h10,historical_shares,12280,7,631,47
p80-f75-h10,historical_shares,12280,7,673,37
p80-f75-h10,historical_shares,12280,8,629,52
p80-f75-h10,historical_shares,12280,8,631,46
p80-f75-h10,historical_shares,12280,8,673,36
p80-f75-h10,historical_shares,12280,9,629,48
p80-f75-h10,historical_shares,12280,9,631,42
p80-f75-h10,historical_shares,12280,9,673,33
p80-f75-h10,historical_shares,12280,10,629,43
p80-f75-h10,historical_shares,12280,10,631,38
p80-f75-h10,historical_shares,12280,10,673,29
p80-f75-h10,historical_shares,12280,11,629,36
p80-f75-h10,historical_shares,12280,11,631,32
p80-f75-h10,historical_shares,12280,11,673,25
p80-f75-h10,historical_shares,12280,12,629,30
p80-f75-h10,historical_shares,12280,12,631,26
p80-f75-h10,historical_shares,12280,12,673,20
p80-f75-h10,historical_shares,14869,1,629,7
p80-f75-h10,historical_shares,14869,1,631,21
p80-f75-h10,historical_shares,14869,1,673,52
p80-f75-h10,historical_shares,14869,2,629,7
p80-f75-h10,historical_shares,14869,2,631,23
p80-f75-h10,historical_shares,14869,2,673,57
p80-f75-h10,historical_shares,14869,3,629,8
p80-f75-h10,historical_shares,14869,3,631,26
p80-f75-h10,historical_shares,14869,3,673,66
p80-f75-h10,historical_shares,14869,4,629,9
p80-f75-h10,historical_shares,14869,4,631,29
p80-f75-h10,historical_shares,14869,4,673,74
p80-f75-h10,historical_shares,14869,5,629,7
p80-f75-h10,historical_shares,14869,5,631,24
p80-f75-h10,historical_shares,14869,5,673,60
p80-f75-h10,historical_shares,14869,6,629,6
p80-f75-h10,historical_shares,14869,6,631,20
p80-f75-h10,historical_shares,14869,6,673,49
p80-f75-h10,historical_shares,14869,7,629,6
p80-f75-h10,historical_shares,14869,7,631,21
p80-f75-h10,historical_shares,14869,7,673,51
p80-f75-h10,historical_shares,14869,8,629,7
p80-f75-h10,historical_shares,14869,8,631,24
p80-f75-h10,historical_shares,14869,8,673,59
p80-f75-h10,historical_shares,14869,9,629,9
p80-f75-h10,historical_shares,14869,9,631,28
p80-f75-h10,historical_shares,14869,9,673,72
p80-f75-h10,historical_shares,14869,10,629,8
p80-f75-h10,historical_shares,14869,10,631,25
p80-f75-h10,historical_shares,14869,10,673,64
p80-f75-h10,historical_shares,14869,11,629,7
p80-f75-h10,historical_shares,14869,11,631,22
p80-f75-h10,historical_shares,14869,11,673,55
p80-f75-h10,historical_shares,14869,12,629,6
p80-f75-h10,historical_shares,14869,12,631,21
p80-f75-h10,historical_shares,14869,12,673,51
p80-f75-h10,historical_shares,14783,1,629,7
p80-f75-h10,historical_shares,14783,1,631,17
p80-f75-h10,historical_shares,14783,1,673,48
p80-f75-h10,historical_shares,14783,2,629,8
p80-f75-h10,historical_shares,14783,2,631,17
p80-f75-h10,historical_shares,14783,2,673,48
p80-f75-h10,historical_shares,14783,3,629,9
p80-f75-h10,historical_shares,14783,3,631,22
p80-f75-h10,historical_shares,14783,3,673,61
p80-f75-h10,historical_shares,14783,4,629,7
p80-f75-h10,historical_shares,14783,4,631,16
p80-f75-h10,historical_shares,14783,4,673,44
p80-f75-h10,historical_shares,14783,5,629,10
p80-f75-h10,historical_shares,14783,5,631,21
p80-f75-h10,historical_shares,14783,5,673,60
p80-f75-h10,historical_shares,14783,6,629,9
p80-f75-h10,historical_shares,14783,6,631,22
p80-f75-h10,historical_shares,14783,6,673,61
p80-f75-h10,historical_shares,14783,7,629,10
p80-f75-h10,historical_shares,14783,7,631,23
p80-f75-h10,historical_shares,14783,7,673,64
p80-f75-h10,historical_shares,14783,8,629,10
p80-f75-h10,historical_shares,14783,8,631,23
p80-f75-h10,historical_shares,14783,8,673,65
p80-f75-h10,historical_shares,14783,9,629,10
p80-f75-h10,historical_shares,14783,9,631,22
p80-f75-h10,historical_shares,14783,9,673,62
p80-f75-h10,historical_shares,14783,10,629,9
p80-f75-h10,historical_shares,14783,10,631,21
p80-f75-h10,historical_shares,14783,10,673,60
p80-f75-h10,historical_shares,14783,11,629,7
p80-f75-h10,historical_shares,14783,11,631,16
p80-f75-h10,historical_shares,14783,11,673,44
p80-f75-h10,historical_shares,14783,12,629,7
p80-f75-h10,historical_shares,14783,12,631,17
p80-f75-h10,historical_shares,14783,12,673,46
p80-f100-h6,optimized,11109,1,629,0
p80-f100-h6,optimized,11109,1,631,285
p80-f100-h6,optimized,11109,1,673,0
p80-f100-h6,optimized,11109,2,629,0
p80-f100-h6,optimized,11109,2,631,261
p80-f100-h6,optimized,11109,2,673,0
p80-f100-h6,optimized,11109,3,629,0
p80-f100-h6,optimized,11109,3,631,296
p80-f100-h6,optimized,11109,3,673,0
p80-f100-h6,optimized,11109,4,629,0
p80-f100-h6,optimized,11109,4,631,287
p80-f100-h6,optimized,11109,4,673,0
p80-f100-h6,optimized,11109,5,629,0
p80-f100-h6,optimized,11109,5,631,318
p80-f100-h6,optimized,11109,5,673,0
p80-f100-h6,optimized,11109,6,629,0
p80-f100-h6,optimized,11109,6,631,323
p80-f100-h6,optimized,11109,6,673,0
p80-f100-h6,optimized,11109,7,629,0
p80-f100-h6,optimized,11109,7,631,348
p80-f100-h6,optimized,11109,7,673,0
p80-f100-h6,optimized,11109,8,629,0
p80-f100-h6,optimized,11109,8,631,335
p80-f100-h6,optimized,11109,8,673,0
p80-f100-h6,optimized,11109,9,629,0
p80-f100-h6,optimized,11109,9,631,305
p80-f100-h6,optimized,11109,9,673,0
p80-f100-h6,optimized,11109,10,629,0
p80-f100-h6,optimized,11109,10,631,304
p80-f100-h6,optimized,11109,10,673,0
p80-f100-h6,optimized,11109,11,629,0
p80-f100-h6,optimized,11109,11,631,249
p80-f100-h6,optimized,11109,11,673,0
p80-f100-h6,optimized,11109,12,629,0
p80-f100-h6,optimized,11109,12,631,332
p80-f100-h6,optimized,11109,12,673,0
p80-f100-h6,optimized,10372,1,631,0
p80-f100-h6,optimized,10372,1,673,286
p80-f100-h6,optimized,10372,2,631,0
p80-f100-h6,optimized,10372,2,673,240
p80-f100-h6,optimized,10372,3,631,0
p80-f100-h6,optimized,10372,3,673,281
p80-f100-h6,optimized,10372,4,631,0
p80-f100-h6,optimized,10372,4,673,241
p80-f100-h6,optimized,10372,5,631,0
p80-f100-h6,optimized,10372,5,673,35
p80-f100-h6,optimized,10372,6,631,0
p80-f100-h6,optimized,10372,6,673,232
p80-f100-h6,optimized,10372,7,631,0
p80-f100-h6,optimized,10372,7,673,235
p80-f100-h6,optimized,10372,8,631,0
p80-f100-h6,optimized,10372,8,673,235
p80-f100-h6,optimized,10372,9,631,0
p80-f100-h6,optimized,10372,9,673,227
p80-f100-h6,optimized,10372,10,631,0
p80-f100-h6,optimized,10372,10,673,216
p80-f100-h6,optimized,10372,11,631,0
p80-f100-h6,optimized,10372,11,673,172
p80-f100-h6,optimized,10372,12,631,0
p80-f100-h6,optimized,10372,12,673,265
p80-f100-h6,optimized,14457,1,629,0
p80-f100-h6,optimized,14457,1,631,172
p80-f100-h6,optimized,14457,1,673,0
p80-f100-h6,optimized,14457,2,629,0
p80-f100-h6,optimized,14457,2,631,157
p80-f100-h6,optimized,14457,2,673,0
p80-f100-h6,optimized,14457,3,629,0
p80-f100-h6,optimized,14457,3,631,210
p80-f100-h6,optimized,14457,3,673,0
p80-f100-h6,optimized,14457,4,629,0
p80-f100-h6,optimized,14457,4,631,211
p80-f100-h6,optimized,14457,4,673,0
p80-f100-h6,optimized,14457,5,629,0
p80-f100-h6,optimized,14457,5,631,189
p80-f100-h6,optimized,14457,5,673,0
p80-f100-h6,optimized,14457,6,629,0
p80-f100-h6,optimized,14457,6,631,214
p80-f100-h6,optimized,14457,6,673,0
p80-f100-h6,optimized,14457,7,629,0
p80-f100-h6,optimized,14457,7,631,208
p80-f100-h6,optimized,14457,7,673,0
p80-f100-h6,optimized,14457,8,629,0
p80-f100-h6,optimized,14457,8,631,213
p80-f100-h6,optimized,14457,8,673,0
p80-f100-h6,optimized,14457,9,629,0
p80-f100-h6,optimized,14457,9,631,197
p80-f100-h6,optimized,14457,9,673,0
p80-f100-h6,optimized,14457,10,629,0
p80-f100-h6,optimized,14457,10,631,176
p80-f100-h6,optimized,14457,10,673,0
p80-f100-h6,optimized,14457,11,629,0
p80-f100-h6,optimized,14457,11,631,158
p80-f100-h6,optimized,14457,11,673,0
p80-f100-h6,optimized,14457,12,629,0
p80-f100-h6,optimized,14457,12,631,184
p80-f100-h6,optimized,14457,12,673,0
p80-f100-h6,optimized,11122,1,629,0
p80-f100-h6,optimized,11122,1,631,184
p80-f100-h6,optimized,11122,1,673,0
p80-f100-h6,optimized,11122,2,629,0
p80-f100-h6,optimized,11122,2,631,168
p80-f100-h6,optimized,11122,2,673,0
p80-f100-h6,optimized,11122,3,629,0
p80-f100-h6,optimized,11122,3,631,185
p80-f100-h6,optimized,11122,3,673,0
p80-f100-h6,optimized,11122,4,629,0
p80-f100-h6,optimized,11122,4,631,178
p80-f100-h6,optimized,11122,4,673,0
p80-f100-h6,optimized,11122,5,629,0
p80-f100-h6,optimized,11122,5,631,198
p80-f100-h6,optimized,11122,5,673,0
p80-f100-h6,optimized,11122,6,629,0
p80-f100-h6,optimized,11122,6,631,213
p80-f100-h6,optimized,11122,6,673,0
p80-f100-h6,optimized,11122,7,629,0
p80-f100-h6,optimized,11122,7,631,212
p80-f100-h6,optimized,11122,7,673,0
p80-f100-h6,optimized,11122,8,629,0
p80-f100-h6,optimized,11122,8,631,215
p80-f100-h6,optimized,11122,8,673,0
p80-f100-h6,optimized,11122,9,629,0
p80-f100-h6,optimized,11122,9,631,211
p80-f100-h6,optimized,11122,9,673,0
p80-f100-h6,optimized,11122,10,629,0
p80-f100-h6,optimized,11122,10,631,216
p80-f100-h6,optimized,11122,10,673,0
p80-f100-h6,optimized,11122,11,629,0
p80-f100-h6,optimized,11122,11,631,204
p80-f100-h6,optimized,11122,11,673,0
p80-f100-h6,optimized,11122,12,629,0
p80-f100-h6,optimized,11122,12,631,217
p80-f100-h6,optimized,11122,12,673,0
p80-f100-h6,optimized,13851,1,629,0
p80-f100-h6,optimized,13851,1,631,138
p80-f100-h6,optimized,13851,1,673,0
p80-f100-h6,optimized,13851,2,629,0
p80-f100-h6,optimized,13851,2,631,133
p80-f100-h6,optimized,13851,2,673,0
p80-f100-h6,optimized,13851,3,629,0
p80-f100-h6,optimized,13851,3,631,156
p80-f100-h6,optimized,13851,3,673,0
p80-f100-h6,optimized,13851,4,629,0
p80-f100-h6,optimized,13851,4,631,154
p80-f100-h6,optimized,13851,4,673,0
p80-f100-h6,optimized,13851,5,629,0
p80-f100-h6,optimized,13851,5,631,160
p80-f100-h6,optimized,13851,5,673,0
p80-f100-h6,optimized,13851,6,629,0
p80-f100-h6,optimized,13851,6,631,152
p80-f100-h6,optimized,13851,6,673,0
p80-f100-h6,optimized,13851,7,629,0
p80-f100-h6,optimized,13851,7,631,157
p80-f100-h6,optimized,13851,7,673,0
p80-f100-h6,optimized,13851,8,629,0
p80-f100-h6,optimized,13851,8,631,149
p80-f100-h6,optimized,13851,8,673,0
p80-f100-h6,optimized,13851,9,629,0
p80-f100-h6,optimized,13851,9,631,134
p80-f100-h6,optimized,13851,9,673,0
p80-f100-h6,optimized,13851,10,629,0
p80-f100-h6,optimized,13851,10,631,110
p80-f100-h6,optimized,13851,10,673,0
p80-f100-h6,optimized,13851,11,629,0
p80-f100-h6,optimized,13851,11,631,90
p80-f100-h6,optimized,13851,11,673,0
p80-f100-h6,optimized,13851,12,629,0
p80-f100-h6,optimized,13851,12,631,95
p80-f100-h6,optimized,13851,12,673,0
p80-f100-h6,optimized,12280,1,629,0
p80-f100-h6,optimized,12280,1,631,122
p80-f100-h6,optimized,12280,1,673,0
p80-f100-h6,optimized,12280,2,629,0
p80-f100-h6,optimized,12280,2,631,110
p80-f100-h6,optimized,12280,2,673,0
p80-f100-h6,optimized,12280,3,629,0
p80-f100-h6,optimized,12280,3,631,124
p80-f100-h6,optimized,12280,3,673,0
p80-f100-h6,optimized,12280,4,629,0
p80-f100-h6,optimized,12280,4,631,119
p80-f100-h6,optimized,12280,4,673,0
p80-f100-h6,optimized,12280,5,629,0
p80-f100-h6,optimized,12280,5,631,153
p80-f100-h6,optimized,12280,5,673,0
p80-f100-h6,optimized,12280,6,629,0
p80-f100-h6,optimized,12280,6,631,156
p80-f100-h6,optimized,12280,6,673,0
p80-f100-h6,optimized,12280,7,629,0
p80-f100-h6,optimized,12280,7,631,183
p80-f100-h6,optimized,12280,7,673,0
p80-f100-h6,optimized,12280,8,629,0
p80-f100-h6,optimized,12280,8,631,178
p80-f100-h6,optimized,12280,8,673,0
p80-f100-h6,optimized,12280,9,629,0
p80-f100-h6,optimized,12280,9,631,164
p80-f100-h6,optimized,12280,9,673,0
p80-f100-h6,optimized,12280,10,629,0
p80-f100-h6,optimized,12280,10,631,146
p80-f100-h6,optimized,12280,10,673,0
p80-f100-h6,optimized,12280,11,629,0
p80-f100-h6,optimized,12280,11,631,118
p80-f100-h6,optimized,12280,11,673,0
p80-f100-h6,optimized,12280,12,629,0
p80-f100-h6,optimized,12280,12,631,95
p80-f100-h6,optimized,12280,12,673,0
p80-f100-h6,optimized,14869,1,629,0
p80-f100-h6,optimized,14869,1,631,106
p80-f100-h6,optimized,14869,1,673,0
p80-f100-h6,optimized,14869,2,629,0
p80-f100-h6,optimized,14869,2,631,115
p80-f100-h6,optimized,14869,2,673,0
p80-f100-h6,optimized,14869,3,629,0
p80-f100-h6,optimized,14869,3,631,133
p80-f100-h6,optimized,14869,3,673,0
p80-f100-h6,optimized,14869,4,629,0
p80-f100-h6,optimized,14869,4,631,149
p80-f100-h6,optimized,14869,4,673,0
p80-f100-h6,optimized,14869,5,629,0
p80-f100-h6,optimized,14869,5,631,121
p80-f100-h6,optimized,14869,5,673,0
p80-f100-h6,optimized,14869,6,629,0
p80-f100-h6,optimized,14869,6,631,100
p80-f100-h6,optimized,14869,6,673,0
p80-f100-h6,optimized,14869,7,629,0
p80-f100-h6,optimized,14869,7,631,103
p80-f100-h6,optimized,14869,7,673,0
p80-f100-h6,optimized,14869,8,629,0
p80-f100-h6,optimized,14869,8,631,120
p80-f100-h6,optimized,14869,8,673,0
p80-f100-h6,optimized,14869,9,629,0
p80-f100-h6,optimized,14869,9,631,142
p80-f100-h6,optimized,14869,9,673,3
p80-f100-h6,optimized,14869,10,629,0
p80-f100-h6,optimized,14869,10,631,129
p80-f100-h6,optimized,14869,10,673,0
p80-f100-h6,optimized,14869,11,629,0
p80-f100-h6,optimized,14869,11,631,111
p80-f100-h6,optimized,14869,11,673,0
p80-f100-h6,optimized,14869,12,629,0
p80-f100-h6,optimized,14869,12,631,103
p80-f100-h6,optimized,14869,12,673,0
p80-f100-h6,optimized,14783,1,629,0
p80-f100-h6,optimized,14783,1,631,95
p80-f100-h6,optimized,14783,1,673,0
p80-f100-h6,optimized,14783,2,629,0
p80-f100-h6,optimized,14783,2,631,97
p80-f100-h6,optimized,14783,2,673,0
p80-f100-h6,optimized,14783,3,629,0
p80-f100-h6,optimized,14783,3,631,122
p80-f100-h6,optimized,14783,3,673,0
p80-f100-h6,optimized,14783,4,629,0
p80-f100-h6,optimized,14783,4,631,89
p80-f100-h6,optimized,14783,4,673,0
p80-f100-h6,optimized,14783,5,629,0
p80-f100-h6,optimized,14783,5,631,120
p80-f100-h6,optimized,14783,5,673,0
p80-f100-h6,optimized,14783,6,629,0
p80-f100-h6,optimized,14783,6,631,86
p80-f100-h6,optimized,14783,6,673,34
p80-f100-h6,optimized,14783,7,629,0
p80-f100-h6,optimized,14783,7,631,77
p80-f100-h6,optimized,14783,7,673,47
p80-f100-h6,optimized,14783,8,629,0
p80-f100-h6,optimized,14783,8,631,76
p80-f100-h6,optimized,14783,8,673,49
p80-f100-h6,optimized,14783,9,629,0
p80-f100-h6,optimized,14783,9,631,84
p80-f100-h6,optimized,14783,9,673,36
p80-f100-h6,optimized,14783,10,629,0
p80-f100-h6,optimized,14783,10,631,118
p80-f100-h6,optimized,14783,10,673,0
p80-f100-h6,optimized,14783,11,629,0
p80-f100-h6,optimized,14783,11,631,89
p80-f100-h6,optimized,14783,11,673,0
p80-f100-h6,optimized,14783,12,629,0
p80-f100-h6,optimized,14783,12,631,92
p80-f100-h6,optimized,14783,12,673,0
p80-f100-h6,historical_shares,11109,1,629,220
p80-f100-h6,historical_shares,11109,1,631,17
p80-f100-h6,historical_shares,11109,1,673,48
p80-f100-h6,historical_shares,11109,2,629,201
p80-f100-h6,historical_shares,11109,2,631,15
p80-f100-h6,historical_shares,11109,2,673,45
p80-f100-h6,historical_shares,11109,3,629,228
p80-f100-h6,historical_shares,11109,3,631,17
p80-f100-h6,historical_shares,11109,3,673,51
p80-f100-h6,historical_shares,11109,4,629,221
p80-f100-h6,historical_shares,11109,4,631,17
p80-f100-h6,historical_shares,11109,4,673,49
p80-f100-h6,historical_shares,11109,5,629,245
p80-f100-h6,historical_shares,11109,5,631,19
p80-f100-h6,historical_shares,11109,5,673,54
p80-f100-h6,historical_shares,11109,6,629,249
p80-f100-h6,historical_shares,11109,6,631,19
p80-f100-h6,historical_shares,11109,6,673,55
p80-f100-h6,historical_shares,11109,7,629,268
p80-f100-h6,historical_shares,11109,7,631,21
p80-f100-h6,historical_shares,11109,7,673,59
p80-f100-h6,historical_shares,11109,8,629,258
p80-f100-h6,historical_shares,11109,8,631,20
p80-f100-h6,historical_shares,11109,8,673,57
p80-f100-h6,historical_shares,11109,9,629,235
p80-f100-h6,historical_shares,11109,9,631,18
p80-f100-h6,historical_shares,11109,9,673,52
p80-f100-h6,historical_shares,11109,10,629,234
p80-f100-h6,historical_shares,11109,10,631,18
p80-f100-h6,historical_shares,11109,10,673,52
p80-f100-h6,historical_shares,11109,11,629,192
p80-f100-h6,historical_shares,11109,11,631,15
p80-f100-h6,historical_shares,11109,11,673,42
p80-f100-h6,historical_shares,11109,12,629,256
p80-f100-h6,historical_shares,11109,12,631,19
p80-f100-h6,historical_shares,11109,12,673,57
p80-f100-h6,historical_shares,10372,1,631,27
p80-f100-h6,historical_shares,10372,1,673,259
p80-f100-h6,historical_shares,10372,2,631,23
p80-f100-h6,historical_shares,10372,2,673,217
p80-f100-h6,historical_shares,10372,3,631,27
p80-f100-h6,historical_shares,10372,3,673,254
p80-f100-h6,historical_shares,10372,4,631,23
p80-f100-h6,historical_shares,10372,4,673,218
p80-f100-h6,historical_shares,10372,5,631,3
p80-f100-h6,historical_shares,10372,5,673,32
p80-f100-h6,historical_shares,10372,6,631,22
p80-f100-h6,historical_shares,10372,6,673,210
p80-f100-h6,historical_shares,10372,7,631,23
p80-f100-h6,historical_shares,10372,7,673,212
p80-f100-h6,historical_shares,10372,8,631,23
p80-f100-h6,historical_shares,10372,8,673,212
p80-f100-h6,historical_shares,10372,9,631,22
p80-f100-h6,historical_shares,10372,9,673,205
p80-f100-h6,historical_shares,10372,10,631,21
p80-f100-h6,historical_shares,10372,10,673,195
p80-f100-h6,historical_shares,10372,11,631,17
p80-f100-h6,historical_shares,10372,11,673,155
p80-f100-h6,historical_shares,10372,12,631,25
p80-f100-h6,historical_shares,10372,12,673,240
p80-f100-h6,historical_shares,14457,1,629,118
p80-f100-h6,historical_shares,14457,1,631,12
p80-f100-h6,historical_shares,14457,1,673,42
p80-f100-h6,historical_shares,14457,2,629,108
p80-f100-h6,historical_shares,14457,2,631,11
p80-f100-h6,historical_shares,14457,2,673,38
p80-f100-h6,historical_shares,14457,3,629,145
p80-f100-h6,historical_shares,14457,3,631,14
p80-f100-h6,historical_shares,14457,3,673,51
p80-f100-h6,historical_shares,14457,4,629,145
p80-f100-h6,historical_shares,14457,4,631,15
p80-f100-h6,historical_shares,14457,4,673,51
p80-f100-h6,historical_shares,14457,5,629,130
p80-f100-h6,historical_shares,14457,5,631,13
p80-f100-h6,historical_shares,14457,5,673,46
p80-f100-h6,historical_shares,14457,6,629,147
p80-f100-h6,historical_shares,14457,6,631,15
p80-f100-h6,historical_shares,14457,6,673,52
p80-f100-h6,historical_shares,14457,7,629,143
p80-f100-h6,historical_shares,14457,7,631,15
p80-f100-h6,historical_shares,14457,7,673,50
p80-f100-h6,historical_shares,14457,8,629,147
p80-f100-h6,historical_shares,14457,8,631,15
p80-f100-h6,historical_shares,14457,8,673,51
p80-f100-h6,historical_shares,14457,9,629,136
p80-f100-h6,historical_shares,14457,9,631,13
p80-f100-h6,historical_shares,14457,9,673,48
p80-f100-h6,historical_shares,14457,10,629,121
p80-f100-h6,historical_shares,14457,10,631,12
p80-f100-h6,historical_shares,14457,10,673,43
p80-f100-h6,historical_shares,14457,11,629,109
p80-f100-h6,historical_shares,14457,11,631,11
p80-f100-h6,historical_shares,14457,11,673,38
p80-f100-h6,historical_shares,14457,12,629,127
p80-f100-h6,historical_shares,14457,12,631,13
p80-f100-h6,historical_shares,14457,12,673,44
p80-f100-h6,historical_shares,11122,1,629,168
p80-f100-h6,historical_shares,11122,1,631,11
p80-f100-h6,historical_shares,11122,1,673,5
p80-f100-h6,historical_shares,11122,2,629,153
p80-f100-h6,historical_shares,11122,2,631,10
p80-f100-h6,historical_shares,11122,2,673,5
p80-f100-h6,historical_shares,11122,3,629,169
p80-f100-h6,historical_shares,11122,3,631,11
p80-f100-h6,historical_shares,11122,3,673,5
p80-f100-h6,historical_shares,11122,4,629,162
p80-f100-h6,historical_shares,11122,4,631,11
p80-f100-h6,historical_shares,11122,4,673,5
p80-f100-h6,historical_shares,11122,5,629,180
p80-f100-h6,historical_shares,11122,5,631,12
p80-f100-h6,historical_shares,11122,5,673,6
p80-f100-h6,historical_shares,11122,6,629,194
p80-f100-h6,historical_shares,11122,6,631,13
p80-f100-h6,historical_shares,11122,6,673,6
p80-f100-h6,historical_shares,11122,7,629,193
p80-f100-h6,historical_shares,11122,7,631,13
p80-f100-h6,historical_shares,11122,7,673,6
p80-f100-h6,historical_shares,11122,8,629,196
p80-f100-h6,historical_shares,11122,8,631,13
p80-f100-h6,historical_shares,11122,8,673,6
p80-f100-h6,historical_shares,11122,9,629,193
p80-f100-h6,historical_shares,11122,9,631,12
p80-f100-h6,historical_shares,11122,9,673,6
p80-f100-h6,historical_shares,11122,10,629,197
p80-f100-h6,historical_shares,11122,10,631,13
p80-f100-h6,historical_shares,11122,10,673,6
p80-f100-h6,historical_shares,11122,11,629,186
p80-f100-h6,historical_shares,11122,11,631,12
p80-f100-h6,historical_shares,11122,11,673,6
p80-f100-h6,historical_shares,11122,12,629,198
p80-f100-h6,historical_shares,11122,12,631,13
p80-f100-h6,historical_shares,11122,12,673,6
p80-f100-h6,historical_shares,13851,1,629,1
p80-f100-h6,historical_shares,13851,1,631,19
p80-f100-h6,historical_shares,13851,1,673,118
p80-f100-h6,historical_shares,13851,2,629,1
p80-f100-h6,historical_shares,13851,2,631,18
p80-f100-h6,historical_shares,13851,2,673,114
p80-f100-h6,historical_shares,13851,3,629,2
p80-f100-h6,historical_shares,13851,3,631,21
p80-f100-h6,historical_shares,13851,3,673,133
p80-f100-h6,historical_shares,13851,4,629,1
p80-f100-h6,historical_shares,13851,4,631,21
p80-f100-h6,historical_shares,13851,4,673,132
p80-f100-h6,historical_shares,13851,5,629,2
p80-f100-h6,historical_shares,13851,5,631,21
p80-f100-h6,historical_shares,13851,5,673,137
p80-f100-h6,historical_shares,13851,6,629,2
p80-f100-h6,historical_shares,13851,6,631,20
p80-f100-h6,historical_shares,13851,6,673,130
p80-f100-h6,historical_shares,13851,7,629,2
p80-f100-h6,historical_shares,13851,7,631,21
p80-f100-h6,historical_shares,13851,7,673,134
p80-f100-h6,historical_shares,13851,8,629,2
p80-f100-h6,historical_shares,13851,8,631,20
p80-f100-h6,historical_shares,13851,8,673,127
p80-f100-h6,historical_shares,13851,9,629,1
p80-f100-h6,historical_shares,13851,9,631,18
p80-f100-h6,historical_shares,13851,9,673,115
p80-f100-h6,historical_shares,13851,10,629,1
p80-f100-h6,historical_shares,13851,10,631,15
p80-f100-h6,historical_shares,13851,10,673,94
p80-f100-h6,historical_shares,13851,11,629,1
p80-f100-h6,historical_shares,13851,11,631,12
p80-f100-h6,historical_shares,13851,11,673,77
p80-f100-h6,historical_shares,13851,12,629,1
p80-f100-h6,historical_shares,13851,12,631,13
p80-f100-h6,historical_shares,13851,12,673,81
p80-f100-h6,historical_shares,12280,1,629,47
p80-f100-h6,historical_shares,12280,1,631,42
p80-f100-h6,historical_shares,12280,1,673,33
p80-f100-h6,historical_shares,12280,2,629,43
p80-f100-h6,historical_shares,12280,2,631,38
p80-f100-h6,historical_shares,12280,2,673,29
p80-f100-h6,historical_shares,12280,3,629,48
p80-f100-h6,historical_shares,12280,3,631,43
p80-f100-h6,historical_shares,12280,3,673,33
p80-f100-h6,historical_shares,12280,4,629,46
p80-f100-h6,historical_shares,12280,4,631,41
p80-f100-h6,historical_shares,12280,4,673,32
p80-f100-h6,historical_shares,12280,5,629,60
p80-f100-h6,historical_shares,12280,5,631,52
p80-f100-h6,historical_shares,12280,5,673,41
p80-f100-h6,historical_shares,12280,6,629,61
p80-f100-h6,historical_shares,12280,6,631,53
p80-f100-h6,historical_shares,12280,6,673,42
p80-f100-h6,historical_shares,12280,7,629,71
p80-f100-h6,historical_shares,12280,7,631,63
p80-f100-h6,historical_shares,12280,7,673,49
p80-f100-h6,historical_shares,12280,8,629,69
p80-f100-h6,historical_shares,12280,8,631,61
p80-f100-h6,historical_shares,12280,8,673,48
p80-f100-h6,historical_shares,12280,9,629,64
p80-f100-h6,historical_shares,12280,9,631,56
p80-f100-h6,historical_shares,12280,9,673,44
p80-f100-h6,historical_shares,12280,10,629,57
p80-f100-h6,historical_shares,12280,10,631,50
p80-f100-h6,historical_shares,12280,10,673,39
p80-f100-h6,historical_shares,12280,11,629,46
p80-f100-h6,historical_shares,12280,11,631,40
p80-f100-h6,historical_shares,12280,11,673,32
p80-f100-h6,historical_shares,12280,12,629,37
p80-f100-h6,historical_shares,12280,12,631,32
p80-f100-h6,historical_shares,12280,12,673,26
p80-f100-h6,historical_shares,14869,1,629,9
p80-f100-h6,historical_shares,14869,1,631,28
p80-f100-h6,historical_shares,14869,1,673,69
p80-f100-h6,historical_shares,14869,2,629,9
p80-f100-h6,historical_shares,14869,2,631,30
p80-f100-h6,historical_shares,14869,2,673,76
p80-f100-h6,historical_shares,14869,3,629,11
p80-f100-h6,historical_shares,14869,3,631,35
p80-f100-h6,historical_shares,14869,3,673,87
p80-f100-h6,historical_shares,14869,4,629,12
p80-f100-h6,historical_shares,14869,4,631,39
p80-f100-h6,historical_shares,14869,4,673,98
p80-f100-h6,historical_shares,14869,5,629,10
p80-f100-h6,historical_shares,14869,5,631,32
p80-f100-h6,historical_shares,14869,5,673,79
p80-f100-h6,historical_shares,14869,6,629,8
p80-f100-h6,historical_shares,14869,6,631,26
p80-f100-h6,historical_shares,14869,6,673,66
p80-f100-h6,historical_shares,14869,7,629,8
p80-f100-h6,historical_shares,14869,7,631,27
p80-f100-h6,historical_shares,14869,7,673,68
p80-f100-h6,historical_shares,14869,8,629,10
p80-f100-h6,historical_shares,14869,8,631,31
p80-f100-h6,historical_shares,14869,8,673,79
p80-f100-h6,historical_shares,14869,9,629,12
p80-f100-h6,historical_shares,14869,9,631,38
p80-f100-h6,historical_shares,14869,9,673,95
p80-f100-h6,historical_shares,14869,10,629,10
p80-f100-h6,historical_shares,14869,10,631,34
p80-f100-h6,historical_shares,14869,10,673,85
p80-f100-h6,historical_shares,14869,11,629,9
p80-f100-h6,historical_shares,14869,11,631,29
p80-f100-h6,historical_shares,14869,11,673,73
p80-f100-h6,historical_shares,14869,12,629,8
p80-f100-h6,historical_shares,14869,12,631,27
p80-f100-h6,historical_shares,14869,12,673,68
p80-f100-h6,historical_shares,14783,1,629,10
p80-f100-h6,historical_shares,14783,1,631,22
p80-f100-h6,historical_shares,14783,1,673,63
p80-f100-h6,historical_shares,14783,2,629,10
p80-f100-h6,historical_shares,14783,2,631,23
p80-f100-h6,historical_shares,14783,2,673,64
p80-f100-h6,historical_shares,14783,3,629,12
p80-f100-h6,historical_shares,14783,3,631,29
p80-f100-h6,historical_shares,14783,3,673,81
p80-f100-h6,historical_shares,14783,4,629,9
p80-f100-h6,historical_shares,14783,4,631,21
p80-f100-h6,historical_shares,14783,4,673,59
p80-f100-h6,historical_shares,14783,5,629,12
p80-f100-h6,historical_shares,14783,5,631,28
p80-f100-h6,historical_shares,14783,5,673,80
p80-f100-h6,historical_shares,14783,6,629,12
p80-f100-h6,historical_shares,14783,6,631,28
p80-f100-h6,historical_shares,14783,6,673,80
p80-f100-h6,historical_shares,14783,7,629,13
p80-f100-h6,historical_shares,14783,7,631,29
p80-f100-h6,historical_shares,14783,7,673,82
p80-f100-h6,historical_shares,14783,8,629,13
p80-f100-h6,historical_shares,14783,8,631,29
p80-f100-h6,historical_shares,14783,8,673,83
p80-f100-h6,historical_shares,14783,9,629,12
p80-f100-h6,historical_shares,14783,9,631,28
p80-f100-h6,historical_shares,14783,9,673,80
p80-f100-h6,historical_shares,14783,10,629,12
p80-f100-h6,historical_shares,14783,10,631,28
p80-f100-h6,historical_shares,14783,10,673,78
p80-f100-h6,historical_shares,14783,11,629,9
p80-f100-h6,historical_shares,14783,11,631,21
p80-f100-h6,historical_shares,14783,11,673,59
p80-f100-h6,historical_shares,14783,12,629,9
p80-f100-h6,historical_shares,14783,12,631,22
p80-f100-h6,historical_shares,14783,12,673,61
p80-f100-h8,optimized,11109,1,629,0
p80-f100-h8,optimized,11109,1,631,285
p80-f100-h8,optimized,11109,1,673,0
p80-f100-h8,optimized,11109,2,629,0
p80-f100-h8,optimized,11109,2,631,261
p80-f100-h8,optimized,11109,2,673,0
p80-f100-h8,optimized,11109,3,629,0
p80-f100-h8,optimized,11109,3,631,296
p80-f100-h8,optimized,11109,3,673,0
p80-f100-h8,optimized,11109,4,629,0
p80-f100-h8,optimized,11109,4,631,287
p80-f100-h8,optimized,11109,4,673,0
p80-f100-h8,optimized,11109,5,629,0
p80-f100-h8,optimized,11109,5,631,318
p80-f100-h8,optimized,11109,5,673,0
p80-f100-h8,optimized,11109,6,629,0
p80-f100-h8,optimized,11109,6,631,323
p80-f100-h8,optimized,11109,6,673,0
p80-f100-h8,optimized,11109,7,629,0
p80-f100-h8,optimized,11109,7,631,348
p80-f100-h8,optimized,11109,7,673,0
p80-f100-h8,optimized,11109,8,629,0
p80-f100-h8,optimized,11109,8,631,335
p80-f100-h8,optimized,11109,8,673,0
p80-f100-h8,optimized,11109,9,629,0
p80-f100-h8,optimized,11109,9,631,305
p80-f100-h8,optimized,11109,9,673,0
p80-f100-h8,optimized,11109,10,629,0
p80-f100-h8,optimized,11109,10,631,304
p80-f100-h8,optimized,11109,10,673,0
p80-f100-h8,optimized,11109,11,629,0
p80-f100-h8,optimized,11109,11,631,249
p80-f100-h8,optimized,11109,11,673,0
p80-f100-h8,optimized,11109,12,629,0
p80-f100-h8,optimized,11109,12,631,332
p80-f100-h8,optimized,11109,12,673,0
p80-f100-h8,optimized,10372,1,631,3
p80-f100-h8,optimized,10372,1,673,283
p80-f100-h8,optimized,10372,2,631,0
p80-f100-h8,optimized,10372,2,673,240
p80-f100-h8,optimized,10372,3,631,0
p80-f100-h8,optimized,10372,3,673,281
p80-f100-h8,optimized,10372,4,631,0
p80-f100-h8,optimized,10372,4,673,241
p80-f100-h8,optimized,10372,5,631,0
p80-f100-h8,optimized,10372,5,673,35
p80-f100-h8,optimized,10372,6,631,0
p80-f100-h8,optimized,10372,6,673,232
p80-f100-h8,optimized,10372,7,631,0
p80-f100-h8,optimized,10372,7,673,235
p80-f100-h8,optimized,10372,8,631,0
p80-f100-h8,optimized,10372,8,673,235
p80-f100-h8,optimized,10372,9,631,0
p80-f100-h8,optimized,10372,9,673,227
p80-f100-h8,optimized,10372,10,631,0
p80-f100-h8,optimized,10372,10,673,216
p80-f100-h8,optimized,10372,11,631,0
p80-f100-h8,optimized,10372,11,673,172
p80-f100-h8,optimized,10372,12,631,0
p80-f100-h8,optimized,10372,12,673,265
p80-f100-h8,optimized,14457,1,629,0
p80-f100-h8,optimized,14457,1,631,172
p80-f100-h8,optimized,14457,1,673,0
p80-f100-h8,optimized,14457,2,629,0
p80-f100-h8,optimized,14457,2,631,157
p80-f100-h8,optimized,14457,2,673,0
p80-f100-h8,optimized,14457,3,629,0
p80-f100-h8,optimized,14457,3,631,210
p80-f100-h8,optimized,14457,3,673,0
p80-f100-h8,optimized,14457,4,629,0
p80-f100-h8,optimized,14457,4,631,211
p80-f100-h8,optimized,14457,4,673,0
p80-f100-h8,optimized,14457,5,629,0
p80-f100-h8,optimized,14457,5,631,189
p80-f100-h8,optimized,14457,5,673,0
p80-f100-h8,optimized,14457,6,629,0
p80-f100-h8,optimized,14457,6,631,214
p80-f100-h8,optimized,14457,6,673,0
p80-f100-h8,optimized,14457,7,629,0
p80-f100-h8,optimized,14457,7,631,208
p80-f100-h8,optimized,14457,7,673,0
p80-f100-h8,optimized,14457,8,629,0
p80-f100-h8,optimized,14457,8,631,213
p80-f100-h8,optimized,14457,8,673,0
p80-f100-h8,optimized,14457,9,629,0
p80-f100-h8,optimized,14457,9,631,197
p80-f100-h8,optimized,14457,9,673,0
p80-f100-h8,optimized,14457,10,629,0
p80-f100-h8,optimized,14457,10,631,176
p80-f100-h8,optimized,14457,10,673,0
p80-f100-h8,optimized,14457,11,629,0
p80-f100-h8,optimized,14457,11,631,158
p80-f100-h8,optimized,14457,11,673,0
p80-f100-h8,optimized,14457,12,629,0
p80-f100-h8,optimized,14457,12,631,184
p80-f100-h8,optimized,14457,12,673,0
p80-f100-h8,optimized,11122,1,629,0
p80-f100-h8,optimized,11122,1,631,184
p80-f100-h8,optimized,11122,1,673,0
p80-f100-h8,optimized,11122,2,629,0
p80-f100-h8,optimized,11122,2,631,168
p80-f100-h8,optimized,11122,2,673,0
p80-f100-h8,optimized,11122,3,629,0
p80-f100-h8,optimized,11122,3,631,185
p80-f100-h8,optimized,11122,3,673,0
p80-f100-h8,optimized,11122,4,629,0
p80-f100-h8,optimized,11122,4,631,178
p80-f100-h8,optimized,11122,4,673,0
p80-f100-h8,optimized,11122,5,629,0
p80-f100-h8,optimized,11122,5,631,198
p80-f100-h8,optimized,11122,5,673,0
p80-f100-h8,optimized,11122,6,629,0
p80-f100-h8,optimized,11122,6,631,213
p80-f100-h8,optimized,11122,6,673,0
p80-f100-h8,optimized,11122,7,629,0
p80-f100-h8,optimized,11122,7,631,212
p80-f100-h8,optimized,11122,7,673,0
p80-f100-h8,optimized,11122,8,629,0
p80-f100-h8,optimized,11122,8,631,215
p80-f100-h8,optimized,11122,8,673,0
p80-f100-h8,optimized,11122,9,629,0
p80-f100-h8,optimized,11122,9,631,211
p80-f100-h8,optimized,11122,9,673,0
p80-f100-h8,optimized,11122,10,629,0
p80-f100-h8,optimized,11122,10,631,216
p80-f100-h8,optimized,11122,10,673,0
p80-f100-h8,optimized,11122,11,629,0
p80-f100-h8,optimized,11122,11,631,204
p80-f100-h8,optimized,11122,11,673,0
p80-f100-h8,optimized,11122,12,629,0
p80-f100-h8,optimized,11122,12,631,217
p80-f100-h8,optimized,11122,12,673,0
p80-f100-h8,optimized,13851,1,629,0
p80-f100-h8,optimized,13851,1,631,138
p80-f100-h8,optimized,13851,1,673,0
p80-f100-h8,optimized,13851,2,629,0
p80-f100-h8,optimized,13851,2,631,133
p80-f100-h8,optimized,13851,2,673,0
p80-f100-h8,optimized,13851,3,629,0
p80-f100-h8,optimized,13851,3,631,156
p80-f100-h8,optimized,13851,3,673,0
p80-f100-h8,optimized,13851,4,629,0
p80-f100-h8,optimized,13851,4,631,154
p80-f100-h8,optimized,13851,4,673,0
p80-f100-h8,optimized,13851,5,629,0
p80-f100-h8,optimized,13851,5,631,160
p80-f100-h8,optimized,13851,5,673,0
p80-f100-h8,optimized,13851,6,629,0
p80-f100-h8,optimized,13851,6,631,152
p80-f100-h8,optimized,13851,6,673,0
p80-f100-h8,optimized,13851,7,629,0
p80-f100-h8,optimized,13851,7,631,157
p80-f100-h8,optimized,13851,7,673,0
p80-f100-h8,optimized,13851,8,629,0
p80-f100-h8,optimized,13851,8,631,149
p80-f100-h8,optimized,13851,8,673,0
p80-f100-h8,optimized,13851,9,629,0
p80-f100-h8,optimized,13851,9,631,134
p80-f100-h8,optimized,13851,9,673,0
p80-f100-h8,optimized,13851,10,629,0
p80-f100-h8,optimized,13851,10,631,110
p80-f100-h8,optimized,13851,10,673,0
p80-f100-h8,optimized,13851,11,629,0
p80-f100-h8,optimized,13851,11,631,90
p80-f100-h8,optimized,13851,11,673,0
p80-f100-h8,optimized,13851,12,629,0
p80-f100-h8,optimized,13851,12,631,95
p80-f100-h8,optimized,13851,12,673,0
p80-f100-h8,optimized,12280,1,629,0
p80-f100-h8,optimized,12280,1,631,122
p80-f100-h8,optimized,12280,1,673,0
p80-f100-h8,optimized,12280,2,629,0
p80-f100-h8,optimized,12280,2,631,110
p80-f100-h8,optimized,12280,2,673,0
p80-f100-h8,optimized,12280,3,629,0
p80-f100-h8,optimized,12280,3,631,124
p80-f100-h8,optimized,12280,3,673,0
p80-f100-h8,optimized,12280,4,629,0
p80-f100-h8,optimized,12280,4,631,119
p80-f100-h8,optimized,12280,4,673,0
p80-f100-h8,optimized,12280,5,629,0
p80-f100-h8,optimized,12280,5,631,153
p80-f100-h8,optimized,12280,5,673,0
p80-f100-h8,optimized,12280,6,629,0
p80-f100-h8,optimized,12280,6,631,156
p80-f100-h8,optimized,12280,6,673,0
p80-f100-h8,optimized,12280,7,629,0
p80-f100-h8,optimized,12280,7,631,183
p80-f100-h8,optimized,12280,7,673,0
p80-f100-h8,optimized,12280,8,629,0
p80-f100-h8,optimized,12280,8,631,178
p80-f100-h8,optimized,12280,8,673,0
p80-f100-h8,optimized,12280,9,629,0
p80-f100-h8,optimized,12280,9,631,164
p80-f100-h8,optimized,12280,9,673,0
p80-f100-h8,optimized,12280,10,629,0
p80-f100-h8,optimized,12280,10,631,146
p80-f100-h8,optimized,12280,10,673,0
p80-f100-h8,optimized,12280,11,629,0
p80-f100-h8,optimized,12280,11,631,118
p80-f100-h8,optimized,12280,11,673,0
p80-f100-h8,optimized,12280,12,629,0
p80-f100-h8,optimized,12280,12,631,95
p80-f100-h8,optimized,12280,12,673,0
p80-f100-h8,optimized,14869,1,629,0
p80-f100-h8,optimized,14869,1,631,106
p80-f100-h8,optimized,14869,1,673,0
p80-f100-h8,optimized,14869,2,629,0
p80-f100-h8,optimized,14869,2,631,115
p80-f100-h8,optimized,14869,2,673,0
p80-f100-h8,optimized,14869,3,629,0
p80-f100-h8,optimized,14869,3,631,133
p80-f100-h8,optimized,14869,3,673,0
p80-f100-h8,optimized,14869,4,629,0
p80-f100-h8,optimized,14869,4,631,149
p80-f100-h8,optimized,14869,4,673,0
p80-f100-h8,optimized,14869,5,629,0
p80-f100-h8,optimized,14869,5,631,121
p80-f100-h8,optimized,14869,5,673,0
p80-f100-h8,optimized,14869,6,629,0
p80-f100-h8,optimized,14869,6,631,100
p80-f100-h8,optimized,14869,6,673,0
p80-f100-h8,optimized,14869,7,629,0
p80-f100-h8,optimized,14869,7,631,103
p80-f100-h8,optimized,14869,7,673,0
p80-f100-h8,optimized,14869,8,629,0
p80-f100-h8,optimized,14869,8,631,120
p80-f100-h8,optimized,14869,8,673,0
p80-f100-h8,optimized,14869,9,629,0
p80-f100-h8,optimized,14869,9,631,145
p80-f100-h8,optimized,14869,9,673,0
p80-f100-h8,optimized,14869,10,629,0
p80-f100-h8,optimized,14869,10,631,129
p80-f100-h8,optimized,14869,10,673,0
p80-f100-h8,optimized,14869,11,629,0
p80-f100-h8,optimized,14869,11,631,111
p80-f100-h8,optimized,14869,11,673,0
p80-f100-h8,optimized,14869,12,629,0
p80-f100-h8,optimized,14869,12,631,103
p80-f100-h8,optimized,14869,12,673,0
p80-f100-h8,optimized,14783,1,629,0
p80-f100-h8,optimized,14783,1,631,95
p80-f100-h8,optimized,14783,1,673,0
p80-f100-h8,optimized,14783,2,629,0
p80-f100-h8,optimized,14783,2,631,97
p80-f100-h8,optimized,14783,2,673,0
p80-f100-h8,optimized,14783,3,629,0
p80-f100-h8,optimized,14783,3,631,122
p80-f100-h8,optimized,14783,3,673,0
p80-f100-h8,optimized,14783,4,629,0
p80-f100-h8,optimized,14783,4,631,89
p80-f100-h8,optimized,14783,4,673,0
p80-f100-h8,optimized,14783,5,629,0
p80-f100-h8,optimized,14783,5,631,120
p80-f100-h8,optimized,14783,5,673,0
p80-f100-h8,optimized,14783,6,629,0
p80-f100-h8,optimized,14783,6,631,120
p80-f100-h8,optimized,14783,6,673,0
p80-f100-h8,optimized,14783,7,629,0
p80-f100-h8,optimized,14783,7,631,124
p80-f100-h8,optimized,14783,7,673,0
p80-f100-h8,optimized,14783,8,629,0
p80-f100-h8,optimized,14783,8,631,125
p80-f100-h8,optimized,14783,8,673,0
p80-f100-h8,optimized,14783,9,629,0
p80-f100-h8,optimized,14783,9,631,120
p80-f100-h8,optimized,14783,9,673,0
p80-f100-h8,optimized,14783,10,629,0
p80-f100-h8,optimized,14783,10,631,118
p80-f100-h8,optimized,14783,10,673,0
p80-f100-h8,optimized,14783,11,629,0
p80-f100-h8,optimized,14783,11,631,89
p80-f100-h8,optimized,14783,11,673,0
p80-f100-h8,optimized,14783,12,629,0
p80-f100-h8,optimized,14783,12,631,92
p80-f100-h8,optimized,14783,12,673,0
p80-f100-h8,historical_shares,11109,1,629,220
p80-f100-h8,historical_shares,11109,1,631,17
p80-f100-h8,historical_shares,11109,1,673,48
p80-f100-h8,historical_shares,11109,2,629,201
p80-f100-h8,historical_shares,11109,2,631,15
p80-f100-h8,historical_shares,11109,2,673,45
p80-f100-h8,historical_shares,11109,3,629,228
p80-f100-h8,historical_shares,11109,3,631,17
p80-f100-h8,historical_shares,11109,3,673,51
p80-f100-h8,historical_shares,11109,4,629,221
p80-f100-h8,historical_shares,11109,4,631,17
p80-f100-h8,historical_shares,11109,4,673,49
p80-f100-h8,historical_shares,11109,5,629,245
p80-f100-h8,historical_shares,11109,5,631,19
p80-f100-h8,historical_shares,11109,5,673,54
p80-f100-h8,historical_shares,11109,6,629,249
p80-f100-h8,historical_shares,11109,6,631,19
p80-f100-h8,historical_shares,11109,6,673,55
p80-f100-h8,historical_shares,11109,7,629,268
p80-f100-h8,historical_shares,11109,7,631,21
p80-f100-h8,historical_shares,11109,7,673,59
p80-f100-h8,historical_shares,11109,8,629,258
p80-f100-h8,historical_shares,11109,8,631,20
p80-f100-h8,historical_shares,11109,8,673,57
p80-f100-h8,historical_shares,11109,9,629,235
p80-f100-h8,historical_shares,11109,9,631,18
p80-f100-h8,historical_shares,11109,9,673,52
p80-f100-h8,historical_shares,11109,10,629,234
p80-f100-h8,historical_shares,11109,10,631,18
p80-f100-h8,historical_shares,11109,10,673,52
p80-f100-h8,historical_shares,11109,11,629,192
p80-f100-h8,historical_shares,11109,11,631,15
p80-f100-h8,historical_shares,11109,11,673,42
p80-f100-h8,historical_shares,11109,12,629,256
p80-f100-h8,historical_shares,11109,12,631,19
p80-f100-h8,historical_shares,11109,12,673,57
p80-f100-h8,historical_shares,10372,1,631,27
p80-f100-h8,historical_shares,10372,1,673,259
p80-f100-h8,historical_shares,10372,2,631,23
p80-f100-h8,historical_shares,10372,2,673,217
p80-f100-h8,historical_shares,10372,3,631,27
p80-f100-h8,historical_shares,10372,3,673,254
p80-f100-h8,historical_shares,10372,4,631,23
p80-f100-h8,historical_shares,10372,4,673,218
p80-f100-h8,historical_shares,10372,5,631,3
p80-f100-h8,historical_shares,10372,5,673,32
p80-f100-h8,historical_shares,10372,6,631,22
p80-f100-h8,historical_shares,10372,6,673,210
p80-f100-h8,historical_shares,10372,7,631,23
p80-f100-h8,historical_shares,10372,7,673,212
p80-f100-h8,historical_shares,10372,8,631,23
p80-f100-h8,historical_shares,10372,8,673,212
p80-f100-h8,historical_shares,10372,9,631,22
p80-f100-h8,historical_shares,10372,9,673,205
p80-f100-h8,historical_shares,10372,10,631,21
p80-f100-h8,historical_shares,10372,10,673,195
p80-f100-h8,historical_shares,10372,11,631,17
p80-f100-h8,historical_shares,10372,11,673,155
p80-f100-h8,historical_shares,10372,12,631,25
p80-f100-h8,historical_shares,10372,12,673,240
p80-f100-h8,historical_shares,14457,1,629,118
p80-f100-h8,historical_shares,14457,1,631,12
p80-f100-h8,historical_shares,14457,1,673,42
p80-f100-h8,historical_shares,14457,2,629,108
p80-f100-h8,historical_shares,14457,2,631,11
p80-f100-h8,historical_shares,14457,2,673,38
p80-f100-h8,historical_shares,14457,3,629,145
p80-f100-h8,historical_shares,14457,3,631,14
p80-f100-h8,historical_shares,14457,3,673,51
p80-f100-h8,historical_shares,14457,4,629,145
p80-f100-h8,historical_shares,14457,4,631,15
p80-f100-h8,historical_shares,14457,4,673,51
p80-f100-h8,historical_shares,14457,5,629,130
p80-f100-h8,historical_shares,14457,5,631,13
p80-f100-h8,historical_shares,14457,5,673,46
p80-f100-h8,historical_shares,14457,6,629,147
p80-f100-h8,historical_shares,14457,6,631,15
p80-f100-h8,historical_shares,14457,6,673,52
p80-f100-h8,historical_shares,14457,7,629,143
p80-f100-h8,historical_shares,14457,7,631,15
p80-f100-h8,historical_shares,14457,7,673,50
p80-f100-h8,historical_shares,14457,8,629,147
p80-f100-h8,historical_shares,14457,8,631,15
p80-f100-h8,historical_shares,14457,8,673,51
p80-f100-h8,historical_shares,14457,9,629,136
p80-f100-h8,historical_shares,14457,9,631,13
p80-f100-h8,historical_shares,14457,9,673,48
p80-f100-h8,historical_shares,14457,10,629,121
p80-f100-h8,historical_shares,14457,10,631,12
p80-f100-h8,historical_shares,14457,10,673,43
p80-f100-h8,historical_shares,14457,11,629,109
p80-f100-h8,historical_shares,14457,11,631,11
p80-f100-h8,historical_shares,14457,11,673,38
p80-f100-h8,historical_shares,14457,12,629,127
p80-f100-h8,historical_shares,14457,12,631,13
p80-f100-h8,historical_shares,14457,12,673,44
p80-f100-h8,historical_shares,11122,1,629,168
p80-f100-h8,historical_shares,11122,1,631,11
p80-f100-h8,historical_shares,11122,1,673,5
p80-f100-h8,historical_shares,11122,2,629,153
p80-f100-h8,historical_shares,11122,2,631,10
p80-f100-h8,historical_shares,11122,2,673,5
p80-f100-h8,historical_shares,11122,3,629,169
p80-f100-h8,historical_shares,11122,3,631,11
p80-f100-h8,historical_shares,11122,3,673,5
p80-f100-h8,historical_shares,11122,4,629,162
p80-f100-h8,historical_shares,11122,4,631,11
p80-f100-h8,historical_shares,11122,4,673,5
p80-f100-h8,historical_shares,11122,5,629,180
p80-f100-h8,historical_shares,11122,5,631,12
p80-f100-h8,historical_shares,11122,5,673,6
p80-f100-h8,historical_shares,11122,6,629,194
p80-f100-h8,historical_shares,11122,6,631,13
p80-f100-h8,historical_shares,11122,6,673,6
p80-f100-h8,historical_shares,11122,7,629,193
p80-f100-h8,historical_shares,11122,7,631,13
p80-f100-h8,historical_shares,11122,7,673,6
p80-f100-h8,historical_shares,11122,8,629,196
p80-f100-h8,historical_shares,11122,8,631,13
p80-f100-h8,historical_shares,11122,8,673,6
p80-f100-h8,historical_shares,11122,9,629,193
p80-f100-h8,historical_shares,11122,9,631,12
p80-f100-h8,historical_shares,11122,9,673,6
p80-f100-h8,historical_shares,11122,10,629,197
p80-f100-h8,historical_shares,11122,10,631,13
p80-f100-h8,historical_shares,11122,10,673,6
p80-f100-h8,historical_shares,11122,11,629,186
p80-f100-h8,historical_shares,11122,11,631,12
p80-f100-h8,historical_shares,11122,11,673,6
p80-f100-h8,historical_shares,11122,12,629,198
p80-f100-h8,historical_shares,11122,12,631,13
p80-f100-h8,historical_shares,11122,12,673,6
p80-f100-h8,historical_shares,13851,1,629,1
p80-f100-h8,historical_shares,13851,1,631,19
p80-f100-h8,historical_shares,13851,1,673,118
p80-f100-h8,historical_shares,13851,2,629,1
p80-f100-h8,historical_shares,13851,2,631,18
p80-f100-h8,historical_shares,13851,2,673,114
p80-f100-h8,historical_shares,13851,3,629,2
p80-f100-h8,historical_shares,13851,3,631,21
p80-f100-h8,historical_shares,13851,3,673,133
p80-f100-h8,historical_shares,13851,4,629,1
p80-f100-h8,historical_shares,13851,4,631,21
p80-f100-h8,historical_shares,13851,4,673,132
p80-f100-h8,historical_shares,13851,5,629,2
p80-f100-h8,historical_shares,13851,5,631,21
p80-f100-h8,historical_shares,13851,5,673,137
p80-f100-h8,historical_shares,13851,6,629,2
p80-f100-h8,historical_shares,13851,6,631,20
p80-f100-h8,historical_shares,13851,6,673,130
p80-f100-h8,historical_shares,13851,7,629,2
p80-f100-h8,historical_shares,13851,7,631,21
p80-f100-h8,historical_shares,13851,7,673,134
p80-f100-h8,historical_shares,13851,8,629,2
p80-f100-h8,historical_shares,13851,8,631,20
p80-f100-h8,historical_shares,13851,8,673,127
p80-f100-h8,historical_shares,13851,9,629,1
p80-f100-h8,historical_shares,13851,9,631,18
p80-f100-h8,historical_shares,13851,9,673,115
p80-f100-h8,historical_shares,13851,10,629,1
p80-f100-h8,historical_shares,13851,10,631,15
p80-f100-h8,historical_shares,13851,10,673,94
p80-f100-h8,historical_shares,13851,11,629,1
p80-f100-h8,historical_shares,13851,11,631,12
p80-f100-h8,historical_shares,13851,11,673,77
p80-f100-h8,historical_shares,13851,12,629,1
p80-f100-h8,historical_shares,13851,12,631,13
p80-f100-h8,historical_shares,13851,12,673,81
p80-f100-h8,historical_shares,12280,1,629,47
p80-f100-h8,historical_shares,12280,1,631,42
p80-f100-h8,historical_shares,12280,1,673,33
p80-f100-h8,historical_shares,12280,2,629,43
p80-f100-h8,historical_shares,12280,2,631,38
p80-f100-h8,historical_shares,12280,2,673,29
p80-f100-h8,historical_shares,12280,3,629,48
p80-f100-h8,historical_shares,12280,3,631,43
p80-f100-h8,historical_shares,12280,3,673,33
p80-f100-h8,historical_shares,12280,4,629,46
p80-f100-h8,historical_shares,12280,4,631,41
p80-f100-h8,historical_shares,12280,4,673,32
p80-f100-h8,historical_shares,12280,5,629,60
p80-f100-h8,historical_shares,12280,5,631,52
p80-f100-h8,historical_shares,12280,5,673,41
p80-f100-h8,historical_shares,12280,6,629,61
p80-f100-h8,historical_shares,12280,6,631,53
p80-f100-h8,historical_shares,12280,6,673,42
p80-f100-h8,historical_shares,12280,7,629,71
p80-f100-h8,historical_shares,12280,7,631,63
p80-f100-h8,historical_shares,12280,7,673,49
p80-f100-h8,historical_shares,12280,8,629,69
p80-f100-h8,historical_shares,12280,8,631,61
p80-f100-h8,historical_shares,12280,8,673,48
p80-f100-h8,historical_shares,12280,9,629,64
p80-f100-h8,historical_shares,12280,9,631,56
p80-f100-h8,historical_shares,12280,9,673,44
p80-f100-h8,historical_shares,12280,10,629,57
p80-f100-h8,historical_shares,12280,10,631,50
p80-f100-h8,historical_shares,12280,10,673,39
p80-f100-h8,historical_shares,12280,11,629,46
p80-f100-h8,historical_shares,12280,11,631,40
p80-f100-h8,historical_shares,12280,11,673,32
p80-f100-h8,historical_shares,12280,12,629,37
p80-f100-h8,historical_shares,12280,12,631,32
p80-f100-h8,historical_shares,12280,12,673,26
p80-f100-h8,historical_shares,14869,1,629,9
p80-f100-h8,historical_shares,14869,1,631,28
p80-f100-h8,historical_shares,14869,1,673,69
p80-f100-h8,historical_shares,14869,2,629,9
p80-f100-h8,historical_shares,14869,2,631,30
p80-f100-h8,historical_shares,14869,2,673,76
p80-f100-h8,historical_shares,14869,3,629,11
p80-f100-h8,historical_shares,14869,3,631,35
p80-f100-h8,historical_shares,14869,3,673,87
p80-f100-h8,historical_shares,14869,4,629,12
p80-f100-h8,historical_shares,14869,4,631,39
p80-f100-h8,historical_shares,14869,4,673,98
p80-f100-h8,historical_shares,14869,5,629,10
p80-f100-h8,historical_shares,14869,5,631,32
p80-f100-h8,historical_shares,14869,5,673,79
p80-f100-h8,historical_shares,14869,6,629,8
p80-f100-h8,historical_shares,14869,6,631,26
p80-f100-h8,historical_shares,14869,6,673,66
p80-f100-h8,historical_shares,14869,7,629,8
p80-f100-h8,historical_shares,14869,7,631,27
p80-f100-h8,historical_shares,14869,7,673,68
p80-f100-h8,historical_shares,14869,8,629,10
p80-f100-h8,historical_shares,14869,8,631,31
p80-f100-h8,historical_shares,14869,8,673,79
p80-f100-h8,historical_shares,14869,9,629,12
p80-f100-h8,historical_shares,14869,9,631,38
p80-f100-h8,historical_shares,14869,9,673,95
p80-f100-h8,historical_shares,14869,10,629,10
p80-f100-h8,historical_shares,14869,10,631,34
p80-f100-h8,historical_shares,14869,10,673,85
p80-f100-h8,historical_shares,14869,11,629,9
p80-f100-h8,historical_shares,14869,11,631,29
p80-f100-h8,historical_shares,14869,11,673,73
p80-f100-h8,historical_shares,14869,12,629,8
p80-f100-h8,historical_shares,14869,12,631,27
p80-f100-h8,historical_shares,14869,12,673,68
p80-f100-h8,historical_shares,14783,1,629,10
p80-f100-h8,historical_shares,14783,1,631,22
p80-f100-h8,historical_shares,14783,1,673,63
p80-f100-h8,historical_shares,14783,2,629,10
p80-f100-h8,historical_shares,14783,2,631,23
p80-f100-h8,historical_shares,14783,2,673,64
p80-f100-h8,historical_shares,14783,3,629,12
p80-f100-h8,historical_shares,14783,3,631,29
p80-f100-h8,historical_shares,14783,3,673,81
p80-f100-h8,historical_shares,14783,4,629,9
p80-f100-h8,historical_shares,14783,4,631,21
p80-f100-h8,historical_shares,14783,4,673,59
p80-f100-h8,historical_shares,14783,5,629,12
p80-f100-h8,historical_shares,14783,5,631,28
p80-f100-h8,historical_shares,14783,5,673,80
p80-f100-h8,historical_shares,14783,6,629,12
p80-f100-h8,historical_shares,14783,6,631,28
p80-f100-h8,historical_shares,14783,6,673,80
p80-f100-h8,historical_shares,14783,7,629,13
p80-f100-h8,historical_shares,14783,7,631,29
p80-f100-h8,historical_shares,14783,7,673,82
p80-f100-h8,historical_shares,14783,8,629,13
p80-f100-h8,historical_shares,14783,8,631,29
p80-f100-h8,historical_shares,14783,8,673,83
p80-f100-h8,historical_shares,14783,9,629,12
p80-f100-h8,historical_shares,14783,9,631,28
p80-f100-h8,historical_shares,14783,9,673,80
p80-f100-h8,historical_shares,14783,10,629,12
p80-f100-h8,historical_shares,14783,10,631,28
p80-f100-h8,historical_shares,14783,10,673,78
p80-f100-h8,historical_shares,14783,11,629,9
p80-f100-h8,historical_shares,14783,11,631,21
p80-f100-h8,historical_shares,14783,11,673,59
p80-f100-h8,historical_shares,14783,12,629,9
p80-f100-h8,historical_shares,14783,12,631,22
p80-f100-h8,historical_shares,14783,12,673,61
p80-f100-h10,optimized,11109,1,629,0
p80-f100-h10,optimized,11109,1,631,285
p80-f100-h10,optimized,11109,1,673,0
p80-f100-h10,optimized,11109,2,629,0
p80-f100-h10,optimized,11109,2,631,261
p80-f100-h10,optimized,11109,2,673,0
p80-f100-h10,optimized,11109,3,629,0
p80-f100-h10,optimized,11109,3,631,296
p80-f100-h10,optimized,11109,3,673,0
p80-f100-h10,optimized,11109,4,629,0
p80-f100-h10,optimized,11109,4,631,287
p80-f100-h10,optimized,11109,4,673,0
p80-f100-h10,optimized,11109,5,629,0
p80-f100-h10,optimized,11109,5,631,318
p80-f100-h10,optimized,11109,5,673,0
p80-f100-h10,optimized,11109,6,629,0
p80-f100-h10,optimized,11109,6,631,323
p80-f100-h10,optimized,11109,6,673,0
p80-f100-h10,optimized,11109,7,629,0
p80-f100-h10,optimized,11109,7,631,348
p80-f100-h10,optimized,11109,7,673,0
p80-f100-h10,optimized,11109,8,629,0
p80-f100-h10,optimized,11109,8,631,335
p80-f100-h10,optimized,11109,8,673,0
p80-f100-h10,optimized,11109,9,629,0
p80-f100-h10,optimized,11109,9,631,305
p80-f100-h10,optimized,11109,9,673,0
p80-f100-h10,optimized,11109,10,629,0
p80-f100-h10,optimized,11109,10,631,304
p80-f100-h10,optimized,11109,10,673,0
p80-f100-h10,optimized,11109,11,629,0
p80-f100-h10,optimized,11109,11,631,249
p80-f100-h10,optimized,11109,11,673,0
p80-f100-h10,optimized,11109,12,629,0
p80-f100-h10,optimized,11109,12,631,332
p80-f100-h10,optimized,11109,12,673,0
p80-f100-h10,optimized,10372,1,631,21
p80-f100-h10,optimized,10372,1,673,265
p80-f100-h10,optimized,10372,2,631,0
p80-f100-h10,optimized,10372,2,673,240
p80-f100-h10,optimized,10372,3,631,16
p80-f100-h10,optimized,10372,3,673,265
p80-f100-h10,optimized,10372,4,631,0
p80-f100-h10,optimized,10372,4,673,241
p80-f100-h10,optimized,10372,5,631,0
p80-f100-h10,optimized,10372,5,673,35
p80-f100-h10,optimized,10372,6,631,0
p80-f100-h10,optimized,10372,6,673,232
p80-f100-h10,optimized,10372,7,631,0
p80-f100-h10,optimized,10372,7,673,235
p80-f100-h10,optimized,10372,8,631,0
p80-f100-h10,optimized,10372,8,673,235
p80-f100-h10,optimized,10372,9,631,0
p80-f100-h10,optimized,10372,9,673,227
p80-f100-h10,optimized,10372,10,631,0
p80-f100-h10,optimized,10372,10,673,216
p80-f100-h10,optimized,10372,11,631,0
p80-f100-h10,optimized,10372,11,673,172
p80-f100-h10,optimized,10372,12,631,0
p80-f100-h10,optimized,10372,12,673,265
p80-f100-h10,optimized,14457,1,629,0
p80-f100-h10,optimized,14457,1,631,172
p80-f100-h10,optimized,14457,1,673,0
p80-f100-h10,optimized,14457,2,629,0
p80-f100-h10,optimized,14457,2,631,157
p80-f100-h10,optimized,14457,2,673,0
p80-f100-h10,optimized,14457,3,629,0
p80-f100-h10,optimized,14457,3,631,210
p80-f100-h10,optimized,14457,3,673,0
p80-f100-h10,optimized,14457,4,629,0
p80-f100-h10,optimized,14457,4,631,211
p80-f100-h10,optimized,14457,4,673,0
p80-f100-h10,optimized,14457,5,629,0
p80-f100-h10,optimized,14457,5,631,189
p80-f100-h10,optimized,14457,5,673,0
p80-f100-h10,optimized,14457,6,629,0
p80-f100-h10,optimized,14457,6,631,214
p80-f100-h10,optimized,14457,6,673,0
p80-f100-h10,optimized,14457,7,629,0
p80-f100-h10,optimized,14457,7,631,208
p80-f100-h10,optimized,14457,7,673,0
p80-f100-h10,optimized,14457,8,629,0
p80-f100-h10,optimized,14457,8,631,213
p80-f100-h10,optimized,14457,8,673,0
p80-f100-h10,optimized,14457,9,629,0
p80-f100-h10,optimized,14457,9,631,197
p80-f100-h10,optimized,14457,9,673,0
p80-f100-h10,optimized,14457,10,629,0
p80-f100-h10,optimized,14457,10,631,176
p80-f100-h10,optimized,14457,10,673,0
p80-f100-h10,optimized,14457,11,629,0
p80-f100-h10,optimized,14457,11,631,158
p80-f100-h10,optimized,14457,11,673,0
p80-f100-h10,optimized,14457,12,629,0
p80-f100-h10,optimized,14457,12,631,184
p80-f100-h10,optimized,14457,12,673,0
p80-f100-h10,optimized,11122,1,629,0
p80-f100-h10,optimized,11122,1,631,184
p80-f100-h10,optimized,11122,1,673,0
p80-f100-h10,optimized,11122,2,629,0
p80-f100-h10,optimized,11122,2,631,168
p80-f100-h10,optimized,11122,2,673,0
p80-f100-h10,optimized,11122,3,629,0
p80-f100-h10,optimized,11122,3,631,185
p80-f100-h10,optimized,11122,3,673,0
p80-f100-h10,optimized,11122,4,629,0
p80-f100-h10,optimized,11122,4,631,178
p80-f100-h10,optimized,11122,4,673,0
p80-f100-h10,optimized,11122,5,629,0
p80-f100-h10,optimized,11122,5,631,198
p80-f100-h10,optimized,11122,5,673,0
p80-f100-h10,optimized,11122,6,629,0
p80-f100-h10,optimized,11122,6,631,213
p80-f100-h10,optimized,11122,6,673,0
p80-f100-h10,optimized,11122,7,629,0
p80-f100-h10,optimized,11122,7,631,212
p80-f100-h10,optimized,11122,7,673,0
p80-f100-h10,optimized,11122,8,629,0
p80-f100-h10,optimized,11122,8,631,215
p80-f100-h10,optimized,11122,8,673,0
p80-f100-h10,optimized,11122,9,629,0
p80-f100-h10,optimized,11122,9,631,211
p80-f100-h10,optimized,11122,9,673,0
p80-f100-h10,optimized,11122,10,629,0
p80-f100-h10,optimized,11122,10,631,216
p80-f100-h10,optimized,11122,10,673,0
p80-f100-h10,optimized,11122,11,629,0
p80-f100-h10,optimized,11122,11,631,204
p80-f100-h10,optimized,11122,11,673,0
p80-f100-h10,optimized,11122,12,629,0
p80-f100-h10,optimized,11122,12,631,217
p80-f100-h10,optimized,11122,12,673,0
p80-f100-h10,optimized,13851,1,629,0
p80-f100-h10,optimized,13851,1,631,138
p80-f100-h10,optimized,13851,1,673,0
p80-f100-h10,optimized,13851,2,629,0
p80-f100-h10,optimized,13851,2,631,133
p80-f100-h10,optimized,13851,2,673,0
p80-f100-h10,optimized,13851,3,629,0
p80-f100-h10,optimized,13851,3,631,156
p80-f100-h10,optimized,13851,3,673,0
p80-f100-h10,optimized,13851,4,629,0
p80-f100-h10,optimized,13851,4,631,154
p80-f100-h10,optimized,13851,4,673,0
p80-f100-h10,optimized,13851,5,629,0
p80-f100-h10,optimized,13851,5,631,160
p80-f100-h10,optimized,13851,5,673,0
p80-f100-h10,optimized,13851,6,629,0
p80-f100-h10,optimized,13851,6,631,152
p80-f100-h10,optimized,13851,6,673,0
p80-f100-h10,optimized,13851,7,629,0
p80-f100-h10,optimized,13851,7,631,157
p80-f100-h10,optimized,13851,7,673,0
p80-f100-h10,optimized,13851,8,629,0
p80-f100-h10,optimized,13851,8,631,149
p80-f100-h10,optimized,13851,8,673,0
p80-f100-h10,optimized,13851,9,629,0
p80-f100-h10,optimized,13851,9,631,134
p80-f100-h10,optimized,13851,9,673,0
p80-f100-h10,optimized,13851,10,629,0
p80-f100-h10,optimized,13851,10,631,110
p80-f100-h10,optimized,13851,10,673,0
p80-f100-h10,optimized,13851,11,629,0
p80-f100-h10,optimized,13851,11,631,90
p80-f100-h10,optimized,13851,11,673,0
p80-f100-h10,optimized,13851,12,629,0
p80-f100-h10,optimized,13851,12,631,95
p80-f100-h10,optimized,13851,12,673,0
p80-f100-h10,optimized,12280,1,629,0
p80-f100-h10,optimized,12280,1,631,122
p80-f100-h10,optimized,12280,1,673,0
p80-f100-h10,optimized,12280,2,629,0
p80-f100-h10,optimized,12280,2,631,110
p80-f100-h10,optimized,12280,2,673,0
p80-f100-h10,optimized,12280,3,629,0
p80-f100-h10,optimized,12280,3,631,124
p80-f100-h10,optimized,12280,3,673,0
p80-f100-h10,optimized,12280,4,629,0
p80-f100-h10,optimized,12280,4,631,119
p80-f100-h10,optimized,12280,4,673,0
p80-f100-h10,optimized,12280,5,629,0
p80-f100-h10,optimized,12280,5,631,153
p80-f100-h10,optimized,12280,5,673,0
p80-f100-h10,optimized,12280,6,629,0
p80-f100-h10,optimized,12280,6,631,156
p80-f100-h10,optimized,12280,6,673,0
p80-f100-h10,optimized,12280,7,629,0
p80-f100-h10,optimized,12280,7,631,183
p80-f100-h10,optimized,12280,7,673,0
p80-f100-h10,optimized,12280,8,629,0
p80-f100-h10,optimized,12280,8,631,178
p80-f100-h10,optimized,12280,8,673,0
p80-f100-h10,optimized,12280,9,629,0
p80-f100-h10,optimized,12280,9,631,164
p80-f100-h10,optimized,12280,9,673,0
p80-f100-h10,optimized,12280,10,629,0
p80-f100-h10,optimized,12280,10,631,146
p80-f100-h10,optimized,12280,10,673,0
p80-f100-h10,optimized,12280,11,629,0
p80-f100-h10,optimized,12280,11,631,118
p80-f100-h10,optimized,12280,11,673,0
p80-f100-h10,optimized,12280,12,629,0
p80-f100-h10,optimized,12280,12,631,95
p80-f100-h10,optimized,12280,12,673,0
p80-f100-h10,optimized,14869,1,629,0
p80-f100-h10,optimized,14869,1,631,106
p80-f100-h10,optimized,14869,1,673,0
p80-f100-h10,optimized,14869,2,629,0
p80-f100-h10,optimized,14869,2,631,115
p80-f100-h10,optimized,14869,2,673,0
p80-f100-h10,optimized,14869,3,629,0
p80-f100-h10,optimized,14869,3,631,133
p80-f100-h10,optimized,14869,3,673,0
p80-f100-h10,optimized,14869,4,629,0
p80-f100-h10,optimized,14869,4,631,149
p80-f100-h10,optimized,14869,4,673,0
p80-f100-h10,optimized,14869,5,629,0
p80-f100-h10,optimized,14869,5,631,121
p80-f100-h10,optimized,14869,5,673,0
p80-f100-h10,optimized,14869,6,629,0
p80-f100-h10,optimized,14869,6,631,97
p80-f100-h10,optimized,14869,6,673,3
p80-f100-h10,optimized,14869,7,629,0
p80-f100-h10,optimized,14869,7,631,103
p80-f100-h10,optimized,14869,7,673,0
p80-f100-h10,optimized,14869,8,629,0
p80-f100-h10,optimized,14869,8,631,120
p80-f100-h10,optimized,14869,8,673,0
p80-f100-h10,optimized,14869,9,629,0
p80-f100-h10,optimized,14869,9,631,145
p80-f100-h10,optimized,14869,9,673,0
p80-f100-h10,optimized,14869,10,629,0
p80-f100-h10,optimized,14869,10,631,129
p80-f100-h10,optimized,14869,10,673,0
p80-f100-h10,optimized,14869,11,629,0
p80-f100-h10,optimized,14869,11,631,111
p80-f100-h10,optimized,14869,11,673,0
p80-f100-h10,optimized,14869,12,629,0
p80-f100-h10,optimized,14869,12,631,103
p80-f100-h10,optimized,14869,12,673,0
p80-f100-h10,optimized,14783,1,629,0
p80-f100-h10,optimized,14783,1,631,95
p80-f100-h10,optimized,14783,1,673,0
p80-f100-h10,optimized,14783,2,629,0
p80-f100-h10,optimized,14783,2,631,97
p80-f100-h10,optimized,14783,2,673,0
p80-f100-h10,optimized,14783,3,629,0
p80-f100-h10,optimized,14783,3,631,122
p80-f100-h10,optimized,14783,3,673,0
p80-f100-h10,optimized,14783,4,629,0
p80-f100-h10,optimized,14783,4,631,89
p80-f100-h10,optimized,14783,4,673,0
p80-f100-h10,optimized,14783,5,629,0
p80-f100-h10,optimized,14783,5,631,120
p80-f100-h10,optimized,14783,5,673,0
p80-f100-h10,optimized,14783,6,629,0
p80-f100-h10,optimized,14783,6,631,120
p80-f100-h10,optimized,14783,6,673,0
p80-f100-h10,optimized,14783,7,629,0
p80-f100-h10,optimized,14783,7,631,109
p80-f100-h10,optimized,14783,7,673,15
p80-f100-h10,optimized,14783,8,629,0
p80-f100-h10,optimized,14783,8,631,109
p80-f100-h10,optimized,14783,8,673,16
p80-f100-h10,optimized,14783,9,629,0
p80-f100-h10,optimized,14783,9,631,113
p80-f100-h10,optimized,14783,9,673,7
p80-f100-h10,optimized,14783,10,629,0
p80-f100-h10,optimized,14783,10,631,118
p80-f100-h10,optimized,14783,10,673,0
p80-f100-h10,optimized,14783,11,629,0
p80-f100-h10,optimized,14783,11,631,89
p80-f100-h10,optimized,14783,11,673,0
p80-f100-h10,optimized,14783,12,629,0
p80-f100-h10,optimized,14783,12,631,92
p80-f100-h10,optimized,14783,12,673,0
p80-f100-h10,historical_shares,11109,1,629,220
p80-f100-h10,historical_shares,11109,1,631,17
p80-f100-h10,historical_shares,11109,1,673,48
p80-f100-h10,historical_shares,11109,2,629,201
p80-f100-h10,historical_shares,11109,2,631,15
p80-f100-h10,historical_shares,11109,2,673,45
p80-f100-h10,historical_shares,11109,3,629,228
p80-f100-h10,historical_shares,11109,3,631,17
p80-f100-h10,historical_shares,11109,3,673,51
p80-f100-h10,historical_shares,11109,4,629,221
p80-f100-h10,historical_shares,11109,4,631,17
p80-f100-h10,historical_shares,11109,4,673,49
p80-f100-h10,historical_shares,11109,5,629,245
p80-f100-h10,historical_shares,11109,5,631,19
p80-f100-h10,historical_shares,11109,5,673,54
p80-f100-h10,historical_shares,11109,6,629,249
p80-f100-h10,historical_shares,11109,6,631,19
p80-f100-h10,historical_shares,11109,6,673,55
p80-f100-h10,historical_shares,11109,7,629,268
p80-f100-h10,historical_shares,11109,7,631,21
p80-f100-h10,historical_shares,11109,7,673,59
p80-f100-h10,historical_shares,11109,8,629,258
p80-f100-h10,historical_shares,11109,8,631,20
p80-f100-h10,historical_shares,11109,8,673,57
p80-f100-h10,historical_shares,11109,9,629,235
p80-f100-h10,historical_shares,11109,9,631,18
p80-f100-h10,historical_shares,11109,9,673,52
p80-f100-h10,historical_shares,11109,10,629,234
p80-f100-h10,historical_shares,11109,10,631,18
p80-f100-h10,historical_shares,11109,10,673,52
p80-f100-h10,historical_shares,11109,11,629,192
p80-f100-h10,historical_shares,11109,11,631,15
p80-f100-h10,historical_shares,11109,11,673,42
p80-f100-h10,historical_shares,11109,12,629,256
p80-f100-h10,historical_shares,11109,12,631,19
p80-f100-h10,historical_shares,11109,12,673,57
p80-f100-h10,historical_shares,10372,1,631,27
p80-f100-h10,historical_shares,10372,1,673,259
p80-f100-h10,historical_shares,10372,2,631,23
p80-f100-h10,historical_shares,10372,2,673,217
p80-f100-h10,historical_shares,10372,3,631,27
p80-f100-h10,historical_shares,10372,3,673,254
p80-f100-h10,historical_shares,10372,4,631,23
p80-f100-h10,historical_shares,10372,4,673,218
p80-f100-h10,historical_shares,10372,5,631,3
p80-f100-h10,historical_shares,10372,5,673,32
p80-f100-h10,historical_shares,10372,6,631,22
p80-f100-h10,historical_shares,10372,6,673,210
p80-f100-h10,historical_shares,10372,7,631,23
p80-f100-h10,historical_shares,10372,7,673,212
p80-f100-h10,historical_shares,10372,8,631,23
p80-f100-h10,historical_shares,10372,8,673,212
p80-f100-h10,historical_shares,10372,9,631,22
p80-f100-h10,historical_shares,10372,9,673,205
p80-f100-h10,historical_shares,10372,10,631,21
p80-f100-h10,historical_shares,10372,10,673,195
p80-f100-h10,historical_shares,10372,11,631,17
p80-f100-h10,historical_shares,10372,11,673,155
p80-f100-h10,historical_shares,10372,12,631,25
p80-f100-h10,historical_shares,10372,12,673,240
p80-f100-h10,historical_shares,14457,1,629,118
p80-f100-h10,historical_shares,14457,1,631,12
p80-f100-h10,historical_shares,14457,1,673,42
p80-f100-h10,historical_shares,14457,2,629,108
p80-f100-h10,historical_shares,14457,2,631,11
p80-f100-h10,historical_shares,14457,2,673,38
p80-f100-h10,historical_shares,14457,3,629,145
p80-f100-h10,historical_shares,14457,3,631,14
p80-f100-h10,historical_shares,14457,3,673,51
p80-f100-h10,historical_shares,14457,4,629,145
p80-f100-h10,historical_shares,14457,4,631,15
p80-f100-h10,historical_shares,14457,4,673,51
p80-f100-h10,historical_shares,14457,5,629,130
p80-f100-h10,historical_shares,14457,5,631,13
p80-f100-h10,historical_shares,14457,5,673,46
p80-f100-h10,historical_shares,14457,6,629,147
p80-f100-h10,historical_shares,14457,6,631,15
p80-f100-h10,historical_shares,14457,6,673,52
p80-f100-h10,historical_shares,14457,7,629,143
p80-f100-h10,historical_shares,14457,7,631,15
p80-f100-h10,historical_shares,14457,7,673,50
p80-f100-h10,historical_shares,14457,8,629,147
p80-f100-h10,historical_shares,14457,8,631,15
p80-f100-h10,historical_shares,14457,8,673,51
p80-f100-h10,historical_shares,14457,9,629,136
p80-f100-h10,historical_shares,14457,9,631,13
p80-f100-h10,historical_shares,14457,9,673,48
p80-f100-h10,historical_shares,14457,10,629,121
p80-f100-h10,historical_shares,14457,10,631,12
p80-f100-h10,historical_shares,14457,10,673,43
p80-f100-h10,historical_shares,14457,11,629,109
p80-f100-h10,historical_shares,14457,11,631,11
p80-f100-h10,historical_shares,14457,11,673,38
p80-f100-h10,historical_shares,14457,12,629,127
p80-f100-h10,historical_shares,14457,12,631,13
p80-f100-h10,historical_shares,14457,12,673,44
p80-f100-h10,historical_shares,11122,1,629,168
p80-f100-h10,historical_shares,11122,1,631,11
p80-f100-h10,historical_shares,11122,1,673,5
p80-f100-h10,historical_shares,11122,2,629,153
p80-f100-h10,historical_shares,11122,2,631,10
p80-f100-h10,historical_shares,11122,2,673,5
p80-f100-h10,historical_shares,11122,3,629,169
p80-f100-h10,historical_shares,11122,3,631,11
p80-f100-h10,historical_shares,11122,3,673,5
p80-f100-h10,historical_shares,11122,4,629,162
p80-f100-h10,historical_shares,11122,4,631,11
p80-f100-h10,historical_shares,11122,4,673,5
p80-f100-h10,historical_shares,11122,5,629,180
p80-f100-h10,historical_shares,11122,5,631,12
p80-f100-h10,historical_shares,11122,5,673,6
p80-f100-h10,historical_shares,11122,6,629,194
p80-f100-h10,historical_shares,11122,6,631,13
p80-f100-h10,historical_shares,11122,6,673,6
p80-f100-h10,historical_shares,11122,7,629,193
p80-f100-h10,historical_shares,11122,7,631,13
p80-f100-h10,historical_shares,11122,7,673,6
p80-f100-h10,historical_shares,11122,8,629,196
p80-f100-h10,historical_shares,11122,8,631,13
p80-f100-h10,historical_shares,11122,8,673,6
p80-f100-h10,historical_shares,11122,9,629,193
p80-f100-h10,historical_shares,11122,9,631,12
p80-f100-h10,historical_shares,11122,9,673,6
p80-f100-h10,historical_shares,11122,10,629,197
p80-f100-h10,historical_shares,11122,10,631,13
p80-f100-h10,historical_shares,11122,10,673,6
p80-f100-h10,historical_shares,11122,11,629,186
p80-f100-h10,historical_shares,11122,11,631,12
p80-f100-h10,historical_shares,11122,11,673,6
p80-f100-h10,historical_shares,11122,12,629,198
p80-f100-h10,historical_shares,11122,12,631,13
p80-f100-h10,historical_shares,11122,12,673,6
p80-f100-h10,historical_shares,13851,1,629,1
p80-f100-h10,historical_shares,13851,1,631,19
p80-f100-h10,historical_shares,13851,1,673,118
p80-f100-h10,historical_shares,13851,2,629,1
p80-f100-h10,historical_shares,13851,2,631,18
p80-f100-h10,historical_shares,13851,2,673,114
p80-f100-h10,historical_shares,13851,3,629,2
p80-f100-h10,historical_shares,13851,3,631,21
p80-f100-h10,historical_shares,13851,3,673,133
p80-f100-h10,historical_shares,13851,4,629,1
p80-f100-h10,historical_shares,13851,4,631,21
p80-f100-h10,historical_shares,13851,4,673,132
p80-f100-h10,historical_shares,13851,5,629,2
p80-f100-h10,historical_shares,13851,5,631,21
p80-f100-h10,historical_shares,13851,5,673,137
p80-f100-h10,historical_shares,13851,6,629,2
p80-f100-h10,historical_shares,13851,6,631,20
p80-f100-h10,historical_shares,13851,6,673,130
p80-f100-h10,historical_shares,13851,7,629,2
p80-f100-h10,historical_shares,13851,7,631,21
p80-f100-h10,historical_shares,13851,7,673,134
p80-f100-h10,historical_shares,13851,8,629,2
p80-f100-h10,historical_shares,13851,8,631,20
p80-f100-h10,historical_shares,13851,8,673,127
p80-f100-h10,historical_shares,13851,9,629,1
p80-f100-h10,historical_shares,13851,9,631,18
p80-f100-h10,historical_shares,13851,9,673,115
p80-f100-h10,historical_shares,13851,10,629,1
p80-f100-h10,historical_shares,13851,10,631,15
p80-f100-h10,historical_shares,13851,10,673,94
p80-f100-h10,historical_shares,13851,11,629,1
p80-f100-h10,historical_shares,13851,11,631,12
p80-f100-h10,historical_shares,13851,11,673,77
p80-f100-h10,historical_shares,13851,12,629,1
p80-f100-h10,historical_shares,13851,12,631,13
p80-f100-h10,historical_shares,13851,12,673,81
p80-f100-h10,historical_shares,12280,1,629,47
p80-f100-h10,historical_shares,12280,1,631,42
p80-f100-h10,historical_shares,12280,1,673,33
p80-f100-h10,historical_shares,12280,2,629,43
p80-f100-h10,historical_shares,12280,2,631,38
p80-f100-h10,historical_shares,12280,2,673,29
p80-f100-h10,historical_shares,12280,3,629,48
p80-f100-h10,historical_shares,12280,3,631,43
p80-f100-h10,historical_shares,12280,3,673,33
p80-f100-h10,historical_shares,12280,4,629,46
p80-f100-h10,historical_shares,12280,4,631,41
p80-f100-h10,historical_shares,12280,4,673,32
p80-f100-h10,historical_shares,12280,5,629,60
p80-f100-h10,historical_shares,12280,5,631,52
p80-f100-h10,historical_shares,12280,5,673,41
p80-f100-h10,historical_shares,12280,6,629,61
p80-f100-h10,historical_shares,12280,6,631,53
p80-f100-h10,historical_shares,12280,6,673,42
p80-f100-h10,historical_shares,12280,7,629,71
p80-f100-h10,historical_shares,12280,7,631,63
p80-f100-h10,historical_shares,12280,7,673,49
p80-f100-h10,historical_shares,12280,8,629,69
p80-f100-h10,historical_shares,12280,8,631,61
p80-f100-h10,historical_shares,12280,8,673,48
p80-f100-h10,historical_shares,12280,9,629,64
p80-f100-h10,historical_shares,12280,9,631,56
p80-f100-h10,historical_shares,12280,9,673,44
p80-f100-h10,historical_shares,12280,10,629,57
p80-f100-h10,historical_shares,12280,10,631,50
p80-f100-h10,historical_shares,12280,10,673,39
p80-f100-h10,historical_shares,12280,11,629,46
p80-f100-h10,historical_shares,12280,11,631,40
p80-f100-h10,historical_shares,12280,11,673,32
p80-f100-h10,historical_shares,12280,12,629,37
p80-f100-h10,historical_shares,12280,12,631,32
p80-f100-h10,historical_shares,12280,12,673,26
p80-f100-h10,historical_shares,14869,1,629,9
p80-f100-h10,historical_shares,14869,1,631,28
p80-f100-h10,historical_shares,14869,1,673,69
p80-f100-h10,historical_shares,14869,2,629,9
p80-f100-h10,historical_shares,14869,2,631,30
p80-f100-h10,historical_shares,14869,2,673,76
p80-f100-h10,historical_shares,14869,3,629,11
p80-f100-h10,historical_shares,14869,3,631,35
p80-f100-h10,historical_shares,14869,3,673,87
p80-f100-h10,historical_shares,14869,4,629,12
p80-f100-h10,historical_shares,14869,4,631,39
p80-f100-h10,historical_shares,14869,4,673,98
p80-f100-h10,historical_shares,14869,5,629,10
p80-f100-h10,historical_shares,14869,5,631,32
p80-f100-h10,historical_shares,14869,5,673,79
p80-f100-h10,historical_shares,14869,6,629,8
p80-f100-h10,historical_shares,14869,6,631,26
p80-f100-h10,historical_shares,14869,6,673,66
p80-f100-h10,historical_shares,14869,7,629,8
p80-f100-h10,historical_shares,14869,7,631,27
p80-f100-h10,historical_shares,14869,7,673,68
p80-f100-h10,historical_shares,14869,8,629,10
p80-f100-h10,historical_shares,14869,8,631,31
p80-f100-h10,historical_shares,14869,8,673,79
p80-f100-h10,historical_shares,14869,9,629,12
p80-f100-h10,historical_shares,14869,9,631,38
p80-f100-h10,historical_shares,14869,9,673,95
p80-f100-h10,historical_shares,14869,10,629,10
p80-f100-h10,historical_shares,14869,10,631,34
p80-f100-h10,historical_shares,14869,10,673,85
p80-f100-h10,historical_shares,14869,11,629,9
p80-f100-h10,historical_shares,14869,11,631,29
p80-f100-h10,historical_shares,14869,11,673,73
p80-f100-h10,historical_shares,14869,12,629,8
p80-f100-h10,historical_shares,14869,12,631,27
p80-f100-h10,historical_shares,14869,12,673,68
p80-f100-h10,historical_shares,14783,1,629,10
p80-f100-h10,historical_shares,14783,1,631,22
p80-f100-h10,historical_shares,14783,1,673,63
p80-f100-h10,historical_shares,14783,2,629,10
p80-f100-h10,historical_shares,14783,2,631,23
p80-f100-h10,historical_shares,14783,2,673,64
p80-f100-h10,historical_shares,14783,3,629,12
p80-f100-h10,historical_shares,14783,3,631,29
p80-f100-h10,historical_shares,14783,3,673,81
p80-f100-h10,historical_shares,14783,4,629,9
p80-f100-h10,historical_shares,14783,4,631,21
p80-f100-h10,historical_shares,14783,4,673,59
p80-f100-h10,historical_shares,14783,5,629,12
p80-f100-h10,historical_shares,14783,5,631,28
p80-f100-h10,historical_shares,14783,5,673,80
p80-f100-h10,historical_shares,14783,6,629,12
p80-f100-h10,historical_shares,14783,6,631,28
p80-f100-h10,historical_shares,14783,6,673,80
p80-f100-h10,historical_shares,14783,7,629,13
p80-f100-h10,historical_shares,14783,7,631,29
p80-f100-h10,historical_shares,14783,7,673,82
p80-f100-h10,historical_shares,14783,8,629,13
p80-f100-h10,historical_shares,14783,8,631,29
p80-f100-h10,historical_shares,14783,8,673,83
p80-f100-h10,historical_shares,14783,9,629,12
p80-f100-h10,historical_shares,14783,9,631,28
p80-f100-h10,historical_shares,14783,9,673,80
p80-f100-h10,historical_shares,14783,10,629,12
p80-f100-h10,historical_shares,14783,10,631,28
p80-f100-h10,historical_shares,14783,10,673,78
p80-f100-h10,historical_shares,14783,11,629,9
p80-f100-h10,historical_shares,14783,11,631,21
p80-f100-h10,historical_shares,14783,11,673,59
p80-f100-h10,historical_shares,14783,12,629,9
p80-f100-h10,historical_shares,14783,12,631,22
p80-f100-h10,historical_shares,14783,12,673,61
p100-f50-h6,optimized,11109,1,629,0
p100-f50-h6,optimized,11109,1,631,9
p100-f50-h6,optimized,11109,1,673,166
p100-f50-h6,optimized,11109,2,629,0
p100-f50-h6,optimized,11109,2,631,20
p100-f50-h6,optimized,11109,2,673,132
p100-f50-h6,optimized,11109,3,629,0
p100-f50-h6,optimized,11109,3,631,18
p100-f50-h6,optimized,11109,3,673,163
p100-f50-h6,optimized,11109,4,629,0
p100-f50-h6,optimized,11109,4,631,14
p100-f50-h6,optimized,11109,4,673,156
p100-f50-h6,optimized,11109,5,629,0
p100-f50-h6,optimized,11109,5,631,8
p100-f50-h6,optimized,11109,5,673,186
p100-f50-h6,optimized,11109,6,629,0
p100-f50-h6,optimized,11109,6,631,20
p100-f50-h6,optimized,11109,6,673,179
p100-f50-h6,optimized,11109,7,629,0
p100-f50-h6,optimized,11109,7,631,18
p100-f50-h6,optimized,11109,7,673,170
p100-f50-h6,optimized,11109,8,629,0
p100-f50-h6,optimized,11109,8,631,10
p100-f50-h6,optimized,11109,8,673,182
p100-f50-h6,optimized,11109,9,629,0
p100-f50-h6,optimized,11109,9,631,13
p100-f50-h6,optimized,11109,9,673,182
p100-f50-h6,optimized,11109,10,629,0
p100-f50-h6,optimized,11109,10,631,10
p100-f50-h6,optimized,11109,10,673,173
p100-f50-h6,optimized,11109,11,629,0
p100-f50-h6,optimized,11109,11,631,13
p100-f50-h6,optimized,11109,11,673,140
p100-f50-h6,optimized,11109,12,629,0
p100-f50-h6,optimized,11109,12,631,23
p100-f50-h6,optimized,11109,12,673,194
p100-f50-h6,optimized,10372,1,631,0
p100-f50-h6,optimized,10372,1,673,211
p100-f50-h6,optimized,10372,2,631,0
p100-f50-h6,optimized,10372,2,673,190
p100-f50-h6,optimized,10372,3,631,0
p100-f50-h6,optimized,10372,3,673,233
p100-f50-h6,optimized,10372,4,631,0
p100-f50-h6,optimized,10372,4,673,173
p100-f50-h6,optimized,10372,5,631,0
p100-f50-h6,optimized,10372,5,673,18
p100-f50-h6,optimized,10372,6,631,0
p100-f50-h6,optimized,10372,6,673,176
p100-f50-h6,optimized,10372,7,631,0
p100-f50-h6,optimized,10372,7,673,204
p100-f50-h6,optimized,10372,8,631,15
p100-f50-h6,optimized,10372,8,673,195
p100-f50-h6,optimized,10372,9,631,0
p100-f50-h6,optimized,10372,9,673,179
p100-f50-h6,optimized,10372,10,631,0
p100-f50-h6,optimized,10372,10,673,167
p100-f50-h6,optimized,10372,11,631,0
p100-f50-h6,optimized,10372,11,673,133
p100-f50-h6,optimized,10372,12,631,0
p100-f50-h6,optimized,10372,12,673,207
p100-f50-h6,optimized,14457,1,629,0
p100-f50-h6,optimized,14457,1,631,17
p100-f50-h6,optimized,14457,1,673,103
p100-f50-h6,optimized,14457,2,629,0
p100-f50-h6,optimized,14457,2,631,13
p100-f50-h6,optimized,14457,2,673,90
p100-f50-h6,optimized,14457,3,629,0
p100-f50-h6,optimized,14457,3,631,22
p100-f50-h6,optimized,14457,3,673,110
p100-f50-h6,optimized,14457,4,629,0
p100-f50-h6,optimized,14457,4,631,34
p100-f50-h6,optimized,14457,4,673,114
p100-f50-h6,optimized,14457,5,629,0
p100-f50-h6,optimized,14457,5,631,26
p100-f50-h6,optimized,14457,5,673,111
p100-f50-h6,optimized,14457,6,629,0
p100-f50-h6,optimized,14457,6,631,13
p100-f50-h6,optimized,14457,6,673,141
p100-f50-h6,optimized,14457,7,629,0
p100-f50-h6,optimized,14457,7,631,22
p100-f50-h6,optimized,14457,7,673,129
p100-f50-h6,optimized,14457,8,629,0
p100-f50-h6,optimized,14457,8,631,4
p100-f50-h6,optimized,14457,8,673,150
p100-f50-h6,optimized,14457,9,629,0
p100-f50-h6,optimized,14457,9,631,24
p100-f50-h6,optimized,14457,9,673,124
p100-f50-h6,optimized,14457,10,629,0
p100-f50-h6,optimized,14457,10,631,10
p100-f50-h6,optimized,14457,10,673,96
p100-f50-h6,optimized,14457,11,629,0
p100-f50-h6,optimized,14457,11,631,20
p100-f50-h6,optimized,14457,11,673,80
p100-f50-h6,optimized,14457,12,629,0
p100-f50-h6,optimized,14457,12,631,19
p100-f50-h6,optimized,14457,12,673,112
p100-f50-h6,optimized,11122,1,629,0
p100-f50-h6,optimized,11122,1,631,17
p100-f50-h6,optimized,11122,1,673,88
p100-f50-h6,optimized,11122,2,629,0
p100-f50-h6,optimized,11122,2,631,56
p100-f50-h6,optimized,11122,2,673,40
p100-f50-h6,optimized,11122,3,629,0
p100-f50-h6,optimized,11122,3,631,39
p100-f50-h6,optimized,11122,3,673,74
p100-f50-h6,optimized,11122,4,629,0
p100-f50-h6,optimized,11122,4,631,55
p100-f50-h6,optimized,11122,4,673,51
p100-f50-h6,optimized,11122,5,629,0
p100-f50-h6,optimized,11122,5,631,64
p100-f50-h6,optimized,11122,5,673,62
p100-f50-h6,optimized,11122,6,629,0
p100-f50-h6,optimized,11122,6,631,53
p100-f50-h6,optimized,11122,6,673,84
p100-f50-h6,optimized,11122,7,629,0
p100-f50-h6,optimized,11122,7,631,62
p100-f50-h6,optimized,11122,7,673,74
p100-f50-h6,optimized,11122,8,629,0
p100-f50-h6,optimized,11122,8,631,43
p100-f50-h6,optimized,11122,8,673,90
p100-f50-h6,optimized,11122,9,629,0
p100-f50-h6,optimized,11122,9,631,47
p100-f50-h6,optimized,11122,9,673,78
p100-f50-h6,optimized,11122,10,629,0
p100-f50-h6,optimized,11122,10,631,31
p100-f50-h6,optimized,11122,10,673,102
p100-f50-h6,optimized,11122,11,629,0
p100-f50-h6,optimized,11122,11,631,57
p100-f50-h6,optimized,11122,11,673,61
p100-f50-h6,optimized,11122,12,629,0
p100-f50-h6,optimized,11122,12,631,45
p100-f50-h6,optimized,11122,12,673,81
p100-f50-h6,optimized,13851,1,629,0
p100-f50-h6,optimized,13851,1,631,4
p100-f50-h6,optimized,13851,1,673,116
p100-f50-h6,optimized,13851,2,629,0
p100-f50-h6,optimized,13851,2,631,1
p100-f50-h6,optimized,13851,2,673,104
p100-f50-h6,optimized,13851,3,629,0
p100-f50-h6,optimized,13851,3,631,6
p100-f50-h6,optimized,13851,3,673,118
p100-f50-h6,optimized,13851,4,629,0
p100-f50-h6,optimized,13851,4,631,9
p100-f50-h6,optimized,13851,4,673,111
p100-f50-h6,optimized,13851,5,629,0
p100-f50-h6,optimized,13851,5,631,5
p100-f50-h6,optimized,13851,5,673,140
p100-f50-h6,optimized,13851,6,629,0
p100-f50-h6,optimized,13851,6,631,21
p100-f50-h6,optimized,13851,6,673,118
p100-f50-h6,optimized,13851,7,629,0
p100-f50-h6,optimized,13851,7,631,16
p100-f50-h6,optimized,13851,7,673,121
p100-f50-h6,optimized,13851,8,629,0
p100-f50-h6,optimized,13851,8,631,17
p100-f50-h6,optimized,13851,8,673,115
p100-f50-h6,optimized,13851,9,629,0
p100-f50-h6,optimized,13851,9,631,20
p100-f50-h6,optimized,13851,9,673,101
p100-f50-h6,optimized,13851,10,629,0
p100-f50-h6,optimized,13851,10,631,23
p100-f50-h6,optimized,13851,10,673,72
p100-f50-h6,optimized,13851,11,629,0
p100-f50-h6,optimized,13851,11,631,15
p100-f50-h6,optimized,13851,11,673,55
p100-f50-h6,optimized,13851,12,629,0
p100-f50-h6,optimized,13851,12,631,10
p100-f50-h6,optimized,13851,12,673,68
p100-f50-h6,optimized,12280,1,629,0
p100-f50-h6,optimized,12280,1,631,6
p100-f50-h6,optimized,12280,1,673,83
p100-f50-h6,optimized,12280,2,629,0
p100-f50-h6,optimized,12280,2,631,16
p100-f50-h6,optimized,12280,2,673,66
p100-f50-h6,optimized,12280,3,629,0
p100-f50-h6,optimized,12280,3,631,16
p100-f50-h6,optimized,12280,3,673,77
p100-f50-h6,optimized,12280,4,629,0
p100-f50-h6,optimized,12280,4,631,2
p100-f50-h6,optimized,12280,4,673,91
p100-f50-h6,optimized,12280,5,629,0
p100-f50-h6,optimized,12280,5,631,3
p100-f50-h6,optimized,12280,5,673,109
p100-f50-h6,optimized,12280,6,629,0
p100-f50-h6,optimized,12280,6,631,16
p100-f50-h6,optimized,12280,6,673,101
p100-f50-h6,optimized,12280,7,629,0
p100-f50-h6,optimized,12280,7,631,2
p100-f50-h6,optimized,12280,7,673,130
p100-f50-h6,optimized,12280,8,629,0
p100-f50-h6,optimized,12280,8,631,7
p100-f50-h6,optimized,12280,8,673,126
p100-f50-h6,optimized,12280,9,629,0
p100-f50-h6,optimized,12280,9,631,9
p100-f50-h6,optimized,12280,9,673,117
p100-f50-h6,optimized,12280,10,629,0
p100-f50-h6,optimized,12280,10,631,11
p100-f50-h6,optimized,12280,10,673,104
p100-f50-h6,optimized,12280,11,629,0
p100-f50-h6,optimized,12280,11,631,6
p100-f50-h6,optimized,12280,11,673,94
p100-f50-h6,optimized,12280,12,629,0
p100-f50-h6,optimized,12280,12,631,14
p100-f50-h6,optimized,12280,12,673,68
p100-f50-h6,optimized,14869,1,629,0
p100-f50-h6,optimized,14869,1,631,20
p100-f50-h6,optimized,14869,1,673,58
p100-f50-h6,optimized,14869,2,629,0
p100-f50-h6,optimized,14869,2,631,3
p100-f50-h6,optimized,14869,2,673,83
p100-f50-h6,optimized,14869,3,629,0
p100-f50-h6,optimized,14869,3,631,13
p100-f50-h6,optimized,14869,3,673,87
p100-f50-h6,optimized,14869,4,629,0
p100-f50-h6,optimized,14869,4,631,23
p100-f50-h6,optimized,14869,4,673,103
p100-f50-h6,optimized,14869,5,629,0
p100-f50-h6,optimized,14869,5,631,10
p100-f50-h6,optimized,14869,5,673,96
p100-f50-h6,optimized,14869,6,629,0
p100-f50-h6,optimized,14869,6,631,11
p100-f50-h6,optimized,14869,6,673,70
p100-f50-h6,optimized,14869,7,629,0
p100-f50-h6,optimized,14869,7,631,8
p100-f50-h6,optimized,14869,7,673,77
p100-f50-h6,optimized,14869,8,629,0
p100-f50-h6,optimized,14869,8,631,16
p100-f50-h6,optimized,14869,8,673,80
p100-f50-h6,optimized,14869,9,629,0
p100-f50-h6,optimized,14869,9,631,22
p100-f50-h6,optimized,14869,9,673,103
p100-f50-h6,optimized,14869,10,629,0
p100-f50-h6,optimized,14869,10,631,14
p100-f50-h6,optimized,14869,10,673,94
p100-f50-h6,optimized,14869,11,629,0
p100-f50-h6,optimized,14869,11,631,5
p100-f50-h6,optimized,14869,11,673,87
p100-f50-h6,optimized,14869,12,629,0
p100-f50-h6,optimized,14869,12,631,22
p100-f50-h6,optimized,14869,12,673,63
p100-f50-h6,optimized,14783,1,629,0
p100-f50-h6,optimized,14783,1,631,57
p100-f50-h6,optimized,14783,1,673,17
p100-f50-h6,optimized,14783,2,629,0
p100-f50-h6,optimized,14783,2,631,59
p100-f50-h6,optimized,14783,2,673,17
p100-f50-h6,optimized,14783,3,629,0
p100-f50-h6,optimized,14783,3,631,57
p100-f50-h6,optimized,14783,3,673,36
p100-f50-h6,optimized,14783,4,629,0
p100-f50-h6,optimized,14783,4,631,57
p100-f50-h6,optimized,14783,4,673,22
p100-f50-h6,optimized,14783,5,629,0
p100-f50-h6,optimized,14783,5,631,44
p100-f50-h6,optimized,14783,5,673,66
p100-f50-h6,optimized,14783,6,629,0
p100-f50-h6,optimized,14783,6,631,29
p100-f50-h6,optimized,14783,6,673,82
p100-f50-h6,optimized,14783,7,629,0
p100-f50-h6,optimized,14783,7,631,56
p100-f50-h6,optimized,14783,7,673,61
p100-f50-h6,optimized,14783,8,629,0
p100-f50-h6,optimized,14783,8,631,52
p100-f50-h6,optimized,14783,8,673,66
p100-f50-h6,optimized,14783,9,629,0
p100-f50-h6,optimized,14783,9,631,58
p100-f50-h6,optimized,14783,9,673,56
p100-f50-h6,optimized,14783,10,629,0
p100-f50-h6,optimized,14783,10,631,9
p100-f50-h6,optimized,14783,10,673,99
p100-f50-h6,optimized,14783,11,629,0
p100-f50-h6,optimized,14783,11,631,1
p100-f50-h6,optimized,14783,11,673,78
p100-f50-h6,optimized,14783,12,629,0
p100-f50-h6,optimized,14783,12,631,46
p100-f50-h6,optimized,14783,12,673,39
p100-f50-h6,historical_shares,11109,1,629,176
p100-f50-h6,historical_shares,11109,1,631,14
p100-f50-h6,historical_shares,11109,1,673,39
p100-f50-h6,historical_shares,11109,2,629,153
p100-f50-h6,historical_shares,11109,2,631,12
p100-f50-h6,historical_shares,11109,2,673,34
p100-f50-h6,historical_shares,11109,3,629,183
p100-f50-h6,historical_shares,11109,3,631,14
p100-f50-h6,historical_shares,11109,3,673,40
p100-f50-h6,historical_shares,11109,4,629,172
p100-f50-h6,historical_shares,11109,4,631,13
p100-f50-h6,historical_shares,11109,4,673,38
p100-f50-h6,historical_shares,11109,5,629,197
p100-f50-h6,historical_shares,11109,5,631,15
p100-f50-h6,historical_shares,11109,5,673,43
p100-f50-h6,historical_shares,11109,6,629,201
p100-f50-h6,historical_shares,11109,6,631,15
p100-f50-h6,historical_shares,11109,6,673,45
p100-f50-h6,historical_shares,11109,7,629,190
p100-f50-h6,historical_shares,11109,7,631,14
p100-f50-h6,historical_shares,11109,7,673,42
p100-f50-h6,historical_shares,11109,8,629,194
p100-f50-h6,historical_shares,11109,8,631,15
p100-f50-h6,historical_shares,11109,8,673,43
p100-f50-h6,historical_shares,11109,9,629,197
p100-f50-h6,historical_shares,11109,9,631,15
p100-f50-h6,historical_shares,11109,9,673,44
p100-f50-h6,historical_shares,11109,10,629,185
p100-f50-h6,historical_shares,11109,10,631,14
p100-f50-h6,historical_shares,11109,10,673,41
p100-f50-h6,historical_shares,11109,11,629,154
p100-f50-h6,historical_shares,11109,11,631,12
p100-f50-h6,historical_shares,11109,11,673,34
p100-f50-h6,historical_shares,11109,12,629,219
p100-f50-h6,historical_shares,11109,12,631,17
p100-f50-h6,historical_shares,11109,12,673,48
p100-f50-h6,historical_shares,10372,1,631,20
p100-f50-h6,historical_shares,10372,1,673,191
p100-f50-h6,historical_shares,10372,2,631,18
p100-f50-h6,historical_shares,10372,2,673,172
p100-f50-h6,historical_shares,10372,3,631,22
p100-f50-h6,historical_shares,10372,3,673,212
p100-f50-h6,historical_shares,10372,4,631,17
p100-f50-h6,historical_shares,10372,4,673,156
p100-f50-h6,historical_shares,10372,5,631,2
p100-f50-h6,historical_shares,10372,5,673,16
p100-f50-h6,historical_shares,10372,6,631,17
p100-f50-h6,historical_shares,10372,6,673,159
p100-f50-h6,historical_shares,10372,7,631,20
p100-f50-h6,historical_shares,10372,7,673,184
p100-f50-h6,historical_shares,10372,8,631,20
p100-f50-h6,historical_shares,10372,8,673,190
p100-f50-h6,historical_shares,10372,9,631,17
p100-f50-h6,historical_shares,10372,9,673,162
p100-f50-h6,historical_shares,10372,10,631,16
p100-f50-h6,historical_shares,10372,10,673,152
p100-f50-h6,historical_shares,10372,11,631,13
p100-f50-h6,historical_shares,10372,11,673,120
p100-f50-h6,historical_shares,10372,12,631,20
p100-f50-h6,historical_shares,10372,12,673,187
p100-f50-h6,historical_shares,14457,1,629,105
p100-f50-h6,historical_shares,14457,1,631,10
p100-f50-h6,historical_shares,14457,1,673,37
p100-f50-h6,historical_shares,14457,2,629,90
p100-f50-h6,historical_shares,14457,2,631,9
p100-f50-h6,historical_shares,14457,2,673,32
p100-f50-h6,historical_shares,14457,3,629,115
p100-f50-h6,historical_shares,14457,3,631,12
p100-f50-h6,historical_shares,14457,3,673,40
p100-f50-h6,historical_shares,14457,4,629,129
p100-f50-h6,historical_shares,14457,4,631,13
p100-f50-h6,historical_shares,14457,4,673,45
p100-f50-h6,historical_shares,14457,5,629,119
p100-f50-h6,historical_shares,14457,5,631,12
p100-f50-h6,historical_shares,14457,5,673,42
p100-f50-h6,historical_shares,14457,6,629,134
p100-f50-h6,historical_shares,14457,6,631,14
p100-f50-h6,historical_shares,14457,6,673,47
p100-f50-h6,historical_shares,14457,7,629,132
p100-f50-h6,historical_shares,14457,7,631,13
p100-f50-h6,historical_shares,14457,7,673,47
p100-f50-h6,historical_shares,14457,8,629,135
p100-f50-h6,historical_shares,14457,8,631,14
p100-f50-h6,historical_shares,14457,8,673,47
p100-f50-h6,historical_shares,14457,9,629,130
p100-f50-h6,historical_shares,14457,9,631,13
p100-f50-h6,historical_shares,14457,9,673,45
p100-f50-h6,historical_shares,14457,10,629,93
p100-f50-h6,historical_shares,14457,10,631,9
p100-f50-h6,historical_shares,14457,10,673,33
p100-f50-h6,historical_shares,14457,11,629,87
p100-f50-h6,historical_shares,14457,11,631,9
p100-f50-h6,historical_shares,14457,11,673,31
p100-f50-h6,historical_shares,14457,12,629,114
p100-f50-h6,historical_shares,14457,12,631,12
p100-f50-h6,historical_shares,14457,12,673,40
p100-f50-h6,historical_shares,11122,1,629,131
p100-f50-h6,historical_shares,11122,1,631,9
p100-f50-h6,historical_shares,11122,1,673,4
p100-f50-h6,historical_shares,11122,2,629,119
p100-f50-h6,historical_shares,11122,2,631,8
p100-f50-h6,historical_shares,11122,2,673,4
p100-f50-h6,historical_shares,11122,3,629,140
p100-f50-h6,historical_shares,11122,3,631,9
p100-f50-h6,historical_shares,11122,3,673,5
p100-f50-h6,historical_shares,11122,4,629,132
p100-f50-h6,historical_shares,11122,4,631,9
p100-f50-h6,historical_shares,11122,4,673,4
p100-f50-h6,historical_shares,11122,5,629,157
p100-f50-h6,historical_shares,11122,5,631,10
p100-f50-h6,historical_shares,11122,5,673,5
p100-f50-h6,historical_shares,11122,6,629,171
p100-f50-h6,historical_shares,11122,6,631,11
p100-f50-h6,historical_shares,11122,6,673,5
p100-f50-h6,historical_shares,11122,7,629,170
p100-f50-h6,historical_shares,11122,7,631,11
p100-f50-h6,historical_shares,11122,7,673,5
p100-f50-h6,historical_shares,11122,8,629,166
p100-f50-h6,historical_shares,11122,8,631,11
p100-f50-h6,historical_shares,11122,8,673,5
p100-f50-h6,historical_shares,11122,9,629,156
p100-f50-h6,historical_shares,11122,9,631,10
p100-f50-h6,historical_shares,11122,9,673,5
p100-f50-h6,historical_shares,11122,10,629,166
p100-f50-h6,historical_shares,11122,10,631,11
p100-f50-h6,historical_shares,11122,10,673,5
p100-f50-h6,historical_shares,11122,11,629,147
p100-f50-h6,historical_shares,11122,11,631,9
p100-f50-h6,historical_shares,11122,11,673,5
p100-f50-h6,historical_shares,11122,12,629,157
p100-f50-h6,historical_shares,11122,12,631,10
p100-f50-h6,historical_shares,11122,12,673,5
p100-f50-h6,historical_shares,13851,1,629,1
p100-f50-h6,historical_shares,13851,1,631,16
p100-f50-h6,historical_shares,13851,1,673,104
p100-f50-h6,historical_shares,13851,2,629,1
p100-f50-h6,historical_shares,13851,2,631,14
p100-f50-h6,historical_shares,13851,2,673,91
p100-f50-h6,historical_shares,13851,3,629,1
p100-f50-h6,historical_shares,13851,3,631,17
p100-f50-h6,historical_shares,13851,3,673,107
p100-f50-h6,historical_shares,13851,4,629,1
p100-f50-h6,historical_shares,13851,4,631,16
p100-f50-h6,historical_shares,13851,4,673,104
p100-f50-h6,historical_shares,13851,5,629,1
p100-f50-h6,historical_shares,13851,5,631,20
p100-f50-h6,historical_shares,13851,5,673,125
p100-f50-h6,historical_shares,13851,6,629,1
p100-f50-h6,historical_shares,13851,6,631,19
p100-f50-h6,historical_shares,13851,6,673,120
p100-f50-h6,historical_shares,13851,7,629,1
p100-f50-h6,historical_shares,13851,7,631,19
p100-f50-h6,historical_shares,13851,7,673,118
p100-f50-h6,historical_shares,13851,8,629,1
p100-f50-h6,historical_shares,13851,8,631,18
p100-f50-h6,historical_shares,13851,8,673,114
p100-f50-h6,historical_shares,13851,9,629,1
p100-f50-h6,historical_shares,13851,9,631,17
p100-f50-h6,historical_shares,13851,9,673,104
p100-f50-h6,historical_shares,13851,10,629,1
p100-f50-h6,historical_shares,13851,10,631,13
p100-f50-h6,historical_shares,13851,10,673,81
p100-f50-h6,historical_shares,13851,11,629,1
p100-f50-h6,historical_shares,13851,11,631,9
p100-f50-h6,historical_shares,13851,11,673,61
p100-f50-h6,historical_shares,13851,12,629,1
p100-f50-h6,historical_shares,13851,12,631,11
p100-f50-h6,historical_shares,13851,12,673,67
p100-f50-h6,historical_shares,12280,1,629,41
p100-f50-h6,historical_shares,12280,1,631,35
p100-f50-h6,historical_shares,12280,1,673,28
p100-f50-h6,historical_shares,12280,2,629,37
p100-f50-h6,historical_shares,12280,2,631,32
p100-f50-h6,historical_shares,12280,2,673,26
p100-f50-h6,historical_shares,12280,3,629,42
p100-f50-h6,historical_shares,12280,3,631,37
p100-f50-h6,historical_shares,12280,3,673,29
p100-f50-h6,historical_shares,12280,4,629,43
p100-f50-h6,historical_shares,12280,4,631,37
p100-f50-h6,historical_shares,12280,4,673,29
p100-f50-h6,historical_shares,12280,5,629,51
p100-f50-h6,historical_shares,12280,5,631,45
p100-f50-h6,historical_shares,12280,5,673,35
p100-f50-h6,historical_shares,12280,6,629,53
p100-f50-h6,historical_shares,12280,6,631,47
p100-f50-h6,historical_shares,12280,6,673,36
p100-f50-h6,historical_shares,12280,7,629,60
p100-f50-h6,historical_shares,12280,7,631,53
p100-f50-h6,historical_shares,12280,7,673,41
p100-f50-h6,historical_shares,12280,8,629,60
p100-f50-h6,historical_shares,12280,8,631,53
p100-f50-h6,historical_shares,12280,8,673,42
p100-f50-h6,historical_shares,12280,9,629,57
p100-f50-h6,historical_shares,12280,9,631,50
p100-f50-h6,historical_shares,12280,9,673,40
p100-f50-h6,historical_shares,12280,10,629,52
p100-f50-h6,historical_shares,12280,10,631,46
p100-f50-h6,historical_shares,12280,10,673,36
p100-f50-h6,historical_shares,12280,11,629,46
p100-f50-h6,historical_shares,12280,11,631,40
p100-f50-h6,historical_shares,12280,11,673,31
p100-f50-h6,historical_shares,12280,12,629,37
p100-f50-h6,historical_shares,12280,12,631,32
p100-f50-h6,historical_shares,12280,12,673,26
p100-f50-h6,historical_shares,14869,1,629,7
p100-f50-h6,historical_shares,14869,1,631,21
p100-f50-h6,historical_shares,14869,1,673,53
p100-f50-h6,historical_shares,14869,2,629,7
p100-f50-h6,historical_shares,14869,2,631,23
p100-f50-h6,historical_shares,14869,2,673,59
p100-f50-h6,historical_shares,14869,3,629,9
p100-f50-h6,historical_shares,14869,3,631,27
p100-f50-h6,historical_shares,14869,3,673,68
p100-f50-h6,historical_shares,14869,4,629,11
p100-f50-h6,historical_shares,14869,4,631,34
p100-f50-h6,historical_shares,14869,4,673,85
p100-f50-h6,historical_shares,14869,5,629,9
p100-f50-h6,historical_shares,14869,5,631,29
p100-f50-h6,historical_shares,14869,5,673,72
p100-f50-h6,historical_shares,14869,6,629,7
p100-f50-h6,historical_shares,14869,6,631,22
p100-f50-h6,historical_shares,14869,6,673,55
p100-f50-h6,historical_shares,14869,7,629,7
p100-f50-h6,historical_shares,14869,7,631,23
p100-f50-h6,historical_shares,14869,7,673,58
p100-f50-h6,historical_shares,14869,8,629,8
p100-f50-h6,historical_shares,14869,8,631,26
p100-f50-h6,historical_shares,14869,8,673,65
p100-f50-h6,historical_shares,14869,9,629,10
p100-f50-h6,historical_shares,14869,9,631,34
p100-f50-h6,historical_shares,14869,9,673,85
p100-f50-h6,historical_shares,14869,10,629,9
p100-f50-h6,historical_shares,14869,10,631,29
p100-f50-h6,historical_shares,14869,10,673,74
p100-f50-h6,historical_shares,14869,11,629,8
p100-f50-h6,historical_shares,14869,11,631,25
p100-f50-h6,historical_shares,14869,11,673,63
p100-f50-h6,historical_shares,14869,12,629,7
p100-f50-h6,historical_shares,14869,12,631,23
p100-f50-h6,historical_shares,14869,12,673,58
p100-f50-h6,historical_shares,14783,1,629,8
p100-f50-h6,historical_shares,14783,1,631,18
p100-f50-h6,historical_shares,14783,1,673,50
p100-f50-h6,historical_shares,14783,2,629,8
p100-f50-h6,historical_shares,14783,2,631,18
p100-f50-h6,historical_shares,14783,2,673,52
p100-f50-h6,historical_shares,14783,3,629,10
p100-f50-h6,historical_shares,14783,3,631,22
p100-f50-h6,historical_shares,14783,3,673,64
p100-f50-h6,historical_shares,14783,4,629,8
p100-f50-h6,historical_shares,14783,4,631,19
p100-f50-h6,historical_shares,14783,4,673,54
p100-f50-h6,historical_shares,14783,5,629,12
p100-f50-h6,historical_shares,14783,5,631,27
p100-f50-h6,historical_shares,14783,5,673,75
p100-f50-h6,historical_shares,14783,6,629,12
p100-f50-h6,historical_shares,14783,6,631,27
p100-f50-h6,historical_shares,14783,6,673,76
p100-f50-h6,historical_shares,14783,7,629,13
p100-f50-h6,historical_shares,14783,7,631,28
p100-f50-h6,historical_shares,14783,7,673,80
p100-f50-h6,historical_shares,14783,8,629,12
p100-f50-h6,historical_shares,14783,8,631,29
p100-f50-h6,historical_shares,14783,8,673,81
p100-f50-h6,historical_shares,14783,9,629,12
p100-f50-h6,historical_shares,14783,9,631,27
p100-f50-h6,historical_shares,14783,9,673,78
p100-f50-h6,historical_shares,14783,10,629,12
p100-f50-h6,historical_shares,14783,10,631,26
p100-f50-h6,historical_shares,14783,10,673,74
p100-f50-h6,historical_shares,14783,11,629,9
p100-f50-h6,historical_shares,14783,11,631,19
p100-f50-h6,historical_shares,14783,11,673,54
p100-f50-h6,historical_shares,14783,12,629,9
p100-f50-h6,historical_shares,14783,12,631,21
p100-f50-h6,historical_shares,14783,12,673,58
p100-f50-h8,optimized,11109,1,629,0
p100-f50-h8,optimized,11109,1,631,9
p100-f50-h8,optimized,11109,1,673,166
p100-f50-h8,optimized,11109,2,629,0
p100-f50-h8,optimized,11109,2,631,20
p100-f50-h8,optimized,11109,2,673,132
p100-f50-h8,optimized,11109,3,629,0
p100-f50-h8,optimized,11109,3,631,18
p100-f50-h8,optimized,11109,3,673,163
p100-f50-h8,optimized,11109,4,629,0
p100-f50-h8,optimized,11109,4,631,14
p100-f50-h8,optimized,11109,4,673,156
p100-f50-h8,optimized,11109,5,629,0
p100-f50-h8,optimized,11109,5,631,8
p100-f50-h8,optimized,11109,5,673,186
p100-f50-h8,optimized,11109,6,629,0
p100-f50-h8,optimized,11109,6,631,20
p100-f50-h8,optimized,11109,6,673,179
p100-f50-h8,optimized,11109,7,629,0
p100-f50-h8,optimized,11109,7,631,18
p100-f50-h8,optimized,11109,7,673,170
p100-f50-h8,optimized,11109,8,629,0
p100-f50-h8,optimized,11109,8,631,10
p100-f50-h8,optimized,11109,8,673,182
p100-f50-h8,optimized,11109,9,629,0
p100-f50-h8,optimized,11109,9,631,13
p100-f50-h8,optimized,11109,9,673,182
p100-f50-h8,optimized,11109,10,629,0
p100-f50-h8,optimized,11109,10,631,10
p100-f50-h8,optimized,11109,10,673,173
p100-f50-h8,optimized,11109,11,629,0
p100-f50-h8,optimized,11109,11,631,13
p100-f50-h8,optimized,11109,11,673,140
p100-f50-h8,optimized,11109,12,629,0
p100-f50-h8,optimized,11109,12,631,23
p100-f50-h8,optimized,11109,12,673,194
p100-f50-h8,optimized,10372,1,631,0
p100-f50-h8,optimized,10372,1,673,211
p100-f50-h8,optimized,10372,2,631,0
p100-f50-h8,optimized,10372,2,673,190
p100-f50-h8,optimized,10372,3,631,0
p100-f50-h8,optimized,10372,3,673,233
p100-f50-h8,optimized,10372,4,631,0
p100-f50-h8,optimized,10372,4,673,173
p100-f50-h8,optimized,10372,5,631,0
p100-f50-h8,optimized,10372,5,673,18
p100-f50-h8,optimized,10372,6,631,0
p100-f50-h8,optimized,10372,6,673,176
p100-f50-h8,optimized,10372,7,631,0
p100-f50-h8,optimized,10372,7,673,204
p100-f50-h8,optimized,10372,8,631,0
p100-f50-h8,optimized,10372,8,673,210
p100-f50-h8,optimized,10372,9,631,0
p100-f50-h8,optimized,10372,9,673,179
p100-f50-h8,optimized,10372,10,631,0
p100-f50-h8,optimized,10372,10,673,167
p100-f50-h8,optimized,10372,11,631,0
p100-f50-h8,optimized,10372,11,673,133
p100-f50-h8,optimized,10372,12,631,0
p100-f50-h8,optimized,10372,12,673,207
p100-f50-h8,optimized,14457,1,629,0
p100-f50-h8,optimized,14457,1,631,17
p100-f50-h8,optimized,14457,1,673,103
p100-f50-h8,optimized,14457,2,629,0
p100-f50-h8,optimized,14457,2,631,13
p100-f50-h8,optimized,14457,2,673,90
p100-f50-h8,optimized,14457,3,629,0
p100-f50-h8,optimized,14457,3,631,22
p100-f50-h8,optimized,14457,3,673,110
p100-f50-h8,optimized,14457,4,629,0
p100-f50-h8,optimized,14457,4,631,34
p100-f50-h8,optimized,14457,4,673,114
p100-f50-h8,optimized,14457,5,629,0
p100-f50-h8,optimized,14457,5,631,26
p100-f50-h8,optimized,14457,5,673,111
p100-f50-h8,optimized,14457,6,629,0
p100-f50-h8,optimized,14457,6,631,13
p100-f50-h8,optimized,14457,6,673,141
p100-f50-h8,optimized,14457,7,629,0
p100-f50-h8,optimized,14457,7,631,22
p100-f50-h8,optimized,14457,7,673,129
p100-f50-h8,optimized,14457,8,629,0
p100-f50-h8,optimized,14457,8,631,4
p100-f50-h8,optimized,14457,8,673,150
p100-f50-h8,optimized,14457,9,629,0
p100-f50-h8,optimized,14457,9,631,24
p100-f50-h8,optimized,14457,9,673,124
p100-f50-h8,optimized,14457,10,629,0
p100-f50-h8,optimized,14457,10,631,10
p100-f50-h8,optimized,14457,10,673,96
p100-f50-h8,optimized,14457,11,629,0
p100-f50-h8,optimized,14457,11,631,20
p100-f50-h8,optimized,14457,11,673,80
p100-f50-h8,optimized,14457,12,629,0
p100-f50-h8,optimized,14457,12,631,19
p100-f50-h8,optimized,14457,12,673,112
p100-f50-h8,optimized,11122,1,629,0
p100-f50-h8,optimized,11122,1,631,17
p100-f50-h8,optimized,11122,1,673,88
p100-f50-h8,optimized,11122,2,629,0
p100-f50-h8,optimized,11122,2,631,56
p100-f50-h8,optimized,11122,2,673,40
p100-f50-h8,optimized,11122,3,629,0
p100-f50-h8,optimized,11122,3,631,39
p100-f50-h8,optimized,11122,3,673,74
p100-f50-h8,optimized,11122,4,629,0
p100-f50-h8,optimized,11122,4,631,55
p100-f50-h8,optimized,11122,4,673,51
p100-f50-h8,optimized,11122,5,629,0
p100-f50-h8,optimized,11122,5,631,64
p100-f50-h8,optimized,11122,5,673,62
p100-f50-h8,optimized,11122,6,629,0
p100-f50-h8,optimized,11122,6,631,53
p100-f50-h8,optimized,11122,6,673,84
p100-f50-h8,optimized,11122,7,629,0
p100-f50-h8,optimized,11122,7,631,62
p100-f50-h8,optimized,11122,7,673,74
p100-f50-h8,optimized,11122,8,629,0
p100-f50-h8,optimized,11122,8,631,43
p100-f50-h8,optimized,11122,8,673,90
p100-f50-h8,optimized,11122,9,629,0
p100-f50-h8,optimized,11122,9,631,47
p100-f50-h8,optimized,11122,9,673,78
p100-f50-h8,optimized,11122,10,629,0
p100-f50-h8,optimized,11122,10,631,31
p100-f50-h8,optimized,11122,10,673,102
p100-f50-h8,optimized,11122,11,629,0
p100-f50-h8,optimized,11122,11,631,57
p100-f50-h8,optimized,11122,11,673,61
p100-f50-h8,optimized,11122,12,629,0
p100-f50-h8,optimized,11122,12,631,45
p100-f50-h8,optimized,11122,12,673,81
p100-f50-h8,optimized,13851,1,629,0
p100-f50-h8,optimized,13851,1,631,4
p100-f50-h8,optimized,13851,1,673,116
p100-f50-h8,optimized,13851,2,629,0
p100-f50-h8,optimized,13851,2,631,1
p100-f50-h8,optimized,13851,2,673,104
p100-f50-h8,optimized,13851,3,629,0
p100-f50-h8,optimized,13851,3,631,6
p100-f50-h8,optimized,13851,3,673,118
p100-f50-h8,optimized,13851,4,629,0
p100-f50-h8,optimized,13851,4,631,9
p100-f50-h8,optimized,13851,4,673,111
p100-f50-h8,optimized,13851,5,629,0
p100-f50-h8,optimized,13851,5,631,5
p100-f50-h8,optimized,13851,5,673,140
p100-f50-h8,optimized,13851,6,629,0
p100-f50-h8,optimized,13851,6,631,21
p100-f50-h8,optimized,13851,6,673,118
p100-f50-h8,optimized,13851,7,629,0
p100-f50-h8,optimized,13851,7,631,16
p100-f50-h8,optimized,13851,7,673,121
p100-f50-h8,optimized,13851,8,629,0
p100-f50-h8,optimized,13851,8,631,17
p100-f50-h8,optimized,13851,8,673,115
p100-f50-h8,optimized,13851,9,629,0
p100-f50-h8,optimized,13851,9,631,20
p100-f50-h8,optimized,13851,9,673,101
p100-f50-h8,optimized,13851,10,629,0
p100-f50-h8,optimized,13851,10,631,23
p100-f50-h8,optimized,13851,10,673,72
p100-f50-h8,optimized,13851,11,629,0
p100-f50-h8,optimized,13851,11,631,15
p100-f50-h8,optimized,13851,11,673,55
p100-f50-h8,optimized,13851,12,629,0
p100-f50-h8,optimized,13851,12,631,10
p100-f50-h8,optimized,13851,12,673,68
p100-f50-h8,optimized,12280,1,629,0
p100-f50-h8,optimized,12280,1,631,6
p100-f50-h8,optimized,12280,1,673,83
p100-f50-h8,optimized,12280,2,629,0
p100-f50-h8,optimized,12280,2,631,16
p100-f50-h8,optimized,12280,2,673,66
p100-f50-h8,optimized,12280,3,629,0
p100-f50-h8,optimized,12280,3,631,16
p100-f50-h8,optimized,12280,3,673,77
p100-f50-h8,optimized,12280,4,629,0
p100-f50-h8,optimized,12280,4,631,2
p100-f50-h8,optimized,12280,4,673,91
p100-f50-h8,optimized,12280,5,629,0
p100-f50-h8,optimized,12280,5,631,3
p100-f50-h8,optimized,12280,5,673,109
p100-f50-h8,optimized,12280,6,629,0
p100-f50-h8,optimized,12280,6,631,16
p100-f50-h8,optimized,12280,6,673,101
p100-f50-h8,optimized,12280,7,629,0
p100-f50-h8,optimized,12280,7,631,2
p100-f50-h8,optimized,12280,7,673,130
p100-f50-h8,optimized,12280,8,629,0
p100-f50-h8,optimized,12280,8,631,7
p100-f50-h8,optimized,12280,8,673,126
p100-f50-h8,optimized,12280,9,629,0
p100-f50-h8,optimized,12280,9,631,9
p100-f50-h8,optimized,12280,9,673,117
p100-f50-h8,optimized,12280,10,629,0
p100-f50-h8,optimized,12280,10,631,11
p100-f50-h8,optimized,12280,10,673,104
p100-f50-h8,optimized,12280,11,629,0
p100-f50-h8,optimized,12280,11,631,6
p100-f50-h8,optimized,12280,11,673,94
p100-f50-h8,optimized,12280,12,629,0
p100-f50-h8,optimized,12280,12,631,14
p100-f50-h8,optimized,12280,12,673,68
p100-f50-h8,optimized,14869,1,629,0
p100-f50-h8,optimized,14869,1,631,20
p100-f50-h8,optimized,14869,1,673,58
p100-f50-h8,optimized,14869,2,629,0
p100-f50-h8,optimized,14869,2,631,3
p100-f50-h8,optimized,14869,2,673,83
p100-f50-h8,optimized,14869,3,629,0
p100-f50-h8,optimized,14869,3,631,8
p100-f50-h8,optimized,14869,3,673,92
p100-f50-h8,optimized,14869,4,629,0
p100-f50-h8,optimized,14869,4,631,23
p100-f50-h8,optimized,14869,4,673,103
p100-f50-h8,optimized,14869,5,629,0
p100-f50-h8,optimized,14869,5,631,10
p100-f50-h8,optimized,14869,5,673,96
p100-f50-h8,optimized,14869,6,629,0
p100-f50-h8,optimized,14869,6,631,11
p100-f50-h8,optimized,14869,6,673,70
p100-f50-h8,optimized,14869,7,629,0
p100-f50-h8,optimized,14869,7,631,8
p100-f50-h8,optimized,14869,7,673,77
p100-f50-h8,optimized,14869,8,629,0
p100-f50-h8,optimized,14869,8,631,16
p100-f50-h8,optimized,14869,8,673,80
p100-f50-h8,optimized,14869,9,629,0
p100-f50-h8,optimized,14869,9,631,20
p100-f50-h8,optimized,14869,9,673,105
p100-f50-h8,optimized,14869,10,629,0
p100-f50-h8,optimized,14869,10,631,14
p100-f50-h8,optimized,14869,10,673,94
p100-f50-h8,optimized,14869,11,629,0
p100-f50-h8,optimized,14869,11,631,5
p100-f50-h8,optimized,14869,11,673,87
p100-f50-h8,optimized,14869,12,629,0
p100-f50-h8,optimized,14869,12,631,22
p100-f50-h8,optimized,14869,12,673,63
p100-f50-h8,optimized,14783,1,629,0
p100-f50-h8,optimized,14783,1,631,57
p100-f50-h8,optimized,14783,1,673,17
p100-f50-h8,optimized,14783,2,629,0
p100-f50-h8,optimized,14783,2,631,43
p100-f50-h8,optimized,14783,2,673,33
p100-f50-h8,optimized,14783,3,629,0
p100-f50-h8,optimized,14783,3,631,53
p100-f50-h8,optimized,14783,3,673,40
p100-f50-h8,optimized,14783,4,629,0
p100-f50-h8,optimized,14783,4,631,29
p100-f50-h8,optimized,14783,4,673,50
p100-f50-h8,optimized,14783,5,629,0
p100-f50-h8,optimized,14783,5,631,44
p100-f50-h8,optimized,14783,5,673,66
p100-f50-h8,optimized,14783,6,629,0
p100-f50-h8,optimized,14783,6,631,28
p100-f50-h8,optimized,14783,6,673,83
p100-f50-h8,optimized,14783,7,629,0
p100-f50-h8,optimized,14783,7,631,41
p100-f50-h8,optimized,14783,7,673,76
p100-f50-h8,optimized,14783,8,629,0
p100-f50-h8,optimized,14783,8,631,52
p100-f50-h8,optimized,14783,8,673,66
p100-f50-h8,optimized,14783,9,629,0
p100-f50-h8,optimized,14783,9,631,28
p100-f50-h8,optimized,14783,9,673,86
p100-f50-h8,optimized,14783,10,629,0
p100-f50-h8,optimized,14783,10,631,9
p100-f50-h8,optimized,14783,10,673,99
p100-f50-h8,optimized,14783,11,629,0
p100-f50-h8,optimized,14783,11,631,1
p100-f50-h8,optimized,14783,11,673,78
p100-f50-h8,optimized,14783,12,629,0
p100-f50-h8,optimized,14783,12,631,34
p100-f50-h8,optimized,14783,12,673,51
p100-f50-h8,historical_shares,11109,1,629,176
p100-f50-h8,historical_shares,11109,1,631,14
p100-f50-h8,historical_shares,11109,1,673,39
p100-f50-h8,historical_shares,11109,2,629,153
p100-f50-h8,historical_shares,11109,2,631,12
p100-f50-h8,historical_shares,11109,2,673,34
p100-f50-h8,historical_shares,11109,3,629,183
p100-f50-h8,historical_shares,11109,3,631,14
p100-f50-h8,historical_shares,11109,3,673,40
p100-f50-h8,historical_shares,11109,4,629,172
p100-f50-h8,historical_shares,11109,4,631,13
p100-f50-h8,historical_shares,11109,4,673,38
p100-f50-h8,historical_shares,11109,5,629,197
p100-f50-h8,historical_shares,11109,5,631,15
p100-f50-h8,historical_shares,11109,5,673,43
p100-f50-h8,historical_shares,11109,6,629,201
p100-f50-h8,historical_shares,11109,6,631,15
p100-f50-h8,historical_shares,11109,6,673,45
p100-f50-h8,historical_shares,11109,7,629,190
p100-f50-h8,historical_shares,11109,7,631,14
p100-f50-h8,historical_shares,11109,7,673,42
p100-f50-h8,historical_shares,11109,8,629,194
p100-f50-h8,historical_shares,11109,8,631,15
p100-f50-h8,historical_shares,11109,8,673,43
p100-f50-h8,historical_shares,11109,9,629,197
p100-f50-h8,historical_shares,11109,9,631,15
p100-f50-h8,historical_shares,11109,9,673,44
p100-f50-h8,historical_shares,11109,10,629,185
p100-f50-h8,historical_shares,11109,10,631,14
p100-f50-h8,historical_shares,11109,10,673,41
p100-f50-h8,historical_shares,11109,11,629,154
p100-f50-h8,historical_shares,11109,11,631,12
p100-f50-h8,historical_shares,11109,11,673,34
p100-f50-h8,historical_shares,11109,12,629,219
p100-f50-h8,historical_shares,11109,12,631,17
p100-f50-h8,historical_shares,11109,12,673,48
p100-f50-h8,historical_shares,10372,1,631,20
p100-f50-h8,historical_shares,10372,1,673,191
p100-f50-h8,historical_shares,10372,2,631,18
p100-f50-h8,historical_shares,10372,2,673,172
p100-f50-h8,historical_shares,10372,3,631,22
p100-f50-h8,historical_shares,10372,3,673,212
p100-f50-h8,historical_shares,10372,4,631,17
p100-f50-h8,historical_shares,10372,4,673,156
p100-f50-h8,historical_shares,10372,5,631,2
p100-f50-h8,historical_shares,10372,5,673,16
p100-f50-h8,historical_shares,10372,6,631,17
p100-f50-h8,historical_shares,10372,6,673,159
p100-f50-h8,historical_shares,10372,7,631,20
p100-f50-h8,historical_shares,10372,7,673,184
p100-f50-h8,historical_shares,10372,8,631,20
p100-f50-h8,historical_shares,10372,8,673,190
p100-f50-h8,historical_shares,10372,9,631,17
p100-f50-h8,historical_shares,10372,9,673,162
p100-f50-h8,historical_shares,10372,10,631,16
p100-f50-h8,historical_shares,10372,10,673,152
p100-f50-h8,historical_shares,10372,11,631,13
p100-f50-h8,historical_shares,10372,11,673,120
p100-f50-h8,historical_shares,10372,12,631,20
p100-f50-h8,historical_shares,10372,12,673,187
p100-f50-h8,historical_shares,14457,1,629,105
p100-f50-h8,historical_shares,14457,1,631,10
p100-f50-h8,historical_shares,14457,1,673,37
p100-f50-h8,historical_shares,14457,2,629,90
p100-f50-h8,historical_shares,14457,2,631,9
p100-f50-h8,historical_shares,14457,2,673,32
p100-f50-h8,historical_shares,14457,3,629,115
p100-f50-h8,historical_shares,14457,3,631,12
p100-f50-h8,historical_shares,14457,3,673,40
p100-f50-h8,historical_shares,14457,4,629,129
p100-f50-h8,historical_shares,14457,4,631,13
p100-f50-h8,historical_shares,14457,4,673,45
p100-f50-h8,historical_shares,14457,5,629,119
p100-f50-h8,historical_shares,14457,5,631,12
p100-f50-h8,historical_shares,14457,5,673,42
p100-f50-h8,historical_shares,14457,6,629,134
p100-f50-h8,historical_shares,14457,6,631,14
p100-f50-h8,historical_shares,14457,6,673,47
p100-f50-h8,historical_shares,14457,7,629,132
p100-f50-h8,historical_shares,14457,7,631,13
p100-f50-h8,historical_shares,14457,7,673,47
p100-f50-h8,historical_shares,14457,8,629,135
p100-f50-h8,historical_shares,14457,8,631,14
p100-f50-h8,historical_shares,14457,8,673,47
p100-f50-h8,historical_shares,14457,9,629,130
p100-f50-h8,historical_shares,14457,9,631,13
p100-f50-h8,historical_shares,14457,9,673,45
p100-f50-h8,historical_shares,14457,10,629,93
p100-f50-h8,historical_shares,14457,10,631,9
p100-f50-h8,historical_shares,14457,10,673,33
p100-f50-h8,historical_shares,14457,11,629,87
p100-f50-h8,historical_shares,14457,11,631,9
p100-f50-h8,historical_shares,14457,11,673,31
p100-f50-h8,historical_shares,14457,12,629,114
p100-f50-h8,historical_shares,14457,12,631,12
p100-f50-h8,historical_shares,14457,12,673,40
p100-f50-h8,historical_shares,11122,1,629,131
p100-f50-h8,historical_shares,11122,1,631,9
p100-f50-h8,historical_shares,11122,1,673,4
p100-f50-h8,historical_shares,11122,2,629,119
p100-f50-h8,historical_shares,11122,2,631,8
p100-f50-h8,historical_shares,11122,2,673,4
p100-f50-h8,historical_shares,11122,3,629,140
p100-f50-h8,historical_shares,11122,3,631,9
p100-f50-h8,historical_shares,11122,3,673,5
p100-f50-h8,historical_shares,11122,4,629,132
p100-f50-h8,historical_shares,11122,4,631,9
p100-f50-h8,historical_shares,11122,4,673,4
p100-f50-h8,historical_shares,11122,5,629,157
p100-f50-h8,historical_shares,11122,5,631,10
p100-f50-h8,historical_shares,11122,5,673,5
p100-f50-h8,historical_shares,11122,6,629,171
p100-f50-h8,historical_shares,11122,6,631,11
p100-f50-h8,historical_shares,11122,6,673,5
p100-f50-h8,historical_shares,11122,7,629,170
p100-f50-h8,historical_shares,11122,7,631,11
p100-f50-h8,historical_shares,11122,7,673,5
p100-f50-h8,historical_shares,11122,8,629,166
p100-f50-h8,historical_shares,11122,8,631,11
p100-f50-h8,historical_shares,11122,8,673,5
p100-f50-h8,historical_shares,11122,9,629,156
p100-f50-h8,historical_shares,11122,9,631,10
p100-f50-h8,historical_shares,11122,9,673,5
p100-f50-h8,historical_shares,11122,10,629,166
p100-f50-h8,historical_shares,11122,10,631,11
p100-f50-h8,historical_shares,11122,10,673,5
p100-f50-h8,historical_shares,11122,11,629,147
p100-f50-h8,historical_shares,11122,11,631,9
p100-f50-h8,historical_shares,11122,11,673,5
p100-f50-h8,historical_shares,11122,12,629,157
p100-f50-h8,historical_shares,11122,12,631,10
p100-f50-h8,historical_shares,11122,12,673,5
p100-f50-h8,historical_shares,13851,1,629,1
p100-f50-h8,historical_shares,13851,1,631,16
p100-f50-h8,historical_shares,13851,1,673,104
p100-f50-h8,historical_shares,13851,2,629,1
p100-f50-h8,historical_shares,13851,2,631,14
p100-f50-h8,historical_shares,13851,2,673,91
p100-f50-h8,historical_shares,13851,3,629,1
p100-f50-h8,historical_shares,13851,3,631,17
p100-f50-h8,historical_shares,13851,3,673,107
p100-f50-h8,historical_shares,13851,4,629,1
p100-f50-h8,historical_shares,13851,4,631,16
p100-f50-h8,historical_shares,13851,4,673,104
p100-f50-h8,historical_shares,13851,5,629,1
p100-f50-h8,historical_shares,13851,5,631,20
p100-f50-h8,historical_shares,13851,5,673,125
p100-f50-h8,historical_shares,13851,6,629,1
p100-f50-h8,historical_shares,13851,6,631,19
p100-f50-h8,historical_shares,13851,6,673,120
p100-f50-h8,historical_shares,13851,7,629,1
p100-f50-h8,historical_shares,13851,7,631,19
p100-f50-h8,historical_shares,13851,7,673,118
p100-f50-h8,historical_shares,13851,8,629,1
p100-f50-h8,historical_shares,13851,8,631,18
p100-f50-h8,historical_shares,13851,8,673,114
p100-f50-h8,historical_shares,13851,9,629,1
p100-f50-h8,historical_shares,13851,9,631,17
p100-f50-h8,historical_shares,13851,9,673,104
p100-f50-h8,historical_shares,13851,10,629,1
p100-f50-h8,historical_shares,13851,10,631,13
p100-f50-h8,historical_shares,13851,10,673,81
p100-f50-h8,historical_shares,13851,11,629,1
p100-f50-h8,historical_shares,13851,11,631,9
p100-f50-h8,historical_shares,13851,11,673,61
p100-f50-h8,historical_shares,13851,12,629,1
p100-f50-h8,historical_shares,13851,12,631,11
p100-f50-h8,historical_shares,13851,12,673,67
p100-f50-h8,historical_shares,12280,1,629,41
p100-f50-h8,historical_shares,12280,1,631,35
p100-f50-h8,historical_shares,12280,1,673,28
p100-f50-h8,historical_shares,12280,2,629,37
p100-f50-h8,historical_shares,12280,2,631,32
p100-f50-h8,historical_shares,12280,2,673,26
p100-f50-h8,historical_shares,12280,3,629,42
p100-f50-h8,historical_shares,12280,3,631,37
p100-f50-h8,historical_shares,12280,3,673,29
p100-f50-h8,historical_shares,12280,4,629,43
p100-f50-h8,historical_shares,12280,4,631,37
p100-f50-h8,historical_shares,12280,4,673,29
p100-f50-h8,historical_shares,12280,5,629,51
p100-f50-h8,historical_shares,12280,5,631,45
p100-f50-h8,historical_shares,12280,5,673,35
p100-f50-h8,historical_shares,12280,6,629,53
p100-f50-h8,historical_shares,12280,6,631,47
p100-f50-h8,historical_shares,12280,6,673,36
p100-f50-h8,historical_shares,12280,7,629,60
p100-f50-h8,historical_shares,12280,7,631,53
p100-f50-h8,historical_shares,12280,7,673,41
p100-f50-h8,historical_shares,12280,8,629,60
p100-f50-h8,historical_shares,12280,8,631,53
p100-f50-h8,historical_shares,12280,8,673,42
p100-f50-h8,historical_shares,12280,9,629,57
p100-f50-h8,historical_shares,12280,9,631,50
p100-f50-h8,historical_shares,12280,9,673,40
p100-f50-h8,historical_shares,12280,10,629,52
p100-f50-h8,historical_shares,12280,10,631,46
p100-f50-h8,historical_shares,12280,10,673,36
p100-f50-h8,historical_shares,12280,11,629,46
p100-f50-h8,historical_shares,12280,11,631,40
p100-f50-h8,historical_shares,12280,11,673,31
p100-f50-h8,historical_shares,12280,12,629,37
p100-f50-h8,historical_shares,12280,12,631,32
p100-f50-h8,historical_shares,12280,12,673,26
p100-f50-h8,historical_shares,14869,1,629,7
p100-f50-h8,historical_shares,14869,1,631,21
p100-f50-h8,historical_shares,14869,1,673,53
p100-f50-h8,historical_shares,14869,2,629,7
p100-f50-h8,historical_shares,14869,2,631,23
p100-f50-h8,historical_shares,14869,2,673,59
p100-f50-h8,historical_shares,14869,3,629,9
p100-f50-h8,historical_shares,14869,3,631,27
p100-f50-h8,historical_shares,14869,3,673,68
p100-f50-h8,historical_shares,14869,4,629,11
p100-f50-h8,historical_shares,14869,4,631,34
p100-f50-h8,historical_shares,14869,4,673,85
p100-f50-h8,historical_shares,14869,5,629,9
p100-f50-h8,historical_shares,14869,5,631,29
p100-f50-h8,historical_shares,14869,5,673,72
p100-f50-h8,historical_shares,14869,6,629,7
p100-f50-h8,historical_shares,14869,6,631,22
p100-f50-h8,historical_shares,14869,6,673,55
p100-f50-h8,historical_shares,14869,7,629,7
p100-f50-h8,historical_shares,14869,7,631,23
p100-f50-h8,historical_shares,14869,7,673,58
p100-f50-h8,historical_shares,14869,8,629,8
p100-f50-h8,historical_shares,14869,8,631,26
p100-f50-h8,historical_shares,14869,8,673,65
p100-f50-h8,historical_shares,14869,9,629,10
p100-f50-h8,historical_shares,14869,9,631,34
p100-f50-h8,historical_shares,14869,9,673,85
p100-f50-h8,historical_shares,14869,10,629,9
p100-f50-h8,historical_shares,14869,10,631,29
p100-f50-h8,historical_shares,14869,10,673,74
p100-f50-h8,historical_shares,14869,11,629,8
p100-f50-h8,historical_shares,14869,11,631,25
p100-f50-h8,historical_shares,14869,11,673,63
p100-f50-h8,historical_shares,14869,12,629,7
p100-f50-h8,historical_shares,14869,12,631,23
p100-f50-h8,historical_shares,14869,12,673,58
p100-f50-h8,historical_shares,14783,1,629,8
p100-f50-h8,historical_shares,14783,1,631,18
p100-f50-h8,historical_shares,14783,1,673,50
p100-f50-h8,historical_shares,14783,2,629,8
p100-f50-h8,historical_shares,14783,2,631,18
p100-f50-h8,historical_shares,14783,2,673,52
p100-f50-h8,historical_shares,14783,3,629,10
p100-f50-h8,historical_shares,14783,3,631,22
p100-f50-h8,historical_shares,14783,3,673,64
p100-f50-h8,historical_shares,14783,4,629,8
p100-f50-h8,historical_shares,14783,4,631,19
p100-f50-h8,historical_shares,14783,4,673,54
p100-f50-h8,historical_shares,14783,5,629,12
p100-f50-h8,historical_shares,14783,5,631,27
p100-f50-h8,historical_shares,14783,5,673,75
p100-f50-h8,historical_shares,14783,6,629,12
p100-f50-h8,historical_shares,14783,6,631,27
p100-f50-h8,historical_shares,14783,6,673,76
p100-f50-h8,historical_shares,14783,7,629,13
p100-f50-h8,historical_shares,14783,7,631,28
p100-f50-h8,historical_shares,14783,7,673,80
p100-f50-h8,historical_shares,14783,8,629,12
p100-f50-h8,historical_shares,14783,8,631,29
p100-f50-h8,historical_shares,14783,8,673,81
p100-f50-h8,historical_shares,14783,9,629,12
p100-f50-h8,historical_shares,14783,9,631,27
p100-f50-h8,historical_shares,14783,9,673,78
p100-f50-h8,historical_shares,14783,10,629,12
p100-f50-h8,historical_shares,14783,10,631,26
p100-f50-h8,historical_shares,14783,10,673,74
p100-f50-h8,historical_shares,14783,11,629,9
p100-f50-h8,historical_shares,14783,11,631,19
p100-f50-h8,historical_shares,14783,11,673,54
p100-f50-h8,historical_shares,14783,12,629,9
p100-f50-h8,historical_shares,14783,12,631,21
p100-f50-h8,historical_shares,14783,12,673,58
p100-f50-h10,optimized,11109,1,629,0
p100-f50-h10,optimized,11109,1,631,9
p100-f50-h10,optimized,11109,1,673,166
p100-f50-h10,optimized,11109,2,629,0
p100-f50-h10,optimized,11109,2,631,20
p100-f50-h10,optimized,11109,2,673,132
p100-f50-h10,optimized,11109,3,629,0
p100-f50-h10,optimized,11109,3,631,18
p100-f50-h10,optimized,11109,3,673,163
p100-f50-h10,optimized,11109,4,629,0
p100-f50-h10,optimized,11109,4,631,14
p100-f50-h10,optimized,11109,4,673,156
p100-f50-h10,optimized,11109,5,629,0
p100-f50-h10,optimized,11109,5,631,8
p100-f50-h10,optimized,11109,5,673,186
p100-f50-h10,optimized,11109,6,629,0
p100-f50-h10,optimized,11109,6,631,20
p100-f50-h10,optimized,11109,6,673,179
p100-f50-h10,optimized,11109,7,629,0
p100-f50-h10,optimized,11109,7,631,18
p100-f50-h10,optimized,11109,7,673,170
p100-f50-h10,optimized,11109,8,629,0
p100-f50-h10,optimized,11109,8,631,10
p100-f50-h10,optimized,11109,8,673,182
p100-f50-h10,optimized,11109,9,629,0
p100-f50-h10,optimized,11109,9,631,13
p100-f50-h10,optimized,11109,9,673,182
p100-f50-h10,optimized,11109,10,629,0
p100-f50-h10,optimized,11109,10,631,10
p100-f50-h10,optimized,11109,10,673,173
p100-f50-h10,optimized,11109,11,629,0
p100-f50-h10,optimized,11109,11,631,13
p100-f50-h10,optimized,11109,11,673,140
p100-f50-h10,optimized,11109,12,629,0
p100-f50-h10,optimized,11109,12,631,23
p100-f50-h10,optimized,11109,12,673,194
p100-f50-h10,optimized,10372,1,631,0
p100-f50-h10,optimized,10372,1,673,211
p100-f50-h10,optimized,10372,2,631,0
p100-f50-h10,optimized,10372,2,673,190
p100-f50-h10,optimized,10372,3,631,0
p100-f50-h10,optimized,10372,3,673,233
p100-f50-h10,optimized,10372,4,631,0
p100-f50-h10,optimized,10372,4,673,173
p100-f50-h10,optimized,10372,5,631,0
p100-f50-h10,optimized,10372,5,673,18
p100-f50-h10,optimized,10372,6,631,0
p100-f50-h10,optimized,10372,6,673,176
p100-f50-h10,optimized,10372,7,631,0
p100-f50-h10,optimized,10372,7,673,204
p100-f50-h10,optimized,10372,8,631,0
p100-f50-h10,optimized,10372,8,673,210
p100-f50-h10,optimized,10372,9,631,0
p100-f50-h10,optimized,10372,9,673,179
p100-f50-h10,optimized,10372,10,631,0
p100-f50-h10,optimized,10372,10,673,167
p100-f50-h10,optimized,10372,11,631,0
p100-f50-h10,optimized,10372,11,673,133
p100-f50-h10,optimized,10372,12,631,0
p100-f50-h10,optimized,10372,12,673,207
p100-f50-h10,optimized,14457,1,629,0
p100-f50-h10,optimized,14457,1,631,17
p100-f50-h10,optimized,14457,1,673,103
p100-f50-h10,optimized,14457,2,629,0
p100-f50-h10,optimized,14457,2,631,13
p100-f50-h10,optimized,14457,2,673,90
p100-f50-h10,optimized,14457,3,629,0
p100-f50-h10,optimized,14457,3,631,22
p100-f50-h10,optimized,14457,3,673,110
p100-f50-h10,optimized,14457,4,629,0
p100-f50-h10,optimized,14457,4,631,34
p100-f50-h10,optimized,14457,4,673,114
p100-f50-h10,optimized,14457,5,629,0
p100-f50-h10,optimized,14457,5,631,26
p100-f50-h10,optimized,14457,5,673,111
p100-f50-h10,optimized,14457,6,629,0
p100-f50-h10,optimized,14457,6,631,13
p100-f50-h10,optimized,14457,6,673,141
p100-f50-h10,optimized,14457,7,629,0
p100-f50-h10,optimized,14457,7,631,22
p100-f50-h10,optimized,14457,7,673,129
p100-f50-h10,optimized,14457,8,629,0
p100-f50-h10,optimized,14457,8,631,4
p100-f50-h10,optimized,14457,8,673,150
p100-f50-h10,optimized,14457,9,629,0
p100-f50-h10,optimized,14457,9,631,24
p100-f50-h10,optimized,14457,9,673,124
p100-f50-h10,optimized,14457,10,629,0
p100-f50-h10,optimized,14457,10,631,10
p100-f50-h10,optimized,14457,10,673,96
p100-f50-h10,optimized,14457,11,629,0
p100-f50-h10,optimized,14457,11,631,20
p100-f50-h10,optimized,14457,11,673,80
p100-f50-h10,optimized,14457,12,629,0
p100-f50-h10,optimized,14457,12,631,19
p100-f50-h10,optimized,14457,12,673,112
p100-f50-h10,optimized,11122,1,629,0
p100-f50-h10,optimized,11122,1,631,17
p100-f50-h10,optimized,11122,1,673,88
p100-f50-h10,optimized,11122,2,629,0
p100-f50-h10,optimized,11122,2,631,56
p100-f50-h10,optimized,11122,2,673,40
p100-f50-h10,optimized,11122,3,629,0
p100-f50-h10,optimized,11122,3,631,39
p100-f50-h10,optimized,11122,3,673,74
p100-f50-h10,optimized,11122,4,629,0
p100-f50-h10,optimized,11122,4,631,55
p100-f50-h10,optimized,11122,4,673,51
p100-f50-h10,optimized,11122,5,629,0
p100-f50-h10,optimized,11122,5,631,64
p100-f50-h10,optimized,11122,5,673,62
p100-f50-h10,optimized,11122,6,629,0
p100-f50-h10,optimized,11122,6,631,53
p100-f50-h10,optimized,11122,6,673,84
p100-f50-h10,optimized,11122,7,629,0
p100-f50-h10,optimized,11122,7,631,62
p100-f50-h10,optimized,11122,7,673,74
p100-f50-h10,optimized,11122,8,629,0
p100-f50-h10,optimized,11122,8,631,43
p100-f50-h10,optimized,11122,8,673,90
p100-f50-h10,optimized,11122,9,629,0
p100-f50-h10,optimized,11122,9,631,47
p100-f50-h10,optimized,11122,9,673,78
p100-f50-h10,optimized,11122,10,629,0
p100-f50-h10,optimized,11122,10,631,31
p100-f50-h10,optimized,11122,10,673,102
p100-f50-h10,optimized,11122,11,629,0
p100-f50-h10,optimized,11122,11,631,57
p100-f50-h10,optimized,11122,11,673,61
p100-f50-h10,optimized,11122,12,629,0
p100-f50-h10,optimized,11122,12,631,45
p100-f50-h10,optimized,11122,12,673,81
p100-f50-h10,optimized,13851,1,629,0
p100-f50-h10,optimized,13851,1,631,4
p100-f50-h10,optimized,13851,1,673,116
p100-f50-h10,optimized,13851,2,629,0
p100-f50-h10,optimized,13851,2,631,1
p100-f50-h10,optimized,13851,2,673,104
p100-f50-h10,optimized,13851,3,629,0
p100-f50-h10,optimized,13851,3,631,6
p100-f50-h10,optimized,13851,3,673,118
p100-f50-h10,optimized,13851,4,629,0
p100-f50-h10,optimized,13851,4,631,9
p100-f50-h10,optimized,13851,4,673,111
p100-f50-h10,optimized,13851,5,629,0
p100-f50-h10,optimized,13851,5,631,5
p100-f50-h10,optimized,13851,5,673,140
p100-f50-h10,optimized,13851,6,629,0
p100-f50-h10,optimized,13851,6,631,21
p100-f50-h10,optimized,13851,6,673,118
p100-f50-h10,optimized,13851,7,629,0
p100-f50-h10,optimized,13851,7,631,16
p100-f50-h10,optimized,13851,7,673,121
p100-f50-h10,optimized,13851,8,629,0
p100-f50-h10,optimized,13851,8,631,17
p100-f50-h10,optimized,13851,8,673,115
p100-f50-h10,optimized,13851,9,629,0
p100-f50-h10,optimized,13851,9,631,20
p100-f50-h10,optimized,13851,9,673,101
p100-f50-h10,optimized,13851,10,629,0
p100-f50-h10,optimized,13851,10,631,23
p100-f50-h10,optimized,13851,10,673,72
p100-f50-h10,optimized,13851,11,629,0
p100-f50-h10,optimized,13851,11,631,15
p100-f50-h10,optimized,13851,11,673,55
p100-f50-h10,optimized,13851,12,629,0
p100-f50-h10,optimized,13851,12,631,10
p100-f50-h10,optimized,13851,12,673,68
p100-f50-h10,optimized,12280,1,629,0
p100-f50-h10,optimized,12280,1,631,6
p100-f50-h10,optimized,12280,1,673,83
p100-f50-h10,optimized,12280,2,629,0
p100-f50-h10,optimized,12280,2,631,16
p100-f50-h10,optimized,12280,2,673,66
p100-f50-h10,optimized,12280,3,629,0
p100-f50-h10,optimized,12280,3,631,16
p100-f50-h10,optimized,12280,3,673,77
p100-f50-h10,optimized,12280,4,629,0
p100-f50-h10,optimized,12280,4,631,2
p100-f50-h10,optimized,12280,4,673,91
p100-f50-h10,optimized,12280,5,629,0
p100-f50-h10,optimized,12280,5,631,3
p100-f50-h10,optimized,12280,5,673,109
p100-f50-h10,optimized,12280,6,629,0
p100-f50-h10,optimized,12280,6,631,16
p100-f50-h10,optimized,12280,6,673,101
p100-f50-h10,optimized,12280,7,629,0
p100-f50-h10,optimized,12280,7,631,2
p100-f50-h10,optimized,12280,7,673,130
p100-f50-h10,optimized,12280,8,629,0
p100-f50-h10,optimized,12280,8,631,7
p100-f50-h10,optimized,12280,8,673,126
p100-f50-h10,optimized,12280,9,629,0
p100-f50-h10,optimized,12280,9,631,9
p100-f50-h10,optimized,12280,9,673,117
p100-f50-h10,optimized,12280,10,629,0
p100-f50-h10,optimized,12280,10,631,11
p100-f50-h10,optimized,12280,10,673,104
p100-f50-h10,optimized,12280,11,629,0
p100-f50-h10,optimized,12280,11,631,6
p100-f50-h10,optimized,12280,11,673,94
p100-f50-h10,optimized,12280,12,629,0
p100-f50-h10,optimized,12280,12,631,14
p100-f50-h10,optimized,12280,12,673,68
p100-f50-h10,optimized,14869,1,629,0
p100-f50-h10,optimized,14869,1,631,20
p100-f50-h10,optimized,14869,1,673,58
p100-f50-h10,optimized,14869,2,629,0
p100-f50-h10,optimized,14869,2,631,3
p100-f50-h10,optimized,14869,2,673,83
p100-f50-h10,optimized,14869,3,629,0
p100-f50-h10,optimized,14869,3,631,13
p100-f50-h10,optimized,14869,3,673,87
p100-f50-h10,optimized,14869,4,629,0
p100-f50-h10,optimized,14869,4,631,23
p100-f50-h10,optimized,14869,4,673,103
p100-f50-h10,optimized,14869,5,629,0
p100-f50-h10,optimized,14869,5,631,10
p100-f50-h10,optimized,14869,5,673,96
p100-f50-h10,optimized,14869,6,629,0
p100-f50-h10,optimized,14869,6,631,11
p100-f50-h10,optimized,14869,6,673,70
p100-f50-h10,optimized,14869,7,629,0
p100-f50-h10,optimized,14869,7,631,8
p100-f50-h10,optimized,14869,7,673,77
p100-f50-h10,optimized,14869,8,629,0
p100-f50-h10,optimized,14869,8,631,16
p100-f50-h10,optimized,14869,8,673,80
p100-f50-h10,optimized,14869,9,629,0
p100-f50-h10,optimized,14869,9,631,22
p100-f50-h10,optimized,14869,9,673,103
p100-f50-h10,optimized,14869,10,629,0
p100-f50-h10,optimized,14869,10,631,14
p100-f50-h10,optimized,14869,10,673,94
p100-f50-h10,optimized,14869,11,629,0
p100-f50-h10,optimized,14869,11,631,5
p100-f50-h10,optimized,14869,11,673,87
p100-f50-h10,optimized,14869,12,629,0
p100-f50-h10,optimized,14869,12,631,22
p100-f50-h10,optimized,14869,12,673,63
p100-f50-h10,optimized,14783,1,629,0
p100-f50-h10,optimized,14783,1,631,57
p100-f50-h10,optimized,14783,1,673,17
p100-f50-h10,optimized,14783,2,629,0
p100-f50-h10,optimized,14783,2,631,59
p100-f50-h10,optimized,14783,2,673,17
p100-f50-h10,optimized,14783,3,629,0
p100-f50-h10,optimized,14783,3,631,57
p100-f50-h10,optimized,14783,3,673,36
p100-f50-h10,optimized,14783,4,629,0
p100-f50-h10,optimized,14783,4,631,57
p100-f50-h10,optimized,14783,4,673,22
p100-f50-h10,optimized,14783,5,629,0
p100-f50-h10,optimized,14783,5,631,44
p100-f50-h10,optimized,14783,5,673,66
p100-f50-h10,optimized,14783,6,629,0
p100-f50-h10,optimized,14783,6,631,29
p100-f50-h10,optimized,14783,6,673,82
p100-f50-h10,optimized,14783,7,629,0
p100-f50-h10,optimized,14783,7,631,56
p100-f50-h10,optimized,14783,7,673,61
p100-f50-h10,optimized,14783,8,629,0
p100-f50-h10,optimized,14783,8,631,52
p100-f50-h10,optimized,14783,8,673,66
p100-f50-h10,optimized,14783,9,629,0
p100-f50-h10,optimized,14783,9,631,58
p100-f50-h10,optimized,14783,9,673,56
p100-f50-h10,optimized,14783,10,629,0
p100-f50-h10,optimized,14783,10,631,9
p100-f50-h10,optimized,14783,10,673,99
p100-f50-h10,optimized,14783,11,629,0
p100-f50-h10,optimized,14783,11,631,1
p100-f50-h10,optimized,14783,11,673,78
p100-f50-h10,optimized,14783,12,629,0
p100-f50-h10,optimized,14783,12,631,46
p100-f50-h10,optimized,14783,12,673,39
p100-f50-h10,historical_shares,11109,1,629,176
p100-f50-h10,historical_shares,11109,1,631,14
p100-f50-h10,historical_shares,11109,1,673,39
p100-f50-h10,historical_shares,11109,2,629,153
p100-f50-h10,historical_shares,11109,2,631,12
p100-f50-h10,historical_shares,11109,2,673,34
p100-f50-h10,historical_shares,11109,3,629,183
p100-f50-h10,historical_shares,11109,3,631,14
p100-f50-h10,historical_shares,11109,3,673,40
p100-f50-h10,historical_shares,11109,4,629,172
p100-f50-h10,historical_shares,11109,4,631,13
p100-f50-h10,historical_shares,11109,4,673,38
p100-f50-h10,historical_shares,11109,5,629,197
p100-f50-h10,historical_shares,11109,5,631,15
p100-f50-h10,historical_shares,11109,5,673,43
p100-f50-h10,historical_shares,11109,6,629,201
p100-f50-h10,historical_shares,11109,6,631,15
p100-f50-h10,historical_shares,11109,6,673,45
p100-f50-h10,historical_shares,11109,7,629,190
p100-f50-h10,historical_shares,11109,7,631,14
p100-f50-h10,historical_shares,11109,7,673,42
p100-f50-h10,historical_shares,11109,8,629,194
p100-f50-h10,historical_shares,11109,8,631,15
p100-f50-h10,historical_shares,11109,8,673,43
p100-f50-h10,historical_shares,11109,9,629,197
p100-f50-h10,historical_shares,11109,9,631,15
p100-f50-h10,historical_shares,11109,9,673,44
p100-f50-h10,historical_shares,11109,10,629,185
p100-f50-h10,historical_shares,11109,10,631,14
p100-f50-h10,historical_shares,11109,10,673,41
p100-f50-h10,historical_shares,11109,11,629,154
p100-f50-h10,historical_shares,11109,11,631,12
p100-f50-h10,historical_shares,11109,11,673,34
p100-f50-h10,historical_shares,11109,12,629,219
p100-f50-h10,historical_shares,11109,12,631,17
p100-f50-h10,historical_shares,11109,12,673,48
p100-f50-h10,historical_shares,10372,1,631,20
p100-f50-h10,historical_shares,10372,1,673,191
p100-f50-h10,historical_shares,10372,2,631,18
p100-f50-h10,historical_shares,10372,2,673,172
p100-f50-h10,historical_shares,10372,3,631,22
p100-f50-h10,historical_shares,10372,3,673,212
p100-f50-h10,historical_shares,10372,4,631,17
p100-f50-h10,historical_shares,10372,4,673,156
p100-f50-h10,historical_shares,10372,5,631,2
p100-f50-h10,historical_shares,10372,5,673,16
p100-f50-h10,historical_shares,10372,6,631,17
p100-f50-h10,historical_shares,10372,6,673,159
p100-f50-h10,historical_shares,10372,7,631,20
p100-f50-h10,historical_shares,10372,7,673,184
p100-f50-h10,historical_shares,10372,8,631,20
p100-f50-h10,historical_shares,10372,8,673,190
p100-f50-h10,historical_shares,10372,9,631,17
p100-f50-h10,historical_shares,10372,9,673,162
p100-f50-h10,historical_shares,10372,10,631,16
p100-f50-h10,historical_shares,10372,10,673,152
p100-f50-h10,historical_shares,10372,11,631,13
p100-f50-h10,historical_shares,10372,11,673,120
p100-f50-h10,historical_shares,10372,12,631,20
p100-f50-h10,historical_shares,10372,12,673,187
p100-f50-h10,historical_shares,14457,1,629,105
p100-f50-h10,historical_shares,14457,1,631,10
p100-f50-h10,historical_shares,14457,1,673,37
p100-f50-h10,historical_shares,14457,2,629,90
p100-f50-h10,historical_shares,14457,2,631,9
p100-f50-h10,historical_shares,14457,2,673,32
p100-f50-h10,historical_shares,14457,3,629,115
p100-f50-h10,historical_shares,14457,3,631,12
p100-f50-h10,historical_shares,14457,3,673,40
p100-f50-h10,historical_shares,14457,4,629,129
p100-f50-h10,historical_shares,14457,4,631,13
p100-f50-h10,historical_shares,14457,4,673,45
p100-f50-h10,historical_shares,14457,5,629,119
p100-f50-h10,historical_shares,14457,5,631,12
p100-f50-h10,historical_shares,14457,5,673,42
p100-f50-h10,historical_shares,14457,6,629,134
p100-f50-h10,historical_shares,14457,6,631,14
p100-f50-h10,historical_shares,14457,6,673,47
p100-f50-h10,historical_shares,14457,7,629,132
p100-f50-h10,historical_shares,14457,7,631,13
p100-f50-h10,historical_shares,14457,7,673,47
p100-f50-h10,historical_shares,14457,8,629,135
p100-f50-h10,historical_shares,14457,8,631,14
p100-f50-h10,historical_shares,14457,8,673,47
p100-f50-h10,historical_shares,14457,9,629,130
p100-f50-h10,historical_shares,14457,9,631,13
p100-f50-h10,historical_shares,14457,9,673,45
p100-f50-h10,historical_shares,14457,10,629,93
p100-f50-h10,historical_shares,14457,10,631,9
p100-f50-h10,historical_shares,14457,10,673,33
p100-f50-h10,historical_shares,14457,11,629,87
p100-f50-h10,historical_shares,14457,11,631,9
p100-f50-h10,historical_shares,14457,11,673,31
p100-f50-h10,historical_shares,14457,12,629,114
p100-f50-h10,historical_shares,14457,12,631,12
p100-f50-h10,historical_shares,14457,12,673,40
p100-f50-h10,historical_shares,11122,1,629,131
p100-f50-h10,historical_shares,11122,1,631,9
p100-f50-h10,historical_shares,11122,1,673,4
p100-f50-h10,historical_shares,11122,2,629,119
p100-f50-h10,historical_shares,11122,2,631,8
p100-f50-h10,historical_shares,11122,2,673,4
p100-f50-h10,historical_shares,11122,3,629,140
p100-f50-h10,historical_shares,11122,3,631,9
p100-f50-h10,historical_shares,11122,3,673,5
p100-f50-h10,historical_shares,11122,4,629,132
p100-f50-h10,historical_shares,11122,4,631,9
p100-f50-h10,historical_shares,11122,4,673,4
p100-f50-h10,historical_shares,11122,5,629,157
p100-f50-h10,historical_shares,11122,5,631,10
p100-f50-h10,historical_shares,11122,5,673,5
p100-f50-h10,historical_shares,11122,6,629,171
p100-f50-h10,historical_shares,11122,6,631,11
p100-f50-h10,historical_shares,11122,6,673,5
p100-f50-h10,historical_shares,11122,7,629,170
p100-f50-h10,historical_shares,11122,7,631,11
p100-f50-h10,historical_shares,11122,7,673,5
p100-f50-h10,historical_shares,11122,8,629,166
p100-f50-h10,historical_shares,11122,8,631,11
p100-f50-h10,historical_shares,11122,8,673,5
p100-f50-h10,historical_shares,11122,9,629,156
p100-f50-h10,historical_shares,11122,9,631,10
p100-f50-h10,historical_shares,11122,9,673,5
p100-f50-h10,historical_shares,11122,10,629,166
p100-f50-h10,historical_shares,11122,10,631,11
p100-f50-h10,historical_shares,11122,10,673,5
p100-f50-h10,historical_shares,11122,11,629,147
p100-f50-h10,historical_shares,11122,11,631,9
p100-f50-h10,historical_shares,11122,11,673,5
p100-f50-h10,historical_shares,11122,12,629,157
p100-f50-h10,historical_shares,11122,12,631,10
p100-f50-h10,historical_shares,11122,12,673,5
p100-f50-h10,historical_shares,13851,1,629,1
p100-f50-h10,historical_shares,13851,1,631,16
p100-f50-h10,historical_shares,13851,1,673,104
p100-f50-h10,historical_shares,13851,2,629,1
p100-f50-h10,historical_shares,13851,2,631,14
p100-f50-h10,historical_shares,13851,2,673,91
p100-f50-h10,historical_shares,13851,3,629,1
p100-f50-h10,historical_shares,13851,3,631,17
p100-f50-h10,historical_shares,13851,3,673,107
p100-f50-h10,historical_shares,13851,4,629,1
p100-f50-h10,historical_shares,13851,4,631,16
p100-f50-h10,historical_shares,13851,4,673,104
p100-f50-h10,historical_shares,13851,5,629,1
p100-f50-h10,historical_shares,13851,5,631,20
p100-f50-h10,historical_shares,13851,5,673,125
p100-f50-h10,historical_shares,13851,6,629,1
p100-f50-h10,historical_shares,13851,6,631,19
p100-f50-h10,historical_shares,13851,6,673,120
p100-f50-h10,historical_shares,13851,7,629,1
p100-f50-h10,historical_shares,13851,7,631,19
p100-f50-h10,historical_shares,13851,7,673,118
p100-f50-h10,historical_shares,13851,8,629,1
p100-f50-h10,historical_shares,13851,8,631,18
p100-f50-h10,historical_shares,13851,8,673,114
p100-f50-h10,historical_shares,13851,9,629,1
p100-f50-h10,historical_shares,13851,9,631,17
p100-f50-h10,historical_shares,13851,9,673,104
p100-f50-h10,historical_shares,13851,10,629,1
p100-f50-h10,historical_shares,13851,10,631,13
p100-f50-h10,historical_shares,13851,10,673,81
p100-f50-h10,historical_shares,13851,11,629,1
p100-f50-h10,historical_shares,13851,11,631,9
p100-f50-h10,historical_shares,13851,11,673,61
p100-f50-h10,historical_shares,13851,12,629,1
p100-f50-h10,historical_shares,13851,12,631,11
p100-f50-h10,historical_shares,13851,12,673,67
p100-f50-h10,historical_shares,12280,1,629,41
p100-f50-h10,historical_shares,12280,1,631,35
p100-f50-h10,historical_shares,12280,1,673,28
p100-f50-h10,historical_shares,12280,2,629,37
p100-f50-h10,historical_shares,12280,2,631,32
p100-f50-h10,historical_shares,12280,2,673,26
p100-f50-h10,historical_shares,12280,3,629,42
p100-f50-h10,historical_shares,12280,3,631,37
p100-f50-h10,historical_shares,12280,3,673,29
p100-f50-h10,historical_shares,12280,4,629,43
p100-f50-h10,historical_shares,12280,4,631,37
p100-f50-h10,historical_shares,12280,4,673,29
p100-f50-h10,historical_shares,12280,5,629,51
p100-f50-h10,historical_shares,12280,5,631,45
p100-f50-h10,historical_shares,12280,5,673,35
p100-f50-h10,historical_shares,12280,6,629,53
p100-f50-h10,historical_shares,12280,6,631,47
p100-f50-h10,historical_shares,12280,6,673,36
p100-f50-h10,historical_shares,12280,7,629,60
p100-f50-h10,historical_shares,12280,7,631,53
p100-f50-h10,historical_shares,12280,7,673,41
p100-f50-h10,historical_shares,12280,8,629,60
p100-f50-h10,historical_shares,12280,8,631,53
p100-f50-h10,historical_shares,12280,8,673,42
p100-f50-h10,historical_shares,12280,9,629,57
p100-f50-h10,historical_shares,12280,9,631,50
p100-f50-h10,historical_shares,12280,9,673,40
p100-f50-h10,historical_shares,12280,10,629,52
p100-f50-h10,historical_shares,12280,10,631,46
p100-f50-h10,historical_shares,12280,10,673,36
p100-f50-h10,historical_shares,12280,11,629,46
p100-f50-h10,historical_shares,12280,11,631,40
p100-f50-h10,historical_shares,12280,11,673,31
p100-f50-h10,historical_shares,12280,12,629,37
p100-f50-h10,historical_shares,12280,12,631,32
p100-f50-h10,historical_shares,12280,12,673,26
p100-f50-h10,historical_shares,14869,1,629,7
p100-f50-h10,historical_shares,14869,1,631,21
p100-f50-h10,historical_shares,14869,1,673,53
p100-f50-h10,historical_shares,14869,2,629,7
p100-f50-h10,historical_shares,14869,2,631,23
p100-f50-h10,historical_shares,14869,2,673,59
p100-f50-h10,historical_shares,14869,3,629,9
p100-f50-h10,historical_shares,14869,3,631,27
p100-f50-h10,historical_shares,14869,3,673,68
p100-f50-h10,historical_shares,14869,4,629,11
p100-f50-h10,historical_shares,14869,4,631,34
p100-f50-h10,historical_shares,14869,4,673,85
p100-f50-h10,historical_shares,14869,5,629,9
p100-f50-h10,historical_shares,14869,5,631,29
p100-f50-h10,historical_shares,14869,5,673,72
p100-f50-h10,historical_shares,14869,6,629,7
p100-f50-h10,historical_shares,14869,6,631,22
p100-f50-h10,historical_shares,14869,6,673,55
p100-f50-h10,historical_shares,14869,7,629,7
p100-f50-h10,historical_shares,14869,7,631,23
p100-f50-h10,historical_shares,14869,7,673,58
p100-f50-h10,historical_shares,14869,8,629,8
p100-f50-h10,historical_shares,14869,8,631,26
p100-f50-h10,historical_shares,14869,8,673,65
p100-f50-h10,historical_shares,14869,9,629,10
p100-f50-h10,historical_shares,14869,9,631,34
p100-f50-h10,historical_shares,14869,9,673,85
p100-f50-h10,historical_shares,14869,10,629,9
p100-f50-h10,historical_shares,14869,10,631,29
p100-f50-h10,historical_shares,14869,10,673,74
p100-f50-h10,historical_shares,14869,11,629,8
p100-f50-h10,historical_shares,14869,11,631,25
p100-f50-h10,historical_shares,14869,11,673,63
p100-f50-h10,historical_shares,14869,12,629,7
p100-f50-h10,historical_shares,14869,12,631,23
p100-f50-h10,historical_shares,14869,12,673,58
p100-f50-h10,historical_shares,14783,1,629,8
p100-f50-h10,historical_shares,14783,1,631,18
p100-f50-h10,historical_shares,14783,1,673,50
p100-f50-h10,historical_shares,14783,2,629,8
p100-f50-h10,historical_shares,14783,2,631,18
p100-f50-h10,historical_shares,14783,2,673,52
p100-f50-h10,historical_shares,14783,3,629,10
p100-f50-h10,historical_shares,14783,3,631,22
p100-f50-h10,historical_shares,14783,3,673,64
p100-f50-h10,historical_shares,14783,4,629,8
p100-f50-h10,historical_shares,14783,4,631,19
p100-f50-h10,historical_shares,14783,4,673,54
p100-f50-h10,historical_shares,14783,5,629,12
p100-f50-h10,historical_shares,14783,5,631,27
p100-f50-h10,historical_shares,14783,5,673,75
p100-f50-h10,historical_shares,14783,6,629,12
p100-f50-h10,historical_shares,14783,6,631,27
p100-f50-h10,historical_shares,14783,6,673,76
p100-f50-h10,historical_shares,14783,7,629,13
p100-f50-h10,historical_shares,14783,7,631,28
p100-f50-h10,historical_shares,14783,7,673,80
p100-f50-h10,historical_shares,14783,8,629,12
p100-f50-h10,historical_shares,14783,8,631,29
p100-f50-h10,historical_shares,14783,8,673,81
p100-f50-h10,historical_shares,14783,9,629,12
p100-f50-h10,historical_shares,14783,9,631,27
p100-f50-h10,historical_shares,14783,9,673,78
p100-f50-h10,historical_shares,14783,10,629,12
p100-f50-h10,historical_shares,14783,10,631,26
p100-f50-h10,historical_shares,14783,10,673,74
p100-f50-h10,historical_shares,14783,11,629,9
p100-f50-h10,historical_shares,14783,11,631,19
p100-f50-h10,historical_shares,14783,11,673,54
p100-f50-h10,historical_shares,14783,12,629,9
p100-f50-h10,historical_shares,14783,12,631,21
p100-f50-h10,historical_shares,14783,12,673,58
p100-f75-h6,optimized,11109,1,629,0
p100-f75-h6,optimized,11109,1,631,214
p100-f75-h6,optimized,11109,1,673,0
p100-f75-h6,optimized,11109,2,629,0
p100-f75-h6,optimized,11109,2,631,196
p100-f75-h6,optimized,11109,2,673,0
p100-f75-h6,optimized,11109,3,629,0
p100-f75-h6,optimized,11109,3,631,222
p100-f75-h6,optimized,11109,3,673,0
p100-f75-h6,optimized,11109,4,629,0
p100-f75-h6,optimized,11109,4,631,216
p100-f75-h6,optimized,11109,4,673,0
p100-f75-h6,optimized,11109,5,629,0
p100-f75-h6,optimized,11109,5,631,239
p100-f75-h6,optimized,11109,5,673,0
p100-f75-h6,optimized,11109,6,629,0
p100-f75-h6,optimized,11109,6,631,243
p100-f75-h6,optimized,11109,6,673,0
p100-f75-h6,optimized,11109,7,629,0
p100-f75-h6,optimized,11109,7,631,261
p100-f75-h6,optimized,11109,7,673,0
p100-f75-h6,optimized,11109,8,629,0
p100-f75-h6,optimized,11109,8,631,252
p100-f75-h6,optimized,11109,8,673,0
p100-f75-h6,optimized,11109,9,629,0
p100-f75-h6,optimized,11109,9,631,229
p100-f75-h6,optimized,11109,9,673,0
p100-f75-h6,optimized,11109,10,629,0
p100-f75-h6,optimized,11109,10,631,228
p100-f75-h6,optimized,11109,10,673,0
p100-f75-h6,optimized,11109,11,629,0
p100-f75-h6,optimized,11109,11,631,187
p100-f75-h6,optimized,11109,11,673,0
p100-f75-h6,optimized,11109,12,629,0
p100-f75-h6,optimized,11109,12,631,249
p100-f75-h6,optimized,11109,12,673,0
p100-f75-h6,optimized,10372,1,631,0
p100-f75-h6,optimized,10372,1,673,215
p100-f75-h6,optimized,10372,2,631,0
p100-f75-h6,optimized,10372,2,673,190
p100-f75-h6,optimized,10372,3,631,0
p100-f75-h6,optimized,10372,3,673,233
p100-f75-h6,optimized,10372,4,631,0
p100-f75-h6,optimized,10372,4,673,181
p100-f75-h6,optimized,10372,5,631,0
p100-f75-h6,optimized,10372,5,673,27
p100-f75-h6,optimized,10372,6,631,0
p100-f75-h6,optimized,10372,6,673,176
p100-f75-h6,optimized,10372,7,631,0
p100-f75-h6,optimized,10372,7,673,204
p100-f75-h6,optimized,10372,8,631,0
p100-f75-h6,optimized,10372,8,673,210
p100-f75-h6,optimized,10372,9,631,45
p100-f75-h6,optimized,10372,9,673,134
p100-f75-h6,optimized,10372,10,631,0
p100-f75-h6,optimized,10372,10,673,167
p100-f75-h6,optimized,10372,11,631,0
p100-f75-h6,optimized,10372,11,673,133
p100-f75-h6,optimized,10372,12,631,0
p100-f75-h6,optimized,10372,12,673,207
p100-f75-h6,optimized,14457,1,629,0
p100-f75-h6,optimized,14457,1,631,129
p100-f75-h6,optimized,14457,1,673,0
p100-f75-h6,optimized,14457,2,629,0
p100-f75-h6,optimized,14457,2,631,118
p100-f75-h6,optimized,14457,2,673,0
p100-f75-h6,optimized,14457,3,629,0
p100-f75-h6,optimized,14457,3,631,158
p100-f75-h6,optimized,14457,3,673,0
p100-f75-h6,optimized,14457,4,629,0
p100-f75-h6,optimized,14457,4,631,159
p100-f75-h6,optimized,14457,4,673,0
p100-f75-h6,optimized,14457,5,629,0
p100-f75-h6,optimized,14457,5,631,142
p100-f75-h6,optimized,14457,5,673,0
p100-f75-h6,optimized,14457,6,629,0
p100-f75-h6,optimized,14457,6,631,161
p100-f75-h6,optimized,14457,6,673,0
p100-f75-h6,optimized,14457,7,629,0
p100-f75-h6,optimized,14457,7,631,156
p100-f75-h6,optimized,14457,7,673,0
p100-f75-h6,optimized,14457,8,629,0
p100-f75-h6,optimized,14457,8,631,160
p100-f75-h6,optimized,14457,8,673,0
p100-f75-h6,optimized,14457,9,629,0
p100-f75-h6,optimized,14457,9,631,24
p100-f75-h6,optimized,14457,9,673,124
p100-f75-h6,optimized,14457,10,629,0
p100-f75-h6,optimized,14457,10,631,132
p100-f75-h6,optimized,14457,10,673,0
p100-f75-h6,optimized,14457,11,629,0
p100-f75-h6,optimized,14457,11,631,119
p100-f75-h6,optimized,14457,11,673,0
p100-f75-h6,optimized,14457,12,629,0
p100-f75-h6,optimized,14457,12,631,138
p100-f75-h6,optimized,14457,12,673,0
p100-f75-h6,optimized,11122,1,629,0
p100-f75-h6,optimized,11122,1,631,138
p100-f75-h6,optimized,11122,1,673,0
p100-f75-h6,optimized,11122,2,629,0
p100-f75-h6,optimized,11122,2,631,126
p100-f75-h6,optimized,11122,2,673,0
p100-f75-h6,optimized,11122,3,629,0
p100-f75-h6,optimized,11122,3,631,139
p100-f75-h6,optimized,11122,3,673,0
p100-f75-h6,optimized,11122,4,629,0
p100-f75-h6,optimized,11122,4,631,134
p100-f75-h6,optimized,11122,4,673,0
p100-f75-h6,optimized,11122,5,629,0
p100-f75-h6,optimized,11122,5,631,149
p100-f75-h6,optimized,11122,5,673,0
p100-f75-h6,optimized,11122,6,629,0
p100-f75-h6,optimized,11122,6,631,160
p100-f75-h6,optimized,11122,6,673,0
p100-f75-h6,optimized,11122,7,629,0
p100-f75-h6,optimized,11122,7,631,159
p100-f75-h6,optimized,11122,7,673,0
p100-f75-h6,optimized,11122,8,629,0
p100-f75-h6,optimized,11122,8,631,162
p100-f75-h6,optimized,11122,8,673,0
p100-f75-h6,optimized,11122,9,629,0
p100-f75-h6,optimized,11122,9,631,159
p100-f75-h6,optimized,11122,9,673,0
p100-f75-h6,optimized,11122,10,629,0
p100-f75-h6,optimized,11122,10,631,162
p100-f75-h6,optimized,11122,10,673,0
p100-f75-h6,optimized,11122,11,629,0
p100-f75-h6,optimized,11122,11,631,153
p100-f75-h6,optimized,11122,11,673,0
p100-f75-h6,optimized,11122,12,629,0
p100-f75-h6,optimized,11122,12,631,163
p100-f75-h6,optimized,11122,12,673,0
p100-f75-h6,optimized,13851,1,629,0
p100-f75-h6,optimized,13851,1,631,4
p100-f75-h6,optimized,13851,1,673,116
p100-f75-h6,optimized,13851,2,629,0
p100-f75-h6,optimized,13851,2,631,1
p100-f75-h6,optimized,13851,2,673,104
p100-f75-h6,optimized,13851,3,629,0
p100-f75-h6,optimized,13851,3,631,6
p100-f75-h6,optimized,13851,3,673,118
p100-f75-h6,optimized,13851,4,629,0
p100-f75-h6,optimized,13851,4,631,9
p100-f75-h6,optimized,13851,4,673,111
p100-f75-h6,optimized,13851,5,629,0
p100-f75-h6,optimized,13851,5,631,5
p100-f75-h6,optimized,13851,5,673,140
p100-f75-h6,optimized,13851,6,629,0
p100-f75-h6,optimized,13851,6,631,21
p100-f75-h6,optimized,13851,6,673,118
p100-f75-h6,optimized,13851,7,629,0
p100-f75-h6,optimized,13851,7,631,0
p100-f75-h6,optimized,13851,7,673,137
p100-f75-h6,optimized,13851,8,629,0
p100-f75-h6,optimized,13851,8,631,17
p100-f75-h6,optimized,13851,8,673,115
p100-f75-h6,optimized,13851,9,629,0
p100-f75-h6,optimized,13851,9,631,20
p100-f75-h6,optimized,13851,9,673,101
p100-f75-h6,optimized,13851,10,629,0
p100-f75-h6,optimized,13851,10,631,23
p100-f75-h6,optimized,13851,10,673,72
p100-f75-h6,optimized,13851,11,629,0
p100-f75-h6,optimized,13851,11,631,15
p100-f75-h6,optimized,13851,11,673,55
p100-f75-h6,optimized,13851,12,629,0
p100-f75-h6,optimized,13851,12,631,10
p100-f75-h6,optimized,13851,12,673,68
p100-f75-h6,optimized,12280,1,629,0
p100-f75-h6,optimized,12280,1,631,61
p100-f75-h6,optimized,12280,1,673,31
p100-f75-h6,optimized,12280,2,629,0
p100-f75-h6,optimized,12280,2,631,35
p100-f75-h6,optimized,12280,2,673,48
p100-f75-h6,optimized,12280,3,629,0
p100-f75-h6,optimized,12280,3,631,16
p100-f75-h6,optimized,12280,3,673,77
p100-f75-h6,optimized,12280,4,629,0
p100-f75-h6,optimized,12280,4,631,2
p100-f75-h6,optimized,12280,4,673,91
p100-f75-h6,optimized,12280,5,629,0
p100-f75-h6,optimized,12280,5,631,58
p100-f75-h6,optimized,12280,5,673,57
p100-f75-h6,optimized,12280,6,629,0
p100-f75-h6,optimized,12280,6,631,16
p100-f75-h6,optimized,12280,6,673,101
p100-f75-h6,optimized,12280,7,629,0
p100-f75-h6,optimized,12280,7,631,71
p100-f75-h6,optimized,12280,7,673,67
p100-f75-h6,optimized,12280,8,629,0
p100-f75-h6,optimized,12280,8,631,25
p100-f75-h6,optimized,12280,8,673,109
p100-f75-h6,optimized,12280,9,629,0
p100-f75-h6,optimized,12280,9,631,9
p100-f75-h6,optimized,12280,9,673,117
p100-f75-h6,optimized,12280,10,629,0
p100-f75-h6,optimized,12280,10,631,11
p100-f75-h6,optimized,12280,10,673,104
p100-f75-h6,optimized,12280,11,629,0
p100-f75-h6,optimized,12280,11,631,6
p100-f75-h6,optimized,12280,11,673,94
p100-f75-h6,optimized,12280,12,629,0
p100-f75-h6,optimized,12280,12,631,14
p100-f75-h6,optimized,12280,12,673,68
p100-f75-h6,optimized,14869,1,629,0
p100-f75-h6,optimized,14869,1,631,66
p100-f75-h6,optimized,14869,1,673,14
p100-f75-h6,optimized,14869,2,629,0
p100-f75-h6,optimized,14869,2,631,27
p100-f75-h6,optimized,14869,2,673,60
p100-f75-h6,optimized,14869,3,629,0
p100-f75-h6,optimized,14869,3,631,13
p100-f75-h6,optimized,14869,3,673,87
p100-f75-h6,optimized,14869,4,629,0
p100-f75-h6,optimized,14869,4,631,23
p100-f75-h6,optimized,14869,4,673,103
p100-f75-h6,optimized,14869,5,629,0
p100-f75-h6,optimized,14869,5,631,9
p100-f75-h6,optimized,14869,5,673,97
p100-f75-h6,optimized,14869,6,629,0
p100-f75-h6,optimized,14869,6,631,11
p100-f75-h6,optimized,14869,6,673,70
p100-f75-h6,optimized,14869,7,629,0
p100-f75-h6,optimized,14869,7,631,0
p100-f75-h6,optimized,14869,7,673,85
p100-f75-h6,optimized,14869,8,629,0
p100-f75-h6,optimized,14869,8,631,16
p100-f75-h6,optimized,14869,8,673,80
p100-f75-h6,optimized,14869,9,629,0
p100-f75-h6,optimized,14869,9,631,22
p100-f75-h6,optimized,14869,9,673,103
p100-f75-h6,optimized,14869,10,629,0
p100-f75-h6,optimized,14869,10,631,14
p100-f75-h6,optimized,14869,10,673,94
p100-f75-h6,optimized,14869,11,629,0
p100-f75-h6,optimized,14869,11,631,5
p100-f75-h6,optimized,14869,11,673,87
p100-f75-h6,optimized,14869,12,629,0
p100-f75-h6,optimized,14869,12,631,20
p100-f75-h6,optimized,14869,12,673,65
p100-f75-h6,optimized,14783,1,629,0
p100-f75-h6,optimized,14783,1,631,10
p100-f75-h6,optimized,14783,1,673,64
p100-f75-h6,optimized,14783,2,629,0
p100-f75-h6,optimized,14783,2,631,52
p100-f75-h6,optimized,14783,2,673,24
p100-f75-h6,optimized,14783,3,629,0
p100-f75-h6,optimized,14783,3,631,57
p100-f75-h6,optimized,14783,3,673,36
p100-f75-h6,optimized,14783,4,629,0
p100-f75-h6,optimized,14783,4,631,57
p100-f75-h6,optimized,14783,4,673,22
p100-f75-h6,optimized,14783,5,629,0
p100-f75-h6,optimized,14783,5,631,28
p100-f75-h6,optimized,14783,5,673,82
p100-f75-h6,optimized,14783,6,629,0
p100-f75-h6,optimized,14783,6,631,12
p100-f75-h6,optimized,14783,6,673,99
p100-f75-h6,optimized,14783,7,629,0
p100-f75-h6,optimized,14783,7,631,0
p100-f75-h6,optimized,14783,7,673,117
p100-f75-h6,optimized,14783,8,629,0
p100-f75-h6,optimized,14783,8,631,11
p100-f75-h6,optimized,14783,8,673,107
p100-f75-h6,optimized,14783,9,629,0
p100-f75-h6,optimized,14783,9,631,67
p100-f75-h6,optimized,14783,9,673,47
p100-f75-h6,optimized,14783,10,629,0
p100-f75-h6,optimized,14783,10,631,9
p100-f75-h6,optimized,14783,10,673,99
p100-f75-h6,optimized,14783,11,629,0
p100-f75-h6,optimized,14783,11,631,1
p100-f75-h6,optimized,14783,11,673,78
p100-f75-h6,optimized,14783,12,629,0
p100-f75-h6,optimized,14783,12,631,41
p100-f75-h6,optimized,14783,12,673,44
p100-f75-h6,historical_shares,11109,1,629,176
p100-f75-h6,historical_shares,11109,1,631,14
p100-f75-h6,historical_shares,11109,1,673,39
p100-f75-h6,historical_shares,11109,2,629,153
p100-f75-h6,historical_shares,11109,2,631,12
p100-f75-h6,historical_shares,11109,2,673,34
p100-f75-h6,historical_shares,11109,3,629,183
p100-f75-h6,historical_shares,11109,3,631,14
p100-f75-h6,historical_shares,11109,3,673,40
p100-f75-h6,historical_shares,11109,4,629,172
p100-f75-h6,historical_shares,11109,4,631,13
p100-f75-h6,historical_shares,11109,4,673,38
p100-f75-h6,historical_shares,11109,5,629,197
p100-f75-h6,historical_shares,11109,5,631,15
p100-f75-h6,historical_shares,11109,5,673,43
p100-f75-h6,historical_shares,11109,6,629,201
p100-f75-h6,historical_shares,11109,6,631,15
p100-f75-h6,historical_shares,11109,6,673,45
p100-f75-h6,historical_shares,11109,7,629,201
p100-f75-h6,historical_shares,11109,7,631,15
p100-f75-h6,historical_shares,11109,7,673,45
p100-f75-h6,historical_shares,11109,8,629,194
p100-f75-h6,historical_shares,11109,8,631,15
p100-f75-h6,historical_shares,11109,8,673,43
p100-f75-h6,historical_shares,11109,9,629,197
p100-f75-h6,historical_shares,11109,9,631,15
p100-f75-h6,historical_shares,11109,9,673,44
p100-f75-h6,historical_shares,11109,10,629,185
p100-f75-h6,historical_shares,11109,10,631,14
p100-f75-h6,historical_shares,11109,10,673,41
p100-f75-h6,historical_shares,11109,11,629,154
p100-f75-h6,historical_shares,11109,11,631,12
p100-f75-h6,historical_shares,11109,11,673,34
p100-f75-h6,historical_shares,11109,12,629,219
p100-f75-h6,historical_shares,11109,12,631,17
p100-f75-h6,historical_shares,11109,12,673,48
p100-f75-h6,historical_shares,10372,1,631,21
p100-f75-h6,historical_shares,10372,1,673,194
p100-f75-h6,historical_shares,10372,2,631,18
p100-f75-h6,historical_shares,10372,2,673,172
p100-f75-h6,historical_shares,10372,3,631,22
p100-f75-h6,historical_shares,10372,3,673,212
p100-f75-h6,historical_shares,10372,4,631,17
p100-f75-h6,historical_shares,10372,4,673,164
p100-f75-h6,historical_shares,10372,5,631,3
p100-f75-h6,historical_shares,10372,5,673,24
p100-f75-h6,historical_shares,10372,6,631,17
p100-f75-h6,historical_shares,10372,6,673,159
p100-f75-h6,historical_shares,10372,7,631,20
p100-f75-h6,historical_shares,10372,7,673,184
p100-f75-h6,historical_shares,10372,8,631,20
p100-f75-h6,historical_shares,10372,8,673,190
p100-f75-h6,historical_shares,10372,9,631,17
p100-f75-h6,historical_shares,10372,9,673,162
p100-f75-h6,historical_shares,10372,10,631,16
p100-f75-h6,historical_shares,10372,10,673,152
p100-f75-h6,historical_shares,10372,11,631,13
p100-f75-h6,historical_shares,10372,11,673,120
p100-f75-h6,historical_shares,10372,12,631,20
p100-f75-h6,historical_shares,10372,12,673,187
p100-f75-h6,historical_shares,14457,1,629,105
p100-f75-h6,historical_shares,14457,1,631,10
p100-f75-h6,historical_shares,14457,1,673,37
p100-f75-h6,historical_shares,14457,2,629,90
p100-f75-h6,historical_shares,14457,2,631,9
p100-f75-h6,historical_shares,14457,2,673,32
p100-f75-h6,historical_shares,14457,3,629,115
p100-f75-h6,historical_shares,14457,3,631,12
p100-f75-h6,historical_shares,14457,3,673,40
p100-f75-h6,historical_shares,14457,4,629,129
p100-f75-h6,historical_shares,14457,4,631,13
p100-f75-h6,historical_shares,14457,4,673,45
p100-f75-h6,historical_shares,14457,5,629,119
p100-f75-h6,historical_shares,14457,5,631,12
p100-f75-h6,historical_shares,14457,5,673,42
p100-f75-h6,historical_shares,14457,6,629,134
p100-f75-h6,historical_shares,14457,6,631,14
p100-f75-h6,historical_shares,14457,6,673,47
p100-f75-h6,historical_shares,14457,7,629,132
p100-f75-h6,historical_shares,14457,7,631,13
p100-f75-h6,historical_shares,14457,7,673,47
p100-f75-h6,historical_shares,14457,8,629,135
p100-f75-h6,historical_shares,14457,8,631,14
p100-f75-h6,historical_shares,14457,8,673,47
p100-f75-h6,historical_shares,14457,9,629,130
p100-f75-h6,historical_shares,14457,9,631,13
p100-f75-h6,historical_shares,14457,9,673,45
p100-f75-h6,historical_shares,14457,10,629,93
p100-f75-h6,historical_shares,14457,10,631,9
p100-f75-h6,historical_shares,14457,10,673,33
p100-f75-h6,historical_shares,14457,11,629,87
p100-f75-h6,historical_shares,14457,11,631,9
p100-f75-h6,historical_shares,14457,11,673,31
p100-f75-h6,historical_shares,14457,12,629,114
p100-f75-h6,historical_shares,14457,12,631,12
p100-f75-h6,historical_shares,14457,12,673,40
p100-f75-h6,historical_shares,11122,1,629,131
p100-f75-h6,historical_shares,11122,1,631,9
p100-f75-h6,historical_shares,11122,1,673,4
p100-f75-h6,historical_shares,11122,2,629,119
p100-f75-h6,historical_shares,11122,2,631,8
p100-f75-h6,historical_shares,11122,2,673,4
p100-f75-h6,historical_shares,11122,3,629,140
p100-f75-h6,historical_shares,11122,3,631,9
p100-f75-h6,historical_shares,11122,3,673,5
p100-f75-h6,historical_shares,11122,4,629,132
p100-f75-h6,historical_shares,11122,4,631,9
p100-f75-h6,historical_shares,11122,4,673,4
p100-f75-h6,historical_shares,11122,5,629,157
p100-f75-h6,historical_shares,11122,5,631,10
p100-f75-h6,historical_shares,11122,5,673,5
p100-f75-h6,historical_shares,11122,6,629,171
p100-f75-h6,historical_shares,11122,6,631,11
p100-f75-h6,historical_shares,11122,6,673,5
p100-f75-h6,historical_shares,11122,7,629,170
p100-f75-h6,historical_shares,11122,7,631,11
p100-f75-h6,historical_shares,11122,7,673,5
p100-f75-h6,historical_shares,11122,8,629,166
p100-f75-h6,historical_shares,11122,8,631,11
p100-f75-h6,historical_shares,11122,8,673,5
p100-f75-h6,historical_shares,11122,9,629,156
p100-f75-h6,historical_shares,11122,9,631,10
p100-f75-h6,historical_shares,11122,9,673,5
p100-f75-h6,historical_shares,11122,10,629,166
p100-f75-h6,historical_shares,11122,10,631,11
p100-f75-h6,historical_shares,11122,10,673,5
p100-f75-h6,historical_shares,11122,11,629,147
p100-f75-h6,historical_shares,11122,11,631,9
p100-f75-h6,historical_shares,11122,11,673,5
p100-f75-h6,historical_shares,11122,12,629,157
p100-f75-h6,historical_shares,11122,12,631,10
p100-f75-h6,historical_shares,11122,12,673,5
p100-f75-h6,historical_shares,13851,1,629,1
p100-f75-h6,historical_shares,13851,1,631,16
p100-f75-h6,historical_shares,13851,1,673,104
p100-f75-h6,historical_shares,13851,2,629,1
p100-f75-h6,historical_shares,13851,2,631,14
p100-f75-h6,historical_shares,13851,2,673,91
p100-f75-h6,historical_shares,13851,3,629,1
p100-f75-h6,historical_shares,13851,3,631,17
p100-f75-h6,historical_shares,13851,3,673,107
p100-f75-h6,historical_shares,13851,4,629,1
p100-f75-h6,historical_shares,13851,4,631,16
p100-f75-h6,historical_shares,13851,4,673,104
p100-f75-h6,historical_shares,13851,5,629,1
p100-f75-h6,historical_shares,13851,5,631,20
p100-f75-h6,historical_shares,13851,5,673,125
p100-f75-h6,historical_shares,13851,6,629,1
p100-f75-h6,historical_shares,13851,6,631,19
p100-f75-h6,historical_shares,13851,6,673,120
p100-f75-h6,historical_shares,13851,7,629,1
p100-f75-h6,historical_shares,13851,7,631,19
p100-f75-h6,historical_shares,13851,7,673,118
p100-f75-h6,historical_shares,13851,8,629,1
p100-f75-h6,historical_shares,13851,8,631,18
p100-f75-h6,historical_shares,13851,8,673,114
p100-f75-h6,historical_shares,13851,9,629,1
p100-f75-h6,historical_shares,13851,9,631,17
p100-f75-h6,historical_shares,13851,9,673,104
p100-f75-h6,historical_shares,13851,10,629,1
p100-f75-h6,historical_shares,13851,10,631,13
p100-f75-h6,historical_shares,13851,10,673,81
p100-f75-h6,historical_shares,13851,11,629,1
p100-f75-h6,historical_shares,13851,11,631,9
p100-f75-h6,historical_shares,13851,11,673,61
p100-f75-h6,historical_shares,13851,12,629,1
p100-f75-h6,historical_shares,13851,12,631,11
p100-f75-h6,historical_shares,13851,12,673,67
p100-f75-h6,historical_shares,12280,1,629,41
p100-f75-h6,historical_shares,12280,1,631,35
p100-f75-h6,historical_shares,12280,1,673,28
p100-f75-h6,historical_shares,12280,2,629,37
p100-f75-h6,historical_shares,12280,2,631,32
p100-f75-h6,historical_shares,12280,2,673,26
p100-f75-h6,historical_shares,12280,3,629,42
p100-f75-h6,historical_shares,12280,3,631,37
p100-f75-h6,historical_shares,12280,3,673,29
p100-f75-h6,historical_shares,12280,4,629,43
p100-f75-h6,historical_shares,12280,4,631,37
p100-f75-h6,historical_shares,12280,4,673,29
p100-f75-h6,historical_shares,12280,5,629,51
p100-f75-h6,historical_shares,12280,5,631,45
p100-f75-h6,historical_shares,12280,5,673,35
p100-f75-h6,historical_shares,12280,6,629,53
p100-f75-h6,historical_shares,12280,6,631,47
p100-f75-h6,historical_shares,12280,6,673,36
p100-f75-h6,historical_shares,12280,7,629,60
p100-f75-h6,historical_shares,12280,7,631,53
p100-f75-h6,historical_shares,12280,7,673,41
p100-f75-h6,historical_shares,12280,8,629,60
p100-f75-h6,historical_shares,12280,8,631,53
p100-f75-h6,historical_shares,12280,8,673,42
p100-f75-h6,historical_shares,12280,9,629,57
p100-f75-h6,historical_shares,12280,9,631,50
p100-f75-h6,historical_shares,12280,9,673,40
p100-f75-h6,historical_shares,12280,10,629,52
p100-f75-h6,historical_shares,12280,10,631,46
p100-f75-h6,historical_shares,12280,10,673,36
p100-f75-h6,historical_shares,12280,11,629,46
p100-f75-h6,historical_shares,12280,11,631,40
p100-f75-h6,historical_shares,12280,11,673,31
p100-f75-h6,historical_shares,12280,12,629,37
p100-f75-h6,historical_shares,12280,12,631,32
p100-f75-h6,historical_shares,12280,12,673,26
p100-f75-h6,historical_shares,14869,1,629,7
p100-f75-h6,historical_shares,14869,1,631,21
p100-f75-h6,historical_shares,14869,1,673,53
p100-f75-h6,historical_shares,14869,2,629,7
p100-f75-h6,historical_shares,14869,2,631,23
p100-f75-h6,historical_shares,14869,2,673,59
p100-f75-h6,historical_shares,14869,3,629,9
p100-f75-h6,historical_shares,14869,3,631,27
p100-f75-h6,historical_shares,14869,3,673,68
p100-f75-h6,historical_shares,14869,4,629,11
p100-f75-h6,historical_shares,14869,4,631,34
p100-f75-h6,historical_shares,14869,4,673,85
p100-f75-h6,historical_shares,14869,5,629,9
p100-f75-h6,historical_shares,14869,5,631,29
p100-f75-h6,historical_shares,14869,5,673,72
p100-f75-h6,historical_shares,14869,6,629,7
p100-f75-h6,historical_shares,14869,6,631,22
p100-f75-h6,historical_shares,14869,6,673,55
p100-f75-h6,historical_shares,14869,7,629,7
p100-f75-h6,historical_shares,14869,7,631,23
p100-f75-h6,historical_shares,14869,7,673,58
p100-f75-h6,historical_shares,14869,8,629,8
p100-f75-h6,historical_shares,14869,8,631,26
p100-f75-h6,historical_shares,14869,8,673,65
p100-f75-h6,historical_shares,14869,9,629,10
p100-f75-h6,historical_shares,14869,9,631,34
p100-f75-h6,historical_shares,14869,9,673,85
p100-f75-h6,historical_shares,14869,10,629,9
p100-f75-h6,historical_shares,14869,10,631,29
p100-f75-h6,historical_shares,14869,10,673,74
p100-f75-h6,historical_shares,14869,11,629,8
p100-f75-h6,historical_shares,14869,11,631,25
p100-f75-h6,historical_shares,14869,11,673,63
p100-f75-h6,historical_shares,14869,12,629,7
p100-f75-h6,historical_shares,14869,12,631,23
p100-f75-h6,historical_shares,14869,12,673,58
p100-f75-h6,historical_shares,14783,1,629,8
p100-f75-h6,historical_shares,14783,1,631,18
p100-f75-h6,historical_shares,14783,1,673,50
p100-f75-h6,historical_shares,14783,2,629,8
p100-f75-h6,historical_shares,14783,2,631,18
p100-f75-h6,historical_shares,14783,2,673,52
p100-f75-h6,historical_shares,14783,3,629,10
p100-f75-h6,historical_shares,14783,3,631,22
p100-f75-h6,historical_shares,14783,3,673,64
p100-f75-h6,historical_shares,14783,4,629,8
p100-f75-h6,historical_shares,14783,4,631,19
p100-f75-h6,historical_shares,14783,4,673,54
p100-f75-h6,historical_shares,14783,5,629,12
p100-f75-h6,historical_shares,14783,5,631,27
p100-f75-h6,historical_shares,14783,5,673,75
p100-f75-h6,historical_shares,14783,6,629,12
p100-f75-h6,historical_shares,14783,6,631,27
p100-f75-h6,historical_shares,14783,6,673,76
p100-f75-h6,historical_shares,14783,7,629,13
p100-f75-h6,historical_shares,14783,7,631,28
p100-f75-h6,historical_shares,14783,7,673,80
p100-f75-h6,historical_shares,14783,8,629,12
p100-f75-h6,historical_shares,14783,8,631,29
p100-f75-h6,historical_shares,14783,8,673,81
p100-f75-h6,historical_shares,14783,9,629,12
p100-f75-h6,historical_shares,14783,9,631,27
p100-f75-h6,historical_shares,14783,9,673,78
p100-f75-h6,historical_shares,14783,10,629,12
p100-f75-h6,historical_shares,14783,10,631,26
p100-f75-h6,historical_shares,14783,10,673,74
p100-f75-h6,historical_shares,14783,11,629,9
p100-f75-h6,historical_shares,14783,11,631,19
p100-f75-h6,historical_shares,14783,11,673,54
p100-f75-h6,historical_shares,14783,12,629,9
p100-f75-h6,historical_shares,14783,12,631,21
p100-f75-h6,historical_shares,14783,12,673,58
p100-f75-h8,optimized,11109,1,629,0
p100-f75-h8,optimized,11109,1,631,214
p100-f75-h8,optimized,11109,1,673,0
p100-f75-h8,optimized,11109,2,629,0
p100-f75-h8,optimized,11109,2,631,196
p100-f75-h8,optimized,11109,2,673,0
p100-f75-h8,optimized,11109,3,629,0
p100-f75-h8,optimized,11109,3,631,222
p100-f75-h8,optimized,11109,3,673,0
p100-f75-h8,optimized,11109,4,629,0
p100-f75-h8,optimized,11109,4,631,216
p100-f75-h8,optimized,11109,4,673,0
p100-f75-h8,optimized,11109,5,629,0
p100-f75-h8,optimized,11109,5,631,239
p100-f75-h8,optimized,11109,5,673,0
p100-f75-h8,optimized,11109,6,629,0
p100-f75-h8,optimized,11109,6,631,243
p100-f75-h8,optimized,11109,6,673,0
p100-f75-h8,optimized,11109,7,629,0
p100-f75-h8,optimized,11109,7,631,261
p100-f75-h8,optimized,11109,7,673,0
p100-f75-h8,optimized,11109,8,629,0
p100-f75-h8,optimized,11109,8,631,252
p100-f75-h8,optimized,11109,8,673,0
p100-f75-h8,optimized,11109,9,629,0
p100-f75-h8,optimized,11109,9,631,229
p100-f75-h8,optimized,11109,9,673,0
p100-f75-h8,optimized,11109,10,629,0
p100-f75-h8,optimized,11109,10,631,228
p100-f75-h8,optimized,11109,10,673,0
p100-f75-h8,optimized,11109,11,629,0
p100-f75-h8,optimized,11109,11,631,187
p100-f75-h8,optimized,11109,11,673,0
p100-f75-h8,optimized,11109,12,629,0
p100-f75-h8,optimized,11109,12,631,249
p100-f75-h8,optimized,11109,12,673,0
p100-f75-h8,optimized,10372,1,631,0
p100-f75-h8,optimized,10372,1,673,215
p100-f75-h8,optimized,10372,2,631,0
p100-f75-h8,optimized,10372,2,673,190
p100-f75-h8,optimized,10372,3,631,0
p100-f75-h8,optimized,10372,3,673,233
p100-f75-h8,optimized,10372,4,631,0
p100-f75-h8,optimized,10372,4,673,181
p100-f75-h8,optimized,10372,5,631,0
p100-f75-h8,optimized,10372,5,673,27
p100-f75-h8,optimized,10372,6,631,0
p100-f75-h8,optimized,10372,6,673,176
p100-f75-h8,optimized,10372,7,631,0
p100-f75-h8,optimized,10372,7,673,204
p100-f75-h8,optimized,10372,8,631,0
p100-f75-h8,optimized,10372,8,673,210
p100-f75-h8,optimized,10372,9,631,45
p100-f75-h8,optimized,10372,9,673,134
p100-f75-h8,optimized,10372,10,631,0
p100-f75-h8,optimized,10372,10,673,167
p100-f75-h8,optimized,10372,11,631,0
p100-f75-h8,optimized,10372,11,673,133
p100-f75-h8,optimized,10372,12,631,0
p100-f75-h8,optimized,10372,12,673,207
p100-f75-h8,optimized,14457,1,629,0
p100-f75-h8,optimized,14457,1,631,129
p100-f75-h8,optimized,14457,1,673,0
p100-f75-h8,optimized,14457,2,629,0
p100-f75-h8,optimized,14457,2,631,118
p100-f75-h8,optimized,14457,2,673,0
p100-f75-h8,optimized,14457,3,629,0
p100-f75-h8,optimized,14457,3,631,158
p100-f75-h8,optimized,14457,3,673,0
p100-f75-h8,optimized,14457,4,629,0
p100-f75-h8,optimized,14457,4,631,159
p100-f75-h8,optimized,14457,4,673,0
p100-f75-h8,optimized,14457,5,629,0
p100-f75-h8,optimized,14457,5,631,142
p100-f75-h8,optimized,14457,5,673,0
p100-f75-h8,optimized,14457,6,629,0
p100-f75-h8,optimized,14457,6,631,161
p100-f75-h8,optimized,14457,6,673,0
p100-f75-h8,optimized,14457,7,629,0
p100-f75-h8,optimized,14457,7,631,156
p100-f75-h8,optimized,14457,7,673,0
p100-f75-h8,optimized,14457,8,629,0
p100-f75-h8,optimized,14457,8,631,160
p100-f75-h8,optimized,14457,8,673,0
p100-f75-h8,optimized,14457,9,629,0
p100-f75-h8,optimized,14457,9,631,24
p100-f75-h8,optimized,14457,9,673,124
p100-f75-h8,optimized,14457,10,629,0
p100-f75-h8,optimized,14457,10,631,132
p100-f75-h8,optimized,14457,10,673,0
p100-f75-h8,optimized,14457,11,629,0
p100-f75-h8,optimized,14457,11,631,119
p100-f75-h8,optimized,14457,11,673,0
p100-f75-h8,optimized,14457,12,629,0
p100-f75-h8,optimized,14457,12,631,138
p100-f75-h8,optimized,14457,12,673,0
p100-f75-h8,optimized,11122,1,629,0
p100-f75-h8,optimized,11122,1,631,138
p100-f75-h8,optimized,11122,1,673,0
p100-f75-h8,optimized,11122,2,629,0
p100-f75-h8,optimized,11122,2,631,126
p100-f75-h8,optimized,11122,2,673,0
p100-f75-h8,optimized,11122,3,629,0
p100-f75-h8,optimized,11122,3,631,139
p100-f75-h8,optimized,11122,3,673,0
p100-f75-h8,optimized,11122,4,629,0
p100-f75-h8,optimized,11122,4,631,134
p100-f75-h8,optimized,11122,4,673,0
p100-f75-h8,optimized,11122,5,629,0
p100-f75-h8,optimized,11122,5,631,149
p100-f75-h8,optimized,11122,5,673,0
p100-f75-h8,optimized,11122,6,629,0
p100-f75-h8,optimized,11122,6,631,160
p100-f75-h8,optimized,11122,6,673,0
p100-f75-h8,optimized,11122,7,629,0
p100-f75-h8,optimized,11122,7,631,159
p100-f75-h8,optimized,11122,7,673,0
p100-f75-h8,optimized,11122,8,629,0
p100-f75-h8,optimized,11122,8,631,162
p100-f75-h8,optimized,11122,8,673,0
p100-f75-h8,optimized,11122,9,629,0
p100-f75-h8,optimized,11122,9,631,159
p100-f75-h8,optimized,11122,9,673,0
p100-f75-h8,optimized,11122,10,629,0
p100-f75-h8,optimized,11122,10,631,162
p100-f75-h8,optimized,11122,10,673,0
p100-f75-h8,optimized,11122,11,629,0
p100-f75-h8,optimized,11122,11,631,153
p100-f75-h8,optimized,11122,11,673,0
p100-f75-h8,optimized,11122,12,629,0
p100-f75-h8,optimized,11122,12,631,163
p100-f75-h8,optimized,11122,12,673,0
p100-f75-h8,optimized,13851,1,629,0
p100-f75-h8,optimized,13851,1,631,4
p100-f75-h8,optimized,13851,1,673,116
p100-f75-h8,optimized,13851,2,629,0
p100-f75-h8,optimized,13851,2,631,1
p100-f75-h8,optimized,13851,2,673,104
p100-f75-h8,optimized,13851,3,629,0
p100-f75-h8,optimized,13851,3,631,6
p100-f75-h8,optimized,13851,3,673,118
p100-f75-h8,optimized,13851,4,629,0
p100-f75-h8,optimized,13851,4,631,9
p100-f75-h8,optimized,13851,4,673,111
p100-f75-h8,optimized,13851,5,629,0
p100-f75-h8,optimized,13851,5,631,5
p100-f75-h8,optimized,13851,5,673,140
p100-f75-h8,optimized,13851,6,629,0
p100-f75-h8,optimized,13851,6,631,21
p100-f75-h8,optimized,13851,6,673,118
p100-f75-h8,optimized,13851,7,629,0
p100-f75-h8,optimized,13851,7,631,0
p100-f75-h8,optimized,13851,7,673,137
p100-f75-h8,optimized,13851,8,629,0
p100-f75-h8,optimized,13851,8,631,17
p100-f75-h8,optimized,13851,8,673,115
p100-f75-h8,optimized,13851,9,629,0
p100-f75-h8,optimized,13851,9,631,20
p100-f75-h8,optimized,13851,9,673,101
p100-f75-h8,optimized,13851,10,629,0
p100-f75-h8,optimized,13851,10,631,23
p100-f75-h8,optimized,13851,10,673,72
p100-f75-h8,optimized,13851,11,629,0
p100-f75-h8,optimized,13851,11,631,15
p100-f75-h8,optimized,13851,11,673,55
p100-f75-h8,optimized,13851,12,629,0
p100-f75-h8,optimized,13851,12,631,10
p100-f75-h8,optimized,13851,12,673,68
p100-f75-h8,optimized,12280,1,629,0
p100-f75-h8,optimized,12280,1,631,61
p100-f75-h8,optimized,12280,1,673,31
p100-f75-h8,optimized,12280,2,629,0
p100-f75-h8,optimized,12280,2,631,35
p100-f75-h8,optimized,12280,2,673,48
p100-f75-h8,optimized,12280,3,629,0
p100-f75-h8,optimized,12280,3,631,16
p100-f75-h8,optimized,12280,3,673,77
p100-f75-h8,optimized,12280,4,629,0
p100-f75-h8,optimized,12280,4,631,2
p100-f75-h8,optimized,12280,4,673,91
p100-f75-h8,optimized,12280,5,629,0
p100-f75-h8,optimized,12280,5,631,58
p100-f75-h8,optimized,12280,5,673,57
p100-f75-h8,optimized,12280,6,629,0
p100-f75-h8,optimized,12280,6,631,16
p100-f75-h8,optimized,12280,6,673,101
p100-f75-h8,optimized,12280,7,629,0
p100-f75-h8,optimized,12280,7,631,83
p100-f75-h8,optimized,12280,7,673,55
p100-f75-h8,optimized,12280,8,629,0
p100-f75-h8,optimized,12280,8,631,25
p100-f75-h8,optimized,12280,8,673,109
p100-f75-h8,optimized,12280,9,629,0
p100-f75-h8,optimized,12280,9,631,9
p100-f75-h8,optimized,12280,9,673,117
p100-f75-h8,optimized,12280,10,629,0
p100-f75-h8,optimized,12280,10,631,11
p100-f75-h8,optimized,12280,10,673,104
p100-f75-h8,optimized,12280,11,629,0
p100-f75-h8,optimized,12280,11,631,6
p100-f75-h8,optimized,12280,11,673,94
p100-f75-h8,optimized,12280,12,629,0
p100-f75-h8,optimized,12280,12,631,14
p100-f75-h8,optimized,12280,12,673,68
p100-f75-h8,optimized,14869,1,629,0
p100-f75-h8,optimized,14869,1,631,68
p100-f75-h8,optimized,14869,1,673,12
p100-f75-h8,optimized,14869,2,629,0
p100-f75-h8,optimized,14869,2,631,27
p100-f75-h8,optimized,14869,2,673,60
p100-f75-h8,optimized,14869,3,629,0
p100-f75-h8,optimized,14869,3,631,13
p100-f75-h8,optimized,14869,3,673,87
p100-f75-h8,optimized,14869,4,629,0
p100-f75-h8,optimized,14869,4,631,23
p100-f75-h8,optimized,14869,4,673,103
p100-f75-h8,optimized,14869,5,629,0
p100-f75-h8,optimized,14869,5,631,10
p100-f75-h8,optimized,14869,5,673,96
p100-f75-h8,optimized,14869,6,629,0
p100-f75-h8,optimized,14869,6,631,11
p100-f75-h8,optimized,14869,6,673,70
p100-f75-h8,optimized,14869,7,629,0
p100-f75-h8,optimized,14869,7,631,0
p100-f75-h8,optimized,14869,7,673,85
p100-f75-h8,optimized,14869,8,629,0
p100-f75-h8,optimized,14869,8,631,16
p100-f75-h8,optimized,14869,8,673,80
p100-f75-h8,optimized,14869,9,629,0
p100-f75-h8,optimized,14869,9,631,22
p100-f75-h8,optimized,14869,9,673,103
p100-f75-h8,optimized,14869,10,629,0
p100-f75-h8,optimized,14869,10,631,14
p100-f75-h8,optimized,14869,10,673,94
p100-f75-h8,optimized,14869,11,629,0
p100-f75-h8,optimized,14869,11,631,5
p100-f75-h8,optimized,14869,11,673,87
p100-f75-h8,optimized,14869,12,629,0
p100-f75-h8,optimized,14869,12,631,22
p100-f75-h8,optimized,14869,12,673,63
p100-f75-h8,optimized,14783,1,629,0
p100-f75-h8,optimized,14783,1,631,19
p100-f75-h8,optimized,14783,1,673,55
p100-f75-h8,optimized,14783,2,629,0
p100-f75-h8,optimized,14783,2,631,59
p100-f75-h8,optimized,14783,2,673,17
p100-f75-h8,optimized,14783,3,629,0
p100-f75-h8,optimized,14783,3,631,57
p100-f75-h8,optimized,14783,3,673,36
p100-f75-h8,optimized,14783,4,629,0
p100-f75-h8,optimized,14783,4,631,57
p100-f75-h8,optimized,14783,4,673,22
p100-f75-h8,optimized,14783,5,629,0
p100-f75-h8,optimized,14783,5,631,38
p100-f75-h8,optimized,14783,5,673,72
p100-f75-h8,optimized,14783,6,629,0
p100-f75-h8,optimized,14783,6,631,22
p100-f75-h8,optimized,14783,6,673,89
p100-f75-h8,optimized,14783,7,629,0
p100-f75-h8,optimized,14783,7,631,0
p100-f75-h8,optimized,14783,7,673,117
p100-f75-h8,optimized,14783,8,629,0
p100-f75-h8,optimized,14783,8,631,22
p100-f75-h8,optimized,14783,8,673,96
p100-f75-h8,optimized,14783,9,629,0
p100-f75-h8,optimized,14783,9,631,67
p100-f75-h8,optimized,14783,9,673,47
p100-f75-h8,optimized,14783,10,629,0
p100-f75-h8,optimized,14783,10,631,9
p100-f75-h8,optimized,14783,10,673,99
p100-f75-h8,optimized,14783,11,629,0
p100-f75-h8,optimized,14783,11,631,1
p100-f75-h8,optimized,14783,11,673,78
p100-f75-h8,optimized,14783,12,629,0
p100-f75-h8,optimized,14783,12,631,46
p100-f75-h8,optimized,14783,12,673,39
p100-f75-h8,historical_shares,11109,1,629,176
p100-f75-h8,historical_shares,11109,1,631,14
p100-f75-h8,historical_shares,11109,1,673,39
p100-f75-h8,historical_shares,11109,2,629,153
p100-f75-h8,historical_shares,11109,2,631,12
p100-f75-h8,historical_shares,11109,2,673,34
p100-f75-h8,historical_shares,11109,3,629,183
p100-f75-h8,historical_shares,11109,3,631,14
p100-f75-h8,historical_shares,11109,3,673,40
p100-f75-h8,historical_shares,11109,4,629,172
p100-f75-h8,historical_shares,11109,4,631,13
p100-f75-h8,historical_shares,11109,4,673,38
p100-f75-h8,historical_shares,11109,5,629,197
p100-f75-h8,historical_shares,11109,5,631,15
p100-f75-h8,historical_shares,11109,5,673,43
p100-f75-h8,historical_shares,11109,6,629,201
p100-f75-h8,historical_shares,11109,6,631,15
p100-f75-h8,historical_shares,11109,6,673,45
p100-f75-h8,historical_shares,11109,7,629,201
p100-f75-h8,historical_shares,11109,7,631,15
p100-f75-h8,historical_shares,11109,7,673,45
p100-f75-h8,historical_shares,11109,8,629,194
p100-f75-h8,historical_shares,11109,8,631,15
p100-f75-h8,historical_shares,11109,8,673,43
p100-f75-h8,historical_shares,11109,9,629,197
p100-f75-h8,historical_shares,11109,9,631,15
p100-f75-h8,historical_shares,11109,9,673,44
p100-f75-h8,historical_shares,11109,10,629,185
p100-f75-h8,historical_shares,11109,10,631,14
p100-f75-h8,historical_shares,11109,10,673,41
p100-f75-h8,historical_shares,11109,11,629,154
p100-f75-h8,historical_shares,11109,11,631,12
p100-f75-h8,historical_shares,11109,11,673,34
p100-f75-h8,historical_shares,11109,12,629,219
p100-f75-h8,historical_shares,11109,12,631,17
p100-f75-h8,historical_shares,11109,12,673,48
p100-f75-h8,historical_shares,10372,1,631,21
p100-f75-h8,historical_shares,10372,1,673,194
p100-f75-h8,historical_shares,10372,2,631,18
p100-f75-h8,historical_shares,10372,2,673,172
p100-f75-h8,historical_shares,10372,3,631,22
p100-f75-h8,historical_shares,10372,3,673,212
p100-f75-h8,historical_shares,10372,4,631,17
p100-f75-h8,historical_shares,10372,4,673,164
p100-f75-h8,historical_shares,10372,5,631,3
p100-f75-h8,historical_shares,10372,5,673,24
p100-f75-h8,historical_shares,10372,6,631,17
p100-f75-h8,historical_shares,10372,6,673,159
p100-f75-h8,historical_shares,10372,7,631,20
p100-f75-h8,historical_shares,10372,7,673,184
p100-f75-h8,historical_shares,10372,8,631,20
p100-f75-h8,historical_shares,10372,8,673,190
p100-f75-h8,historical_shares,10372,9,631,17
p100-f75-h8,historical_shares,10372,9,673,162
p100-f75-h8,historical_shares,10372,10,631,16
p100-f75-h8,historical_shares,10372,10,673,152
p100-f75-h8,historical_shares,10372,11,631,13
p100-f75-h8,historical_shares,10372,11,673,120
p100-f75-h8,historical_shares,10372,12,631,20
p100-f75-h8,historical_shares,10372,12,673,187
p100-f75-h8,historical_shares,14457,1,629,105
p100-f75-h8,historical_shares,14457,1,631,10
p100-f75-h8,historical_shares,14457,1,673,37
p100-f75-h8,historical_shares,14457,2,629,90
p100-f75-h8,historical_shares,14457,2,631,9
p100-f75-h8,historical_shares,14457,2,673,32
p100-f75-h8,historical_shares,14457,3,629,115
p100-f75-h8,historical_shares,14457,3,631,12
p100-f75-h8,historical_shares,14457,3,673,40
p100-f75-h8,historical_shares,14457,4,629,129
p100-f75-h8,historical_shares,14457,4,631,13
p100-f75-h8,historical_shares,14457,4,673,45
p100-f75-h8,historical_shares,14457,5,629,119
p100-f75-h8,historical_shares,14457,5,631,12
p100-f75-h8,historical_shares,14457,5,673,42
p100-f75-h8,historical_shares,14457,6,629,134
p100-f75-h8,historical_shares,14457,6,631,14
p100-f75-h8,historical_shares,14457,6,673,47
p100-f75-h8,historical_shares,14457,7,629,132
p100-f75-h8,historical_shares,14457,7,631,13
p100-f75-h8,historical_shares,14457,7,673,47
p100-f75-h8,historical_shares,14457,8,629,135
p100-f75-h8,historical_shares,14457,8,631,14
p100-f75-h8,historical_shares,14457,8,673,47
p100-f75-h8,historical_shares,14457,9,629,130
p100-f75-h8,historical_shares,14457,9,631,13
p100-f75-h8,historical_shares,14457,9,673,45
p100-f75-h8,historical_shares,14457,10,629,93
p100-f75-h8,historical_shares,14457,10,631,9
p100-f75-h8,historical_shares,14457,10,673,33
p100-f75-h8,historical_shares,14457,11,629,87
p100-f75-h8,historical_shares,14457,11,631,9
p100-f75-h8,historical_shares,14457,11,673,31
p100-f75-h8,historical_shares,14457,12,629,114
p100-f75-h8,historical_shares,14457,12,631,12
p100-f75-h8,historical_shares,14457,12,673,40
p100-f75-h8,historical_shares,11122,1,629,131
p100-f75-h8,historical_shares,11122,1,631,9
p100-f75-h8,historical_shares,11122,1,673,4
p100-f75-h8,historical_shares,11122,2,629,119
p100-f75-h8,historical_shares,11122,2,631,8
p100-f75-h8,historical_shares,11122,2,673,4
p100-f75-h8,historical_shares,11122,3,629,140
p100-f75-h8,historical_shares,11122,3,631,9
p100-f75-h8,historical_shares,11122,3,673,5
p100-f75-h8,historical_shares,11122,4,629,132
p100-f75-h8,historical_shares,11122,4,631,9
p100-f75-h8,historical_shares,11122,4,673,4
p100-f75-h8,historical_shares,11122,5,629,157
p100-f75-h8,historical_shares,11122,5,631,10
p100-f75-h8,historical_shares,11122,5,673,5
p100-f75-h8,historical_shares,11122,6,629,171
p100-f75-h8,historical_shares,11122,6,631,11
p100-f75-h8,historical_shares,11122,6,673,5
p100-f75-h8,historical_shares,11122,7,629,170
p100-f75-h8,historical_shares,11122,7,631,11
p100-f75-h8,historical_shares,11122,7,673,5
p100-f75-h8,historical_shares,11122,8,629,166
p100-f75-h8,historical_shares,11122,8,631,11
p100-f75-h8,historical_shares,11122,8,673,5
p100-f75-h8,historical_shares,11122,9,629,156
p100-f75-h8,historical_shares,11122,9,631,10
p100-f75-h8,historical_shares,11122,9,673,5
p100-f75-h8,historical_shares,11122,10,629,166
p100-f75-h8,historical_shares,11122,10,631,11
p100-f75-h8,historical_shares,11122,10,673,5
p100-f75-h8,historical_shares,11122,11,629,147
p100-f75-h8,historical_shares,11122,11,631,9
p100-f75-h8,historical_shares,11122,11,673,5
p100-f75-h8,historical_shares,11122,12,629,157
p100-f75-h8,historical_shares,11122,12,631,10
p100-f75-h8,historical_shares,11122,12,673,5
p100-f75-h8,historical_shares,13851,1,629,1
p100-f75-h8,historical_shares,13851,1,631,16
p100-f75-h8,historical_shares,13851,1,673,104
p100-f75-h8,historical_shares,13851,2,629,1
p100-f75-h8,historical_shares,13851,2,631,14
p100-f75-h8,historical_shares,13851,2,673,91
p100-f75-h8,historical_shares,13851,3,629,1
p100-f75-h8,historical_shares,13851,3,631,17
p100-f75-h8,historical_shares,13851,3,673,107
p100-f75-h8,historical_shares,13851,4,629,1
p100-f75-h8,historical_shares,13851,4,631,16
p100-f75-h8,historical_shares,13851,4,673,104
p100-f75-h8,historical_shares,13851,5,629,1
p100-f75-h8,historical_shares,13851,5,631,20
p100-f75-h8,historical_shares,13851,5,673,125
p100-f75-h8,historical_shares,13851,6,629,1
p100-f75-h8,historical_shares,13851,6,631,19
p100-f75-h8,historical_shares,13851,6,673,120
p100-f75-h8,historical_shares,13851,7,629,1
p100-f75-h8,historical_shares,13851,7,631,19
p100-f75-h8,historical_shares,13851,7,673,118
p100-f75-h8,historical_shares,13851,8,629,1
p100-f75-h8,historical_shares,13851,8,631,18
p100-f75-h8,historical_shares,13851,8,673,114
p100-f75-h8,historical_shares,13851,9,629,1
p100-f75-h8,historical_shares,13851,9,631,17
p100-f75-h8,historical_shares,13851,9,673,104
p100-f75-h8,historical_shares,13851,10,629,1
p100-f75-h8,historical_shares,13851,10,631,13
p100-f75-h8,historical_shares,13851,10,673,81
p100-f75-h8,historical_shares,13851,11,629,1
p100-f75-h8,historical_shares,13851,11,631,9
p100-f75-h8,historical_shares,13851,11,673,61
p100-f75-h8,historical_shares,13851,12,629,1
p100-f75-h8,historical_shares,13851,12,631,11
p100-f75-h8,historical_shares,13851,12,673,67
p100-f75-h8,historical_shares,12280,1,629,41
p100-f75-h8,historical_shares,12280,1,631,35
p100-f75-h8,historical_shares,12280,1,673,28
p100-f75-h8,historical_shares,12280,2,629,37
p100-f75-h8,historical_shares,12280,2,631,32
p100-f75-h8,historical_shares,12280,2,673,26
p100-f75-h8,historical_shares,12280,3,629,42
p100-f75-h8,historical_shares,12280,3,631,37
p100-f75-h8,historical_shares,12280,3,673,29
p100-f75-h8,historical_shares,12280,4,629,43
p100-f75-h8,historical_shares,12280,4,631,37
p100-f75-h8,historical_shares,12280,4,673,29
p100-f75-h8,historical_shares,12280,5,629,51
p100-f75-h8,historical_shares,12280,5,631,45
p100-f75-h8,historical_shares,12280,5,673,35
p100-f75-h8,historical_shares,12280,6,629,53
p100-f75-h8,historical_shares,12280,6,631,47
p100-f75-h8,historical_shares,12280,6,673,36
p100-f75-h8,historical_shares,12280,7,629,60
p100-f75-h8,historical_shares,12280,7,631,53
p100-f75-h8,historical_shares,12280,7,673,41
p100-f75-h8,historical_shares,12280,8,629,60
p100-f75-h8,historical_shares,12280,8,631,53
p100-f75-h8,historical_shares,12280,8,673,42
p100-f75-h8,historical_shares,12280,9,629,57
p100-f75-h8,historical_shares,12280,9,631,50
p100-f75-h8,historical_shares,12280,9,673,40
p100-f75-h8,historical_shares,12280,10,629,52
p100-f75-h8,historical_shares,12280,10,631,46
p100-f75-h8,historical_shares,12280,10,673,36
p100-f75-h8,historical_shares,12280,11,629,46
p100-f75-h8,historical_shares,12280,11,631,40
p100-f75-h8,historical_shares,12280,11,673,31
p100-f75-h8,historical_shares,12280,12,629,37
p100-f75-h8,historical_shares,12280,12,631,32
p100-f75-h8,historical_shares,12280,12,673,26
p100-f75-h8,historical_shares,14869,1,629,7
p100-f75-h8,historical_shares,14869,1,631,21
p100-f75-h8,historical_shares,14869,1,673,53
p100-f75-h8,historical_shares,14869,2,629,7
p100-f75-h8,historical_shares,14869,2,631,23
p100-f75-h8,historical_shares,14869,2,673,59
p100-f75-h8,historical_shares,14869,3,629,9
p100-f75-h8,historical_shares,14869,3,631,27
p100-f75-h8,historical_shares,14869,3,673,68
p100-f75-h8,historical_shares,14869,4,629,11
p100-f75-h8,historical_shares,14869,4,631,34
p100-f75-h8,historical_shares,14869,4,673,85
p100-f75-h8,historical_shares,14869,5,629,9
p100-f75-h8,historical_shares,14869,5,631,29
p100-f75-h8,historical_shares,14869,5,673,72
p100-f75-h8,historical_shares,14869,6,629,7
p100-f75-h8,historical_shares,14869,6,631,22
p100-f75-h8,historical_shares,14869,6,673,55
p100-f75-h8,historical_shares,14869,7,629,7
p100-f75-h8,historical_shares,14869,7,631,23
p100-f75-h8,historical_shares,14869,7,673,58
p100-f75-h8,historical_shares,14869,8,629,8
p100-f75-h8,historical_shares,14869,8,631,26
p100-f75-h8,historical_shares,14869,8,673,65
p100-f75-h8,historical_shares,14869,9,629,10
p100-f75-h8,historical_shares,14869,9,631,34
p100-f75-h8,historical_shares,14869,9,673,85
p100-f75-h8,historical_shares,14869,10,629,9
p100-f75-h8,historical_shares,14869,10,631,29
p100-f75-h8,historical_shares,14869,10,673,74
p100-f75-h8,historical_shares,14869,11,629,8
p100-f75-h8,historical_shares,14869,11,631,25
p100-f75-h8,historical_shares,14869,11,673,63
p100-f75-h8,historical_shares,14869,12,629,7
p100-f75-h8,historical_shares,14869,12,631,23
p100-f75-h8,historical_shares,14869,12,673,58
p100-f75-h8,historical_shares,14783,1,629,8
p100-f75-h8,historical_shares,14783,1,631,18
p100-f75-h8,historical_shares,14783,1,673,50
p100-f75-h8,historical_shares,14783,2,629,8
p100-f75-h8,historical_shares,14783,2,631,18
p100-f75-h8,historical_shares,14783,2,673,52
p100-f75-h8,historical_shares,14783,3,629,10
p100-f75-h8,historical_shares,14783,3,631,22
p100-f75-h8,historical_shares,14783,3,673,64
p100-f75-h8,historical_shares,14783,4,629,8
p100-f75-h8,historical_shares,14783,4,631,19
p100-f75-h8,historical_shares,14783,4,673,54
p100-f75-h8,historical_shares,14783,5,629,12
p100-f75-h8,historical_shares,14783,5,631,27
p100-f75-h8,historical_shares,14783,5,673,75
p100-f75-h8,historical_shares,14783,6,629,12
p100-f75-h8,historical_shares,14783,6,631,27
p100-f75-h8,historical_shares,14783,6,673,76
p100-f75-h8,historical_shares,14783,7,629,13
p100-f75-h8,historical_shares,14783,7,631,28
p100-f75-h8,historical_shares,14783,7,673,80
p100-f75-h8,historical_shares,14783,8,629,12
p100-f75-h8,historical_shares,14783,8,631,29
p100-f75-h8,historical_shares,14783,8,673,81
p100-f75-h8,historical_shares,14783,9,629,12
p100-f75-h8,historical_shares,14783,9,631,27
p100-f75-h8,historical_shares,14783,9,673,78
p100-f75-h8,historical_shares,14783,10,629,12
p100-f75-h8,historical_shares,14783,10,631,26
p100-f75-h8,historical_shares,14783,10,673,74
p100-f75-h8,historical_shares,14783,11,629,9
p100-f75-h8,historical_shares,14783,11,631,19
p100-f75-h8,historical_shares,14783,11,673,54
p100-f75-h8,historical_shares,14783,12,629,9
p100-f75-h8,historical_shares,14783,12,631,21
p100-f75-h8,historical_shares,14783,12,673,58
p100-f75-h10,optimized,11109,1,629,0
p100-f75-h10,optimized,11109,1,631,214
p100-f75-h10,optimized,11109,1,673,0
p100-f75-h10,optimized,11109,2,629,0
p100-f75-h10,optimized,11109,2,631,196
p100-f75-h10,optimized,11109,2,673,0
p100-f75-h10,optimized,11109,3,629,0
p100-f75-h10,optimized,11109,3,631,222
p100-f75-h10,optimized,11109,3,673,0
p100-f75-h10,optimized,11109,4,629,0
p100-f75-h10,optimized,11109,4,631,216
p100-f75-h10,optimized,11109,4,673,0
p100-f75-h10,optimized,11109,5,629,0
p100-f75-h10,optimized,11109,5,631,239
p100-f75-h10,optimized,11109,5,673,0
p100-f75-h10,optimized,11109,6,629,0
p100-f75-h10,optimized,11109,6,631,243
p100-f75-h10,optimized,11109,6,673,0
p100-f75-h10,optimized,11109,7,629,0
p100-f75-h10,optimized,11109,7,631,260
p100-f75-h10,optimized,11109,7,673,1
p100-f75-h10,optimized,11109,8,629,0
p100-f75-h10,optimized,11109,8,631,252
p100-f75-h10,optimized,11109,8,673,0
p100-f75-h10,optimized,11109,9,629,0
p100-f75-h10,optimized,11109,9,631,229
p100-f75-h10,optimized,11109,9,673,0
p100-f75-h10,optimized,11109,10,629,0
p100-f75-h10,optimized,11109,10,631,228
p100-f75-h10,optimized,11109,10,673,0
p100-f75-h10,optimized,11109,11,629,0
p100-f75-h10,optimized,11109,11,631,187
p100-f75-h10,optimized,11109,11,673,0
p100-f75-h10,optimized,11109,12,629,0
p100-f75-h10,optimized,11109,12,631,249
p100-f75-h10,optimized,11109,12,673,0
p100-f75-h10,optimized,10372,1,631,0
p100-f75-h10,optimized,10372,1,673,215
p100-f75-h10,optimized,10372,2,631,0
p100-f75-h10,optimized,10372,2,673,190
p100-f75-h10,optimized,10372,3,631,0
p100-f75-h10,optimized,10372,3,673,233
p100-f75-h10,optimized,10372,4,631,0
p100-f75-h10,optimized,10372,4,673,181
p100-f75-h10,optimized,10372,5,631,0
p100-f75-h10,optimized,10372,5,673,27
p100-f75-h10,optimized,10372,6,631,0
p100-f75-h10,optimized,10372,6,673,176
p100-f75-h10,optimized,10372,7,631,0
p100-f75-h10,optimized,10372,7,673,204
p100-f75-h10,optimized,10372,8,631,0
p100-f75-h10,optimized,10372,8,673,210
p100-f75-h10,optimized,10372,9,631,11
p100-f75-h10,optimized,10372,9,673,168
p100-f75-h10,optimized,10372,10,631,0
p100-f75-h10,optimized,10372,10,673,167
p100-f75-h10,optimized,10372,11,631,0
p100-f75-h10,optimized,10372,11,673,133
p100-f75-h10,optimized,10372,12,631,0
p100-f75-h10,optimized,10372,12,673,207
p100-f75-h10,optimized,14457,1,629,0
p100-f75-h10,optimized,14457,1,631,129
p100-f75-h10,optimized,14457,1,673,0
p100-f75-h10,optimized,14457,2,629,0
p100-f75-h10,optimized,14457,2,631,118
p100-f75-h10,optimized,14457,2,673,0
p100-f75-h10,optimized,14457,3,629,0
p100-f75-h10,optimized,14457,3,631,158
p100-f75-h10,optimized,14457,3,673,0
p100-f75-h10,optimized,14457,4,629,0
p100-f75-h10,optimized,14457,4,631,159
p100-f75-h10,optimized,14457,4,673,0
p100-f75-h10,optimized,14457,5,629,0
p100-f75-h10,optimized,14457,5,631,142
p100-f75-h10,optimized,14457,5,673,0
p100-f75-h10,optimized,14457,6,629,0
p100-f75-h10,optimized,14457,6,631,161
p100-f75-h10,optimized,14457,6,673,0
p100-f75-h10,optimized,14457,7,629,0
p100-f75-h10,optimized,14457,7,631,156
p100-f75-h10,optimized,14457,7,673,0
p100-f75-h10,optimized,14457,8,629,0
p100-f75-h10,optimized,14457,8,631,160
p100-f75-h10,optimized,14457,8,673,0
p100-f75-h10,optimized,14457,9,629,0
p100-f75-h10,optimized,14457,9,631,24
p100-f75-h10,optimized,14457,9,673,124
p100-f75-h10,optimized,14457,10,629,0
p100-f75-h10,optimized,14457,10,631,132
p100-f75-h10,optimized,14457,10,673,0
p100-f75-h10,optimized,14457,11,629,0
p100-f75-h10,optimized,14457,11,631,119
p100-f75-h10,optimized,14457,11,673,0
p100-f75-h10,optimized,14457,12,629,0
p100-f75-h10,optimized,14457,12,631,138
p100-f75-h10,optimized,14457,12,673,0
p100-f75-h10,optimized,11122,1,629,0
p100-f75-h10,optimized,11122,1,631,138
p100-f75-h10,optimized,11122,1,673,0
p100-f75-h10,optimized,11122,2,629,0
p100-f75-h10,optimized,11122,2,631,126
p100-f75-h10,optimized,11122,2,673,0
p100-f75-h10,optimized,11122,3,629,0
p100-f75-h10,optimized,11122,3,631,139
p100-f75-h10,optimized,11122,3,673,0
p100-f75-h10,optimized,11122,4,629,0
p100-f75-h10,optimized,11122,4,631,134
p100-f75-h10,optimized,11122,4,673,0
p100-f75-h10,optimized,11122,5,629,0
p100-f75-h10,optimized,11122,5,631,149
p100-f75-h10,optimized,11122,5,673,0
p100-f75-h10,optimized,11122,6,629,0
p100-f75-h10,optimized,11122,6,631,160
p100-f75-h10,optimized,11122,6,673,0
p100-f75-h10,optimized,11122,7,629,0
p100-f75-h10,optimized,11122,7,631,159
p100-f75-h10,optimized,11122,7,673,0
p100-f75-h10,optimized,11122,8,629,0
p100-f75-h10,optimized,11122,8,631,162
p100-f75-h10,optimized,11122,8,673,0
p100-f75-h10,optimized,11122,9,629,0
p100-f75-h10,optimized,11122,9,631,159
p100-f75-h10,optimized,11122,9,673,0
p100-f75-h10,optimized,11122,10,629,0
p100-f75-h10,optimized,11122,10,631,162
p100-f75-h10,optimized,11122,10,673,0
p100-f75-h10,optimized,11122,11,629,0
p100-f75-h10,optimized,11122,11,631,153
p100-f75-h10,optimized,11122,11,673,0
p100-f75-h10,optimized,11122,12,629,0
p100-f75-h10,optimized,11122,12,631,163
p100-f75-h10,optimized,11122,12,673,0
p100-f75-h10,optimized,13851,1,629,0
p100-f75-h10,optimized,13851,1,631,4
p100-f75-h10,optimized,13851,1,673,116
p100-f75-h10,optimized,13851,2,629,0
p100-f75-h10,optimized,13851,2,631,1
p100-f75-h10,optimized,13851,2,673,104
p100-f75-h10,optimized,13851,3,629,0
p100-f75-h10,optimized,13851,3,631,6
p100-f75-h10,optimized,13851,3,673,118
p100-f75-h10,optimized,13851,4,629,0
p100-f75-h10,optimized,13851,4,631,9
p100-f75-h10,optimized,13851,4,673,111
p100-f75-h10,optimized,13851,5,629,0
p100-f75-h10,optimized,13851,5,631,5
p100-f75-h10,optimized,13851,5,673,140
p100-f75-h10,optimized,13851,6,629,0
p100-f75-h10,optimized,13851,6,631,21
p100-f75-h10,optimized,13851,6,673,118
p100-f75-h10,optimized,13851,7,629,0
p100-f75-h10,optimized,13851,7,631,0
p100-f75-h10,optimized,13851,7,673,137
p100-f75-h10,optimized,13851,8,629,0
p100-f75-h10,optimized,13851,8,631,17
p100-f75-h10,optimized,13851,8,673,115
p100-f75-h10,optimized,13851,9,629,0
p100-f75-h10,optimized,13851,9,631,20
p100-f75-h10,optimized,13851,9,673,101
p100-f75-h10,optimized,13851,10,629,0
p100-f75-h10,optimized,13851,10,631,23
p100-f75-h10,optimized,13851,10,673,72
p100-f75-h10,optimized,13851,11,629,0
p100-f75-h10,optimized,13851,11,631,15
p100-f75-h10,optimized,13851,11,673,55
p100-f75-h10,optimized,13851,12,629,0
p100-f75-h10,optimized,13851,12,631,10
p100-f75-h10,optimized,13851,12,673,68
p100-f75-h10,optimized,12280,1,629,0
p100-f75-h10,optimized,12280,1,631,61
p100-f75-h10,optimized,12280,1,673,31
p100-f75-h10,optimized,12280,2,629,0
p100-f75-h10,optimized,12280,2,631,35
p100-f75-h10,optimized,12280,2,673,48
p100-f75-h10,optimized,12280,3,629,0
p100-f75-h10,optimized,12280,3,631,16
p100-f75-h10,optimized,12280,3,673,77
p100-f75-h10,optimized,12280,4,629,0
p100-f75-h10,optimized,12280,4,631,2
p100-f75-h10,optimized,12280,4,673,91
p100-f75-h10,optimized,12280,5,629,0
p100-f75-h10,optimized,12280,5,631,58
p100-f75-h10,optimized,12280,5,673,57
p100-f75-h10,optimized,12280,6,629,0
p100-f75-h10,optimized,12280,6,631,16
p100-f75-h10,optimized,12280,6,673,101
p100-f75-h10,optimized,12280,7,629,0
p100-f75-h10,optimized,12280,7,631,84
p100-f75-h10,optimized,12280,7,673,54
p100-f75-h10,optimized,12280,8,629,0
p100-f75-h10,optimized,12280,8,631,25
p100-f75-h10,optimized,12280,8,673,109
p100-f75-h10,optimized,12280,9,629,0
p100-f75-h10,optimized,12280,9,631,9
p100-f75-h10,optimized,12280,9,673,117
p100-f75-h10,optimized,12280,10,629,0
p100-f75-h10,optimized,12280,10,631,11
p100-f75-h10,optimized,12280,10,673,104
p100-f75-h10,optimized,12280,11,629,0
p100-f75-h10,optimized,12280,11,631,6
p100-f75-h10,optimized,12280,11,673,94
p100-f75-h10,optimized,12280,12,629,0
p100-f75-h10,optimized,12280,12,631,14
p100-f75-h10,optimized,12280,12,673,68
p100-f75-h10,optimized,14869,1,629,0
p100-f75-h10,optimized,14869,1,631,68
p100-f75-h10,optimized,14869,1,673,12
p100-f75-h10,optimized,14869,2,629,0
p100-f75-h10,optimized,14869,2,631,27
p100-f75-h10,optimized,14869,2,673,60
p100-f75-h10,optimized,14869,3,629,0
p100-f75-h10,optimized,14869,3,631,13
p100-f75-h10,optimized,14869,3,673,87
p100-f75-h10,optimized,14869,4,629,0
p100-f75-h10,optimized,14869,4,631,23
p100-f75-h10,optimized,14869,4,673,103
p100-f75-h10,optimized,14869,5,629,0
p100-f75-h10,optimized,14869,5,631,10
p100-f75-h10,optimized,14869,5,673,96
p100-f75-h10,optimized,14869,6,629,0
p100-f75-h10,optimized,14869,6,631,10
p100-f75-h10,optimized,14869,6,673,71
p100-f75-h10,optimized,14869,7,629,0
p100-f75-h10,optimized,14869,7,631,0
p100-f75-h10,optimized,14869,7,673,85
p100-f75-h10,optimized,14869,8,629,0
p100-f75-h10,optimized,14869,8,631,15
p100-f75-h10,optimized,14869,8,673,81
p100-f75-h10,optimized,14869,9,629,0
p100-f75-h10,optimized,14869,9,631,22
p100-f75-h10,optimized,14869,9,673,103
p100-f75-h10,optimized,14869,10,629,0
p100-f75-h10,optimized,14869,10,631,14
p100-f75-h10,optimized,14869,10,673,94
p100-f75-h10,optimized,14869,11,629,0
p100-f75-h10,optimized,14869,11,631,5
p100-f75-h10,optimized,14869,11,673,87
p100-f75-h10,optimized,14869,12,629,0
p100-f75-h10,optimized,14869,12,631,22
p100-f75-h10,optimized,14869,12,673,63
p100-f75-h10,optimized,14783,1,629,0
p100-f75-h10,optimized,14783,1,631,19
p100-f75-h10,optimized,14783,1,673,55
p100-f75-h10,optimized,14783,2,629,0
p100-f75-h10,optimized,14783,2,631,59
p100-f75-h10,optimized,14783,2,673,17
p100-f75-h10,optimized,14783,3,629,0
p100-f75-h10,optimized,14783,3,631,57
p100-f75-h10,optimized,14783,3,673,36
p100-f75-h10,optimized,14783,4,629,0
p100-f75-h10,optimized,14783,4,631,57
p100-f75-h10,optimized,14783,4,673,22
p100-f75-h10,optimized,14783,5,629,0
p100-f75-h10,optimized,14783,5,631,38
p100-f75-h10,optimized,14783,5,673,72
p100-f75-h10,optimized,14783,6,629,0
p100-f75-h10,optimized,14783,6,631,23
p100-f75-h10,optimized,14783,6,673,88
p100-f75-h10,optimized,14783,7,629,0
p100-f75-h10,optimized,14783,7,631,0
p100-f75-h10,optimized,14783,7,673,117
p100-f75-h10,optimized,14783,8,629,0
p100-f75-h10,optimized,14783,8,631,23
p100-f75-h10,optimized,14783,8,673,95
p100-f75-h10,optimized,14783,9,629,0
p100-f75-h10,optimized,14783,9,631,67
p100-f75-h10,optimized,14783,9,673,47
p100-f75-h10,optimized,14783,10,629,0
p100-f75-h10,optimized,14783,10,631,9
p100-f75-h10,optimized,14783,10,673,99
p100-f75-h10,optimized,14783,11,629,0
p100-f75-h10,optimized,14783,11,631,1
p100-f75-h10,optimized,14783,11,673,78
p100-f75-h10,optimized,14783,12,629,0
p100-f75-h10,optimized,14783,12,631,46
p100-f75-h10,optimized,14783,12,673,39
p100-f75-h10,historical_shares,11109,1,629,176
p100-f75-h10,historical_shares,11109,1,631,14
p100-f75-h10,historical_shares,11109,1,673,39
p100-f75-h10,historical_shares,11109,2,629,153
p100-f75-h10,historical_shares,11109,2,631,12
p100-f75-h10,historical_shares,11109,2,673,34
p100-f75-h10,historical_shares,11109,3,629,183
p100-f75-h10,historical_shares,11109,3,631,14
p100-f75-h10,historical_shares,11109,3,673,40
p100-f75-h10,historical_shares,11109,4,629,172
p100-f75-h10,historical_shares,11109,4,631,13
p100-f75-h10,historical_shares,11109,4,673,38
p100-f75-h10,historical_shares,11109,5,629,197
p100-f75-h10,historical_shares,11109,5,631,15
p100-f75-h10,historical_shares,11109,5,673,43
p100-f75-h10,historical_shares,11109,6,629,201
p100-f75-h10,historical_shares,11109,6,631,15
p100-f75-h10,historical_shares,11109,6,673,45
p100-f75-h10,historical_shares,11109,7,629,201
p100-f75-h10,historical_shares,11109,7,631,15
p100-f75-h10,historical_shares,11109,7,673,45
p100-f75-h10,historical_shares,11109,8,629,194
p100-f75-h10,historical_shares,11109,8,631,15
p100-f75-h10,historical_shares,11109,8,673,43
p100-f75-h10,historical_shares,11109,9,629,197
p100-f75-h10,historical_shares,11109,9,631,15
p100-f75-h10,historical_shares,11109,9,673,44
p100-f75-h10,historical_shares,11109,10,629,185
p100-f75-h10,historical_shares,11109,10,631,14
p100-f75-h10,historical_shares,11109,10,673,41
p100-f75-h10,historical_shares,11109,11,629,154
p100-f75-h10,historical_shares,11109,11,631,12
p100-f75-h10,historical_shares,11109,11,673,34
p100-f75-h10,historical_shares,11109,12,629,219
p100-f75-h10,historical_shares,11109,12,631,17
p100-f75-h10,historical_shares,11109,12,673,48
p100-f75-h10,historical_shares,10372,1,631,21
p100-f75-h10,historical_shares,10372,1,673,194
p100-f75-h10,historical_shares,10372,2,631,18
p100-f75-h10,historical_shares,10372,2,673,172
p100-f75-h10,historical_shares,10372,3,631,22
p100-f75-h10,historical_shares,10372,3,673,212
p100-f75-h10,historical_shares,10372,4,631,17
p100-f75-h10,historical_shares,10372,4,673,164
p100-f75-h10,historical_shares,10372,5,631,3
p100-f75-h10,historical_shares,10372,5,673,24
p100-f75-h10,historical_shares,10372,6,631,17
p100-f75-h10,historical_shares,10372,6,673,159
p100-f75-h10,historical_shares,10372,7,631,20
p100-f75-h10,historical_shares,10372,7,673,184
p100-f75-h10,historical_shares,10372,8,631,20
p100-f75-h10,historical_shares,10372,8,673,190
p100-f75-h10,historical_shares,10372,9,631,17
p100-f75-h10,historical_shares,10372,9,673,162
p100-f75-h10,historical_shares,10372,10,631,16
p100-f75-h10,historical_shares,10372,10,673,152
p100-f75-h10,historical_shares,10372,11,631,13
p100-f75-h10,historical_shares,10372,11,673,120
p100-f75-h10,historical_shares,10372,12,631,20
p100-f75-h10,historical_shares,10372,12,673,187
p100-f75-h10,historical_shares,14457,1,629,105
p100-f75-h10,historical_shares,14457,1,631,10
p100-f75-h10,historical_shares,14457,1,673,37
p100-f75-h10,historical_shares,14457,2,629,90
p100-f75-h10,historical_shares,14457,2,631,9
p100-f75-h10,historical_shares,14457,2,673,32
p100-f75-h10,historical_shares,14457,3,629,115
p100-f75-h10,historical_shares,14457,3,631,12
p100-f75-h10,historical_shares,14457,3,673,40
p100-f75-h10,historical_shares,14457,4,629,129
p100-f75-h10,historical_shares,14457,4,631,13
p100-f75-h10,historical_shares,14457,4,673,45
p100-f75-h10,historical_shares,14457,5,629,119
p100-f75-h10,historical_shares,14457,5,631,12
p100-f75-h10,historical_shares,14457,5,673,42
p100-f75-h10,historical_shares,14457,6,629,134
p100-f75-h10,historical_shares,14457,6,631,14
p100-f75-h10,historical_shares,14457,6,673,47
p100-f75-h10,historical_shares,14457,7,629,132
p100-f75-h10,historical_shares,14457,7,631,13
p100-f75-h10,historical_shares,14457,7,673,47
p100-f75-h10,historical_shares,14457,8,629,135
p100-f75-h10,historical_shares,14457,8,631,14
p100-f75-h10,historical_shares,14457,8,673,47
p100-f75-h10,historical_shares,14457,9,629,130
p100-f75-h10,historical_shares,14457,9,631,13
p100-f75-h10,historical_shares,14457,9,673,45
p100-f75-h10,historical_shares,14457,10,629,93
p100-f75-h10,historical_shares,14457,10,631,9
p100-f75-h10,historical_shares,14457,10,673,33
p100-f75-h10,historical_shares,14457,11,629,87
p100-f75-h10,historical_shares,14457,11,631,9
p100-f75-h10,historical_shares,14457,11,673,31
p100-f75-h10,historical_shares,14457,12,629,114
p100-f75-h10,historical_shares,14457,12,631,12
p100-f75-h10,historical_shares,14457,12,673,40
p100-f75-h10,historical_shares,11122,1,629,131
p100-f75-h10,historical_shares,11122,1,631,9
p100-f75-h10,historical_shares,11122,1,673,4
p100-f75-h10,historical_shares,11122,2,629,119
p100-f75-h10,historical_shares,11122,2,631,8
p100-f75-h10,historical_shares,11122,2,673,4
p100-f75-h10,historical_shares,11122,3,629,140
p100-f75-h10,historical_shares,11122,3,631,9
p100-f75-h10,historical_shares,11122,3,673,5
p100-f75-h10,historical_shares,11122,4,629,132
p100-f75-h10,historical_shares,11122,4,631,9
p100-f75-h10,historical_shares,11122,4,673,4
p100-f75-h10,historical_shares,11122,5,629,157
p100-f75-h10,historical_shares,11122,5,631,10
p100-f75-h10,historical_shares,11122,5,673,5
p100-f75-h10,historical_shares,11122,6,629,171
p100-f75-h10,historical_shares,11122,6,631,11
p100-f75-h10,historical_shares,11122,6,673,5
p100-f75-h10,historical_shares,11122,7,629,170
p100-f75-h10,historical_shares,11122,7,631,11
p100-f75-h10,historical_shares,11122,7,673,5
p100-f75-h10,historical_shares,11122,8,629,166
p100-f75-h10,historical_shares,11122,8,631,11
p100-f75-h10,historical_shares,11122,8,673,5
p100-f75-h10,historical_shares,11122,9,629,156
p100-f75-h10,historical_shares,11122,9,631,10
p100-f75-h10,historical_shares,11122,9,673,5
p100-f75-h10,historical_shares,11122,10,629,166
p100-f75-h10,historical_shares,11122,10,631,11
p100-f75-h10,historical_shares,11122,10,673,5
p100-f75-h10,historical_shares,11122,11,629,147
p100-f75-h10,historical_shares,11122,11,631,9
p100-f75-h10,historical_shares,11122,11,673,5
p100-f75-h10,historical_shares,11122,12,629,157
p100-f75-h10,historical_shares,11122,12,631,10
p100-f75-h10,historical_shares,11122,12,673,5
p100-f75-h10,historical_shares,13851,1,629,1
p100-f75-h10,historical_shares,13851,1,631,16
p100-f75-h10,historical_shares,13851,1,673,104
p100-f75-h10,historical_shares,13851,2,629,1
p100-f75-h10,historical_shares,13851,2,631,14
p100-f75-h10,historical_shares,13851,2,673,91
p100-f75-h10,historical_shares,13851,3,629,1
p100-f75-h10,historical_shares,13851,3,631,17
p100-f75-h10,historical_shares,13851,3,673,107
p100-f75-h10,historical_shares,13851,4,629,1
p100-f75-h10,historical_shares,13851,4,631,16
p100-f75-h10,historical_shares,13851,4,673,104
p100-f75-h10,historical_shares,13851,5,629,1
p100-f75-h10,historical_shares,13851,5,631,20
p100-f75-h10,historical_shares,13851,5,673,125
p100-f75-h10,historical_shares,13851,6,629,1
p100-f75-h10,historical_shares,13851,6,631,19
p100-f75-h10,historical_shares,13851,6,673,120
p100-f75-h10,historical_shares,13851,7,629,1
p100-f75-h10,historical_shares,13851,7,631,19
p100-f75-h10,historical_shares,13851,7,673,118
p100-f75-h10,historical_shares,13851,8,629,1
p100-f75-h10,historical_shares,13851,8,631,18
p100-f75-h10,historical_shares,13851,8,673,114
p100-f75-h10,historical_shares,13851,9,629,1
p100-f75-h10,historical_shares,13851,9,631,17
p100-f75-h10,historical_shares,13851,9,673,104
p100-f75-h10,historical_shares,13851,10,629,1
p100-f75-h10,historical_shares,13851,10,631,13
p100-f75-h10,historical_shares,13851,10,673,81
p100-f75-h10,historical_shares,13851,11,629,1
p100-f75-h10,historical_shares,13851,11,631,9
p100-f75-h10,historical_shares,13851,11,673,61
p100-f75-h10,historical_shares,13851,12,629,1
p100-f75-h10,historical_shares,13851,12,631,11
p100-f75-h10,historical_shares,13851,12,673,67
p100-f75-h10,historical_shares,12280,1,629,41
p100-f75-h10,historical_shares,12280,1,631,35
p100-f75-h10,historical_shares,12280,1,673,28
p100-f75-h10,historical_shares,12280,2,629,37
p100-f75-h10,historical_shares,12280,2,631,32
p100-f75-h10,historical_shares,12280,2,673,26
p100-f75-h10,historical_shares,12280,3,629,42
p100-f75-h10,historical_shares,12280,3,631,37
p100-f75-h10,historical_shares,12280,3,673,29
p100-f75-h10,historical_shares,12280,4,629,43
p100-f75-h10,historical_shares,12280,4,631,37
p100-f75-h10,historical_shares,12280,4,673,29
p100-f75-h10,historical_shares,12280,5,629,51
p100-f75-h10,historical_shares,12280,5,631,45
p100-f75-h10,historical_shares,12280,5,673,35
p100-f75-h10,historical_shares,12280,6,629,53
p100-f75-h10,historical_shares,12280,6,631,47
p100-f75-h10,historical_shares,12280,6,673,36
p100-f75-h10,historical_shares,12280,7,629,60
p100-f75-h10,historical_shares,12280,7,631,53
p100-f75-h10,historical_shares,12280,7,673,41
p100-f75-h10,historical_shares,12280,8,629,60
p100-f75-h10,historical_shares,12280,8,631,53
p100-f75-h10,historical_shares,12280,8,673,42
p100-f75-h10,historical_shares,12280,9,629,57
p100-f75-h10,historical_shares,12280,9,631,50
p100-f75-h10,historical_shares,12280,9,673,40
p100-f75-h10,historical_shares,12280,10,629,52
p100-f75-h10,historical_shares,12280,10,631,46
p100-f75-h10,historical_shares,12280,10,673,36
p100-f75-h10,historical_shares,12280,11,629,46
p100-f75-h10,historical_shares,12280,11,631,40
p100-f75-h10,historical_shares,12280,11,673,31
p100-f75-h10,historical_shares,12280,12,629,37
p100-f75-h10,historical_shares,12280,12,631,32
p100-f75-h10,historical_shares,12280,12,673,26
p100-f75-h10,historical_shares,14869,1,629,7
p100-f75-h10,historical_shares,14869,1,631,21
p100-f75-h10,historical_shares,14869,1,673,53
p100-f75-h10,historical_shares,14869,2,629,7
p100-f75-h10,historical_shares,14869,2,631,23
p100-f75-h10,historical_shares,14869,2,673,59
p100-f75-h10,historical_shares,14869,3,629,9
p100-f75-h10,historical_shares,14869,3,631,27
p100-f75-h10,historical_shares,14869,3,673,68
p100-f75-h10,historical_shares,14869,4,629,11
p100-f75-h10,historical_shares,14869,4,631,34
p100-f75-h10,historical_shares,14869,4,673,85
p100-f75-h10,historical_shares,14869,5,629,9
p100-f75-h10,historical_shares,14869,5,631,29
p100-f75-h10,historical_shares,14869,5,673,72
p100-f75-h10,historical_shares,14869,6,629,7
p100-f75-h10,historical_shares,14869,6,631,22
p100-f75-h10,historical_shares,14869,6,673,55
p100-f75-h10,historical_shares,14869,7,629,7
p100-f75-h10,historical_shares,14869,7,631,23
p100-f75-h10,historical_shares,14869,7,673,58
p100-f75-h10,historical_shares,14869,8,629,8
p100-f75-h10,historical_shares,14869,8,631,26
p100-f75-h10,historical_shares,14869,8,673,65
p100-f75-h10,historical_shares,14869,9,629,10
p100-f75-h10,historical_shares,14869,9,631,34
p100-f75-h10,historical_shares,14869,9,673,85
p100-f75-h10,historical_shares,14869,10,629,9
p100-f75-h10,historical_shares,14869,10,631,29
p100-f75-h10,historical_shares,14869,10,673,74
p100-f75-h10,historical_shares,14869,11,629,8
p100-f75-h10,historical_shares,14869,11,631,25
p100-f75-h10,historical_shares,14869,11,673,63
p100-f75-h10,historical_shares,14869,12,629,7
p100-f75-h10,historical_shares,14869,12,631,23
p100-f75-h10,historical_shares,14869,12,673,58
p100-f75-h10,historical_shares,14783,1,629,8
p100-f75-h10,historical_shares,14783,1,631,18
p100-f75-h10,historical_shares,14783,1,673,50
p100-f75-h10,historical_shares,14783,2,629,8
p100-f75-h10,historical_shares,14783,2,631,18
p100-f75-h10,historical_shares,14783,2,673,52
p100-f75-h10,historical_shares,14783,3,629,10
p100-f75-h10,historical_shares,14783,3,631,22
p100-f75-h10,historical_shares,14783,3,673,64
p100-f75-h10,historical_shares,14783,4,629,8
p100-f75-h10,historical_shares,14783,4,631,19
p100-f75-h10,historical_shares,14783,4,673,54
p100-f75-h10,historical_shares,14783,5,629,12
p100-f75-h10,historical_shares,14783,5,631,27
p100-f75-h10,historical_shares,14783,5,673,75
p100-f75-h10,historical_shares,14783,6,629,12
p100-f75-h10,historical_shares,14783,6,631,27
p100-f75-h10,historical_shares,14783,6,673,76
p100-f75-h10,historical_shares,14783,7,629,13
p100-f75-h10,historical_shares,14783,7,631,28
p100-f75-h10,historical_shares,14783,7,673,80
p100-f75-h10,historical_shares,14783,8,629,12
p100-f75-h10,historical_shares,14783,8,631,29
p100-f75-h10,historical_shares,14783,8,673,81
p100-f75-h10,historical_shares,14783,9,629,12
p100-f75-h10,historical_shares,14783,9,631,27
p100-f75-h10,historical_shares,14783,9,673,78
p100-f75-h10,historical_shares,14783,10,629,12
p100-f75-h10,historical_shares,14783,10,631,26
p100-f75-h10,historical_shares,14783,10,673,74
p100-f75-h10,historical_shares,14783,11,629,9
p100-f75-h10,historical_shares,14783,11,631,19
p100-f75-h10,historical_shares,14783,11,673,54
p100-f75-h10,historical_shares,14783,12,629,9
p100-f75-h10,historical_shares,14783,12,631,21
p100-f75-h10,historical_shares,14783,12,673,58
p100-f100-h6,optimized,11109,1,629,0
p100-f100-h6,optimized,11109,1,631,285
p100-f100-h6,optimized,11109,1,673,0
p100-f100-h6,optimized,11109,2,629,0
p100-f100-h6,optimized,11109,2,631,261
p100-f100-h6,optimized,11109,2,673,0
p100-f100-h6,optimized,11109,3,629,0
p100-f100-h6,optimized,11109,3,631,296
p100-f100-h6,optimized,11109,3,673,0
p100-f100-h6,optimized,11109,4,629,0
p100-f100-h6,optimized,11109,4,631,287
p100-f100-h6,optimized,11109,4,673,0
p100-f100-h6,optimized,11109,5,629,0
p100-f100-h6,optimized,11109,5,631,318
p100-f100-h6,optimized,11109,5,673,0
p100-f100-h6,optimized,11109,6,629,0
p100-f100-h6,optimized,11109,6,631,323
p100-f100-h6,optimized,11109,6,673,0
p100-f100-h6,optimized,11109,7,629,0
p100-f100-h6,optimized,11109,7,631,348
p100-f100-h6,optimized,11109,7,673,0
p100-f100-h6,optimized,11109,8,629,0
p100-f100-h6,optimized,11109,8,631,335
p100-f100-h6,optimized,11109,8,673,0
p100-f100-h6,optimized,11109,9,629,0
p100-f100-h6,optimized,11109,9,631,305
p100-f100-h6,optimized,11109,9,673,0
p100-f100-h6,optimized,11109,10,629,0
p100-f100-h6,optimized,11109,10,631,304
p100-f100-h6,optimized,11109,10,673,0
p100-f100-h6,optimized,11109,11,629,0
p100-f100-h6,optimized,11109,11,631,249
p100-f100-h6,optimized,11109,11,673,0
p100-f100-h6,optimized,11109,12,629,0
p100-f100-h6,optimized,11109,12,631,332
p100-f100-h6,optimized,11109,12,673,0
p100-f100-h6,optimized,10372,1,631,0
p100-f100-h6,optimized,10372,1,673,286
p100-f100-h6,optimized,10372,2,631,0
p100-f100-h6,optimized,10372,2,673,240
p100-f100-h6,optimized,10372,3,631,0
p100-f100-h6,optimized,10372,3,673,281
p100-f100-h6,optimized,10372,4,631,0
p100-f100-h6,optimized,10372,4,673,241
p100-f100-h6,optimized,10372,5,631,0
p100-f100-h6,optimized,10372,5,673,35
p100-f100-h6,optimized,10372,6,631,0
p100-f100-h6,optimized,10372,6,673,232
p100-f100-h6,optimized,10372,7,631,0
p100-f100-h6,optimized,10372,7,673,235
p100-f100-h6,optimized,10372,8,631,0
p100-f100-h6,optimized,10372,8,673,235
p100-f100-h6,optimized,10372,9,631,0
p100-f100-h6,optimized,10372,9,673,227
p100-f100-h6,optimized,10372,10,631,0
p100-f100-h6,optimized,10372,10,673,216
p100-f100-h6,optimized,10372,11,631,0
p100-f100-h6,optimized,10372,11,673,172
p100-f100-h6,optimized,10372,12,631,0
p100-f100-h6,optimized,10372,12,673,265
p100-f100-h6,optimized,14457,1,629,0
p100-f100-h6,optimized,14457,1,631,172
p100-f100-h6,optimized,14457,1,673,0
p100-f100-h6,optimized,14457,2,629,0
p100-f100-h6,optimized,14457,2,631,157
p100-f100-h6,optimized,14457,2,673,0
p100-f100-h6,optimized,14457,3,629,0
p100-f100-h6,optimized,14457,3,631,210
p100-f100-h6,optimized,14457,3,673,0
p100-f100-h6,optimized,14457,4,629,0
p100-f100-h6,optimized,14457,4,631,211
p100-f100-h6,optimized,14457,4,673,0
p100-f100-h6,optimized,14457,5,629,0
p100-f100-h6,optimized,14457,5,631,189
p100-f100-h6,optimized,14457,5,673,0
p100-f100-h6,optimized,14457,6,629,0
p100-f100-h6,optimized,14457,6,631,214
p100-f100-h6,optimized,14457,6,673,0
p100-f100-h6,optimized,14457,7,629,0
p100-f100-h6,optimized,14457,7,631,208
p100-f100-h6,optimized,14457,7,673,0
p100-f100-h6,optimized,14457,8,629,0
p100-f100-h6,optimized,14457,8,631,213
p100-f100-h6,optimized,14457,8,673,0
p100-f100-h6,optimized,14457,9,629,0
p100-f100-h6,optimized,14457,9,631,197
p100-f100-h6,optimized,14457,9,673,0
p100-f100-h6,optimized,14457,10,629,0
p100-f100-h6,optimized,14457,10,631,176
p100-f100-h6,optimized,14457,10,673,0
p100-f100-h6,optimized,14457,11,629,0
p100-f100-h6,optimized,14457,11,631,158
p100-f100-h6,optimized,14457,11,673,0
p100-f100-h6,optimized,14457,12,629,0
p100-f100-h6,optimized,14457,12,631,184
p100-f100-h6,optimized,14457,12,673,0
p100-f100-h6,optimized,11122,1,629,0
p100-f100-h6,optimized,11122,1,631,184
p100-f100-h6,optimized,11122,1,673,0
p100-f100-h6,optimized,11122,2,629,0
p100-f100-h6,optimized,11122,2,631,168
p100-f100-h6,optimized,11122,2,673,0
p100-f100-h6,optimized,11122,3,629,0
p100-f100-h6,optimized,11122,3,631,185
p100-f100-h6,optimized,11122,3,673,0
p100-f100-h6,optimized,11122,4,629,0
p100-f100-h6,optimized,11122,4,631,178
p100-f100-h6,optimized,11122,4,673,0
p100-f100-h6,optimized,11122,5,629,0
p100-f100-h6,optimized,11122,5,631,198
p100-f100-h6,optimized,11122,5,673,0
p100-f100-h6,optimized,11122,6,629,0
p100-f100-h6,optimized,11122,6,631,213
p100-f100-h6,optimized,11122,6,673,0
p100-f100-h6,optimized,11122,7,629,0
p100-f100-h6,optimized,11122,7,631,212
p100-f100-h6,optimized,11122,7,673,0
p100-f100-h6,optimized,11122,8,629,0
p100-f100-h6,optimized,11122,8,631,215
p100-f100-h6,optimized,11122,8,673,0
p100-f100-h6,optimized,11122,9,629,0
p100-f100-h6,optimized,11122,9,631,211
p100-f100-h6,optimized,11122,9,673,0
p100-f100-h6,optimized,11122,10,629,0
p100-f100-h6,optimized,11122,10,631,216
p100-f100-h6,optimized,11122,10,673,0
p100-f100-h6,optimized,11122,11,629,0
p100-f100-h6,optimized,11122,11,631,204
p100-f100-h6,optimized,11122,11,673,0
p100-f100-h6,optimized,11122,12,629,0
p100-f100-h6,optimized,11122,12,631,217
p100-f100-h6,optimized,11122,12,673,0
p100-f100-h6,optimized,13851,1,629,0
p100-f100-h6,optimized,13851,1,631,138
p100-f100-h6,optimized,13851,1,673,0
p100-f100-h6,optimized,13851,2,629,0
p100-f100-h6,optimized,13851,2,631,133
p100-f100-h6,optimized,13851,2,673,0
p100-f100-h6,optimized,13851,3,629,0
p100-f100-h6,optimized,13851,3,631,156
p100-f100-h6,optimized,13851,3,673,0
p100-f100-h6,optimized,13851,4,629,0
p100-f100-h6,optimized,13851,4,631,154
p100-f100-h6,optimized,13851,4,673,0
p100-f100-h6,optimized,13851,5,629,0
p100-f100-h6,optimized,13851,5,631,160
p100-f100-h6,optimized,13851,5,673,0
p100-f100-h6,optimized,13851,6,629,0
p100-f100-h6,optimized,13851,6,631,152
p100-f100-h6,optimized,13851,6,673,0
p100-f100-h6,optimized,13851,7,629,0
p100-f100-h6,optimized,13851,7,631,157
p100-f100-h6,optimized,13851,7,673,0
p100-f100-h6,optimized,13851,8,629,0
p100-f100-h6,optimized,13851,8,631,149
p100-f100-h6,optimized,13851,8,673,0
p100-f100-h6,optimized,13851,9,629,0
p100-f100-h6,optimized,13851,9,631,134
p100-f100-h6,optimized,13851,9,673,0
p100-f100-h6,optimized,13851,10,629,0
p100-f100-h6,optimized,13851,10,631,110
p100-f100-h6,optimized,13851,10,673,0
p100-f100-h6,optimized,13851,11,629,0
p100-f100-h6,optimized,13851,11,631,90
p100-f100-h6,optimized,13851,11,673,0
p100-f100-h6,optimized,13851,12,629,0
p100-f100-h6,optimized,13851,12,631,95
p100-f100-h6,optimized,13851,12,673,0
p100-f100-h6,optimized,12280,1,629,0
p100-f100-h6,optimized,12280,1,631,122
p100-f100-h6,optimized,12280,1,673,0
p100-f100-h6,optimized,12280,2,629,0
p100-f100-h6,optimized,12280,2,631,110
p100-f100-h6,optimized,12280,2,673,0
p100-f100-h6,optimized,12280,3,629,0
p100-f100-h6,optimized,12280,3,631,124
p100-f100-h6,optimized,12280,3,673,0
p100-f100-h6,optimized,12280,4,629,0
p100-f100-h6,optimized,12280,4,631,119
p100-f100-h6,optimized,12280,4,673,0
p100-f100-h6,optimized,12280,5,629,0
p100-f100-h6,optimized,12280,5,631,153
p100-f100-h6,optimized,12280,5,673,0
p100-f100-h6,optimized,12280,6,629,0
p100-f100-h6,optimized,12280,6,631,156
p100-f100-h6,optimized,12280,6,673,0
p100-f100-h6,optimized,12280,7,629,0
p100-f100-h6,optimized,12280,7,631,183
p100-f100-h6,optimized,12280,7,673,0
p100-f100-h6,optimized,12280,8,629,0
p100-f100-h6,optimized,12280,8,631,178
p100-f100-h6,optimized,12280,8,673,0
p100-f100-h6,optimized,12280,9,629,0
p100-f100-h6,optimized,12280,9,631,164
p100-f100-h6,optimized,12280,9,673,0
p100-f100-h6,optimized,12280,10,629,0
p100-f100-h6,optimized,12280,10,631,146
p100-f100-h6,optimized,12280,10,673,0
p100-f100-h6,optimized,12280,11,629,0
p100-f100-h6,optimized,12280,11,631,118
p100-f100-h6,optimized,12280,11,673,0
p100-f100-h6,optimized,12280,12,629,0
p100-f100-h6,optimized,12280,12,631,95
p100-f100-h6,optimized,12280,12,673,0
p100-f100-h6,optimized,14869,1,629,0
p100-f100-h6,optimized,14869,1,631,106
p100-f100-h6,optimized,14869,1,673,0
p100-f100-h6,optimized,14869,2,629,0
p100-f100-h6,optimized,14869,2,631,115
p100-f100-h6,optimized,14869,2,673,0
p100-f100-h6,optimized,14869,3,629,0
p100-f100-h6,optimized,14869,3,631,133
p100-f100-h6,optimized,14869,3,673,0
p100-f100-h6,optimized,14869,4,629,0
p100-f100-h6,optimized,14869,4,631,149
p100-f100-h6,optimized,14869,4,673,0
p100-f100-h6,optimized,14869,5,629,0
p100-f100-h6,optimized,14869,5,631,121
p100-f100-h6,optimized,14869,5,673,0
p100-f100-h6,optimized,14869,6,629,0
p100-f100-h6,optimized,14869,6,631,100
p100-f100-h6,optimized,14869,6,673,0
p100-f100-h6,optimized,14869,7,629,0
p100-f100-h6,optimized,14869,7,631,103
p100-f100-h6,optimized,14869,7,673,0
p100-f100-h6,optimized,14869,8,629,0
p100-f100-h6,optimized,14869,8,631,120
p100-f100-h6,optimized,14869,8,673,0
p100-f100-h6,optimized,14869,9,629,0
p100-f100-h6,optimized,14869,9,631,142
p100-f100-h6,optimized,14869,9,673,3
p100-f100-h6,optimized,14869,10,629,0
p100-f100-h6,optimized,14869,10,631,129
p100-f100-h6,optimized,14869,10,673,0
p100-f100-h6,optimized,14869,11,629,0
p100-f100-h6,optimized,14869,11,631,111
p100-f100-h6,optimized,14869,11,673,0
p100-f100-h6,optimized,14869,12,629,0
p100-f100-h6,optimized,14869,12,631,103
p100-f100-h6,optimized,14869,12,673,0
p100-f100-h6,optimized,14783,1,629,0
p100-f100-h6,optimized,14783,1,631,95
p100-f100-h6,optimized,14783,1,673,0
p100-f100-h6,optimized,14783,2,629,0
p100-f100-h6,optimized,14783,2,631,97
p100-f100-h6,optimized,14783,2,673,0
p100-f100-h6,optimized,14783,3,629,0
p100-f100-h6,optimized,14783,3,631,122
p100-f100-h6,optimized,14783,3,673,0
p100-f100-h6,optimized,14783,4,629,0
p100-f100-h6,optimized,14783,4,631,89
p100-f100-h6,optimized,14783,4,673,0
p100-f100-h6,optimized,14783,5,629,0
p100-f100-h6,optimized,14783,5,631,120
p100-f100-h6,optimized,14783,5,673,0
p100-f100-h6,optimized,14783,6,629,0
p100-f100-h6,optimized,14783,6,631,86
p100-f100-h6,optimized,14783,6,673,34
p100-f100-h6,optimized,14783,7,629,0
p100-f100-h6,optimized,14783,7,631,77
p100-f100-h6,optimized,14783,7,673,47
p100-f100-h6,optimized,14783,8,629,0
p100-f100-h6,optimized,14783,8,631,76
p100-f100-h6,optimized,14783,8,673,49
p100-f100-h6,optimized,14783,9,629,0
p100-f100-h6,optimized,14783,9,631,84
p100-f100-h6,optimized,14783,9,673,36
p100-f100-h6,optimized,14783,10,629,0
p100-f100-h6,optimized,14783,10,631,118
p100-f100-h6,optimized,14783,10,673,0
p100-f100-h6,optimized,14783,11,629,0
p100-f100-h6,optimized,14783,11,631,89
p100-f100-h6,optimized,14783,11,673,0
p100-f100-h6,optimized,14783,12,629,0
p100-f100-h6,optimized,14783,12,631,92
p100-f100-h6,optimized,14783,12,673,0
p100-f100-h6,historical_shares,11109,1,629,220
p100-f100-h6,historical_shares,11109,1,631,17
p100-f100-h6,historical_shares,11109,1,673,48
p100-f100-h6,historical_shares,11109,2,629,201
p100-f100-h6,historical_shares,11109,2,631,15
p100-f100-h6,historical_shares,11109,2,673,45
p100-f100-h6,historical_shares,11109,3,629,228
p100-f100-h6,historical_shares,11109,3,631,17
p100-f100-h6,historical_shares,11109,3,673,51
p100-f100-h6,historical_shares,11109,4,629,221
p100-f100-h6,historical_shares,11109,4,631,17
p100-f100-h6,historical_shares,11109,4,673,49
p100-f100-h6,historical_shares,11109,5,629,245
p100-f100-h6,historical_shares,11109,5,631,19
p100-f100-h6,historical_shares,11109,5,673,54
p100-f100-h6,historical_shares,11109,6,629,249
p100-f100-h6,historical_shares,11109,6,631,19
p100-f100-h6,historical_shares,11109,6,673,55
p100-f100-h6,historical_shares,11109,7,629,268
p100-f100-h6,historical_shares,11109,7,631,21
p100-f100-h6,historical_shares,11109,7,673,59
p100-f100-h6,historical_shares,11109,8,629,258
p100-f100-h6,historical_shares,11109,8,631,20
p100-f100-h6,historical_shares,11109,8,673,57
p100-f100-h6,historical_shares,11109,9,629,235
p100-f100-h6,historical_shares,11109,9,631,18
p100-f100-h6,historical_shares,11109,9,673,52
p100-f100-h6,historical_shares,11109,10,629,234
p100-f100-h6,historical_shares,11109,10,631,18
p100-f100-h6,historical_shares,11109,10,673,52
p100-f100-h6,historical_shares,11109,11,629,192
p100-f100-h6,historical_shares,11109,11,631,15
p100-f100-h6,historical_shares,11109,11,673,42
p100-f100-h6,historical_shares,11109,12,629,256
p100-f100-h6,historical_shares,11109,12,631,19
p100-f100-h6,historical_shares,11109,12,673,57
p100-f100-h6,historical_shares,10372,1,631,27
p100-f100-h6,historical_shares,10372,1,673,259
p100-f100-h6,historical_shares,10372,2,631,23
p100-f100-h6,historical_shares,10372,2,673,217
p100-f100-h6,historical_shares,10372,3,631,27
p100-f100-h6,historical_shares,10372,3,673,254
p100-f100-h6,historical_shares,10372,4,631,23
p100-f100-h6,historical_shares,10372,4,673,218
p100-f100-h6,historical_shares,10372,5,631,3
p100-f100-h6,historical_shares,10372,5,673,32
p100-f100-h6,historical_shares,10372,6,631,22
p100-f100-h6,historical_shares,10372,6,673,210
p100-f100-h6,historical_shares,10372,7,631,23
p100-f100-h6,historical_shares,10372,7,673,212
p100-f100-h6,historical_shares,10372,8,631,23
p100-f100-h6,historical_shares,10372,8,673,212
p100-f100-h6,historical_shares,10372,9,631,22
p100-f100-h6,historical_shares,10372,9,673,205
p100-f100-h6,historical_shares,10372,10,631,21
p100-f100-h6,historical_shares,10372,10,673,195
p100-f100-h6,historical_shares,10372,11,631,17
p100-f100-h6,historical_shares,10372,11,673,155
p100-f100-h6,historical_shares,10372,12,631,25
p100-f100-h6,historical_shares,10372,12,673,240
p100-f100-h6,historical_shares,14457,1,629,118
p100-f100-h6,historical_shares,14457,1,631,12
p100-f100-h6,historical_shares,14457,1,673,42
p100-f100-h6,historical_shares,14457,2,629,108
p100-f100-h6,historical_shares,14457,2,631,11
p100-f100-h6,historical_shares,14457,2,673,38
p100-f100-h6,historical_shares,14457,3,629,145
p100-f100-h6,historical_shares,14457,3,631,14
p100-f100-h6,historical_shares,14457,3,673,51
p100-f100-h6,historical_shares,14457,4,629,145
p100-f100-h6,historical_shares,14457,4,631,15
p100-f100-h6,historical_shares,14457,4,673,51
p100-f100-h6,historical_shares,14457,5,629,130
p100-f100-h6,historical_shares,14457,5,631,13
p100-f100-h6,historical_shares,14457,5,673,46
p100-f100-h6,historical_shares,14457,6,629,147
p100-f100-h6,historical_shares,14457,6,631,15
p100-f100-h6,historical_shares,14457,6,673,52
p100-f100-h6,historical_shares,14457,7,629,143
p100-f100-h6,historical_shares,14457,7,631,15
p100-f100-h6,historical_shares,14457,7,673,50
p100-f100-h6,historical_shares,14457,8,629,147
p100-f100-h6,historical_shares,14457,8,631,15
p100-f100-h6,historical_shares,14457,8,673,51
p100-f100-h6,historical_shares,14457,9,629,136
p100-f100-h6,historical_shares,14457,9,631,13
p100-f100-h6,historical_shares,14457,9,673,48
p100-f100-h6,historical_shares,14457,10,629,121
p100-f100-h6,historical_shares,14457,10,631,12
p100-f100-h6,historical_shares,14457,10,673,43
p100-f100-h6,historical_shares,14457,11,629,109
p100-f100-h6,historical_shares,14457,11,631,11
p100-f100-h6,historical_shares,14457,11,673,38
p100-f100-h6,historical_shares,14457,12,629,127
p100-f100-h6,historical_shares,14457,12,631,13
p100-f100-h6,historical_shares,14457,12,673,44
p100-f100-h6,historical_shares,11122,1,629,168
p100-f100-h6,historical_shares,11122,1,631,11
p100-f100-h6,historical_shares,11122,1,673,5
p100-f100-h6,historical_shares,11122,2,629,153
p100-f100-h6,historical_shares,11122,2,631,10
p100-f100-h6,historical_shares,11122,2,673,5
p100-f100-h6,historical_shares,11122,3,629,169
p100-f100-h6,historical_shares,11122,3,631,11
p100-f100-h6,historical_shares,11122,3,673,5
p100-f100-h6,historical_shares,11122,4,629,162
p100-f100-h6,historical_shares,11122,4,631,11
p100-f100-h6,historical_shares,11122,4,673,5
p100-f100-h6,historical_shares,11122,5,629,180
p100-f100-h6,historical_shares,11122,5,631,12
p100-f100-h6,historical_shares,11122,5,673,6
p100-f100-h6,historical_shares,11122,6,629,194
p100-f100-h6,historical_shares,11122,6,631,13
p100-f100-h6,historical_shares,11122,6,673,6
p100-f100-h6,historical_shares,11122,7,629,193
p100-f100-h6,historical_shares,11122,7,631,13
p100-f100-h6,historical_shares,11122,7,673,6
p100-f100-h6,historical_shares,11122,8,629,196
p100-f100-h6,historical_shares,11122,8,631,13
p100-f100-h6,historical_shares,11122,8,673,6
p100-f100-h6,historical_shares,11122,9,629,193
p100-f100-h6,historical_shares,11122,9,631,12
p100-f100-h6,historical_shares,11122,9,673,6
p100-f100-h6,historical_shares,11122,10,629,197
p100-f100-h6,historical_shares,11122,10,631,13
p100-f100-h6,historical_shares,11122,10,673,6
p100-f100-h6,historical_shares,11122,11,629,186
p100-f100-h6,historical_shares,11122,11,631,12
p100-f100-h6,historical_shares,11122,11,673,6
p100-f100-h6,historical_shares,11122,12,629,198
p100-f100-h6,historical_shares,11122,12,631,13
p100-f100-h6,historical_shares,11122,12,673,6
p100-f100-h6,historical_shares,13851,1,629,1
p100-f100-h6,historical_shares,13851,1,631,19
p100-f100-h6,historical_shares,13851,1,673,118
p100-f100-h6,historical_shares,13851,2,629,1
p100-f100-h6,historical_shares,13851,2,631,18
p100-f100-h6,historical_shares,13851,2,673,114
p100-f100-h6,historical_shares,13851,3,629,2
p100-f100-h6,historical_shares,13851,3,631,21
p100-f100-h6,historical_shares,13851,3,673,133
p100-f100-h6,historical_shares,13851,4,629,1
p100-f100-h6,historical_shares,13851,4,631,21
p100-f100-h6,historical_shares,13851,4,673,132
p100-f100-h6,historical_shares,13851,5,629,2
p100-f100-h6,historical_shares,13851,5,631,21
p100-f100-h6,historical_shares,13851,5,673,137
p100-f100-h6,historical_shares,13851,6,629,2
p100-f100-h6,historical_shares,13851,6,631,20
p100-f100-h6,historical_shares,13851,6,673,130
p100-f100-h6,historical_shares,13851,7,629,2
p100-f100-h6,historical_shares,13851,7,631,21
p100-f100-h6,historical_shares,13851,7,673,134
p100-f100-h6,historical_shares,13851,8,629,2
p100-f100-h6,historical_shares,13851,8,631,20
p100-f100-h6,historical_shares,13851,8,673,127
p100-f100-h6,historical_shares,13851,9,629,1
p100-f100-h6,historical_shares,13851,9,631,18
p100-f100-h6,historical_shares,13851,9,673,115
p100-f100-h6,historical_shares,13851,10,629,1
p100-f100-h6,historical_shares,13851,10,631,15
p100-f100-h6,historical_shares,13851,10,673,94
p100-f100-h6,historical_shares,13851,11,629,1
p100-f100-h6,historical_shares,13851,11,631,12
p100-f100-h6,historical_shares,13851,11,673,77
p100-f100-h6,historical_shares,13851,12,629,1
p100-f100-h6,historical_shares,13851,12,631,13
p100-f100-h6,historical_shares,13851,12,673,81
p100-f100-h6,historical_shares,12280,1,629,47
p100-f100-h6,historical_shares,12280,1,631,42
p100-f100-h6,historical_shares,12280,1,673,33
p100-f100-h6,historical_shares,12280,2,629,43
p100-f100-h6,historical_shares,12280,2,631,38
p100-f100-h6,historical_shares,12280,2,673,29
p100-f100-h6,historical_shares,12280,3,629,48
p100-f100-h6,historical_shares,12280,3,631,43
p100-f100-h6,historical_shares,12280,3,673,33
p100-f100-h6,historical_shares,12280,4,629,46
p100-f100-h6,historical_shares,12280,4,631,41
p100-f100-h6,historical_shares,12280,4,673,32
p100-f100-h6,historical_shares,12280,5,629,60
p100-f100-h6,historical_shares,12280,5,631,52
p100-f100-h6,historical_shares,12280,5,673,41
p100-f100-h6,historical_shares,12280,6,629,61
p100-f100-h6,historical_shares,12280,6,631,53
p100-f100-h6,historical_shares,12280,6,673,42
p100-f100-h6,historical_shares,12280,7,629,71
p100-f100-h6,historical_shares,12280,7,631,63
p100-f100-h6,historical_shares,12280,7,673,49
p100-f100-h6,historical_shares,12280,8,629,69
p100-f100-h6,historical_shares,12280,8,631,61
p100-f100-h6,historical_shares,12280,8,673,48
p100-f100-h6,historical_shares,12280,9,629,64
p100-f100-h6,historical_shares,12280,9,631,56
p100-f100-h6,historical_shares,12280,9,673,44
p100-f100-h6,historical_shares,12280,10,629,57
p100-f100-h6,historical_shares,12280,10,631,50
p100-f100-h6,historical_shares,12280,10,673,39
p100-f100-h6,historical_shares,12280,11,629,46
p100-f100-h6,historical_shares,12280,11,631,40
p100-f100-h6,historical_shares,12280,11,673,32
p100-f100-h6,historical_shares,12280,12,629,37
p100-f100-h6,historical_shares,12280,12,631,32
p100-f100-h6,historical_shares,12280,12,673,26
p100-f100-h6,historical_shares,14869,1,629,9
p100-f100-h6,historical_shares,14869,1,631,28
p100-f100-h6,historical_shares,14869,1,673,69
p100-f100-h6,historical_shares,14869,2,629,9
p100-f100-h6,historical_shares,14869,2,631,30
p100-f100-h6,historical_shares,14869,2,673,76
p100-f100-h6,historical_shares,14869,3,629,11
p100-f100-h6,historical_shares,14869,3,631,35
p100-f100-h6,historical_shares,14869,3,673,87
p100-f100-h6,historical_shares,14869,4,629,12
p100-f100-h6,historical_shares,14869,4,631,39
p100-f100-h6,historical_shares,14869,4,673,98
p100-f100-h6,historical_shares,14869,5,629,10
p100-f100-h6,historical_shares,14869,5,631,32
p100-f100-h6,historical_shares,14869,5,673,79
p100-f100-h6,historical_shares,14869,6,629,8
p100-f100-h6,historical_shares,14869,6,631,26
p100-f100-h6,historical_shares,14869,6,673,66
p100-f100-h6,historical_shares,14869,7,629,8
p100-f100-h6,historical_shares,14869,7,631,27
p100-f100-h6,historical_shares,14869,7,673,68
p100-f100-h6,historical_shares,14869,8,629,10
p100-f100-h6,historical_shares,14869,8,631,31
p100-f100-h6,historical_shares,14869,8,673,79
p100-f100-h6,historical_shares,14869,9,629,12
p100-f100-h6,historical_shares,14869,9,631,38
p100-f100-h6,historical_shares,14869,9,673,95
p100-f100-h6,historical_shares,14869,10,629,10
p100-f100-h6,historical_shares,14869,10,631,34
p100-f100-h6,historical_shares,14869,10,673,85
p100-f100-h6,historical_shares,14869,11,629,9
p100-f100-h6,historical_shares,14869,11,631,29
p100-f100-h6,historical_shares,14869,11,673,73
p100-f100-h6,historical_shares,14869,12,629,8
p100-f100-h6,historical_shares,14869,12,631,27
p100-f100-h6,historical_shares,14869,12,673,68
p100-f100-h6,historical_shares,14783,1,629,10
p100-f100-h6,historical_shares,14783,1,631,22
p100-f100-h6,historical_shares,14783,1,673,63
p100-f100-h6,historical_shares,14783,2,629,10
p100-f100-h6,historical_shares,14783,2,631,23
p100-f100-h6,historical_shares,14783,2,673,64
p100-f100-h6,historical_shares,14783,3,629,12
p100-f100-h6,historical_shares,14783,3,631,29
p100-f100-h6,historical_shares,14783,3,673,81
p100-f100-h6,historical_shares,14783,4,629,9
p100-f100-h6,historical_shares,14783,4,631,21
p100-f100-h6,historical_shares,14783,4,673,59
p100-f100-h6,historical_shares,14783,5,629,12
p100-f100-h6,historical_shares,14783,5,631,28
p100-f100-h6,historical_shares,14783,5,673,80
p100-f100-h6,historical_shares,14783,6,629,12
p100-f100-h6,historical_shares,14783,6,631,28
p100-f100-h6,historical_shares,14783,6,673,80
p100-f100-h6,historical_shares,14783,7,629,13
p100-f100-h6,historical_shares,14783,7,631,29
p100-f100-h6,historical_shares,14783,7,673,82
p100-f100-h6,historical_shares,14783,8,629,13
p100-f100-h6,historical_shares,14783,8,631,29
p100-f100-h6,historical_shares,14783,8,673,83
p100-f100-h6,historical_shares,14783,9,629,12
p100-f100-h6,historical_shares,14783,9,631,28
p100-f100-h6,historical_shares,14783,9,673,80
p100-f100-h6,historical_shares,14783,10,629,12
p100-f100-h6,historical_shares,14783,10,631,28
p100-f100-h6,historical_shares,14783,10,673,78
p100-f100-h6,historical_shares,14783,11,629,9
p100-f100-h6,historical_shares,14783,11,631,21
p100-f100-h6,historical_shares,14783,11,673,59
p100-f100-h6,historical_shares,14783,12,629,9
p100-f100-h6,historical_shares,14783,12,631,22
p100-f100-h6,historical_shares,14783,12,673,61
p100-f100-h8,optimized,11109,1,629,0
p100-f100-h8,optimized,11109,1,631,285
p100-f100-h8,optimized,11109,1,673,0
p100-f100-h8,optimized,11109,2,629,0
p100-f100-h8,optimized,11109,2,631,261
p100-f100-h8,optimized,11109,2,673,0
p100-f100-h8,optimized,11109,3,629,0
p100-f100-h8,optimized,11109,3,631,296
p100-f100-h8,optimized,11109,3,673,0
p100-f100-h8,optimized,11109,4,629,0
p100-f100-h8,optimized,11109,4,631,287
p100-f100-h8,optimized,11109,4,673,0
p100-f100-h8,optimized,11109,5,629,0
p100-f100-h8,optimized,11109,5,631,318
p100-f100-h8,optimized,11109,5,673,0
p100-f100-h8,optimized,11109,6,629,0
p100-f100-h8,optimized,11109,6,631,323
p100-f100-h8,optimized,11109,6,673,0
p100-f100-h8,optimized,11109,7,629,0
p100-f100-h8,optimized,11109,7,631,348
p100-f100-h8,optimized,11109,7,673,0
p100-f100-h8,optimized,11109,8,629,0
p100-f100-h8,optimized,11109,8,631,335
p100-f100-h8,optimized,11109,8,673,0
p100-f100-h8,optimized,11109,9,629,0
p100-f100-h8,optimized,11109,9,631,305
p100-f100-h8,optimized,11109,9,673,0
p100-f100-h8,optimized,11109,10,629,0
p100-f100-h8,optimized,11109,10,631,304
p100-f100-h8,optimized,11109,10,673,0
p100-f100-h8,optimized,11109,11,629,0
p100-f100-h8,optimized,11109,11,631,249
p100-f100-h8,optimized,11109,11,673,0
p100-f100-h8,optimized,11109,12,629,0
p100-f100-h8,optimized,11109,12,631,332
p100-f100-h8,optimized,11109,12,673,0
p100-f100-h8,optimized,10372,1,631,3
p100-f100-h8,optimized,10372,1,673,283
p100-f100-h8,optimized,10372,2,631,0
p100-f100-h8,optimized,10372,2,673,240
p100-f100-h8,optimized,10372,3,631,0
p100-f100-h8,optimized,10372,3,673,281
p100-f100-h8,optimized,10372,4,631,0
p100-f100-h8,optimized,10372,4,673,241
p100-f100-h8,optimized,10372,5,631,0
p100-f100-h8,optimized,10372,5,673,35
p100-f100-h8,optimized,10372,6,631,0
p100-f100-h8,optimized,10372,6,673,232
p100-f100-h8,optimized,10372,7,631,0
p100-f100-h8,optimized,10372,7,673,235
p100-f100-h8,optimized,10372,8,631,0
p100-f100-h8,optimized,10372,8,673,235
p100-f100-h8,optimized,10372,9,631,0
p100-f100-h8,optimized,10372,9,673,227
p100-f100-h8,optimized,10372,10,631,0
p100-f100-h8,optimized,10372,10,673,216
p100-f100-h8,optimized,10372,11,631,0
p100-f100-h8,optimized,10372,11,673,172
p100-f100-h8,optimized,10372,12,631,0
p100-f100-h8,optimized,10372,12,673,265
p100-f100-h8,optimized,14457,1,629,0
p100-f100-h8,optimized,14457,1,631,172
p100-f100-h8,optimized,14457,1,673,0
p100-f100-h8,optimized,14457,2,629,0
p100-f100-h8,optimized,14457,2,631,157
p100-f100-h8,optimized,14457,2,673,0
p100-f100-h8,optimized,14457,3,629,0
p100-f100-h8,optimized,14457,3,631,210
p100-f100-h8,optimized,14457,3,673,0
p100-f100-h8,optimized,14457,4,629,0
p100-f100-h8,optimized,14457,4,631,211
p100-f100-h8,optimized,14457,4,673,0
p100-f100-h8,optimized,14457,5,629,0
p100-f100-h8,optimized,14457,5,631,189
p100-f100-h8,optimized,14457,5,673,0
p100-f100-h8,optimized,14457,6,629,0
p100-f100-h8,optimized,14457,6,631,214
p100-f100-h8,optimized,14457,6,673,0
p100-f100-h8,optimized,14457,7,629,0
p100-f100-h8,optimized,14457,7,631,208
p100-f100-h8,optimized,14457,7,673,0
p100-f100-h8,optimized,14457,8,629,0
p100-f100-h8,optimized,14457,8,631,213
p100-f100-h8,optimized,14457,8,673,0
p100-f100-h8,optimized,14457,9,629,0
p100-f100-h8,optimized,14457,9,631,197
p100-f100-h8,optimized,14457,9,673,0
p100-f100-h8,optimized,14457,10,629,0
p100-f100-h8,optimized,14457,10,631,176
p100-f100-h8,optimized,14457,10,673,0
p100-f100-h8,optimized,14457,11,629,0
p100-f100-h8,optimized,14457,11,631,158
p100-f100-h8,optimized,14457,11,673,0
p100-f100-h8,optimized,14457,12,629,0
p100-f100-h8,optimized,14457,12,631,184
p100-f100-h8,optimized,14457,12,673,0
p100-f100-h8,optimized,11122,1,629,0
p100-f100-h8,optimized,11122,1,631,184
p100-f100-h8,optimized,11122,1,673,0
p100-f100-h8,optimized,11122,2,629,0
p100-f100-h8,optimized,11122,2,631,168
p100-f100-h8,optimized,11122,2,673,0
p100-f100-h8,optimized,11122,3,629,0
p100-f100-h8,optimized,11122,3,631,185
p100-f100-h8,optimized,11122,3,673,0
p100-f100-h8,optimized,11122,4,629,0
p100-f100-h8,optimized,11122,4,631,178
p100-f100-h8,optimized,11122,4,673,0
p100-f100-h8,optimized,11122,5,629,0
p100-f100-h8,optimized,11122,5,631,198
p100-f100-h8,optimized,11122,5,673,0
p100-f100-h8,optimized,11122,6,629,0
p100-f100-h8,optimized,11122,6,631,213
p100-f100-h8,optimized,11122,6,673,0
p100-f100-h8,optimized,11122,7,629,0
p100-f100-h8,optimized,11122,7,631,212
p100-f100-h8,optimized,11122,7,673,0
p100-f100-h8,optimized,11122,8,629,0
p100-f100-h8,optimized,11122,8,631,215
p100-f100-h8,optimized,11122,8,673,0
p100-f100-h8,optimized,11122,9,629,0
p100-f100-h8,optimized,11122,9,631,211
p100-f100-h8,optimized,11122,9,673,0
p100-f100-h8,optimized,11122,10,629,0
p100-f100-h8,optimized,11122,10,631,216
p100-f100-h8,optimized,11122,10,673,0
p100-f100-h8,optimized,11122,11,629,0
p100-f100-h8,optimized,11122,11,631,204
p100-f100-h8,optimized,11122,11,673,0
p100-f100-h8,optimized,11122,12,629,0
p100-f100-h8,optimized,11122,12,631,217
p100-f100-h8,optimized,11122,12,673,0
p100-f100-h8,optimized,13851,1,629,0
p100-f100-h8,optimized,13851,1,631,138
p100-f100-h8,optimized,13851,1,673,0
p100-f100-h8,optimized,13851,2,629,0
p100-f100-h8,optimized,13851,2,631,133
p100-f100-h8,optimized,13851,2,673,0
p100-f100-h8,optimized,13851,3,629,0
p100-f100-h8,optimized,13851,3,631,156
p100-f100-h8,optimized,13851,3,673,0
p100-f100-h8,optimized,13851,4,629,0
p100-f100-h8,optimized,13851,4,631,154
p100-f100-h8,optimized,13851,4,673,0
p100-f100-h8,optimized,13851,5,629,0
p100-f100-h8,optimized,13851,5,631,160
p100-f100-h8,optimized,13851,5,673,0
p100-f100-h8,optimized,13851,6,629,0
p100-f100-h8,optimized,13851,6,631,152
p100-f100-h8,optimized,13851,6,673,0
p100-f100-h8,optimized,13851,7,629,0
p100-f100-h8,optimized,13851,7,631,157
p100-f100-h8,optimized,13851,7,673,0
p100-f100-h8,optimized,13851,8,629,0
p100-f100-h8,optimized,13851,8,631,149
p100-f100-h8,optimized,13851,8,673,0
p100-f100-h8,optimized,13851,9,629,0
p100-f100-h8,optimized,13851,9,631,134
p100-f100-h8,optimized,13851,9,673,0
p100-f100-h8,optimized,13851,10,629,0
p100-f100-h8,optimized,13851,10,631,110
p100-f100-h8,optimized,13851,10,673,0
p100-f100-h8,optimized,13851,11,629,0
p100-f100-h8,optimized,13851,11,631,90
p100-f100-h8,optimized,13851,11,673,0
p100-f100-h8,optimized,13851,12,629,0
p100-f100-h8,optimized,13851,12,631,95
p100-f100-h8,optimized,13851,12,673,0
p100-f100-h8,optimized,12280,1,629,0
p100-f100-h8,optimized,12280,1,631,122
p100-f100-h8,optimized,12280,1,673,0
p100-f100-h8,optimized,12280,2,629,0
p100-f100-h8,optimized,12280,2,631,110
p100-f100-h8,optimized,12280,2,673,0
p100-f100-h8,optimized,12280,3,629,0
p100-f100-h8,optimized,12280,3,631,124
p100-f100-h8,optimized,12280,3,673,0
p100-f100-h8,optimized,12280,4,629,0
p100-f100-h8,optimized,12280,4,631,119
p100-f100-h8,optimized,12280,4,673,0
p100-f100-h8,optimized,12280,5,629,0
p100-f100-h8,optimized,12280,5,631,153
p100-f100-h8,optimized,12280,5,673,0
p100-f100-h8,optimized,12280,6,629,0
p100-f100-h8,optimized,12280,6,631,156
p100-f100-h8,optimized,12280,6,673,0
p100-f100-h8,optimized,12280,7,629,0
p100-f100-h8,optimized,12280,7,631,183
p100-f100-h8,optimized,12280,7,673,0
p100-f100-h8,optimized,12280,8,629,0
p100-f100-h8,optimized,12280,8,631,178
p100-f100-h8,optimized,12280,8,673,0
p100-f100-h8,optimized,12280,9,629,0
p100-f100-h8,optimized,12280,9,631,164
p100-f100-h8,optimized,12280,9,673,0
p100-f100-h8,optimized,12280,10,629,0
p100-f100-h8,optimized,12280,10,631,146
p100-f100-h8,optimized,12280,10,673,0
p100-f100-h8,optimized,12280,11,629,0
p100-f100-h8,optimized,12280,11,631,118
p100-f100-h8,optimized,12280,11,673,0
p100-f100-h8,optimized,12280,12,629,0
p100-f100-h8,optimized,12280,12,631,95
p100-f100-h8,optimized,12280,12,673,0
p100-f100-h8,optimized,14869,1,629,0
p100-f100-h8,optimized,14869,1,631,106
p100-f100-h8,optimized,14869,1,673,0
p100-f100-h8,optimized,14869,2,629,0
p100-f100-h8,optimized,14869,2,631,115
p100-f100-h8,optimized,14869,2,673,0
p100-f100-h8,optimized,14869,3,629,0
p100-f100-h8,optimized,14869,3,631,133
p100-f100-h8,optimized,14869,3,673,0
p100-f100-h8,optimized,14869,4,629,0
p100-f100-h8,optimized,14869,4,631,149
p100-f100-h8,optimized,14869,4,673,0
p100-f100-h8,optimized,14869,5,629,0
p100-f100-h8,optimized,14869,5,631,121
p100-f100-h8,optimized,14869,5,673,0
p100-f100-h8,optimized,14869,6,629,0
p100-f100-h8,optimized,14869,6,631,100
p100-f100-h8,optimized,14869,6,673,0
p100-f100-h8,optimized,14869,7,629,0
p100-f100-h8,optimized,14869,7,631,103
p100-f100-h8,optimized,14869,7,673,0
p100-f100-h8,optimized,14869,8,629,0
p100-f100-h8,optimized,14869,8,631,120
p100-f100-h8,optimized,14869,8,673,0
p100-f100-h8,optimized,14869,9,629,0
p100-f100-h8,optimized,14869,9,631,145
p100-f100-h8,optimized,14869,9,673,0
p100-f100-h8,optimized,14869,10,629,0
p100-f100-h8,optimized,14869,10,631,129
p100-f100-h8,optimized,14869,10,673,0
p100-f100-h8,optimized,14869,11,629,0
p100-f100-h8,optimized,14869,11,631,111
p100-f100-h8,optimized,14869,11,673,0
p100-f100-h8,optimized,14869,12,629,0
p100-f100-h8,optimized,14869,12,631,103
p100-f100-h8,optimized,14869,12,673,0
p100-f100-h8,optimized,14783,1,629,0
p100-f100-h8,optimized,14783,1,631,95
p100-f100-h8,optimized,14783,1,673,0
p100-f100-h8,optimized,14783,2,629,0
p100-f100-h8,optimized,14783,2,631,97
p100-f100-h8,optimized,14783,2,673,0
p100-f100-h8,optimized,14783,3,629,0
p100-f100-h8,optimized,14783,3,631,122
p100-f100-h8,optimized,14783,3,673,0
p100-f100-h8,optimized,14783,4,629,0
p100-f100-h8,optimized,14783,4,631,89
p100-f100-h8,optimized,14783,4,673,0
p100-f100-h8,optimized,14783,5,629,0
p100-f100-h8,optimized,14783,5,631,120
p100-f100-h8,optimized,14783,5,673,0
p100-f100-h8,optimized,14783,6,629,0
p100-f100-h8,optimized,14783,6,631,120
p100-f100-h8,optimized,14783,6,673,0
p100-f100-h8,optimized,14783,7,629,0
p100-f100-h8,optimized,14783,7,631,124
p100-f100-h8,optimized,14783,7,673,0
p100-f100-h8,optimized,14783,8,629,0
p100-f100-h8,optimized,14783,8,631,125
p100-f100-h8,optimized,14783,8,673,0
p100-f100-h8,optimized,14783,9,629,0
p100-f100-h8,optimized,14783,9,631,120
p100-f100-h8,optimized,14783,9,673,0
p100-f100-h8,optimized,14783,10,629,0
p100-f100-h8,optimized,14783,10,631,118
p100-f100-h8,optimized,14783,10,673,0
p100-f100-h8,optimized,14783,11,629,0
p100-f100-h8,optimized,14783,11,631,89
p100-f100-h8,optimized,14783,11,673,0
p100-f100-h8,optimized,14783,12,629,0
p100-f100-h8,optimized,14783,12,631,92
p100-f100-h8,optimized,14783,12,673,0
p100-f100-h8,historical_shares,11109,1,629,220
p100-f100-h8,historical_shares,11109,1,631,17
p100-f100-h8,historical_shares,11109,1,673,48
p100-f100-h8,historical_shares,11109,2,629,201
p100-f100-h8,historical_shares,11109,2,631,15
p100-f100-h8,historical_shares,11109,2,673,45
p100-f100-h8,historical_shares,11109,3,629,228
p100-f100-h8,historical_shares,11109,3,631,17
p100-f100-h8,historical_shares,11109,3,673,51
p100-f100-h8,historical_shares,11109,4,629,221
p100-f100-h8,historical_shares,11109,4,631,17
p100-f100-h8,historical_shares,11109,4,673,49
p100-f100-h8,historical_shares,11109,5,629,245
p100-f100-h8,historical_shares,11109,5,631,19
p100-f100-h8,historical_shares,11109,5,673,54
p100-f100-h8,historical_shares,11109,6,629,249
p100-f100-h8,historical_shares,11109,6,631,19
p100-f100-h8,historical_shares,11109,6,673,55
p100-f100-h8,historical_shares,11109,7,629,268
p100-f100-h8,historical_shares,11109,7,631,21
p100-f100-h8,historical_shares,11109,7,673,59
p100-f100-h8,historical_shares,11109,8,629,258
p100-f100-h8,historical_shares,11109,8,631,20
p100-f100-h8,historical_shares,11109,8,673,57
p100-f100-h8,historical_shares,11109,9,629,235
p100-f100-h8,historical_shares,11109,9,631,18
p100-f100-h8,historical_shares,11109,9,673,52
p100-f100-h8,historical_shares,11109,10,629,234
p100-f100-h8,historical_shares,11109,10,631,18
p100-f100-h8,historical_shares,11109,10,673,52
p100-f100-h8,historical_shares,11109,11,629,192
p100-f100-h8,historical_shares,11109,11,631,15
p100-f100-h8,historical_shares,11109,11,673,42
p100-f100-h8,historical_shares,11109,12,629,256
p100-f100-h8,historical_shares,11109,12,631,19
p100-f100-h8,historical_shares,11109,12,673,57
p100-f100-h8,historical_shares,10372,1,631,27
p100-f100-h8,historical_shares,10372,1,673,259
p100-f100-h8,historical_shares,10372,2,631,23
p100-f100-h8,historical_shares,10372,2,673,217
p100-f100-h8,historical_shares,10372,3,631,27
p100-f100-h8,historical_shares,10372,3,673,254
p100-f100-h8,historical_shares,10372,4,631,23
p100-f100-h8,historical_shares,10372,4,673,218
p100-f100-h8,historical_shares,10372,5,631,3
p100-f100-h8,historical_shares,10372,5,673,32
p100-f100-h8,historical_shares,10372,6,631,22
p100-f100-h8,historical_shares,10372,6,673,210
p100-f100-h8,historical_shares,10372,7,631,23
p100-f100-h8,historical_shares,10372,7,673,212
p100-f100-h8,historical_shares,10372,8,631,23
p100-f100-h8,historical_shares,10372,8,673,212
p100-f100-h8,historical_shares,10372,9,631,22
p100-f100-h8,historical_shares,10372,9,673,205
p100-f100-h8,historical_shares,10372,10,631,21
p100-f100-h8,historical_shares,10372,10,673,195
p100-f100-h8,historical_shares,10372,11,631,17
p100-f100-h8,historical_shares,10372,11,673,155
p100-f100-h8,historical_shares,10372,12,631,25
p100-f100-h8,historical_shares,10372,12,673,240
p100-f100-h8,historical_shares,14457,1,629,118
p100-f100-h8,historical_shares,14457,1,631,12
p100-f100-h8,historical_shares,14457,1,673,42
p100-f100-h8,historical_shares,14457,2,629,108
p100-f100-h8,historical_shares,14457,2,631,11
p100-f100-h8,historical_shares,14457,2,673,38
p100-f100-h8,historical_shares,14457,3,629,145
p100-f100-h8,historical_shares,14457,3,631,14
p100-f100-h8,historical_shares,14457,3,673,51
p100-f100-h8,historical_shares,14457,4,629,145
p100-f100-h8,historical_shares,14457,4,631,15
p100-f100-h8,historical_shares,14457,4,673,51
p100-f100-h8,historical_shares,14457,5,629,130
p100-f100-h8,historical_shares,14457,5,631,13
p100-f100-h8,historical_shares,14457,5,673,46
p100-f100-h8,historical_shares,14457,6,629,147
p100-f100-h8,historical_shares,14457,6,631,15
p100-f100-h8,historical_shares,14457,6,673,52
p100-f100-h8,historical_shares,14457,7,629,143
p100-f100-h8,historical_shares,14457,7,631,15
p100-f100-h8,historical_shares,14457,7,673,50
p100-f100-h8,historical_shares,14457,8,629,147
p100-f100-h8,historical_shares,14457,8,631,15
p100-f100-h8,historical_shares,14457,8,673,51
p100-f100-h8,historical_shares,14457,9,629,136
p100-f100-h8,historical_shares,14457,9,631,13
p100-f100-h8,historical_shares,14457,9,673,48
p100-f100-h8,historical_shares,14457,10,629,121
p100-f100-h8,historical_shares,14457,10,631,12
p100-f100-h8,historical_shares,14457,10,673,43
p100-f100-h8,historical_shares,14457,11,629,109
p100-f100-h8,historical_shares,14457,11,631,11
p100-f100-h8,historical_shares,14457,11,673,38
p100-f100-h8,historical_shares,14457,12,629,127
p100-f100-h8,historical_shares,14457,12,631,13
p100-f100-h8,historical_shares,14457,12,673,44
p100-f100-h8,historical_shares,11122,1,629,168
p100-f100-h8,historical_shares,11122,1,631,11
p100-f100-h8,historical_shares,11122,1,673,5
p100-f100-h8,historical_shares,11122,2,629,153
p100-f100-h8,historical_shares,11122,2,631,10
p100-f100-h8,historical_shares,11122,2,673,5
p100-f100-h8,historical_shares,11122,3,629,169
p100-f100-h8,historical_shares,11122,3,631,11
p100-f100-h8,historical_shares,11122,3,673,5
p100-f100-h8,historical_shares,11122,4,629,162
p100-f100-h8,historical_shares,11122,4,631,11
p100-f100-h8,historical_shares,11122,4,673,5
p100-f100-h8,historical_shares,11122,5,629,180
p100-f100-h8,historical_shares,11122,5,631,12
p100-f100-h8,historical_shares,11122,5,673,6
p100-f100-h8,historical_shares,11122,6,629,194
p100-f100-h8,historical_shares,11122,6,631,13
p100-f100-h8,historical_shares,11122,6,673,6
p100-f100-h8,historical_shares,11122,7,629,193
p100-f100-h8,historical_shares,11122,7,631,13
p100-f100-h8,historical_shares,11122,7,673,6
p100-f100-h8,historical_shares,11122,8,629,196
p100-f100-h8,historical_shares,11122,8,631,13
p100-f100-h8,historical_shares,11122,8,673,6
p100-f100-h8,historical_shares,11122,9,629,193
p100-f100-h8,historical_shares,11122,9,631,12
p100-f100-h8,historical_shares,11122,9,673,6
p100-f100-h8,historical_shares,11122,10,629,197
p100-f100-h8,historical_shares,11122,10,631,13
p100-f100-h8,historical_shares,11122,10,673,6
p100-f100-h8,historical_shares,11122,11,629,186
p100-f100-h8,historical_shares,11122,11,631,12
p100-f100-h8,historical_shares,11122,11,673,6
p100-f100-h8,historical_shares,11122,12,629,198
p100-f100-h8,historical_shares,11122,12,631,13
p100-f100-h8,historical_shares,11122,12,673,6
p100-f100-h8,historical_shares,13851,1,629,1
p100-f100-h8,historical_shares,13851,1,631,19
p100-f100-h8,historical_shares,13851,1,673,118
p100-f100-h8,historical_shares,13851,2,629,1
p100-f100-h8,historical_shares,13851,2,631,18
p100-f100-h8,historical_shares,13851,2,673,114
p100-f100-h8,historical_shares,13851,3,629,2
p100-f100-h8,historical_shares,13851,3,631,21
p100-f100-h8,historical_shares,13851,3,673,133
p100-f100-h8,historical_shares,13851,4,629,1
p100-f100-h8,historical_shares,13851,4,631,21
p100-f100-h8,historical_shares,13851,4,673,132
p100-f100-h8,historical_shares,13851,5,629,2
p100-f100-h8,historical_shares,13851,5,631,21
p100-f100-h8,historical_shares,13851,5,673,137
p100-f100-h8,historical_shares,13851,6,629,2
p100-f100-h8,historical_shares,13851,6,631,20
p100-f100-h8,historical_shares,13851,6,673,130
p100-f100-h8,historical_shares,13851,7,629,2
p100-f100-h8,historical_shares,13851,7,631,21
p100-f100-h8,historical_shares,13851,7,673,134
p100-f100-h8,historical_shares,13851,8,629,2
p100-f100-h8,historical_shares,13851,8,631,20
p100-f100-h8,historical_shares,13851,8,673,127
p100-f100-h8,historical_shares,13851,9,629,1
p100-f100-h8,historical_shares,13851,9,631,18
p100-f100-h8,historical_shares,13851,9,673,115
p100-f100-h8,historical_shares,13851,10,629,1
p100-f100-h8,historical_shares,13851,10,631,15
p100-f100-h8,historical_shares,13851,10,673,94
p100-f100-h8,historical_shares,13851,11,629,1
p100-f100-h8,historical_shares,13851,11,631,12
p100-f100-h8,historical_shares,13851,11,673,77
p100-f100-h8,historical_shares,13851,12,629,1
p100-f100-h8,historical_shares,13851,12,631,13
p100-f100-h8,historical_shares,13851,12,673,81
p100-f100-h8,historical_shares,12280,1,629,47
p100-f100-h8,historical_shares,12280,1,631,42
p100-f100-h8,historical_shares,12280,1,673,33
p100-f100-h8,historical_shares,12280,2,629,43
p100-f100-h8,historical_shares,12280,2,631,38
p100-f100-h8,historical_shares,12280,2,673,29
p100-f100-h8,historical_shares,12280,3,629,48
p100-f100-h8,historical_shares,12280,3,631,43
p100-f100-h8,historical_shares,12280,3,673,33
p100-f100-h8,historical_shares,12280,4,629,46
p100-f100-h8,historical_shares,12280,4,631,41
p100-f100-h8,historical_shares,12280,4,673,32
p100-f100-h8,historical_shares,12280,5,629,60
p100-f100-h8,historical_shares,12280,5,631,52
p100-f100-h8,historical_shares,12280,5,673,41
p100-f100-h8,historical_shares,12280,6,629,61
p100-f100-h8,historical_shares,12280,6,631,53
p100-f100-h8,historical_shares,12280,6,673,42
p100-f100-h8,historical_shares,12280,7,629,71
p100-f100-h8,historical_shares,12280,7,631,63
p100-f100-h8,historical_shares,12280,7,673,49
p100-f100-h8,historical_shares,12280,8,629,69
p100-f100-h8,historical_shares,12280,8,631,61
p100-f100-h8,historical_shares,12280,8,673,48
p100-f100-h8,historical_shares,12280,9,629,64
p100-f100-h8,historical_shares,12280,9,631,56
p100-f100-h8,historical_shares,12280,9,673,44
p100-f100-h8,historical_shares,12280,10,629,57
p100-f100-h8,historical_shares,12280,10,631,50
p100-f100-h8,historical_shares,12280,10,673,39
p100-f100-h8,historical_shares,12280,11,629,46
p100-f100-h8,historical_shares,12280,11,631,40
p100-f100-h8,historical_shares,12280,11,673,32
p100-f100-h8,historical_shares,12280,12,629,37
p100-f100-h8,historical_shares,12280,12,631,32
p100-f100-h8,historical_shares,12280,12,673,26
p100-f100-h8,historical_shares,14869,1,629,9
p100-f100-h8,historical_shares,14869,1,631,28
p100-f100-h8,historical_shares,14869,1,673,69
p100-f100-h8,historical_shares,14869,2,629,9
p100-f100-h8,historical_shares,14869,2,631,30
p100-f100-h8,historical_shares,14869,2,673,76
p100-f100-h8,historical_shares,14869,3,629,11
p100-f100-h8,historical_shares,14869,3,631,35
p100-f100-h8,historical_shares,14869,3,673,87
p100-f100-h8,historical_shares,14869,4,629,12
p100-f100-h8,historical_shares,14869,4,631,39
p100-f100-h8,historical_shares,14869,4,673,98
p100-f100-h8,historical_shares,14869,5,629,10
p100-f100-h8,historical_shares,14869,5,631,32
p100-f100-h8,historical_shares,14869,5,673,79
p100-f100-h8,historical_shares,14869,6,629,8
p100-f100-h8,historical_shares,14869,6,631,26
p100-f100-h8,historical_shares,14869,6,673,66
p100-f100-h8,historical_shares,14869,7,629,8
p100-f100-h8,historical_shares,14869,7,631,27
p100-f100-h8,historical_shares,14869,7,673,68
p100-f100-h8,historical_shares,14869,8,629,10
p100-f100-h8,historical_shares,14869,8,631,31
p100-f100-h8,historical_shares,14869,8,673,79
p100-f100-h8,historical_shares,14869,9,629,12
p100-f100-h8,historical_shares,14869,9,631,38
p100-f100-h8,historical_shares,14869,9,673,95
p100-f100-h8,historical_shares,14869,10,629,10
p100-f100-h8,historical_shares,14869,10,631,34
p100-f100-h8,historical_shares,14869,10,673,85
p100-f100-h8,historical_shares,14869,11,629,9
p100-f100-h8,historical_shares,14869,11,631,29
p100-f100-h8,historical_shares,14869,11,673,73
p100-f100-h8,historical_shares,14869,12,629,8
p100-f100-h8,historical_shares,14869,12,631,27
p100-f100-h8,historical_shares,14869,12,673,68
p100-f100-h8,historical_shares,14783,1,629,10
p100-f100-h8,historical_shares,14783,1,631,22
p100-f100-h8,historical_shares,14783,1,673,63
p100-f100-h8,historical_shares,14783,2,629,10
p100-f100-h8,historical_shares,14783,2,631,23
p100-f100-h8,historical_shares,14783,2,673,64
p100-f100-h8,historical_shares,14783,3,629,12
p100-f100-h8,historical_shares,14783,3,631,29
p100-f100-h8,historical_shares,14783,3,673,81
p100-f100-h8,historical_shares,14783,4,629,9
p100-f100-h8,historical_shares,14783,4,631,21
p100-f100-h8,historical_shares,14783,4,673,59
p100-f100-h8,historical_shares,14783,5,629,12
p100-f100-h8,historical_shares,14783,5,631,28
p100-f100-h8,historical_shares,14783,5,673,80
p100-f100-h8,historical_shares,14783,6,629,12
p100-f100-h8,historical_shares,14783,6,631,28
p100-f100-h8,historical_shares,14783,6,673,80
p100-f100-h8,historical_shares,14783,7,629,13
p100-f100-h8,historical_shares,14783,7,631,29
p100-f100-h8,historical_shares,14783,7,673,82
p100-f100-h8,historical_shares,14783,8,629,13
p100-f100-h8,historical_shares,14783,8,631,29
p100-f100-h8,historical_shares,14783,8,673,83
p100-f100-h8,historical_shares,14783,9,629,12
p100-f100-h8,historical_shares,14783,9,631,28
p100-f100-h8,historical_shares,14783,9,673,80
p100-f100-h8,historical_shares,14783,10,629,12
p100-f100-h8,historical_shares,14783,10,631,28
p100-f100-h8,historical_shares,14783,10,673,78
p100-f100-h8,historical_shares,14783,11,629,9
p100-f100-h8,historical_shares,14783,11,631,21
p100-f100-h8,historical_shares,14783,11,673,59
p100-f100-h8,historical_shares,14783,12,629,9
p100-f100-h8,historical_shares,14783,12,631,22
p100-f100-h8,historical_shares,14783,12,673,61
p100-f100-h10,optimized,11109,1,629,0
p100-f100-h10,optimized,11109,1,631,285
p100-f100-h10,optimized,11109,1,673,0
p100-f100-h10,optimized,11109,2,629,0
p100-f100-h10,optimized,11109,2,631,261
p100-f100-h10,optimized,11109,2,673,0
p100-f100-h10,optimized,11109,3,629,0
p100-f100-h10,optimized,11109,3,631,296
p100-f100-h10,optimized,11109,3,673,0
p100-f100-h10,optimized,11109,4,629,0
p100-f100-h10,optimized,11109,4,631,287
p100-f100-h10,optimized,11109,4,673,0
p100-f100-h10,optimized,11109,5,629,0
p100-f100-h10,optimized,11109,5,631,318
p100-f100-h10,optimized,11109,5,673,0
p100-f100-h10,optimized,11109,6,629,0
p100-f100-h10,optimized,11109,6,631,323
p100-f100-h10,optimized,11109,6,673,0
p100-f100-h10,optimized,11109,7,629,0
p100-f100-h10,optimized,11109,7,631,348
p100-f100-h10,optimized,11109,7,673,0
p100-f100-h10,optimized,11109,8,629,0
p100-f100-h10,optimized,11109,8,631,335
p100-f100-h10,optimized,11109,8,673,0
p100-f100-h10,optimized,11109,9,629,0
p100-f100-h10,optimized,11109,9,631,305
p100-f100-h10,optimized,11109,9,673,0
p100-f100-h10,optimized,11109,10,629,0
p100-f100-h10,optimized,11109,10,631,304
p100-f100-h10,optimized,11109,10,673,0
p100-f100-h10,optimized,11109,11,629,0
p100-f100-h10,optimized,11109,11,631,249
p100-f100-h10,optimized,11109,11,673,0
p100-f100-h10,optimized,11109,12,629,0
p100-f100-h10,optimized,11109,12,631,332
p100-f100-h10,optimized,11109,12,673,0
p100-f100-h10,optimized,10372,1,631,21
p100-f100-h10,optimized,10372,1,673,265
p100-f100-h10,optimized,10372,2,631,0
p100-f100-h10,optimized,10372,2,673,240
p100-f100-h10,optimized,10372,3,631,16
p100-f100-h10,optimized,10372,3,673,265
p100-f100-h10,optimized,10372,4,631,0
p100-f100-h10,optimized,10372,4,673,241
p100-f100-h10,optimized,10372,5,631,0
p100-f100-h10,optimized,10372,5,673,35
p100-f100-h10,optimized,10372,6,631,0
p100-f100-h10,optimized,10372,6,673,232
p100-f100-h10,optimized,10372,7,631,0
p100-f100-h10,optimized,10372,7,673,235
p100-f100-h10,optimized,10372,8,631,0
p100-f100-h10,optimized,10372,8,673,235
p100-f100-h10,optimized,10372,9,631,0
p100-f100-h10,optimized,10372,9,673,227
p100-f100-h10,optimized,10372,10,631,0
p100-f100-h10,optimized,10372,10,673,216
p100-f100-h10,optimized,10372,11,631,0
p100-f100-h10,optimized,10372,11,673,172
p100-f100-h10,optimized,10372,12,631,0
p100-f100-h10,optimized,10372,12,673,265
p100-f100-h10,optimized,14457,1,629,0
p100-f100-h10,optimized,14457,1,631,172
p100-f100-h10,optimized,14457,1,673,0
p100-f100-h10,optimized,14457,2,629,0
p100-f100-h10,optimized,14457,2,631,157
p100-f100-h10,optimized,14457,2,673,0
p100-f100-h10,optimized,14457,3,629,0
p100-f100-h10,optimized,14457,3,631,210
p100-f100-h10,optimized,14457,3,673,0
p100-f100-h10,optimized,14457,4,629,0
p100-f100-h10,optimized,14457,4,631,211
p100-f100-h10,optimized,14457,4,673,0
p100-f100-h10,optimized,14457,5,629,0
p100-f100-h10,optimized,14457,5,631,189
p100-f100-h10,optimized,14457,5,673,0
p100-f100-h10,optimized,14457,6,629,0
p100-f100-h10,optimized,14457,6,631,214
p100-f100-h10,optimized,14457,6,673,0
p100-f100-h10,optimized,14457,7,629,0
p100-f100-h10,optimized,14457,7,631,208
p100-f100-h10,optimized,14457,7,673,0
p100-f100-h10,optimized,14457,8,629,0
p100-f100-h10,optimized,14457,8,631,213
p100-f100-h10,optimized,14457,8,673,0
p100-f100-h10,optimized,14457,9,629,0
p100-f100-h10,optimized,14457,9,631,197
p100-f100-h10,optimized,14457,9,673,0
p100-f100-h10,optimized,14457,10,629,0
p100-f100-h10,optimized,14457,10,631,176
p100-f100-h10,optimized,14457,10,673,0
p100-f100-h10,optimized,14457,11,629,0
p100-f100-h10,optimized,14457,11,631,158
p100-f100-h10,optimized,14457,11,673,0
p100-f100-h10,optimized,14457,12,629,0
p100-f100-h10,optimized,14457,12,631,184
p100-f100-h10,optimized,14457,12,673,0
p100-f100-h10,optimized,11122,1,629,0
p100-f100-h10,optimized,11122,1,631,184
p100-f100-h10,optimized,11122,1,673,0
p100-f100-h10,optimized,11122,2,629,0
p100-f100-h10,optimized,11122,2,631,168
p100-f100-h10,optimized,11122,2,673,0
p100-f100-h10,optimized,11122,3,629,0
p100-f100-h10,optimized,11122,3,631,185
p100-f100-h10,optimized,11122,3,673,0
p100-f100-h10,optimized,11122,4,629,0
p100-f100-h10,optimized,11122,4,631,178
p100-f100-h10,optimized,11122,4,673,0
p100-f100-h10,optimized,11122,5,629,0
p100-f100-h10,optimized,11122,5,631,198
p100-f100-h10,optimized,11122,5,673,0
p100-f100-h10,optimized,11122,6,629,0
p100-f100-h10,optimized,11122,6,631,213
p100-f100-h10,optimized,11122,6,673,0
p100-f100-h10,optimized,11122,7,629,0
p100-f100-h10,optimized,11122,7,631,212
p100-f100-h10,optimized,11122,7,673,0
p100-f100-h10,optimized,11122,8,629,0
p100-f100-h10,optimized,11122,8,631,215
p100-f100-h10,optimized,11122,8,673,0
p100-f100-h10,optimized,11122,9,629,0
p100-f100-h10,optimized,11122,9,631,211
p100-f100-h10,optimized,11122,9,673,0
p100-f100-h10,optimized,11122,10,629,0
p100-f100-h10,optimized,11122,10,631,216
p100-f100-h10,optimized,11122,10,673,0
p100-f100-h10,optimized,11122,11,629,0
p100-f100-h10,optimized,11122,11,631,204
p100-f100-h10,optimized,11122,11,673,0
p100-f100-h10,optimized,11122,12,629,0
p100-f100-h10,optimized,11122,12,631,217
p100-f100-h10,optimized,11122,12,673,0
p100-f100-h10,optimized,13851,1,629,0
p100-f100-h10,optimized,13851,1,631,138
p100-f100-h10,optimized,13851,1,673,0
p100-f100-h10,optimized,13851,2,629,0
p100-f100-h10,optimized,13851,2,631,133
p100-f100-h10,optimized,13851,2,673,0
p100-f100-h10,optimized,13851,3,629,0
p100-f100-h10,optimized,13851,3,631,156
p100-f100-h10,optimized,13851,3,673,0
p100-f100-h10,optimized,13851,4,629,0
p100-f100-h10,optimized,13851,4,631,154
p100-f100-h10,optimized,13851,4,673,0
p100-f100-h10,optimized,13851,5,629,0
p100-f100-h10,optimized,13851,5,631,160
p100-f100-h10,optimized,13851,5,673,0
p100-f100-h10,optimized,13851,6,629,0
p100-f100-h10,optimized,13851,6,631,152
p100-f100-h10,optimized,13851,6,673,0
p100-f100-h10,optimized,13851,7,629,0
p100-f100-h10,optimized,13851,7,631,157
p100-f100-h10,optimized,13851,7,673,0
p100-f100-h10,optimized,13851,8,629,0
p100-f100-h10,optimized,13851,8,631,149
p100-f100-h10,optimized,13851,8,673,0
p100-f100-h10,optimized,13851,9,629,0
p100-f100-h10,optimized,13851,9,631,134
p100-f100-h10,optimized,13851,9,673,0
p100-f100-h10,optimized,13851,10,629,0
p100-f100-h10,optimized,13851,10,631,110
p100-f100-h10,optimized,13851,10,673,0
p100-f100-h10,optimized,13851,11,629,0
p100-f100-h10,optimized,13851,11,631,90
p100-f100-h10,optimized,13851,11,673,0
p100-f100-h10,optimized,13851,12,629,0
p100-f100-h10,optimized,13851,12,631,95
p100-f100-h10,optimized,13851,12,673,0
p100-f100-h10,optimized,12280,1,629,0
p100-f100-h10,optimized,12280,1,631,122
p100-f100-h10,optimized,12280,1,673,0
p100-f100-h10,optimized,12280,2,629,0
p100-f100-h10,optimized,12280,2,631,110
p100-f100-h10,optimized,12280,2,673,0
p100-f100-h10,optimized,12280,3,629,0
p100-f100-h10,optimized,12280,3,631,124
p100-f100-h10,optimized,12280,3,673,0
p100-f100-h10,optimized,12280,4,629,0
p100-f100-h10,optimized,12280,4,631,119
p100-f100-h10,optimized,12280,4,673,0
p100-f100-h10,optimized,12280,5,629,0
p100-f100-h10,optimized,12280,5,631,153
p100-f100-h10,optimized,12280,5,673,0
p100-f100-h10,optimized,12280,6,629,0
p100-f100-h10,optimized,12280,6,631,156
p100-f100-h10,optimized,12280,6,673,0
p100-f100-h10,optimized,12280,7,629,0
p100-f100-h10,optimized,12280,7,631,183
p100-f100-h10,optimized,12280,7,673,0
p100-f100-h10,optimized,12280,8,629,0
p100-f100-h10,optimized,12280,8,631,178
p100-f100-h10,optimized,12280,8,673,0
p100-f100-h10,optimized,12280,9,629,0
p100-f100-h10,optimized,12280,9,631,164
p100-f100-h10,optimized,12280,9,673,0
p100-f100-h10,optimized,12280,10,629,0
p100-f100-h10,optimized,12280,10,631,146
p100-f100-h10,optimized,12280,10,673,0
p100-f100-h10,optimized,12280,11,629,0
p100-f100-h10,optimized,12280,11,631,118
p100-f100-h10,optimized,12280,11,673,0
p100-f100-h10,optimized,12280,12,629,0
p100-f100-h10,optimized,12280,12,631,95
p100-f100-h10,optimized,12280,12,673,0
p100-f100-h10,optimized,14869,1,629,0
p100-f100-h10,optimized,14869,1,631,106
p100-f100-h10,optimized,14869,1,673,0
p100-f100-h10,optimized,14869,2,629,0
p100-f100-h10,optimized,14869,2,631,115
p100-f100-h10,optimized,14869,2,673,0
p100-f100-h10,optimized,14869,3,629,0
p100-f100-h10,optimized,14869,3,631,133
p100-f100-h10,optimized,14869,3,673,0
p100-f100-h10,optimized,14869,4,629,0
p100-f100-h10,optimized,14869,4,631,149
p100-f100-h10,optimized,14869,4,673,0
p100-f100-h10,optimized,14869,5,629,0
p100-f100-h10,optimized,14869,5,631,121
p100-f100-h10,optimized,14869,5,673,0
p100-f100-h10,optimized,14869,6,629,0
p100-f100-h10,optimized,14869,6,631,97
p100-f100-h10,optimized,14869,6,673,3
p100-f100-h10,optimized,14869,7,629,0
p100-f100-h10,optimized,14869,7,631,99
p100-f100-h10,optimized,14869,7,673,4
p100-f100-h10,optimized,14869,8,629,0
p100-f100-h10,optimized,14869,8,631,120
p100-f100-h10,optimized,14869,8,673,0
p100-f100-h10,optimized,14869,9,629,0
p100-f100-h10,optimized,14869,9,631,145
p100-f100-h10,optimized,14869,9,673,0
p100-f100-h10,optimized,14869,10,629,0
p100-f100-h10,optimized,14869,10,631,129
p100-f100-h10,optimized,14869,10,673,0
p100-f100-h10,optimized,14869,11,629,0
p100-f100-h10,optimized,14869,11,631,111
p100-f100-h10,optimized,14869,11,673,0
p100-f100-h10,optimized,14869,12,629,0
p100-f100-h10,optimized,14869,12,631,103
p100-f100-h10,optimized,14869,12,673,0
p100-f100-h10,optimized,14783,1,629,0
p100-f100-h10,optimized,14783,1,631,95
p100-f100-h10,optimized,14783,1,673,0
p100-f100-h10,optimized,14783,2,629,0
p100-f100-h10,optimized,14783,2,631,97
p100-f100-h10,optimized,14783,2,673,0
p100-f100-h10,optimized,14783,3,629,0
p100-f100-h10,optimized,14783,3,631,122
p100-f100-h10,optimized,14783,3,673,0
p100-f100-h10,optimized,14783,4,629,0
p100-f100-h10,optimized,14783,4,631,89
p100-f100-h10,optimized,14783,4,673,0
p100-f100-h10,optimized,14783,5,629,0
p100-f100-h10,optimized,14783,5,631,120
p100-f100-h10,optimized,14783,5,673,0
p100-f100-h10,optimized,14783,6,629,0
p100-f100-h10,optimized,14783,6,631,120
p100-f100-h10,optimized,14783,6,673,0
p100-f100-h10,optimized,14783,7,629,0
p100-f100-h10,optimized,14783,7,631,113
p100-f100-h10,optimized,14783,7,673,11
p100-f100-h10,optimized,14783,8,629,0
p100-f100-h10,optimized,14783,8,631,109
p100-f100-h10,optimized,14783,8,673,16
p100-f100-h10,optimized,14783,9,629,0
p100-f100-h10,optimized,14783,9,631,113
p100-f100-h10,optimized,14783,9,673,7
p100-f100-h10,optimized,14783,10,629,0
p100-f100-h10,optimized,14783,10,631,118
p100-f100-h10,optimized,14783,10,673,0
p100-f100-h10,optimized,14783,11,629,0
p100-f100-h10,optimized,14783,11,631,89
p100-f100-h10,optimized,14783,11,673,0
p100-f100-h10,optimized,14783,12,629,0
p100-f100-h10,optimized,14783,12,631,92
p100-f100-h10,optimized,14783,12,673,0
p100-f100-h10,historical_shares,11109,1,629,220
p100-f100-h10,historical_shares,11109,1,631,17
p100-f100-h10,historical_shares,11109,1,673,48
p100-f100-h10,historical_shares,11109,2,629,201
p100-f100-h10,historical_shares,11109,2,631,15
p100-f100-h10,historical_shares,11109,2,673,45
p100-f100-h10,historical_shares,11109,3,629,228
p100-f100-h10,historical_shares,11109,3,631,17
p100-f100-h10,historical_shares,11109,3,673,51
p100-f100-h10,historical_shares,11109,4,629,221
p100-f100-h10,historical_shares,11109,4,631,17
p100-f100-h10,historical_shares,11109,4,673,49
p100-f100-h10,historical_shares,11109,5,629,245
p100-f100-h10,historical_shares,11109,5,631,19
p100-f100-h10,historical_shares,11109,5,673,54
p100-f100-h10,historical_shares,11109,6,629,249
p100-f100-h10,historical_shares,11109,6,631,19
p100-f100-h10,historical_shares,11109,6,673,55
p100-f100-h10,historical_shares,11109,7,629,268
p100-f100-h10,historical_shares,11109,7,631,21
p100-f100-h10,historical_shares,11109,7,673,59
p100-f100-h10,historical_shares,11109,8,629,258
p100-f100-h10,historical_shares,11109,8,631,20
p100-f100-h10,historical_shares,11109,8,673,57
p100-f100-h10,historical_shares,11109,9,629,235
p100-f100-h10,historical_shares,11109,9,631,18
p100-f100-h10,historical_shares,11109,9,673,52
p100-f100-h10,historical_shares,11109,10,629,234
p100-f100-h10,historical_shares,11109,10,631,18
p100-f100-h10,historical_shares,11109,10,673,52
p100-f100-h10,historical_shares,11109,11,629,192
p100-f100-h10,historical_shares,11109,11,631,15
p100-f100-h10,historical_shares,11109,11,673,42
p100-f100-h10,historical_shares,11109,12,629,256
p100-f100-h10,historical_shares,11109,12,631,19
p100-f100-h10,historical_shares,11109,12,673,57
p100-f100-h10,historical_shares,10372,1,631,27
p100-f100-h10,historical_shares,10372,1,673,259
p100-f100-h10,historical_shares,10372,2,631,23
p100-f100-h10,historical_shares,10372,2,673,217
p100-f100-h10,historical_shares,10372,3,631,27
p100-f100-h10,historical_shares,10372,3,673,254
p100-f100-h10,historical_shares,10372,4,631,23
p100-f100-h10,historical_shares,10372,4,673,218
p100-f100-h10,historical_shares,10372,5,631,3
p100-f100-h10,historical_shares,10372,5,673,32
p100-f100-h10,historical_shares,10372,6,631,22
p100-f100-h10,historical_shares,10372,6,673,210
p100-f100-h10,historical_shares,10372,7,631,23
p100-f100-h10,historical_shares,10372,7,673,212
p100-f100-h10,historical_shares,10372,8,631,23
p100-f100-h10,historical_shares,10372,8,673,212
p100-f100-h10,historical_shares,10372,9,631,22
p100-f100-h10,historical_shares,10372,9,673,205
p100-f100-h10,historical_shares,10372,10,631,21
p100-f100-h10,historical_shares,10372,10,673,195
p100-f100-h10,historical_shares,10372,11,631,17
p100-f100-h10,historical_shares,10372,11,673,155
p100-f100-h10,historical_shares,10372,12,631,25
p100-f100-h10,historical_shares,10372,12,673,240
p100-f100-h10,historical_shares,14457,1,629,118
p100-f100-h10,historical_shares,14457,1,631,12
p100-f100-h10,historical_shares,14457,1,673,42
p100-f100-h10,historical_shares,14457,2,629,108
p100-f100-h10,historical_shares,14457,2,631,11
p100-f100-h10,historical_shares,14457,2,673,38
p100-f100-h10,historical_shares,14457,3,629,145
p100-f100-h10,historical_shares,14457,3,631,14
p100-f100-h10,historical_shares,14457,3,673,51
p100-f100-h10,historical_shares,14457,4,629,145
p100-f100-h10,historical_shares,14457,4,631,15
p100-f100-h10,historical_shares,14457,4,673,51
p100-f100-h10,historical_shares,14457,5,629,130
p100-f100-h10,historical_shares,14457,5,631,13
p100-f100-h10,historical_shares,14457,5,673,46
p100-f100-h10,historical_shares,14457,6,629,147
p100-f100-h10,historical_shares,14457,6,631,15
p100-f100-h10,historical_shares,14457,6,673,52
p100-f100-h10,historical_shares,14457,7,629,143
p100-f100-h10,historical_shares,14457,7,631,15
p100-f100-h10,historical_shares,14457,7,673,50
p100-f100-h10,historical_shares,14457,8,629,147
p100-f100-h10,historical_shares,14457,8,631,15
p100-f100-h10,historical_shares,14457,8,673,51
p100-f100-h10,historical_shares,14457,9,629,136
p100-f100-h10,historical_shares,14457,9,631,13
p100-f100-h10,historical_shares,14457,9,673,48
p100-f100-h10,historical_shares,14457,10,629,121
p100-f100-h10,historical_shares,14457,10,631,12
p100-f100-h10,historical_shares,14457,10,673,43
p100-f100-h10,historical_shares,14457,11,629,109
p100-f100-h10,historical_shares,14457,11,631,11
p100-f100-h10,historical_shares,14457,11,673,38
p100-f100-h10,historical_shares,14457,12,629,127
p100-f100-h10,historical_shares,14457,12,631,13
p100-f100-h10,historical_shares,14457,12,673,44
p100-f100-h10,historical_shares,11122,1,629,168
p100-f100-h10,historical_shares,11122,1,631,11
p100-f100-h10,historical_shares,11122,1,673,5
p100-f100-h10,historical_shares,11122,2,629,153
p100-f100-h10,historical_shares,11122,2,631,10
p100-f100-h10,historical_shares,11122,2,673,5
p100-f100-h10,historical_shares,11122,3,629,169
p100-f100-h10,historical_shares,11122,3,631,11
p100-f100-h10,historical_shares,11122,3,673,5
p100-f100-h10,historical_shares,11122,4,629,162
p100-f100-h10,historical_shares,11122,4,631,11
p100-f100-h10,historical_shares,11122,4,673,5
p100-f100-h10,historical_shares,11122,5,629,180
p100-f100-h10,historical_shares,11122,5,631,12
p100-f100-h10,historical_shares,11122,5,673,6
p100-f100-h10,historical_shares,11122,6,629,194
p100-f100-h10,historical_shares,11122,6,631,13
p100-f100-h10,historical_shares,11122,6,673,6
p100-f100-h10,historical_shares,11122,7,629,193
p100-f100-h10,historical_shares,11122,7,631,13
p100-f100-h10,historical_shares,11122,7,673,6
p100-f100-h10,historical_shares,11122,8,629,196
p100-f100-h10,historical_shares,11122,8,631,13
p100-f100-h10,historical_shares,11122,8,673,6
p100-f100-h10,historical_shares,11122,9,629,193
p100-f100-h10,historical_shares,11122,9,631,12
p100-f100-h10,historical_shares,11122,9,673,6
p100-f100-h10,historical_shares,11122,10,629,197
p100-f100-h10,historical_shares,11122,10,631,13
p100-f100-h10,historical_shares,11122,10,673,6
p100-f100-h10,historical_shares,11122,11,629,186
p100-f100-h10,historical_shares,11122,11,631,12
p100-f100-h10,historical_shares,11122,11,673,6
p100-f100-h10,historical_shares,11122,12,629,198
p100-f100-h10,historical_shares,11122,12,631,13
p100-f100-h10,historical_shares,11122,12,673,6
p100-f100-h10,historical_shares,13851,1,629,1
p100-f100-h10,historical_shares,13851,1,631,19
p100-f100-h10,historical_shares,13851,1,673,118
p100-f100-h10,historical_shares,13851,2,629,1
p100-f100-h10,historical_shares,13851,2,631,18
p100-f100-h10,historical_shares,13851,2,673,114
p100-f100-h10,historical_shares,13851,3,629,2
p100-f100-h10,historical_shares,13851,3,631,21
p100-f100-h10,historical_shares,13851,3,673,133
p100-f100-h10,historical_shares,13851,4,629,1
p100-f100-h10,historical_shares,13851,4,631,21
p100-f100-h10,historical_shares,13851,4,673,132
p100-f100-h10,historical_shares,13851,5,629,2
p100-f100-h10,historical_shares,13851,5,631,21
p100-f100-h10,historical_shares,13851,5,673,137
p100-f100-h10,historical_shares,13851,6,629,2
p100-f100-h10,historical_shares,13851,6,631,20
p100-f100-h10,historical_shares,13851,6,673,130
p100-f100-h10,historical_shares,13851,7,629,2
p100-f100-h10,historical_shares,13851,7,631,21
p100-f100-h10,historical_shares,13851,7,673,134
p100-f100-h10,historical_shares,13851,8,629,2
p100-f100-h10,historical_shares,13851,8,631,20
p100-f100-h10,historical_shares,13851,8,673,127
p100-f100-h10,historical_shares,13851,9,629,1
p100-f100-h10,historical_shares,13851,9,631,18
p100-f100-h10,historical_shares,13851,9,673,115
p100-f100-h10,historical_shares,13851,10,629,1
p100-f100-h10,historical_shares,13851,10,631,15
p100-f100-h10,historical_shares,13851,10,673,94
p100-f100-h10,historical_shares,13851,11,629,1
p100-f100-h10,historical_shares,13851,11,631,12
p100-f100-h10,historical_shares,13851,11,673,77
p100-f100-h10,historical_shares,13851,12,629,1
p100-f100-h10,historical_shares,13851,12,631,13
p100-f100-h10,historical_shares,13851,12,673,81
p100-f100-h10,historical_shares,12280,1,629,47
p100-f100-h10,historical_shares,12280,1,631,42
p100-f100-h10,historical_shares,12280,1,673,33
p100-f100-h10,historical_shares,12280,2,629,43
p100-f100-h10,historical_shares,12280,2,631,38
p100-f100-h10,historical_shares,12280,2,673,29
p100-f100-h10,historical_shares,12280,3,629,48
p100-f100-h10,historical_shares,12280,3,631,43
p100-f100-h10,historical_shares,12280,3,673,33
p100-f100-h10,historical_shares,12280,4,629,46
p100-f100-h10,historical_shares,12280,4,631,41
p100-f100-h10,historical_shares,12280,4,673,32
p100-f100-h10,historical_shares,12280,5,629,60
p100-f100-h10,historical_shares,12280,5,631,52
p100-f100-h10,historical_shares,12280,5,673,41
p100-f100-h10,historical_shares,12280,6,629,61
p100-f100-h10,historical_shares,12280,6,631,53
p100-f100-h10,historical_shares,12280,6,673,42
p100-f100-h10,historical_shares,12280,7,629,71
p100-f100-h10,historical_shares,12280,7,631,63
p100-f100-h10,historical_shares,12280,7,673,49
p100-f100-h10,historical_shares,12280,8,629,69
p100-f100-h10,historical_shares,12280,8,631,61
p100-f100-h10,historical_shares,12280,8,673,48
p100-f100-h10,historical_shares,12280,9,629,64
p100-f100-h10,historical_shares,12280,9,631,56
p100-f100-h10,historical_shares,12280,9,673,44
p100-f100-h10,historical_shares,12280,10,629,57
p100-f100-h10,historical_shares,12280,10,631,50
p100-f100-h10,historical_shares,12280,10,673,39
p100-f100-h10,historical_shares,12280,11,629,46
p100-f100-h10,historical_shares,12280,11,631,40
p100-f100-h10,historical_shares,12280,11,673,32
p100-f100-h10,historical_shares,12280,12,629,37
p100-f100-h10,historical_shares,12280,12,631,32
p100-f100-h10,historical_shares,12280,12,673,26
p100-f100-h10,historical_shares,14869,1,629,9
p100-f100-h10,historical_shares,14869,1,631,28
p100-f100-h10,historical_shares,14869,1,673,69
p100-f100-h10,historical_shares,14869,2,629,9
p100-f100-h10,historical_shares,14869,2,631,30
p100-f100-h10,historical_shares,14869,2,673,76
p100-f100-h10,historical_shares,14869,3,629,11
p100-f100-h10,historical_shares,14869,3,631,35
p100-f100-h10,historical_shares,14869,3,673,87
p100-f100-h10,historical_shares,14869,4,629,12
p100-f100-h10,historical_shares,14869,4,631,39
p100-f100-h10,historical_shares,14869,4,673,98
p100-f100-h10,historical_shares,14869,5,629,10
p100-f100-h10,historical_shares,14869,5,631,32
p100-f100-h10,historical_shares,14869,5,673,79
p100-f100-h10,historical_shares,14869,6,629,8
p100-f100-h10,historical_shares,14869,6,631,26
p100-f100-h10,historical_shares,14869,6,673,66
p100-f100-h10,historical_shares,14869,7,629,8
p100-f100-h10,historical_shares,14869,7,631,27
p100-f100-h10,historical_shares,14869,7,673,68
p100-f100-h10,historical_shares,14869,8,629,10
p100-f100-h10,historical_shares,14869,8,631,31
p100-f100-h10,historical_shares,14869,8,673,79
p100-f100-h10,historical_shares,14869,9,629,12
p100-f100-h10,historical_shares,14869,9,631,38
p100-f100-h10,historical_shares,14869,9,673,95
p100-f100-h10,historical_shares,14869,10,629,10
p100-f100-h10,historical_shares,14869,10,631,34
p100-f100-h10,historical_shares,14869,10,673,85
p100-f100-h10,historical_shares,14869,11,629,9
p100-f100-h10,historical_shares,14869,11,631,29
p100-f100-h10,historical_shares,14869,11,673,73
p100-f100-h10,historical_shares,14869,12,629,8
p100-f100-h10,historical_shares,14869,12,631,27
p100-f100-h10,historical_shares,14869,12,673,68
p100-f100-h10,historical_shares,14783,1,629,10
p100-f100-h10,historical_shares,14783,1,631,22
p100-f100-h10,historical_shares,14783,1,673,63
p100-f100-h10,historical_shares,14783,2,629,10
p100-f100-h10,historical_shares,14783,2,631,23
p100-f100-h10,historical_shares,14783,2,673,64
p100-f100-h10,historical_shares,14783,3,629,12
p100-f100-h10,historical_shares,14783,3,631,29
p100-f100-h10,historical_shares,14783,3,673,81
p100-f100-h10,historical_shares,14783,4,629,9
p100-f100-h10,historical_shares,14783,4,631,21
p100-f100-h10,historical_shares,14783,4,673,59
p100-f100-h10,historical_shares,14783,5,629,12
p100-f100-h10,historical_shares,14783,5,631,28
p100-f100-h10,historical_shares,14783,5,673,80
p100-f100-h10,historical_shares,14783,6,629,12
p100-f100-h10,historical_shares,14783,6,631,28
p100-f100-h10,historical_shares,14783,6,673,80
p100-f100-h10,historical_shares,14783,7,629,13
p100-f100-h10,historical_shares,14783,7,631,29
p100-f100-h10,historical_shares,14783,7,673,82
p100-f100-h10,historical_shares,14783,8,629,13
p100-f100-h10,historical_shares,14783,8,631,29
p100-f100-h10,historical_shares,14783,8,673,83
p100-f100-h10,historical_shares,14783,9,629,12
p100-f100-h10,historical_shares,14783,9,631,28
p100-f100-h10,historical_shares,14783,9,673,80
p100-f100-h10,historical_shares,14783,10,629,12
p100-f100-h10,historical_shares,14783,10,631,28
p100-f100-h10,historical_shares,14783,10,673,78
p100-f100-h10,historical_shares,14783,11,629,9
p100-f100-h10,historical_shares,14783,11,631,21
p100-f100-h10,historical_shares,14783,11,673,59
p100-f100-h10,historical_shares,14783,12,629,9
p100-f100-h10,historical_shares,14783,12,631,22
p100-f100-h10,historical_shares,14783,12,673,61
p120-f50-h6,optimized,11109,1,629,0
p120-f50-h6,optimized,11109,1,631,10
p120-f50-h6,optimized,11109,1,673,200
p120-f50-h6,optimized,11109,2,629,0
p120-f50-h6,optimized,11109,2,631,4
p120-f50-h6,optimized,11109,2,673,178
p120-f50-h6,optimized,11109,3,629,0
p120-f50-h6,optimized,11109,3,631,17
p120-f50-h6,optimized,11109,3,673,200
p120-f50-h6,optimized,11109,4,629,0
p120-f50-h6,optimized,11109,4,631,17
p120-f50-h6,optimized,11109,4,673,187
p120-f50-h6,optimized,11109,5,629,0
p120-f50-h6,optimized,11109,5,631,15
p120-f50-h6,optimized,11109,5,673,218
p120-f50-h6,optimized,11109,6,629,0
p120-f50-h6,optimized,11109,6,631,4
p120-f50-h6,optimized,11109,6,673,234
p120-f50-h6,optimized,11109,7,629,0
p120-f50-h6,optimized,11109,7,631,7
p120-f50-h6,optimized,11109,7,673,218
p120-f50-h6,optimized,11109,8,629,0
p120-f50-h6,optimized,11109,8,631,2
p120-f50-h6,optimized,11109,8,673,228
p120-f50-h6,optimized,11109,9,629,0
p120-f50-h6,optimized,11109,9,631,16
p120-f50-h6,optimized,11109,9,673,218
p120-f50-h6,optimized,11109,10,629,0
p120-f50-h6,optimized,11109,10,631,22
p120-f50-h6,optimized,11109,10,673,198
p120-f50-h6,optimized,11109,11,629,0
p120-f50-h6,optimized,11109,11,631,2
p120-f50-h6,optimized,11109,11,673,181
p120-f50-h6,optimized,11109,12,629,0
p120-f50-h6,optimized,11109,12,631,18
p120-f50-h6,optimized,11109,12,673,242
p120-f50-h6,optimized,10372,1,631,0
p120-f50-h6,optimized,10372,1,673,253
p120-f50-h6,optimized,10372,2,631,0
p120-f50-h6,optimized,10372,2,673,228
p120-f50-h6,optimized,10372,3,631,0
p120-f50-h6,optimized,10372,3,673,280
p120-f50-h6,optimized,10372,4,631,0
p120-f50-h6,optimized,10372,4,673,207
p120-f50-h6,optimized,10372,5,631,0
p120-f50-h6,optimized,10372,5,673,19
p120-f50-h6,optimized,10372,6,631,0
p120-f50-h6,optimized,10372,6,673,211
p120-f50-h6,optimized,10372,7,631,0
p120-f50-h6,optimized,10372,7,673,244
p120-f50-h6,optimized,10372,8,631,0
p120-f50-h6,optimized,10372,8,673,251
p120-f50-h6,optimized,10372,9,631,0
p120-f50-h6,optimized,10372,9,673,214
p120-f50-h6,optimized,10372,10,631,0
p120-f50-h6,optimized,10372,10,673,201
p120-f50-h6,optimized,10372,11,631,0
p120-f50-h6,optimized,10372,11,673,159
p120-f50-h6,optimized,10372,12,631,0
p120-f50-h6,optimized,10372,12,673,249
p120-f50-h6,optimized,14457,1,629,0
p120-f50-h6,optimized,14457,1,631,20
p120-f50-h6,optimized,14457,1,673,124
p120-f50-h6,optimized,14457,2,629,0
p120-f50-h6,optimized,14457,2,631,30
p120-f50-h6,optimized,14457,2,673,94
p120-f50-h6,optimized,14457,3,629,0
p120-f50-h6,optimized,14457,3,631,12
p120-f50-h6,optimized,14457,3,673,146
p120-f50-h6,optimized,14457,4,629,0
p120-f50-h6,optimized,14457,4,631,19
p120-f50-h6,optimized,14457,4,673,158
p120-f50-h6,optimized,14457,5,629,0
p120-f50-h6,optimized,14457,5,631,17
p120-f50-h6,optimized,14457,5,673,147
p120-f50-h6,optimized,14457,6,629,0
p120-f50-h6,optimized,14457,6,631,23
p120-f50-h6,optimized,14457,6,673,162
p120-f50-h6,optimized,14457,7,629,0
p120-f50-h6,optimized,14457,7,631,19
p120-f50-h6,optimized,14457,7,673,162
p120-f50-h6,optimized,14457,8,629,0
p120-f50-h6,optimized,14457,8,631,12
p120-f50-h6,optimized,14457,8,673,173
p120-f50-h6,optimized,14457,9,629,0
p120-f50-h6,optimized,14457,9,631,7
p120-f50-h6,optimized,14457,9,673,170
p120-f50-h6,optimized,14457,10,629,0
p120-f50-h6,optimized,14457,10,631,5
p120-f50-h6,optimized,14457,10,673,122
p120-f50-h6,optimized,14457,11,629,0
p120-f50-h6,optimized,14457,11,631,24
p120-f50-h6,optimized,14457,11,673,96
p120-f50-h6,optimized,14457,12,629,0
p120-f50-h6,optimized,14457,12,631,16
p120-f50-h6,optimized,14457,12,673,141
p120-f50-h6,optimized,11122,1,629,0
p120-f50-h6,optimized,11122,1,631,20
p120-f50-h6,optimized,11122,1,673,106
p120-f50-h6,optimized,11122,2,629,0
p120-f50-h6,optimized,11122,2,631,53
p120-f50-h6,optimized,11122,2,673,62
p120-f50-h6,optimized,11122,3,629,0
p120-f50-h6,optimized,11122,3,631,4
p120-f50-h6,optimized,11122,3,673,131
p120-f50-h6,optimized,11122,4,629,0
p120-f50-h6,optimized,11122,4,631,51
p120-f50-h6,optimized,11122,4,673,76
p120-f50-h6,optimized,11122,5,629,0
p120-f50-h6,optimized,11122,5,631,62
p120-f50-h6,optimized,11122,5,673,89
p120-f50-h6,optimized,11122,6,629,0
p120-f50-h6,optimized,11122,6,631,35
p120-f50-h6,optimized,11122,6,673,129
p120-f50-h6,optimized,11122,7,629,0
p120-f50-h6,optimized,11122,7,631,60
p120-f50-h6,optimized,11122,7,673,103
p120-f50-h6,optimized,11122,8,629,0
p120-f50-h6,optimized,11122,8,631,9
p120-f50-h6,optimized,11122,8,673,150
p120-f50-h6,optimized,11122,9,629,0
p120-f50-h6,optimized,11122,9,631,56
p120-f50-h6,optimized,11122,9,673,94
p120-f50-h6,optimized,11122,10,629,0
p120-f50-h6,optimized,11122,10,631,65
p120-f50-h6,optimized,11122,10,673,95
p120-f50-h6,optimized,11122,11,629,0
p120-f50-h6,optimized,11122,11,631,25
p120-f50-h6,optimized,11122,11,673,116
p120-f50-h6,optimized,11122,12,629,0
p120-f50-h6,optimized,11122,12,631,39
p120-f50-h6,optimized,11122,12,673,112
p120-f50-h6,optimized,13851,1,629,0
p120-f50-h6,optimized,13851,1,631,5
p120-f50-h6,optimized,13851,1,673,139
p120-f50-h6,optimized,13851,2,629,0
p120-f50-h6,optimized,13851,2,631,0
p120-f50-h6,optimized,13851,2,673,126
p120-f50-h6,optimized,13851,3,629,0
p120-f50-h6,optimized,13851,3,631,12
p120-f50-h6,optimized,13851,3,673,137
p120-f50-h6,optimized,13851,4,629,0
p120-f50-h6,optimized,13851,4,631,0
p120-f50-h6,optimized,13851,4,673,144
p120-f50-h6,optimized,13851,5,629,0
p120-f50-h6,optimized,13851,5,631,0
p120-f50-h6,optimized,13851,5,673,174
p120-f50-h6,optimized,13851,6,629,0
p120-f50-h6,optimized,13851,6,631,6
p120-f50-h6,optimized,13851,6,673,160
p120-f50-h6,optimized,13851,7,629,0
p120-f50-h6,optimized,13851,7,631,0
p120-f50-h6,optimized,13851,7,673,164
p120-f50-h6,optimized,13851,8,629,0
p120-f50-h6,optimized,13851,8,631,10
p120-f50-h6,optimized,13851,8,673,148
p120-f50-h6,optimized,13851,9,629,0
p120-f50-h6,optimized,13851,9,631,6
p120-f50-h6,optimized,13851,9,673,139
p120-f50-h6,optimized,13851,10,629,0
p120-f50-h6,optimized,13851,10,631,0
p120-f50-h6,optimized,13851,10,673,113
p120-f50-h6,optimized,13851,11,629,0
p120-f50-h6,optimized,13851,11,631,18
p120-f50-h6,optimized,13851,11,673,66
p120-f50-h6,optimized,13851,12,629,0
p120-f50-h6,optimized,13851,12,631,10
p120-f50-h6,optimized,13851,12,673,84
p120-f50-h6,optimized,12280,1,629,0
p120-f50-h6,optimized,12280,1,631,11
p120-f50-h6,optimized,12280,1,673,96
p120-f50-h6,optimized,12280,2,629,0
p120-f50-h6,optimized,12280,2,631,0
p120-f50-h6,optimized,12280,2,673,98
p120-f50-h6,optimized,12280,3,629,0
p120-f50-h6,optimized,12280,3,631,8
p120-f50-h6,optimized,12280,3,673,103
p120-f50-h6,optimized,12280,4,629,0
p120-f50-h6,optimized,12280,4,631,7
p120-f50-h6,optimized,12280,4,673,105
p120-f50-h6,optimized,12280,5,629,0
p120-f50-h6,optimized,12280,5,631,4
p120-f50-h6,optimized,12280,5,673,131
p120-f50-h6,optimized,12280,6,629,0
p120-f50-h6,optimized,12280,6,631,12
p120-f50-h6,optimized,12280,6,673,128
p120-f50-h6,optimized,12280,7,629,0
p120-f50-h6,optimized,12280,7,631,9
p120-f50-h6,optimized,12280,7,673,150
p120-f50-h6,optimized,12280,8,629,0
p120-f50-h6,optimized,12280,8,631,16
p120-f50-h6,optimized,12280,8,673,144
p120-f50-h6,optimized,12280,9,629,0
p120-f50-h6,optimized,12280,9,631,7
p120-f50-h6,optimized,12280,9,673,144
p120-f50-h6,optimized,12280,10,629,0
p120-f50-h6,optimized,12280,10,631,7
p120-f50-h6,optimized,12280,10,673,131
p120-f50-h6,optimized,12280,11,629,0
p120-f50-h6,optimized,12280,11,631,7
p120-f50-h6,optimized,12280,11,673,113
p120-f50-h6,optimized,12280,12,629,0
p120-f50-h6,optimized,12280,12,631,10
p120-f50-h6,optimized,12280,12,673,88
p120-f50-h6,optimized,14869,1,629,0
p120-f50-h6,optimized,14869,1,631,9
p120-f50-h6,optimized,14869,1,673,84
p120-f50-h6,optimized,14869,2,629,0
p120-f50-h6,optimized,14869,2,631,0
p120-f50-h6,optimized,14869,2,673,104
p120-f50-h6,optimized,14869,3,629,0
p120-f50-h6,optimized,14869,3,631,15
p120-f50-h6,optimized,14869,3,673,105
p120-f50-h6,optimized,14869,4,629,0
p120-f50-h6,optimized,14869,4,631,0
p120-f50-h6,optimized,14869,4,673,151
p120-f50-h6,optimized,14869,5,629,0
p120-f50-h6,optimized,14869,5,631,0
p120-f50-h6,optimized,14869,5,673,127
p120-f50-h6,optimized,14869,6,629,0
p120-f50-h6,optimized,14869,6,631,6
p120-f50-h6,optimized,14869,6,673,91
p120-f50-h6,optimized,14869,7,629,0
p120-f50-h6,optimized,14869,7,631,0
p120-f50-h6,optimized,14869,7,673,102
p120-f50-h6,optimized,14869,8,629,0
p120-f50-h6,optimized,14869,8,631,15
p120-f50-h6,optimized,14869,8,673,100
p120-f50-h6,optimized,14869,9,629,0
p120-f50-h6,optimized,14869,9,631,0
p120-f50-h6,optimized,14869,9,673,149
p120-f50-h6,optimized,14869,10,629,0
p120-f50-h6,optimized,14869,10,631,0
p120-f50-h6,optimized,14869,10,673,129
p120-f50-h6,optimized,14869,11,629,0
p120-f50-h6,optimized,14869,11,631,7
p120-f50-h6,optimized,14869,11,673,104
p120-f50-h6,optimized,14869,12,629,0
p120-f50-h6,optimized,14869,12,631,0
p120-f50-h6,optimized,14869,12,673,101
p120-f50-h6,optimized,14783,1,629,0
p120-f50-h6,optimized,14783,1,631,10
p120-f50-h6,optimized,14783,1,673,78
p120-f50-h6,optimized,14783,2,629,0
p120-f50-h6,optimized,14783,2,631,0
p120-f50-h6,optimized,14783,2,673,91
p120-f50-h6,optimized,14783,3,629,0
p120-f50-h6,optimized,14783,3,631,14
p120-f50-h6,optimized,14783,3,673,97
p120-f50-h6,optimized,14783,4,629,0
p120-f50-h6,optimized,14783,4,631,0
p120-f50-h6,optimized,14783,4,673,94
p120-f50-h6,optimized,14783,5,629,0
p120-f50-h6,optimized,14783,5,631,0
p120-f50-h6,optimized,14783,5,673,132
p120-f50-h6,optimized,14783,6,629,0
p120-f50-h6,optimized,14783,6,631,0
p120-f50-h6,optimized,14783,6,673,133
p120-f50-h6,optimized,14783,7,629,0
p120-f50-h6,optimized,14783,7,631,0
p120-f50-h6,optimized,14783,7,673,140
p120-f50-h6,optimized,14783,8,629,0
p120-f50-h6,optimized,14783,8,631,14
p120-f50-h6,optimized,14783,8,673,127
p120-f50-h6,optimized,14783,9,629,0
p120-f50-h6,optimized,14783,9,631,0
p120-f50-h6,optimized,14783,9,673,136
p120-f50-h6,optimized,14783,10,629,0
p120-f50-h6,optimized,14783,10,631,0
p120-f50-h6,optimized,14783,10,673,130
p120-f50-h6,optimized,14783,11,629,0
p120-f50-h6,optimized,14783,11,631,0
p120-f50-h6,optimized,14783,11,673,95
p120-f50-h6,optimized,14783,12,629,0
p120-f50-h6,optimized,14783,12,631,0
p120-f50-h6,optimized,14783,12,673,102
p120-f50-h6,historical_shares,11109,1,629,212
p120-f50-h6,historical_shares,11109,1,631,16
p120-f50-h6,historical_shares,11109,1,673,47
p120-f50-h6,historical_shares,11109,2,629,183
p120-f50-h6,historical_shares,11109,2,631,14
p120-f50-h6,historical_shares,11109,2,673,41
p120-f50-h6,historical_shares,11109,3,629,219
p120-f50-h6,historical_shares,11109,3,631,17
p120-f50-h6,historical_shares,11109,3,673,48
p120-f50-h6,historical_shares,11109,4,629,206
p120-f50-h6,historical_shares,11109,4,631,16
p120-f50-h6,historical_shares,11109,4,673,45
p120-f50-h6,historical_shares,11109,5,629,235
p120-f50-h6,historical_shares,11109,5,631,18
p120-f50-h6,historical_shares,11109,5,673,52
p120-f50-h6,historical_shares,11109,6,629,241
p120-f50-h6,historical_shares,11109,6,631,19
p120-f50-h6,historical_shares,11109,6,673,53
p120-f50-h6,historical_shares,11109,7,629,227
p120-f50-h6,historical_shares,11109,7,631,18
p120-f50-h6,historical_shares,11109,7,673,50
p120-f50-h6,historical_shares,11109,8,629,233
p120-f50-h6,historical_shares,11109,8,631,18
p120-f50-h6,historical_shares,11109,8,673,51
p120-f50-h6,historical_shares,11109,9,629,237
p120-f50-h6,historical_shares,11109,9,631,18
p120-f50-h6,historical_shares,11109,9,673,52
p120-f50-h6,historical_shares,11109,10,629,222
p120-f50-h6,historical_shares,11109,10,631,17
p120-f50-h6,historical_shares,11109,10,673,49
p120-f50-h6,historical_shares,11109,11,629,186
p120-f50-h6,historical_shares,11109,11,631,14
p120-f50-h6,historical_shares,11109,11,673,41
p120-f50-h6,historical_shares,11109,12,629,263
p120-f50-h6,historical_shares,11109,12,631,20
p120-f50-h6,historical_shares,11109,12,673,58
p120-f50-h6,historical_shares,10372,1,631,24
p120-f50-h6,historical_shares,10372,1,673,229
p120-f50-h6,historical_shares,10372,2,631,22
p120-f50-h6,historical_shares,10372,2,673,206
p120-f50-h6,historical_shares,10372,3,631,27
p120-f50-h6,historical_shares,10372,3,673,253
p120-f50-h6,historical_shares,10372,4,631,20
p120-f50-h6,historical_shares,10372,4,673,187
p120-f50-h6,historical_shares,10372,5,631,2
p120-f50-h6,historical_shares,10372,5,673,17
p120-f50-h6,historical_shares,10372,6,631,20
p120-f50-h6,historical_shares,10372,6,673,191
p120-f50-h6,historical_shares,10372,7,631,23
p120-f50-h6,historical_shares,10372,7,673,221
p120-f50-h6,historical_shares,10372,8,631,24
p120-f50-h6,historical_shares,10372,8,673,228
p120-f50-h6,historical_shares,10372,9,631,21
p120-f50-h6,historical_shares,10372,9,673,194
p120-f50-h6,historical_shares,10372,10,631,19
p120-f50-h6,historical_shares,10372,10,673,182
p120-f50-h6,historical_shares,10372,11,631,15
p120-f50-h6,historical_shares,10372,11,673,145
p120-f50-h6,historical_shares,10372,12,631,24
p120-f50-h6,historical_shares,10372,12,673,225
p120-f50-h6,historical_shares,14457,1,629,125
p120-f50-h6,historical_shares,14457,1,631,13
p120-f50-h6,historical_shares,14457,1,673,44
p120-f50-h6,historical_shares,14457,2,629,108
p120-f50-h6,historical_shares,14457,2,631,11
p120-f50-h6,historical_shares,14457,2,673,38
p120-f50-h6,historical_shares,14457,3,629,138
p120-f50-h6,historical_shares,14457,3,631,14
p120-f50-h6,historical_shares,14457,3,673,49
p120-f50-h6,historical_shares,14457,4,629,154
p120-f50-h6,historical_shares,14457,4,631,16
p120-f50-h6,historical_shares,14457,4,673,54
p120-f50-h6,historical_shares,14457,5,629,143
p120-f50-h6,historical_shares,14457,5,631,15
p120-f50-h6,historical_shares,14457,5,673,50
p120-f50-h6,historical_shares,14457,6,629,161
p120-f50-h6,historical_shares,14457,6,631,16
p120-f50-h6,historical_shares,14457,6,673,57
p120-f50-h6,historical_shares,14457,7,629,158
p120-f50-h6,historical_shares,14457,7,631,16
p120-f50-h6,historical_shares,14457,7,673,56
p120-f50-h6,historical_shares,14457,8,629,162
p120-f50-h6,historical_shares,14457,8,631,16
p120-f50-h6,historical_shares,14457,8,673,57
p120-f50-h6,historical_shares,14457,9,629,155
p120-f50-h6,historical_shares,14457,9,631,16
p120-f50-h6,historical_shares,14457,9,673,54
p120-f50-h6,historical_shares,14457,10,629,112
p120-f50-h6,historical_shares,14457,10,631,11
p120-f50-h6,historical_shares,14457,10,673,39
p120-f50-h6,historical_shares,14457,11,629,105
p120-f50-h6,historical_shares,14457,11,631,10
p120-f50-h6,historical_shares,14457,11,673,37
p120-f50-h6,historical_shares,14457,12,629,137
p120-f50-h6,historical_shares,14457,12,631,14
p120-f50-h6,historical_shares,14457,12,673,48
p120-f50-h6,historical_shares,11122,1,629,158
p120-f50-h6,historical_shares,11122,1,631,10
p120-f50-h6,historical_shares,11122,1,673,5
p120-f50-h6,historical_shares,11122,2,629,143
p120-f50-h6,historical_shares,11122,2,631,9
p120-f50-h6,historical_shares,11122,2,673,5
p120-f50-h6,historical_shares,11122,3,629,170
p120-f50-h6,historical_shares,11122,3,631,11
p120-f50-h6,historical_shares,11122,3,673,5
p120-f50-h6,historical_shares,11122,4,629,159
p120-f50-h6,historical_shares,11122,4,631,10
p120-f50-h6,historical_shares,11122,4,673,5
p120-f50-h6,historical_shares,11122,5,629,188
p120-f50-h6,historical_shares,11122,5,631,12
p120-f50-h6,historical_shares,11122,5,673,6
p120-f50-h6,historical_shares,11122,6,629,205
p120-f50-h6,historical_shares,11122,6,631,13
p120-f50-h6,historical_shares,11122,6,673,7
p120-f50-h6,historical_shares,11122,7,629,203
p120-f50-h6,historical_shares,11122,7,631,13
p120-f50-h6,historical_shares,11122,7,673,7
p120-f50-h6,historical_shares,11122,8,629,199
p120-f50-h6,historical_shares,11122,8,631,13
p120-f50-h6,historical_shares,11122,8,673,6
p120-f50-h6,historical_shares,11122,9,629,187
p120-f50-h6,historical_shares,11122,9,631,12
p120-f50-h6,historical_shares,11122,9,673,6
p120-f50-h6,historical_shares,11122,10,629,200
p120-f50-h6,historical_shares,11122,10,631,13
p120-f50-h6,historical_shares,11122,10,673,6
p120-f50-h6,historical_shares,11122,11,629,176
p120-f50-h6,historical_shares,11122,11,631,11
p120-f50-h6,historical_shares,11122,11,673,6
p120-f50-h6,historical_shares,11122,12,629,189
p120-f50-h6,historical_shares,11122,12,631,12
p120-f50-h6,historical_shares,11122,12,673,6
p120-f50-h6,historical_shares,13851,1,629,1
p120-f50-h6,historical_shares,13851,1,631,20
p120-f50-h6,historical_shares,13851,1,673,125
p120-f50-h6,historical_shares,13851,2,629,1
p120-f50-h6,historical_shares,13851,2,631,17
p120-f50-h6,historical_shares,13851,2,673,109
p120-f50-h6,historical_shares,13851,3,629,2
p120-f50-h6,historical_shares,13851,3,631,20
p120-f50-h6,historical_shares,13851,3,673,128
p120-f50-h6,historical_shares,13851,4,629,2
p120-f50-h6,historical_shares,13851,4,631,19
p120-f50-h6,historical_shares,13851,4,673,124
p120-f50-h6,historical_shares,13851,5,629,2
p120-f50-h6,historical_shares,13851,5,631,24
p120-f50-h6,historical_shares,13851,5,673,150
p120-f50-h6,historical_shares,13851,6,629,2
p120-f50-h6,historical_shares,13851,6,631,22
p120-f50-h6,historical_shares,13851,6,673,144
p120-f50-h6,historical_shares,13851,7,629,2
p120-f50-h6,historical_shares,13851,7,631,22
p120-f50-h6,historical_shares,13851,7,673,142
p120-f50-h6,historical_shares,13851,8,629,2
p120-f50-h6,historical_shares,13851,8,631,21
p120-f50-h6,historical_shares,13851,8,673,137
p120-f50-h6,historical_shares,13851,9,629,1
p120-f50-h6,historical_shares,13851,9,631,20
p120-f50-h6,historical_shares,13851,9,673,125
p120-f50-h6,historical_shares,13851,10,629,1
p120-f50-h6,historical_shares,13851,10,631,15
p120-f50-h6,historical_shares,13851,10,673,98
p120-f50-h6,historical_shares,13851,11,629,1
p120-f50-h6,historical_shares,13851,11,631,11
p120-f50-h6,historical_shares,13851,11,673,72
p120-f50-h6,historical_shares,13851,12,629,1
p120-f50-h6,historical_shares,13851,12,631,13
p120-f50-h6,historical_shares,13851,12,673,80
p120-f50-h6,historical_shares,12280,1,629,48
p120-f50-h6,historical_shares,12280,1,631,43
p120-f50-h6,historical_shares,12280,1,673,33
p120-f50-h6,historical_shares,12280,2,629,44
p120-f50-h6,historical_shares,12280,2,631,39
p120-f50-h6,historical_shares,12280,2,673,31
p120-f50-h6,historical_shares,12280,3,629,50
p120-f50-h6,historical_shares,12280,3,631,44
p120-f50-h6,historical_shares,12280,3,673,35
p120-f50-h6,historical_shares,12280,4,629,51
p120-f50-h6,historical_shares,12280,4,631,44
p120-f50-h6,historical_shares,12280,4,673,35
p120-f50-h6,historical_shares,12280,5,629,61
p120-f50-h6,historical_shares,12280,5,631,54
p120-f50-h6,historical_shares,12280,5,673,42
p120-f50-h6,historical_shares,12280,6,629,63
p120-f50-h6,historical_shares,12280,6,631,56
p120-f50-h6,historical_shares,12280,6,673,44
p120-f50-h6,historical_shares,12280,7,629,72
p120-f50-h6,historical_shares,12280,7,631,63
p120-f50-h6,historical_shares,12280,7,673,50
p120-f50-h6,historical_shares,12280,8,629,72
p120-f50-h6,historical_shares,12280,8,631,64
p120-f50-h6,historical_shares,12280,8,673,50
p120-f50-h6,historical_shares,12280,9,629,69
p120-f50-h6,historical_shares,12280,9,631,60
p120-f50-h6,historical_shares,12280,9,673,47
p120-f50-h6,historical_shares,12280,10,629,62
p120-f50-h6,historical_shares,12280,10,631,55
p120-f50-h6,historical_shares,12280,10,673,43
p120-f50-h6,historical_shares,12280,11,629,55
p120-f50-h6,historical_shares,12280,11,631,48
p120-f50-h6,historical_shares,12280,11,673,37
p120-f50-h6,historical_shares,12280,12,629,44
p120-f50-h6,historical_shares,12280,12,631,39
p120-f50-h6,historical_shares,12280,12,673,31
p120-f50-h6,historical_shares,14869,1,629,8
p120-f50-h6,historical_shares,14869,1,631,25
p120-f50-h6,historical_shares,14869,1,673,64
p120-f50-h6,historical_shares,14869,2,629,9
p120-f50-h6,historical_shares,14869,2,631,28
p120-f50-h6,historical_shares,14869,2,673,70
p120-f50-h6,historical_shares,14869,3,629,10
p120-f50-h6,historical_shares,14869,3,631,33
p120-f50-h6,historical_shares,14869,3,673,81
p120-f50-h6,historical_shares,14869,4,629,13
p120-f50-h6,historical_shares,14869,4,631,41
p120-f50-h6,historical_shares,14869,4,673,102
p120-f50-h6,historical_shares,14869,5,629,11
p120-f50-h6,historical_shares,14869,5,631,34
p120-f50-h6,historical_shares,14869,5,673,87
p120-f50-h6,historical_shares,14869,6,629,8
p120-f50-h6,historical_shares,14869,6,631,27
p120-f50-h6,historical_shares,14869,6,673,66
p120-f50-h6,historical_shares,14869,7,629,9
p120-f50-h6,historical_shares,14869,7,631,28
p120-f50-h6,historical_shares,14869,7,673,69
p120-f50-h6,historical_shares,14869,8,629,10
p120-f50-h6,historical_shares,14869,8,631,31
p120-f50-h6,historical_shares,14869,8,673,78
p120-f50-h6,historical_shares,14869,9,629,13
p120-f50-h6,historical_shares,14869,9,631,40
p120-f50-h6,historical_shares,14869,9,673,102
p120-f50-h6,historical_shares,14869,10,629,11
p120-f50-h6,historical_shares,14869,10,631,35
p120-f50-h6,historical_shares,14869,10,673,88
p120-f50-h6,historical_shares,14869,11,629,9
p120-f50-h6,historical_shares,14869,11,631,30
p120-f50-h6,historical_shares,14869,11,673,76
p120-f50-h6,historical_shares,14869,12,629,9
p120-f50-h6,historical_shares,14869,12,631,27
p120-f50-h6,historical_shares,14869,12,673,69
p120-f50-h6,historical_shares,14783,1,629,9
p120-f50-h6,historical_shares,14783,1,631,22
p120-f50-h6,historical_shares,14783,1,673,61
p120-f50-h6,historical_shares,14783,2,629,10
p120-f50-h6,historical_shares,14783,2,631,22
p120-f50-h6,historical_shares,14783,2,673,62
p120-f50-h6,historical_shares,14783,3,629,12
p120-f50-h6,historical_shares,14783,3,631,27
p120-f50-h6,historical_shares,14783,3,673,76
p120-f50-h6,historical_shares,14783,4,629,10
p120-f50-h6,historical_shares,14783,4,631,23
p120-f50-h6,historical_shares,14783,4,673,65
p120-f50-h6,historical_shares,14783,5,629,14
p120-f50-h6,historical_shares,14783,5,631,32
p120-f50-h6,historical_shares,14783,5,673,90
p120-f50-h6,historical_shares,14783,6,629,14
p120-f50-h6,historical_shares,14783,6,631,32
p120-f50-h6,historical_shares,14783,6,673,92
p120-f50-h6,historical_shares,14783,7,629,15
p120-f50-h6,historical_shares,14783,7,631,34
p120-f50-h6,historical_shares,14783,7,673,96
p120-f50-h6,historical_shares,14783,8,629,15
p120-f50-h6,historical_shares,14783,8,631,34
p120-f50-h6,historical_shares,14783,8,673,97
p120-f50-h6,historical_shares,14783,9,629,15
p120-f50-h6,historical_shares,14783,9,631,33
p120-f50-h6,historical_shares,14783,9,673,93
p120-f50-h6,historical_shares,14783,10,629,14
p120-f50-h6,historical_shares,14783,10,631,32
p120-f50-h6,historical_shares,14783,10,673,89
p120-f50-h6,historical_shares,14783,11,629,10
p120-f50-h6,historical_shares,14783,11,631,23
p120-f50-h6,historical_shares,14783,11,673,66
p120-f50-h6,historical_shares,14783,12,629,11
p120-f50-h6,historical_shares,14783,12,631,25
p120-f50-h6,historical_shares,14783,12,673,69
p120-f50-h8,optimized,11109,1,629,0
p120-f50-h8,optimized,11109,1,631,10
p120-f50-h8,optimized,11109,1,673,200
p120-f50-h8,optimized,11109,2,629,0
p120-f50-h8,optimized,11109,2,631,14
p120-f50-h8,optimized,11109,2,673,168
p120-f50-h8,optimized,11109,3,629,0
p120-f50-h8,optimized,11109,3,631,17
p120-f50-h8,optimized,11109,3,673,200
p120-f50-h8,optimized,11109,4,629,0
p120-f50-h8,optimized,11109,4,631,17
p120-f50-h8,optimized,11109,4,673,187
p120-f50-h8,optimized,11109,5,629,0
p120-f50-h8,optimized,11109,5,631,15
p120-f50-h8,optimized,11109,5,673,218
p120-f50-h8,optimized,11109,6,629,0
p120-f50-h8,optimized,11109,6,631,4
p120-f50-h8,optimized,11109,6,673,234
p120-f50-h8,optimized,11109,7,629,0
p120-f50-h8,optimized,11109,7,631,7
p120-f50-h8,optimized,11109,7,673,218
p120-f50-h8,optimized,11109,8,629,0
p120-f50-h8,optimized,11109,8,631,2
p120-f50-h8,optimized,11109,8,673,228
p120-f50-h8,optimized,11109,9,629,0
p120-f50-h8,optimized,11109,9,631,16
p120-f50-h8,optimized,11109,9,673,218
p120-f50-h8,optimized,11109,10,629,0
p120-f50-h8,optimized,11109,10,631,22
p120-f50-h8,optimized,11109,10,673,198
p120-f50-h8,optimized,11109,11,629,0
p120-f50-h8,optimized,11109,11,631,2
p120-f50-h8,optimized,11109,11,673,181
p120-f50-h8,optimized,11109,12,629,0
p120-f50-h8,optimized,11109,12,631,18
p120-f50-h8,optimized,11109,12,673,242
p120-f50-h8,optimized,10372,1,631,0
p120-f50-h8,optimized,10372,1,673,253
p120-f50-h8,optimized,10372,2,631,0
p120-f50-h8,optimized,10372,2,673,228
p120-f50-h8,optimized,10372,3,631,0
p120-f50-h8,optimized,10372,3,673,280
p120-f50-h8,optimized,10372,4,631,0
p120-f50-h8,optimized,10372,4,673,207
p120-f50-h8,optimized,10372,5,631,0
p120-f50-h8,optimized,10372,5,673,19
p120-f50-h8,optimized,10372,6,631,0
p120-f50-h8,optimized,10372,6,673,211
p120-f50-h8,optimized,10372,7,631,0
p120-f50-h8,optimized,10372,7,673,244
p120-f50-h8,optimized,10372,8,631,0
p120-f50-h8,optimized,10372,8,673,251
p120-f50-h8,optimized,10372,9,631,0
p120-f50-h8,optimized,10372,9,673,214
p120-f50-h8,optimized,10372,10,631,0
p120-f50-h8,optimized,10372,10,673,201
p120-f50-h8,optimized,10372,11,631,0
p120-f50-h8,optimized,10372,11,673,159
p120-f50-h8,optimized,10372,12,631,0
p120-f50-h8,optimized,10372,12,673,249
p120-f50-h8,optimized,14457,1,629,0
p120-f50-h8,optimized,14457,1,631,20
p120-f50-h8,optimized,14457,1,673,124
p120-f50-h8,optimized,14457,2,629,0
p120-f50-h8,optimized,14457,2,631,30
p120-f50-h8,optimized,14457,2,673,94
p120-f50-h8,optimized,14457,3,629,0
p120-f50-h8,optimized,14457,3,631,12
p120-f50-h8,optimized,14457,3,673,146
p120-f50-h8,optimized,14457,4,629,0
p120-f50-h8,optimized,14457,4,631,19
p120-f50-h8,optimized,14457,4,673,158
p120-f50-h8,optimized,14457,5,629,0
p120-f50-h8,optimized,14457,5,631,17
p120-f50-h8,optimized,14457,5,673,147
p120-f50-h8,optimized,14457,6,629,0
p120-f50-h8,optimized,14457,6,631,23
p120-f50-h8,optimized,14457,6,673,162
p120-f50-h8,optimized,14457,7,629,0
p120-f50-h8,optimized,14457,7,631,19
p120-f50-h8,optimized,14457,7,673,162
p120-f50-h8,optimized,14457,8,629,0
p120-f50-h8,optimized,14457,8,631,12
p120-f50-h8,optimized,14457,8,673,173
p120-f50-h8,optimized,14457,9,629,0
p120-f50-h8,optimized,14457,9,631,7
p120-f50-h8,optimized,14457,9,673,170
p120-f50-h8,optimized,14457,10,629,0
p120-f50-h8,optimized,14457,10,631,5
p120-f50-h8,optimized,14457,10,673,122
p120-f50-h8,optimized,14457,11,629,0
p120-f50-h8,optimized,14457,11,631,24
p120-f50-h8,optimized,14457,11,673,96
p120-f50-h8,optimized,14457,12,629,0
p120-f50-h8,optimized,14457,12,631,16
p120-f50-h8,optimized,14457,12,673,141
p120-f50-h8,optimized,11122,1,629,0
p120-f50-h8,optimized,11122,1,631,20
p120-f50-h8,optimized,11122,1,673,106
p120-f50-h8,optimized,11122,2,629,0
p120-f50-h8,optimized,11122,2,631,53
p120-f50-h8,optimized,11122,2,673,62
p120-f50-h8,optimized,11122,3,629,0
p120-f50-h8,optimized,11122,3,631,4
p120-f50-h8,optimized,11122,3,673,131
p120-f50-h8,optimized,11122,4,629,0
p120-f50-h8,optimized,11122,4,631,51
p120-f50-h8,optimized,11122,4,673,76
p120-f50-h8,optimized,11122,5,629,0
p120-f50-h8,optimized,11122,5,631,62
p120-f50-h8,optimized,11122,5,673,89
p120-f50-h8,optimized,11122,6,629,0
p120-f50-h8,optimized,11122,6,631,35
p120-f50-h8,optimized,11122,6,673,129
p120-f50-h8,optimized,11122,7,629,0
p120-f50-h8,optimized,11122,7,631,60
p120-f50-h8,optimized,11122,7,673,103
p120-f50-h8,optimized,11122,8,629,0
p120-f50-h8,optimized,11122,8,631,9
p120-f50-h8,optimized,11122,8,673,150
p120-f50-h8,optimized,11122,9,629,0
p120-f50-h8,optimized,11122,9,631,56
p120-f50-h8,optimized,11122,9,673,94
p120-f50-h8,optimized,11122,10,629,0
p120-f50-h8,optimized,11122,10,631,65
p120-f50-h8,optimized,11122,10,673,95
p120-f50-h8,optimized,11122,11,629,0
p120-f50-h8,optimized,11122,11,631,25
p120-f50-h8,optimized,11122,11,673,116
p120-f50-h8,optimized,11122,12,629,0
p120-f50-h8,optimized,11122,12,631,39
p120-f50-h8,optimized,11122,12,673,112
p120-f50-h8,optimized,13851,1,629,0
p120-f50-h8,optimized,13851,1,631,5
p120-f50-h8,optimized,13851,1,673,139
p120-f50-h8,optimized,13851,2,629,0
p120-f50-h8,optimized,13851,2,631,1
p120-f50-h8,optimized,13851,2,673,125
p120-f50-h8,optimized,13851,3,629,0
p120-f50-h8,optimized,13851,3,631,12
p120-f50-h8,optimized,13851,3,673,137
p120-f50-h8,optimized,13851,4,629,0
p120-f50-h8,optimized,13851,4,631,11
p120-f50-h8,optimized,13851,4,673,133
p120-f50-h8,optimized,13851,5,629,0
p120-f50-h8,optimized,13851,5,631,6
p120-f50-h8,optimized,13851,5,673,168
p120-f50-h8,optimized,13851,6,629,0
p120-f50-h8,optimized,13851,6,631,6
p120-f50-h8,optimized,13851,6,673,160
p120-f50-h8,optimized,13851,7,629,0
p120-f50-h8,optimized,13851,7,631,9
p120-f50-h8,optimized,13851,7,673,155
p120-f50-h8,optimized,13851,8,629,0
p120-f50-h8,optimized,13851,8,631,10
p120-f50-h8,optimized,13851,8,673,148
p120-f50-h8,optimized,13851,9,629,0
p120-f50-h8,optimized,13851,9,631,19
p120-f50-h8,optimized,13851,9,673,126
p120-f50-h8,optimized,13851,10,629,0
p120-f50-h8,optimized,13851,10,631,3
p120-f50-h8,optimized,13851,10,673,110
p120-f50-h8,optimized,13851,11,629,0
p120-f50-h8,optimized,13851,11,631,18
p120-f50-h8,optimized,13851,11,673,66
p120-f50-h8,optimized,13851,12,629,0
p120-f50-h8,optimized,13851,12,631,22
p120-f50-h8,optimized,13851,12,673,72
p120-f50-h8,optimized,12280,1,629,0
p120-f50-h8,optimized,12280,1,631,11
p120-f50-h8,optimized,12280,1,673,96
p120-f50-h8,optimized,12280,2,629,0
p120-f50-h8,optimized,12280,2,631,12
p120-f50-h8,optimized,12280,2,673,86
p120-f50-h8,optimized,12280,3,629,0
p120-f50-h8,optimized,12280,3,631,8
p120-f50-h8,optimized,12280,3,673,103
p120-f50-h8,optimized,12280,4,629,0
p120-f50-h8,optimized,12280,4,631,10
p120-f50-h8,optimized,12280,4,673,102
p120-f50-h8,optimized,12280,5,629,0
p120-f50-h8,optimized,12280,5,631,15
p120-f50-h8,optimized,12280,5,673,120
p120-f50-h8,optimized,12280,6,629,0
p120-f50-h8,optimized,12280,6,631,12
p120-f50-h8,optimized,12280,6,673,128
p120-f50-h8,optimized,12280,7,629,0
p120-f50-h8,optimized,12280,7,631,13
p120-f50-h8,optimized,12280,7,673,146
p120-f50-h8,optimized,12280,8,629,0
p120-f50-h8,optimized,12280,8,631,16
p120-f50-h8,optimized,12280,8,673,144
p120-f50-h8,optimized,12280,9,629,0
p120-f50-h8,optimized,12280,9,631,7
p120-f50-h8,optimized,12280,9,673,144
p120-f50-h8,optimized,12280,10,629,0
p120-f50-h8,optimized,12280,10,631,13
p120-f50-h8,optimized,12280,10,673,125
p120-f50-h8,optimized,12280,11,629,0
p120-f50-h8,optimized,12280,11,631,7
p120-f50-h8,optimized,12280,11,673,113
p120-f50-h8,optimized,12280,12,629,0
p120-f50-h8,optimized,12280,12,631,10
p120-f50-h8,optimized,12280,12,673,88
p120-f50-h8,optimized,14869,1,629,0
p120-f50-h8,optimized,14869,1,631,9
p120-f50-h8,optimized,14869,1,673,84
p120-f50-h8,optimized,14869,2,629,0
p120-f50-h8,optimized,14869,2,631,3
p120-f50-h8,optimized,14869,2,673,101
p120-f50-h8,optimized,14869,3,629,0
p120-f50-h8,optimized,14869,3,631,15
p120-f50-h8,optimized,14869,3,673,105
p120-f50-h8,optimized,14869,4,629,0
p120-f50-h8,optimized,14869,4,631,9
p120-f50-h8,optimized,14869,4,673,142
p120-f50-h8,optimized,14869,5,629,0
p120-f50-h8,optimized,14869,5,631,8
p120-f50-h8,optimized,14869,5,673,119
p120-f50-h8,optimized,14869,6,629,0
p120-f50-h8,optimized,14869,6,631,7
p120-f50-h8,optimized,14869,6,673,90
p120-f50-h8,optimized,14869,7,629,0
p120-f50-h8,optimized,14869,7,631,10
p120-f50-h8,optimized,14869,7,673,92
p120-f50-h8,optimized,14869,8,629,0
p120-f50-h8,optimized,14869,8,631,15
p120-f50-h8,optimized,14869,8,673,100
p120-f50-h8,optimized,14869,9,629,0
p120-f50-h8,optimized,14869,9,631,1
p120-f50-h8,optimized,14869,9,673,148
p120-f50-h8,optimized,14869,10,629,0
p120-f50-h8,optimized,14869,10,631,0
p120-f50-h8,optimized,14869,10,673,129
p120-f50-h8,optimized,14869,11,629,0
p120-f50-h8,optimized,14869,11,631,19
p120-f50-h8,optimized,14869,11,673,92
p120-f50-h8,optimized,14869,12,629,0
p120-f50-h8,optimized,14869,12,631,2
p120-f50-h8,optimized,14869,12,673,99
p120-f50-h8,optimized,14783,1,629,0
p120-f50-h8,optimized,14783,1,631,11
p120-f50-h8,optimized,14783,1,673,77
p120-f50-h8,optimized,14783,2,629,0
p120-f50-h8,optimized,14783,2,631,0
p120-f50-h8,optimized,14783,2,673,91
p120-f50-h8,optimized,14783,3,629,0
p120-f50-h8,optimized,14783,3,631,25
p120-f50-h8,optimized,14783,3,673,86
p120-f50-h8,optimized,14783,4,629,0
p120-f50-h8,optimized,14783,4,631,1
p120-f50-h8,optimized,14783,4,673,93
p120-f50-h8,optimized,14783,5,629,0
p120-f50-h8,optimized,14783,5,631,0
p120-f50-h8,optimized,14783,5,673,132
p120-f50-h8,optimized,14783,6,629,0
p120-f50-h8,optimized,14783,6,631,20
p120-f50-h8,optimized,14783,6,673,113
p120-f50-h8,optimized,14783,7,629,0
p120-f50-h8,optimized,14783,7,631,2
p120-f50-h8,optimized,14783,7,673,138
p120-f50-h8,optimized,14783,8,629,0
p120-f50-h8,optimized,14783,8,631,19
p120-f50-h8,optimized,14783,8,673,122
p120-f50-h8,optimized,14783,9,629,0
p120-f50-h8,optimized,14783,9,631,9
p120-f50-h8,optimized,14783,9,673,127
p120-f50-h8,optimized,14783,10,629,0
p120-f50-h8,optimized,14783,10,631,14
p120-f50-h8,optimized,14783,10,673,116
p120-f50-h8,optimized,14783,11,629,0
p120-f50-h8,optimized,14783,11,631,11
p120-f50-h8,optimized,14783,11,673,84
p120-f50-h8,optimized,14783,12,629,0
p120-f50-h8,optimized,14783,12,631,9
p120-f50-h8,optimized,14783,12,673,93
p120-f50-h8,historical_shares,11109,1,629,212
p120-f50-h8,historical_shares,11109,1,631,16
p120-f50-h8,historical_shares,11109,1,673,47
p120-f50-h8,historical_shares,11109,2,629,183
p120-f50-h8,historical_shares,11109,2,631,14
p120-f50-h8,historical_shares,11109,2,673,41
p120-f50-h8,historical_shares,11109,3,629,219
p120-f50-h8,historical_shares,11109,3,631,17
p120-f50-h8,historical_shares,11109,3,673,48
p120-f50-h8,historical_shares,11109,4,629,206
p120-f50-h8,historical_shares,11109,4,631,16
p120-f50-h8,historical_shares,11109,4,673,45
p120-f50-h8,historical_shares,11109,5,629,235
p120-f50-h8,historical_shares,11109,5,631,18
p120-f50-h8,historical_shares,11109,5,673,52
p120-f50-h8,historical_shares,11109,6,629,241
p120-f50-h8,historical_shares,11109,6,631,19
p120-f50-h8,historical_shares,11109,6,673,53
p120-f50-h8,historical_shares,11109,7,629,227
p120-f50-h8,historical_shares,11109,7,631,18
p120-f50-h8,historical_shares,11109,7,673,50
p120-f50-h8,historical_shares,11109,8,629,233
p120-f50-h8,historical_shares,11109,8,631,18
p120-f50-h8,historical_shares,11109,8,673,51
p120-f50-h8,historical_shares,11109,9,629,237
p120-f50-h8,historical_shares,11109,9,631,18
p120-f50-h8,historical_shares,11109,9,673,52
p120-f50-h8,historical_shares,11109,10,629,222
p120-f50-h8,historical_shares,11109,10,631,17
p120-f50-h8,historical_shares,11109,10,673,49
p120-f50-h8,historical_shares,11109,11,629,186
p120-f50-h8,historical_shares,11109,11,631,14
p120-f50-h8,historical_shares,11109,11,673,41
p120-f50-h8,historical_shares,11109,12,629,263
p120-f50-h8,historical_shares,11109,12,631,20
p120-f50-h8,historical_shares,11109,12,673,58
p120-f50-h8,historical_shares,10372,1,631,24
p120-f50-h8,historical_shares,10372,1,673,229
p120-f50-h8,historical_shares,10372,2,631,22
p120-f50-h8,historical_shares,10372,2,673,206
p120-f50-h8,historical_shares,10372,3,631,27
p120-f50-h8,historical_shares,10372,3,673,253
p120-f50-h8,historical_shares,10372,4,631,20
p120-f50-h8,historical_shares,10372,4,673,187
p120-f50-h8,historical_shares,10372,5,631,2
p120-f50-h8,historical_shares,10372,5,673,17
p120-f50-h8,historical_shares,10372,6,631,20
p120-f50-h8,historical_shares,10372,6,673,191
p120-f50-h8,historical_shares,10372,7,631,23
p120-f50-h8,historical_shares,10372,7,673,221
p120-f50-h8,historical_shares,10372,8,631,24
p120-f50-h8,historical_shares,10372,8,673,228
p120-f50-h8,historical_shares,10372,9,631,21
p120-f50-h8,historical_shares,10372,9,673,194
p120-f50-h8,historical_shares,10372,10,631,19
p120-f50-h8,historical_shares,10372,10,673,182
p120-f50-h8,historical_shares,10372,11,631,15
p120-f50-h8,historical_shares,10372,11,673,145
p120-f50-h8,historical_shares,10372,12,631,24
p120-f50-h8,historical_shares,10372,12,673,225
p120-f50-h8,historical_shares,14457,1,629,125
p120-f50-h8,historical_shares,14457,1,631,13
p120-f50-h8,historical_shares,14457,1,673,44
p120-f50-h8,historical_shares,14457,2,629,108
p120-f50-h8,historical_shares,14457,2,631,11
p120-f50-h8,historical_shares,14457,2,673,38
p120-f50-h8,historical_shares,14457,3,629,138
p120-f50-h8,historical_shares,14457,3,631,14
p120-f50-h8,historical_shares,14457,3,673,49
p120-f50-h8,historical_shares,14457,4,629,154
p120-f50-h8,historical_shares,14457,4,631,16
p120-f50-h8,historical_shares,14457,4,673,54
p120-f50-h8,historical_shares,14457,5,629,143
p120-f50-h8,historical_shares,14457,5,631,15
p120-f50-h8,historical_shares,14457,5,673,50
p120-f50-h8,historical_shares,14457,6,629,161
p120-f50-h8,historical_shares,14457,6,631,16
p120-f50-h8,historical_shares,14457,6,673,57
p120-f50-h8,historical_shares,14457,7,629,158
p120-f50-h8,historical_shares,14457,7,631,16
p120-f50-h8,historical_shares,14457,7,673,56
p120-f50-h8,historical_shares,14457,8,629,162
p120-f50-h8,historical_shares,14457,8,631,16
p120-f50-h8,historical_shares,14457,8,673,57
p120-f50-h8,historical_shares,14457,9,629,155
p120-f50-h8,historical_shares,14457,9,631,16
p120-f50-h8,historical_shares,14457,9,673,54
p120-f50-h8,historical_shares,14457,10,629,112
p120-f50-h8,historical_shares,14457,10,631,11
p120-f50-h8,historical_shares,14457,10,673,39
p120-f50-h8,historical_shares,14457,11,629,105
p120-f50-h8,historical_shares,14457,11,631,10
p120-f50-h8,historical_shares,14457,11,673,37
p120-f50-h8,historical_shares,14457,12,629,137
p120-f50-h8,historical_shares,14457,12,631,14
p120-f50-h8,historical_shares,14457,12,673,48
p120-f50-h8,historical_shares,11122,1,629,158
p120-f50-h8,historical_shares,11122,1,631,10
p120-f50-h8,historical_shares,11122,1,673,5
p120-f50-h8,historical_shares,11122,2,629,143
p120-f50-h8,historical_shares,11122,2,631,9
p120-f50-h8,historical_shares,11122,2,673,5
p120-f50-h8,historical_shares,11122,3,629,170
p120-f50-h8,historical_shares,11122,3,631,11
p120-f50-h8,historical_shares,11122,3,673,5
p120-f50-h8,historical_shares,11122,4,629,159
p120-f50-h8,historical_shares,11122,4,631,10
p120-f50-h8,historical_shares,11122,4,673,5
p120-f50-h8,historical_shares,11122,5,629,188
p120-f50-h8,historical_shares,11122,5,631,12
p120-f50-h8,historical_shares,11122,5,673,6
p120-f50-h8,historical_shares,11122,6,629,205
p120-f50-h8,historical_shares,11122,6,631,13
p120-f50-h8,historical_shares,11122,6,673,7
p120-f50-h8,historical_shares,11122,7,629,203
p120-f50-h8,historical_shares,11122,7,631,13
p120-f50-h8,historical_shares,11122,7,673,7
p120-f50-h8,historical_shares,11122,8,629,199
p120-f50-h8,historical_shares,11122,8,631,13
p120-f50-h8,historical_shares,11122,8,673,6
p120-f50-h8,historical_shares,11122,9,629,187
p120-f50-h8,historical_shares,11122,9,631,12
p120-f50-h8,historical_shares,11122,9,673,6
p120-f50-h8,historical_shares,11122,10,629,200
p120-f50-h8,historical_shares,11122,10,631,13
p120-f50-h8,historical_shares,11122,10,673,6
p120-f50-h8,historical_shares,11122,11,629,176
p120-f50-h8,historical_shares,11122,11,631,11
p120-f50-h8,historical_shares,11122,11,673,6
p120-f50-h8,historical_shares,11122,12,629,189
p120-f50-h8,historical_shares,11122,12,631,12
p120-f50-h8,historical_shares,11122,12,673,6
p120-f50-h8,historical_shares,13851,1,629,1
p120-f50-h8,historical_shares,13851,1,631,20
p120-f50-h8,historical_shares,13851,1,673,125
p120-f50-h8,historical_shares,13851,2,629,1
p120-f50-h8,historical_shares,13851,2,631,17
p120-f50-h8,historical_shares,13851,2,673,109
p120-f50-h8,historical_shares,13851,3,629,2
p120-f50-h8,historical_shares,13851,3,631,20
p120-f50-h8,historical_shares,13851,3,673,128
p120-f50-h8,historical_shares,13851,4,629,2
p120-f50-h8,historical_shares,13851,4,631,19
p120-f50-h8,historical_shares,13851,4,673,124
p120-f50-h8,historical_shares,13851,5,629,2
p120-f50-h8,historical_shares,13851,5,631,24
p120-f50-h8,historical_shares,13851,5,673,150
p120-f50-h8,historical_shares,13851,6,629,2
p120-f50-h8,historical_shares,13851,6,631,22
p120-f50-h8,historical_shares,13851,6,673,144
p120-f50-h8,historical_shares,13851,7,629,2
p120-f50-h8,historical_shares,13851,7,631,22
p120-f50-h8,historical_shares,13851,7,673,142
p120-f50-h8,historical_shares,13851,8,629,2
p120-f50-h8,historical_shares,13851,8,631,21
p120-f50-h8,historical_shares,13851,8,673,137
p120-f50-h8,historical_shares,13851,9,629,1
p120-f50-h8,historical_shares,13851,9,631,20
p120-f50-h8,historical_shares,13851,9,673,125
p120-f50-h8,historical_shares,13851,10,629,1
p120-f50-h8,historical_shares,13851,10,631,15
p120-f50-h8,historical_shares,13851,10,673,98
p120-f50-h8,historical_shares,13851,11,629,1
p120-f50-h8,historical_shares,13851,11,631,11
p120-f50-h8,historical_shares,13851,11,673,72
p120-f50-h8,historical_shares,13851,12,629,1
p120-f50-h8,historical_shares,13851,12,631,13
p120-f50-h8,historical_shares,13851,12,673,80
p120-f50-h8,historical_shares,12280,1,629,48
p120-f50-h8,historical_shares,12280,1,631,43
p120-f50-h8,historical_shares,12280,1,673,33
p120-f50-h8,historical_shares,12280,2,629,44
p120-f50-h8,historical_shares,12280,2,631,39
p120-f50-h8,historical_shares,12280,2,673,31
p120-f50-h8,historical_shares,12280,3,629,50
p120-f50-h8,historical_shares,12280,3,631,44
p120-f50-h8,historical_shares,12280,3,673,35
p120-f50-h8,historical_shares,12280,4,629,51
p120-f50-h8,historical_shares,12280,4,631,44
p120-f50-h8,historical_shares,12280,4,673,35
p120-f50-h8,historical_shares,12280,5,629,61
p120-f50-h8,historical_shares,12280,5,631,54
p120-f50-h8,historical_shares,12280,5,673,42
p120-f50-h8,historical_shares,12280,6,629,63
p120-f50-h8,historical_shares,12280,6,631,56
p120-f50-h8,historical_shares,12280,6,673,44
p120-f50-h8,historical_shares,12280,7,629,72
p120-f50-h8,historical_shares,12280,7,631,63
p120-f50-h8,historical_shares,12280,7,673,50
p120-f50-h8,historical_shares,12280,8,629,72
p120-f50-h8,historical_shares,12280,8,631,64
p120-f50-h8,historical_shares,12280,8,673,50
p120-f50-h8,historical_shares,12280,9,629,69
p120-f50-h8,historical_shares,12280,9,631,60
p120-f50-h8,historical_shares,12280,9,673,47
p120-f50-h8,historical_shares,12280,10,629,62
p120-f50-h8,historical_shares,12280,10,631,55
p120-f50-h8,historical_shares,12280,10,673,43
p120-f50-h8,historical_shares,12280,11,629,55
p120-f50-h8,historical_shares,12280,11,631,48
p120-f50-h8,historical_shares,12280,11,673,37
p120-f50-h8,historical_shares,12280,12,629,44
p120-f50-h8,historical_shares,12280,12,631,39
p120-f50-h8,historical_shares,12280,12,673,31
p120-f50-h8,historical_shares,14869,1,629,8
p120-f50-h8,historical_shares,14869,1,631,25
p120-f50-h8,historical_shares,14869,1,673,64
p120-f50-h8,historical_shares,14869,2,629,9
p120-f50-h8,historical_shares,14869,2,631,28
p120-f50-h8,historical_shares,14869,2,673,70
p120-f50-h8,historical_shares,14869,3,629,10
p120-f50-h8,historical_shares,14869,3,631,33
p120-f50-h8,historical_shares,14869,3,673,81
p120-f50-h8,historical_shares,14869,4,629,13
p120-f50-h8,historical_shares,14869,4,631,41
p120-f50-h8,historical_shares,14869,4,673,102
p120-f50-h8,historical_shares,14869,5,629,11
p120-f50-h8,historical_shares,14869,5,631,34
p120-f50-h8,historical_shares,14869,5,673,87
p120-f50-h8,historical_shares,14869,6,629,8
p120-f50-h8,historical_shares,14869,6,631,27
p120-f50-h8,historical_shares,14869,6,673,66
p120-f50-h8,historical_shares,14869,7,629,9
p120-f50-h8,historical_shares,14869,7,631,28
p120-f50-h8,historical_shares,14869,7,673,69
p120-f50-h8,historical_shares,14869,8,629,10
p120-f50-h8,historical_shares,14869,8,631,31
p120-f50-h8,historical_shares,14869,8,673,78
p120-f50-h8,historical_shares,14869,9,629,13
p120-f50-h8,historical_shares,14869,9,631,40
p120-f50-h8,historical_shares,14869,9,673,102
p120-f50-h8,historical_shares,14869,10,629,11
p120-f50-h8,historical_shares,14869,10,631,35
p120-f50-h8,historical_shares,14869,10,673,88
p120-f50-h8,historical_shares,14869,11,629,9
p120-f50-h8,historical_shares,14869,11,631,30
p120-f50-h8,historical_shares,14869,11,673,76
p120-f50-h8,historical_shares,14869,12,629,9
p120-f50-h8,historical_shares,14869,12,631,27
p120-f50-h8,historical_shares,14869,12,673,69
p120-f50-h8,historical_shares,14783,1,629,9
p120-f50-h8,historical_shares,14783,1,631,22
p120-f50-h8,historical_shares,14783,1,673,61
p120-f50-h8,historical_shares,14783,2,629,10
p120-f50-h8,historical_shares,14783,2,631,22
p120-f50-h8,historical_shares,14783,2,673,62
p120-f50-h8,historical_shares,14783,3,629,12
p120-f50-h8,historical_shares,14783,3,631,27
p120-f50-h8,historical_shares,14783,3,673,76
p120-f50-h8,historical_shares,14783,4,629,10
p120-f50-h8,historical_shares,14783,4,631,23
p120-f50-h8,historical_shares,14783,4,673,65
p120-f50-h8,historical_shares,14783,5,629,14
p120-f50-h8,historical_shares,14783,5,631,32
p120-f50-h8,historical_shares,14783,5,673,90
p120-f50-h8,historical_shares,14783,6,629,14
p120-f50-h8,historical_shares,14783,6,631,32
p120-f50-h8,historical_shares,14783,6,673,92
p120-f50-h8,historical_shares,14783,7,629,15
p120-f50-h8,historical_shares,14783,7,631,34
p120-f50-h8,historical_shares,14783,7,673,96
p120-f50-h8,historical_shares,14783,8,629,15
p120-f50-h8,historical_shares,14783,8,631,34
p120-f50-h8,historical_shares,14783,8,673,97
p120-f50-h8,historical_shares,14783,9,629,15
p120-f50-h8,historical_shares,14783,9,631,33
p120-f50-h8,historical_shares,14783,9,673,93
p120-f50-h8,historical_shares,14783,10,629,14
p120-f50-h8,historical_shares,14783,10,631,32
p120-f50-h8,historical_shares,14783,10,673,89
p120-f50-h8,historical_shares,14783,11,629,10
p120-f50-h8,historical_shares,14783,11,631,23
p120-f50-h8,historical_shares,14783,11,673,66
p120-f50-h8,historical_shares,14783,12,629,11
p120-f50-h8,historical_shares,14783,12,631,25
p120-f50-h8,historical_shares,14783,12,673,69
p120-f50-h10,optimized,11109,1,629,0
p120-f50-h10,optimized,11109,1,631,10
p120-f50-h10,optimized,11109,1,673,200
p120-f50-h10,optimized,11109,2,629,0
p120-f50-h10,optimized,11109,2,631,0
p120-f50-h10,optimized,11109,2,673,182
p120-f50-h10,optimized,11109,3,629,0
p120-f50-h10,optimized,11109,3,631,17
p120-f50-h10,optimized,11109,3,673,200
p120-f50-h10,optimized,11109,4,629,0
p120-f50-h10,optimized,11109,4,631,9
p120-f50-h10,optimized,11109,4,673,195
p120-f50-h10,optimized,11109,5,629,0
p120-f50-h10,optimized,11109,5,631,2
p120-f50-h10,optimized,11109,5,673,231
p120-f50-h10,optimized,11109,6,629,0
p120-f50-h10,optimized,11109,6,631,4
p120-f50-h10,optimized,11109,6,673,234
p120-f50-h10,optimized,11109,7,629,0
p120-f50-h10,optimized,11109,7,631,1
p120-f50-h10,optimized,11109,7,673,224
p120-f50-h10,optimized,11109,8,629,0
p120-f50-h10,optimized,11109,8,631,2
p120-f50-h10,optimized,11109,8,673,228
p120-f50-h10,optimized,11109,9,629,0
p120-f50-h10,optimized,11109,9,631,14
p120-f50-h10,optimized,11109,9,673,220
p120-f50-h10,optimized,11109,10,629,0
p120-f50-h10,optimized,11109,10,631,13
p120-f50-h10,optimized,11109,10,673,207
p120-f50-h10,optimized,11109,11,629,0
p120-f50-h10,optimized,11109,11,631,2
p120-f50-h10,optimized,11109,11,673,181
p120-f50-h10,optimized,11109,12,629,0
p120-f50-h10,optimized,11109,12,631,18
p120-f50-h10,optimized,11109,12,673,242
p120-f50-h10,optimized,10372,1,631,0
p120-f50-h10,optimized,10372,1,673,253
p120-f50-h10,optimized,10372,2,631,0
p120-f50-h10,optimized,10372,2,673,228
p120-f50-h10,optimized,10372,3,631,0
p120-f50-h10,optimized,10372,3,673,280
p120-f50-h10,optimized,10372,4,631,0
p120-f50-h10,optimized,10372,4,673,207
p120-f50-h10,optimized,10372,5,631,0
p120-f50-h10,optimized,10372,5,673,19
p120-f50-h10,optimized,10372,6,631,0
p120-f50-h10,optimized,10372,6,673,211
p120-f50-h10,optimized,10372,7,631,0
p120-f50-h10,optimized,10372,7,673,244
p120-f50-h10,optimized,10372,8,631,0
p120-f50-h10,optimized,10372,8,673,251
p120-f50-h10,optimized,10372,9,631,0
p120-f50-h10,optimized,10372,9,673,214
p120-f50-h10,optimized,10372,10,631,0
p120-f50-h10,optimized,10372,10,673,201
p120-f50-h10,optimized,10372,11,631,0
p120-f50-h10,optimized,10372,11,673,159
p120-f50-h10,optimized,10372,12,631,0
p120-f50-h10,optimized,10372,12,673,249
p120-f50-h10,optimized,14457,1,629,0
p120-f50-h10,optimized,14457,1,631,20
p120-f50-h10,optimized,14457,1,673,124
p120-f50-h10,optimized,14457,2,629,0
p120-f50-h10,optimized,14457,2,631,28
p120-f50-h10,optimized,14457,2,673,96
p120-f50-h10,optimized,14457,3,629,0
p120-f50-h10,optimized,14457,3,631,12
p120-f50-h10,optimized,14457,3,673,146
p120-f50-h10,optimized,14457,4,629,0
p120-f50-h10,optimized,14457,4,631,19
p120-f50-h10,optimized,14457,4,673,158
p120-f50-h10,optimized,14457,5,629,0
p120-f50-h10,optimized,14457,5,631,17
p120-f50-h10,optimized,14457,5,673,147
p120-f50-h10,optimized,14457,6,629,0
p120-f50-h10,optimized,14457,6,631,23
p120-f50-h10,optimized,14457,6,673,162
p120-f50-h10,optimized,14457,7,629,0
p120-f50-h10,optimized,14457,7,631,19
p120-f50-h10,optimized,14457,7,673,162
p120-f50-h10,optimized,14457,8,629,0
p120-f50-h10,optimized,14457,8,631,12
p120-f50-h10,optimized,14457,8,673,173
p120-f50-h10,optimized,14457,9,629,0
p120-f50-h10,optimized,14457,9,631,7
p120-f50-h10,optimized,14457,9,673,170
p120-f50-h10,optimized,14457,10,629,0
p120-f50-h10,optimized,14457,10,631,5
p120-f50-h10,optimized,14457,10,673,122
p120-f50-h10,optimized,14457,11,629,0
p120-f50-h10,optimized,14457,11,631,24
p120-f50-h10,optimized,14457,11,673,96
p120-f50-h10,optimized,14457,12,629,0
p120-f50-h10,optimized,14457,12,631,16
p120-f50-h10,optimized,14457,12,673,141
p120-f50-h10,optimized,11122,1,629,0
p120-f50-h10,optimized,11122,1,631,20
p120-f50-h10,optimized,11122,1,673,106
p120-f50-h10,optimized,11122,2,629,0
p120-f50-h10,optimized,11122,2,631,44
p120-f50-h10,optimized,11122,2,673,71
p120-f50-h10,optimized,11122,3,629,0
p120-f50-h10,optimized,11122,3,631,4
p120-f50-h10,optimized,11122,3,673,131
p120-f50-h10,optimized,11122,4,629,0
p120-f50-h10,optimized,11122,4,631,51
p120-f50-h10,optimized,11122,4,673,76
p120-f50-h10,optimized,11122,5,629,0
p120-f50-h10,optimized,11122,5,631,62
p120-f50-h10,optimized,11122,5,673,89
p120-f50-h10,optimized,11122,6,629,0
p120-f50-h10,optimized,11122,6,631,35
p120-f50-h10,optimized,11122,6,673,129
p120-f50-h10,optimized,11122,7,629,0
p120-f50-h10,optimized,11122,7,631,60
p120-f50-h10,optimized,11122,7,673,103
p120-f50-h10,optimized,11122,8,629,0
p120-f50-h10,optimized,11122,8,631,9
p120-f50-h10,optimized,11122,8,673,150
p120-f50-h10,optimized,11122,9,629,0
p120-f50-h10,optimized,11122,9,631,56
p120-f50-h10,optimized,11122,9,673,94
p120-f50-h10,optimized,11122,10,629,0
p120-f50-h10,optimized,11122,10,631,65
p120-f50-h10,optimized,11122,10,673,95
p120-f50-h10,optimized,11122,11,629,0
p120-f50-h10,optimized,11122,11,631,25
p120-f50-h10,optimized,11122,11,673,116
p120-f50-h10,optimized,11122,12,629,0
p120-f50-h10,optimized,11122,12,631,39
p120-f50-h10,optimized,11122,12,673,112
p120-f50-h10,optimized,13851,1,629,0
p120-f50-h10,optimized,13851,1,631,5
p120-f50-h10,optimized,13851,1,673,139
p120-f50-h10,optimized,13851,2,629,0
p120-f50-h10,optimized,13851,2,631,0
p120-f50-h10,optimized,13851,2,673,126
p120-f50-h10,optimized,13851,3,629,0
p120-f50-h10,optimized,13851,3,631,12
p120-f50-h10,optimized,13851,3,673,137
p120-f50-h10,optimized,13851,4,629,0
p120-f50-h10,optimized,13851,4,631,0
p120-f50-h10,optimized,13851,4,673,144
p120-f50-h10,optimized,13851,5,629,0
p120-f50-h10,optimized,13851,5,631,0
p120-f50-h10,optimized,13851,5,673,174
p120-f50-h10,optimized,13851,6,629,0
p120-f50-h10,optimized,13851,6,631,0
p120-f50-h10,optimized,13851,6,673,166
p120-f50-h10,optimized,13851,7,629,0
p120-f50-h10,optimized,13851,7,631,0
p120-f50-h10,optimized,13851,7,673,164
p120-f50-h10,optimized,13851,8,629,0
p120-f50-h10,optimized,13851,8,631,10
p120-f50-h10,optimized,13851,8,673,148
p120-f50-h10,optimized,13851,9,629,0
p120-f50-h10,optimized,13851,9,631,0
p120-f50-h10,optimized,13851,9,673,145
p120-f50-h10,optimized,13851,10,629,0
p120-f50-h10,optimized,13851,10,631,0
p120-f50-h10,optimized,13851,10,673,113
p120-f50-h10,optimized,13851,11,629,0
p120-f50-h10,optimized,13851,11,631,13
p120-f50-h10,optimized,13851,11,673,71
p120-f50-h10,optimized,13851,12,629,0
p120-f50-h10,optimized,13851,12,631,0
p120-f50-h10,optimized,13851,12,673,94
p120-f50-h10,optimized,12280,1,629,0
p120-f50-h10,optimized,12280,1,631,11
p120-f50-h10,optimized,12280,1,673,96
p120-f50-h10,optimized,12280,2,629,0
p120-f50-h10,optimized,12280,2,631,0
p120-f50-h10,optimized,12280,2,673,98
p120-f50-h10,optimized,12280,3,629,0
p120-f50-h10,optimized,12280,3,631,8
p120-f50-h10,optimized,12280,3,673,103
p120-f50-h10,optimized,12280,4,629,0
p120-f50-h10,optimized,12280,4,631,0
p120-f50-h10,optimized,12280,4,673,112
p120-f50-h10,optimized,12280,5,629,0
p120-f50-h10,optimized,12280,5,631,0
p120-f50-h10,optimized,12280,5,673,135
p120-f50-h10,optimized,12280,6,629,0
p120-f50-h10,optimized,12280,6,631,12
p120-f50-h10,optimized,12280,6,673,128
p120-f50-h10,optimized,12280,7,629,0
p120-f50-h10,optimized,12280,7,631,0
p120-f50-h10,optimized,12280,7,673,159
p120-f50-h10,optimized,12280,8,629,0
p120-f50-h10,optimized,12280,8,631,16
p120-f50-h10,optimized,12280,8,673,144
p120-f50-h10,optimized,12280,9,629,0
p120-f50-h10,optimized,12280,9,631,3
p120-f50-h10,optimized,12280,9,673,148
p120-f50-h10,optimized,12280,10,629,0
p120-f50-h10,optimized,12280,10,631,0
p120-f50-h10,optimized,12280,10,673,138
p120-f50-h10,optimized,12280,11,629,0
p120-f50-h10,optimized,12280,11,631,7
p120-f50-h10,optimized,12280,11,673,113
p120-f50-h10,optimized,12280,12,629,0
p120-f50-h10,optimized,12280,12,631,8
p120-f50-h10,optimized,12280,12,673,90
p120-f50-h10,optimized,14869,1,629,0
p120-f50-h10,optimized,14869,1,631,5
p120-f50-h10,optimized,14869,1,673,88
p120-f50-h10,optimized,14869,2,629,0
p120-f50-h10,optimized,14869,2,631,0
p120-f50-h10,optimized,14869,2,673,104
p120-f50-h10,optimized,14869,3,629,0
p120-f50-h10,optimized,14869,3,631,15
p120-f50-h10,optimized,14869,3,673,105
p120-f50-h10,optimized,14869,4,629,0
p120-f50-h10,optimized,14869,4,631,0
p120-f50-h10,optimized,14869,4,673,151
p120-f50-h10,optimized,14869,5,629,0
p120-f50-h10,optimized,14869,5,631,0
p120-f50-h10,optimized,14869,5,673,127
p120-f50-h10,optimized,14869,6,629,0
p120-f50-h10,optimized,14869,6,631,0
p120-f50-h10,optimized,14869,6,673,97
p120-f50-h10,optimized,14869,7,629,0
p120-f50-h10,optimized,14869,7,631,0
p120-f50-h10,optimized,14869,7,673,102
p120-f50-h10,optimized,14869,8,629,0
p120-f50-h10,optimized,14869,8,631,14
p120-f50-h10,optimized,14869,8,673,101
p120-f50-h10,optimized,14869,9,629,0
p120-f50-h10,optimized,14869,9,631,0
p120-f50-h10,optimized,14869,9,673,149
p120-f50-h10,optimized,14869,10,629,0
p120-f50-h10,optimized,14869,10,631,0
p120-f50-h10,optimized,14869,10,673,129
p120-f50-h10,optimized,14869,11,629,0
p120-f50-h10,optimized,14869,11,631,0
p120-f50-h10,optimized,14869,11,673,111
p120-f50-h10,optimized,14869,12,629,0
p120-f50-h10,optimized,14869,12,631,0
p120-f50-h10,optimized,14869,12,673,101
p120-f50-h10,optimized,14783,1,629,0
p120-f50-h10,optimized,14783,1,631,3
p120-f50-h10,optimized,14783,1,673,85
p120-f50-h10,optimized,14783,2,629,0
p120-f50-h10,optimized,14783,2,631,0
p120-f50-h10,optimized,14783,2,673,91
p120-f50-h10,optimized,14783,3,629,0
p120-f50-h10,optimized,14783,3,631,3
p120-f50-h10,optimized,14783,3,673,108
p120-f50-h10,optimized,14783,4,629,0
p120-f50-h10,optimized,14783,4,631,0
p120-f50-h10,optimized,14783,4,673,94
p120-f50-h10,optimized,14783,5,629,0
p120-f50-h10,optimized,14783,5,631,0
p120-f50-h10,optimized,14783,5,673,132
p120-f50-h10,optimized,14783,6,629,0
p120-f50-h10,optimized,14783,6,631,0
p120-f50-h10,optimized,14783,6,673,133
p120-f50-h10,optimized,14783,7,629,0
p120-f50-h10,optimized,14783,7,631,0
p120-f50-h10,optimized,14783,7,673,140
p120-f50-h10,optimized,14783,8,629,0
p120-f50-h10,optimized,14783,8,631,4
p120-f50-h10,optimized,14783,8,673,137
p120-f50-h10,optimized,14783,9,629,0
p120-f50-h10,optimized,14783,9,631,0
p120-f50-h10,optimized,14783,9,673,136
p120-f50-h10,optimized,14783,10,629,0
p120-f50-h10,optimized,14783,10,631,0
p120-f50-h10,optimized,14783,10,673,130
p120-f50-h10,optimized,14783,11,629,0
p120-f50-h10,optimized,14783,11,631,0
p120-f50-h10,optimized,14783,11,673,95
p120-f50-h10,optimized,14783,12,629,0
p120-f50-h10,optimized,14783,12,631,0
p120-f50-h10,optimized,14783,12,673,102
p120-f50-h10,historical_shares,11109,1,629,212
p120-f50-h10,historical_shares,11109,1,631,16
p120-f50-h10,historical_shares,11109,1,673,47
p120-f50-h10,historical_shares,11109,2,629,183
p120-f50-h10,historical_shares,11109,2,631,14
p120-f50-h10,historical_shares,11109,2,673,41
p120-f50-h10,historical_shares,11109,3,629,219
p120-f50-h10,historical_shares,11109,3,631,17
p120-f50-h10,historical_shares,11109,3,673,48
p120-f50-h10,historical_shares,11109,4,629,206
p120-f50-h10,historical_shares,11109,4,631,16
p120-f50-h10,historical_shares,11109,4,673,45
p120-f50-h10,historical_shares,11109,5,629,235
p120-f50-h10,historical_shares,11109,5,631,18
p120-f50-h10,historical_shares,11109,5,673,52
p120-f50-h10,historical_shares,11109,6,629,241
p120-f50-h10,historical_shares,11109,6,631,19
p120-f50-h10,historical_shares,11109,6,673,53
p120-f50-h10,historical_shares,11109,7,629,227
p120-f50-h10,historical_shares,11109,7,631,18
p120-f50-h10,historical_shares,11109,7,673,50
p120-f50-h10,historical_shares,11109,8,629,233
p120-f50-h10,historical_shares,11109,8,631,18
p120-f50-h10,historical_shares,11109,8,673,51
p120-f50-h10,historical_shares,11109,9,629,237
p120-f50-h10,historical_shares,11109,9,631,18
p120-f50-h10,historical_shares,11109,9,673,52
p120-f50-h10,historical_shares,11109,10,629,222
p120-f50-h10,historical_shares,11109,10,631,17
p120-f50-h10,historical_shares,11109,10,673,49
p120-f50-h10,historical_shares,11109,11,629,186
p120-f50-h10,historical_shares,11109,11,631,14
p120-f50-h10,historical_shares,11109,11,673,41
p120-f50-h10,historical_shares,11109,12,629,263
p120-f50-h10,historical_shares,11109,12,631,20
p120-f50-h10,historical_shares,11109,12,673,58
p120-f50-h10,historical_shares,10372,1,631,24
p120-f50-h10,historical_shares,10372,1,673,229
p120-f50-h10,historical_shares,10372,2,631,22
p120-f50-h10,historical_shares,10372,2,673,206
p120-f50-h10,historical_shares,10372,3,631,27
p120-f50-h10,historical_shares,10372,3,673,253
p120-f50-h10,historical_shares,10372,4,631,20
p120-f50-h10,historical_shares,10372,4,673,187
p120-f50-h10,historical_shares,10372,5,631,2
p120-f50-h10,historical_shares,10372,5,673,17
p120-f50-h10,historical_shares,10372,6,631,20
p120-f50-h10,historical_shares,10372,6,673,191
p120-f50-h10,historical_shares,10372,7,631,23
p120-f50-h10,historical_shares,10372,7,673,221
p120-f50-h10,historical_shares,10372,8,631,24
p120-f50-h10,historical_shares,10372,8,673,228
p120-f50-h10,historical_shares,10372,9,631,21
p120-f50-h10,historical_shares,10372,9,673,194
p120-f50-h10,historical_shares,10372,10,631,19
p120-f50-h10,historical_shares,10372,10,673,182
p120-f50-h10,historical_shares,10372,11,631,15
p120-f50-h10,historical_shares,10372,11,673,145
p120-f50-h10,historical_shares,10372,12,631,24
p120-f50-h10,historical_shares,10372,12,673,225
p120-f50-h10,historical_shares,14457,1,629,125
p120-f50-h10,historical_shares,14457,1,631,13
p120-f50-h10,historical_shares,14457,1,673,44
p120-f50-h10,historical_shares,14457,2,629,108
p120-f50-h10,historical_shares,14457,2,631,11
p120-f50-h10,historical_shares,14457,2,673,38
p120-f50-h10,historical_shares,14457,3,629,138
p120-f50-h10,historical_shares,14457,3,631,14
p120-f50-h10,historical_shares,14457,3,673,49
p120-f50-h10,historical_shares,14457,4,629,154
p120-f50-h10,historical_shares,14457,4,631,16
p120-f50-h10,historical_shares,14457,4,673,54
p120-f50-h10,historical_shares,14457,5,629,143
p120-f50-h10,historical_shares,14457,5,631,15
p120-f50-h10,historical_shares,14457,5,673,50
p120-f50-h10,historical_shares,14457,6,629,161
p120-f50-h10,historical_shares,14457,6,631,16
p120-f50-h10,historical_shares,14457,6,673,57
p120-f50-h10,historical_shares,14457,7,629,158
p120-f50-h10,historical_shares,14457,7,631,16
p120-f50-h10,historical_shares,14457,7,673,56
p120-f50-h10,historical_shares,14457,8,629,162
p120-f50-h10,historical_shares,14457,8,631,16
p120-f50-h10,historical_shares,14457,8,673,57
p120-f50-h10,historical_shares,14457,9,629,155
p120-f50-h10,historical_shares,14457,9,631,16
p120-f50-h10,historical_shares,14457,9,673,54
p120-f50-h10,historical_shares,14457,10,629,112
p120-f50-h10,historical_shares,14457,10,631,11
p120-f50-h10,historical_shares,14457,10,673,39
p120-f50-h10,historical_shares,14457,11,629,105
p120-f50-h10,historical_shares,14457,11,631,10
p120-f50-h10,historical_shares,14457,11,673,37
p120-f50-h10,historical_shares,14457,12,629,137
p120-f50-h10,historical_shares,14457,12,631,14
p120-f50-h10,historical_shares,14457,12,673,48
p120-f50-h10,historical_shares,11122,1,629,158
p120-f50-h10,historical_shares,11122,1,631,10
p120-f50-h10,historical_shares,11122,1,673,5
p120-f50-h10,historical_shares,11122,2,629,143
p120-f50-h10,historical_shares,11122,2,631,9
p120-f50-h10,historical_shares,11122,2,673,5
p120-f50-h10,historical_shares,11122,3,629,170
p120-f50-h10,historical_shares,11122,3,631,11
p120-f50-h10,historical_shares,11122,3,673,5
p120-f50-h10,historical_shares,11122,4,629,159
p120-f50-h10,historical_shares,11122,4,631,10
p120-f50-h10,historical_shares,11122,4,673,5
p120-f50-h10,historical_shares,11122,5,629,188
p120-f50-h10,historical_shares,11122,5,631,12
p120-f50-h10,historical_shares,11122,5,673,6
p120-f50-h10,historical_shares,11122,6,629,205
p120-f50-h10,historical_shares,11122,6,631,13
p120-f50-h10,historical_shares,11122,6,673,7
p120-f50-h10,historical_shares,11122,7,629,203
p120-f50-h10,historical_shares,11122,7,631,13
p120-f50-h10,historical_shares,11122,7,673,7
p120-f50-h10,historical_shares,11122,8,629,199
p120-f50-h10,historical_shares,11122,8,631,13
p120-f50-h10,historical_shares,11122,8,673,6
p120-f50-h10,historical_shares,11122,9,629,187
p120-f50-h10,historical_shares,11122,9,631,12
p120-f50-h10,historical_shares,11122,9,673,6
p120-f50-h10,historical_shares,11122,10,629,200
p120-f50-h10,historical_shares,11122,10,631,13
p120-f50-h10,historical_shares,11122,10,673,6
p120-f50-h10,historical_shares,11122,11,629,176
p120-f50-h10,historical_shares,11122,11,631,11
p120-f50-h10,historical_shares,11122,11,673,6
p120-f50-h10,historical_shares,11122,12,629,189
p120-f50-h10,historical_shares,11122,12,631,12
p120-f50-h10,historical_shares,11122,12,673,6
p120-f50-h10,historical_shares,13851,1,629,1
p120-f50-h10,historical_shares,13851,1,631,20
p120-f50-h10,historical_shares,13851,1,673,125
p120-f50-h10,historical_shares,13851,2,629,1
p120-f50-h10,historical_shares,13851,2,631,17
p120-f50-h10,historical_shares,13851,2,673,109
p120-f50-h10,historical_shares,13851,3,629,2
p120-f50-h10,historical_shares,13851,3,631,20
p120-f50-h10,historical_shares,13851,3,673,128
p120-f50-h10,historical_shares,13851,4,629,2
p120-f50-h10,historical_shares,13851,4,631,19
p120-f50-h10,historical_shares,13851,4,673,124
p120-f50-h10,historical_shares,13851,5,629,2
p120-f50-h10,historical_shares,13851,5,631,24
p120-f50-h10,historical_shares,13851,5,673,150
p120-f50-h10,historical_shares,13851,6,629,2
p120-f50-h10,historical_shares,13851,6,631,22
p120-f50-h10,historical_shares,13851,6,673,144
p120-f50-h10,historical_shares,13851,7,629,2
p120-f50-h10,historical_shares,13851,7,631,22
p120-f50-h10,historical_shares,13851,7,673,142
p120-f50-h10,historical_shares,13851,8,629,2
p120-f50-h10,historical_shares,13851,8,631,21
p120-f50-h10,historical_shares,13851,8,673,137
p120-f50-h10,historical_shares,13851,9,629,1
p120-f50-h10,historical_shares,13851,9,631,20
p120-f50-h10,historical_shares,13851,9,673,125
p120-f50-h10,historical_shares,13851,10,629,1
p120-f50-h10,historical_shares,13851,10,631,15
p120-f50-h10,historical_shares,13851,10,673,98
p120-f50-h10,historical_shares,13851,11,629,1
p120-f50-h10,historical_shares,13851,11,631,11
p120-f50-h10,historical_shares,13851,11,673,72
p120-f50-h10,historical_shares,13851,12,629,1
p120-f50-h10,historical_shares,13851,12,631,13
p120-f50-h10,historical_shares,13851,12,673,80
p120-f50-h10,historical_shares,12280,1,629,48
p120-f50-h10,historical_shares,12280,1,631,43
p120-f50-h10,historical_shares,12280,1,673,33
p120-f50-h10,historical_shares,12280,2,629,44
p120-f50-h10,historical_shares,12280,2,631,39
p120-f50-h10,historical_shares,12280,2,673,31
p120-f50-h10,historical_shares,12280,3,629,50
p120-f50-h10,historical_shares,12280,3,631,44
p120-f50-h10,historical_shares,12280,3,673,35
p120-f50-h10,historical_shares,12280,4,629,51
p120-f50-h10,historical_shares,12280,4,631,44
p120-f50-h10,historical_shares,12280,4,673,35
p120-f50-h10,historical_shares,12280,5,629,61
p120-f50-h10,historical_shares,12280,5,631,54
p120-f50-h10,historical_shares,12280,5,673,42
p120-f50-h10,historical_shares,12280,6,629,63
p120-f50-h10,historical_shares,12280,6,631,56
p120-f50-h10,historical_shares,12280,6,673,44
p120-f50-h10,historical_shares,12280,7,629,72
p120-f50-h10,historical_shares,12280,7,631,63
p120-f50-h10,historical_shares,12280,7,673,50
p120-f50-h10,historical_shares,12280,8,629,72
p120-f50-h10,historical_shares,12280,8,631,64
p120-f50-h10,historical_shares,12280,8,673,50
p120-f50-h10,historical_shares,12280,9,629,69
p120-f50-h10,historical_shares,12280,9,631,60
p120-f50-h10,historical_shares,12280,9,673,47
p120-f50-h10,historical_shares,12280,10,629,62
p120-f50-h10,historical_shares,12280,10,631,55
p120-f50-h10,historical_shares,12280,10,673,43
p120-f50-h10,historical_shares,12280,11,629,55
p120-f50-h10,historical_shares,12280,11,631,48
p120-f50-h10,historical_shares,12280,11,673,37
p120-f50-h10,historical_shares,12280,12,629,44
p120-f50-h10,historical_shares,12280,12,631,39
p120-f50-h10,historical_shares,12280,12,673,31
p120-f50-h10,historical_shares,14869,1,629,8
p120-f50-h10,historical_shares,14869,1,631,25
p120-f50-h10,historical_shares,14869,1,673,64
p120-f50-h10,historical_shares,14869,2,629,9
p120-f50-h10,historical_shares,14869,2,631,28
p120-f50-h10,historical_shares,14869,2,673,70
p120-f50-h10,historical_shares,14869,3,629,10
p120-f50-h10,historical_shares,14869,3,631,33
p120-f50-h10,historical_shares,14869,3,673,81
p120-f50-h10,historical_shares,14869,4,629,13
p120-f50-h10,historical_shares,14869,4,631,41
p120-f50-h10,historical_shares,14869,4,673,102
p120-f50-h10,historical_shares,14869,5,629,11
p120-f50-h10,historical_shares,14869,5,631,34
p120-f50-h10,historical_shares,14869,5,673,87
p120-f50-h10,historical_shares,14869,6,629,8
p120-f50-h10,historical_shares,14869,6,631,27
p120-f50-h10,historical_shares,14869,6,673,66
p120-f50-h10,historical_shares,14869,7,629,9
p120-f50-h10,historical_shares,14869,7,631,28
p120-f50-h10,historical_shares,14869,7,673,69
p120-f50-h10,historical_shares,14869,8,629,10
p120-f50-h10,historical_shares,14869,8,631,31
p120-f50-h10,historical_shares,14869,8,673,78
p120-f50-h10,historical_shares,14869,9,629,13
p120-f50-h10,historical_shares,14869,9,631,40
p120-f50-h10,historical_shares,14869,9,673,102
p120-f50-h10,historical_shares,14869,10,629,11
p120-f50-h10,historical_shares,14869,10,631,35
p120-f50-h10,historical_shares,14869,10,673,88
p120-f50-h10,historical_shares,14869,11,629,9
p120-f50-h10,historical_shares,14869,11,631,30
p120-f50-h10,historical_shares,14869,11,673,76
p120-f50-h10,historical_shares,14869,12,629,9
p120-f50-h10,historical_shares,14869,12,631,27
p120-f50-h10,historical_shares,14869,12,673,69
p120-f50-h10,historical_shares,14783,1,629,9
p120-f50-h10,historical_shares,14783,1,631,22
p120-f50-h10,historical_shares,14783,1,673,61
p120-f50-h10,historical_shares,14783,2,629,10
p120-f50-h10,historical_shares,14783,2,631,22
p120-f50-h10,historical_shares,14783,2,673,62
p120-f50-h10,historical_shares,14783,3,629,12
p120-f50-h10,historical_shares,14783,3,631,27
p120-f50-h10,historical_shares,14783,3,673,76
p120-f50-h10,historical_shares,14783,4,629,10
p120-f50-h10,historical_shares,14783,4,631,23
p120-f50-h10,historical_shares,14783,4,673,65
p120-f50-h10,historical_shares,14783,5,629,14
p120-f50-h10,historical_shares,14783,5,631,32
p120-f50-h10,historical_shares,14783,5,673,90
p120-f50-h10,historical_shares,14783,6,629,14
p120-f50-h10,historical_shares,14783,6,631,32
p120-f50-h10,historical_shares,14783,6,673,92
p120-f50-h10,historical_shares,14783,7,629,15
p120-f50-h10,historical_shares,14783,7,631,34
p120-f50-h10,historical_shares,14783,7,673,96
p120-f50-h10,historical_shares,14783,8,629,15
p120-f50-h10,historical_shares,14783,8,631,34
p120-f50-h10,historical_shares,14783,8,673,97
p120-f50-h10,historical_shares,14783,9,629,15
p120-f50-h10,historical_shares,14783,9,631,33
p120-f50-h10,historical_shares,14783,9,673,93
p120-f50-h10,historical_shares,14783,10,629,14
p120-f50-h10,historical_shares,14783,10,631,32
p120-f50-h10,historical_shares,14783,10,673,89
p120-f50-h10,historical_shares,14783,11,629,10
p120-f50-h10,historical_shares,14783,11,631,23
p120-f50-h10,historical_shares,14783,11,673,66
p120-f50-h10,historical_shares,14783,12,629,11
p120-f50-h10,historical_shares,14783,12,631,25
p120-f50-h10,historical_shares,14783,12,673,69
p120-f75-h6,optimized,11109,1,629,0
p120-f75-h6,optimized,11109,1,631,102
p120-f75-h6,optimized,11109,1,673,112
p120-f75-h6,optimized,11109,2,629,0
p120-f75-h6,optimized,11109,2,631,76
p120-f75-h6,optimized,11109,2,673,120
p120-f75-h6,optimized,11109,3,629,0
p120-f75-h6,optimized,11109,3,631,111
p120-f75-h6,optimized,11109,3,673,111
p120-f75-h6,optimized,11109,4,629,0
p120-f75-h6,optimized,11109,4,631,99
p120-f75-h6,optimized,11109,4,673,117
p120-f75-h6,optimized,11109,5,629,0
p120-f75-h6,optimized,11109,5,631,159
p120-f75-h6,optimized,11109,5,673,80
p120-f75-h6,optimized,11109,6,629,0
p120-f75-h6,optimized,11109,6,631,124
p120-f75-h6,optimized,11109,6,673,119
p120-f75-h6,optimized,11109,7,629,0
p120-f75-h6,optimized,11109,7,631,196
p120-f75-h6,optimized,11109,7,673,65
p120-f75-h6,optimized,11109,8,629,0
p120-f75-h6,optimized,11109,8,631,84
p120-f75-h6,optimized,11109,8,673,168
p120-f75-h6,optimized,11109,9,629,0
p120-f75-h6,optimized,11109,9,631,16
p120-f75-h6,optimized,11109,9,673,218
p120-f75-h6,optimized,11109,10,629,0
p120-f75-h6,optimized,11109,10,631,0
p120-f75-h6,optimized,11109,10,673,228
p120-f75-h6,optimized,11109,11,629,0
p120-f75-h6,optimized,11109,11,631,70
p120-f75-h6,optimized,11109,11,673,117
p120-f75-h6,optimized,11109,12,629,0
p120-f75-h6,optimized,11109,12,631,18
p120-f75-h6,optimized,11109,12,673,242
p120-f75-h6,optimized,10372,1,631,0
p120-f75-h6,optimized,10372,1,673,253
p120-f75-h6,optimized,10372,2,631,0
p120-f75-h6,optimized,10372,2,673,228
p120-f75-h6,optimized,10372,3,631,0
p120-f75-h6,optimized,10372,3,673,280
p120-f75-h6,optimized,10372,4,631,0
p120-f75-h6,optimized,10372,4,673,207
p120-f75-h6,optimized,10372,5,631,0
p120-f75-h6,optimized,10372,5,673,27
p120-f75-h6,optimized,10372,6,631,0
p120-f75-h6,optimized,10372,6,673,211
p120-f75-h6,optimized,10372,7,631,0
p120-f75-h6,optimized,10372,7,673,244
p120-f75-h6,optimized,10372,8,631,0
p120-f75-h6,optimized,10372,8,673,251
p120-f75-h6,optimized,10372,9,631,0
p120-f75-h6,optimized,10372,9,673,214
p120-f75-h6,optimized,10372,10,631,0
p120-f75-h6,optimized,10372,10,673,201
p120-f75-h6,optimized,10372,11,631,0
p120-f75-h6,optimized,10372,11,673,159
p120-f75-h6,optimized,10372,12,631,0
p120-f75-h6,optimized,10372,12,673,249
p120-f75-h6,optimized,14457,1,629,0
p120-f75-h6,optimized,14457,1,631,20
p120-f75-h6,optimized,14457,1,673,124
p120-f75-h6,optimized,14457,2,629,0
p120-f75-h6,optimized,14457,2,631,30
p120-f75-h6,optimized,14457,2,673,94
p120-f75-h6,optimized,14457,3,629,0
p120-f75-h6,optimized,14457,3,631,12
p120-f75-h6,optimized,14457,3,673,146
p120-f75-h6,optimized,14457,4,629,0
p120-f75-h6,optimized,14457,4,631,19
p120-f75-h6,optimized,14457,4,673,158
p120-f75-h6,optimized,14457,5,629,0
p120-f75-h6,optimized,14457,5,631,17
p120-f75-h6,optimized,14457,5,673,147
p120-f75-h6,optimized,14457,6,629,0
p120-f75-h6,optimized,14457,6,631,23
p120-f75-h6,optimized,14457,6,673,162
p120-f75-h6,optimized,14457,7,629,0
p120-f75-h6,optimized,14457,7,631,19
p120-f75-h6,optimized,14457,7,673,162
p120-f75-h6,optimized,14457,8,629,0
p120-f75-h6,optimized,14457,8,631,12
p120-f75-h6,optimized,14457,8,673,173
p120-f75-h6,optimized,14457,9,629,0
p120-f75-h6,optimized,14457,9,631,7
p120-f75-h6,optimized,14457,9,673,170
p120-f75-h6,optimized,14457,10,629,0
p120-f75-h6,optimized,14457,10,631,124
p120-f75-h6,optimized,14457,10,673,8
p120-f75-h6,optimized,14457,11,629,0
p120-f75-h6,optimized,14457,11,631,24
p120-f75-h6,optimized,14457,11,673,96
p120-f75-h6,optimized,14457,12,629,0
p120-f75-h6,optimized,14457,12,631,16
p120-f75-h6,optimized,14457,12,673,141
p120-f75-h6,optimized,11122,1,629,0
p120-f75-h6,optimized,11122,1,631,138
p120-f75-h6,optimized,11122,1,673,0
p120-f75-h6,optimized,11122,2,629,0
p120-f75-h6,optimized,11122,2,631,126
p120-f75-h6,optimized,11122,2,673,0
p120-f75-h6,optimized,11122,3,629,0
p120-f75-h6,optimized,11122,3,631,139
p120-f75-h6,optimized,11122,3,673,0
p120-f75-h6,optimized,11122,4,629,0
p120-f75-h6,optimized,11122,4,631,134
p120-f75-h6,optimized,11122,4,673,0
p120-f75-h6,optimized,11122,5,629,0
p120-f75-h6,optimized,11122,5,631,62
p120-f75-h6,optimized,11122,5,673,89
p120-f75-h6,optimized,11122,6,629,0
p120-f75-h6,optimized,11122,6,631,35
p120-f75-h6,optimized,11122,6,673,129
p120-f75-h6,optimized,11122,7,629,0
p120-f75-h6,optimized,11122,7,631,60
p120-f75-h6,optimized,11122,7,673,103
p120-f75-h6,optimized,11122,8,629,0
p120-f75-h6,optimized,11122,8,631,162
p120-f75-h6,optimized,11122,8,673,0
p120-f75-h6,optimized,11122,9,629,0
p120-f75-h6,optimized,11122,9,631,159
p120-f75-h6,optimized,11122,9,673,0
p120-f75-h6,optimized,11122,10,629,0
p120-f75-h6,optimized,11122,10,631,113
p120-f75-h6,optimized,11122,10,673,49
p120-f75-h6,optimized,11122,11,629,0
p120-f75-h6,optimized,11122,11,631,153
p120-f75-h6,optimized,11122,11,673,0
p120-f75-h6,optimized,11122,12,629,0
p120-f75-h6,optimized,11122,12,631,163
p120-f75-h6,optimized,11122,12,673,0
p120-f75-h6,optimized,13851,1,629,0
p120-f75-h6,optimized,13851,1,631,0
p120-f75-h6,optimized,13851,1,673,144
p120-f75-h6,optimized,13851,2,629,0
p120-f75-h6,optimized,13851,2,631,0
p120-f75-h6,optimized,13851,2,673,126
p120-f75-h6,optimized,13851,3,629,0
p120-f75-h6,optimized,13851,3,631,0
p120-f75-h6,optimized,13851,3,673,149
p120-f75-h6,optimized,13851,4,629,0
p120-f75-h6,optimized,13851,4,631,0
p120-f75-h6,optimized,13851,4,673,144
p120-f75-h6,optimized,13851,5,629,0
p120-f75-h6,optimized,13851,5,631,6
p120-f75-h6,optimized,13851,5,673,168
p120-f75-h6,optimized,13851,6,629,0
p120-f75-h6,optimized,13851,6,631,6
p120-f75-h6,optimized,13851,6,673,160
p120-f75-h6,optimized,13851,7,629,0
p120-f75-h6,optimized,13851,7,631,0
p120-f75-h6,optimized,13851,7,673,164
p120-f75-h6,optimized,13851,8,629,0
p120-f75-h6,optimized,13851,8,631,0
p120-f75-h6,optimized,13851,8,673,158
p120-f75-h6,optimized,13851,9,629,0
p120-f75-h6,optimized,13851,9,631,19
p120-f75-h6,optimized,13851,9,673,126
p120-f75-h6,optimized,13851,10,629,0
p120-f75-h6,optimized,13851,10,631,0
p120-f75-h6,optimized,13851,10,673,113
p120-f75-h6,optimized,13851,11,629,0
p120-f75-h6,optimized,13851,11,631,0
p120-f75-h6,optimized,13851,11,673,84
p120-f75-h6,optimized,13851,12,629,0
p120-f75-h6,optimized,13851,12,631,22
p120-f75-h6,optimized,13851,12,673,72
p120-f75-h6,optimized,12280,1,629,0
p120-f75-h6,optimized,12280,1,631,0
p120-f75-h6,optimized,12280,1,673,107
p120-f75-h6,optimized,12280,2,629,0
p120-f75-h6,optimized,12280,2,631,0
p120-f75-h6,optimized,12280,2,673,98
p120-f75-h6,optimized,12280,3,629,0
p120-f75-h6,optimized,12280,3,631,0
p120-f75-h6,optimized,12280,3,673,111
p120-f75-h6,optimized,12280,4,629,0
p120-f75-h6,optimized,12280,4,631,0
p120-f75-h6,optimized,12280,4,673,112
p120-f75-h6,optimized,12280,5,629,0
p120-f75-h6,optimized,12280,5,631,15
p120-f75-h6,optimized,12280,5,673,120
p120-f75-h6,optimized,12280,6,629,0
p120-f75-h6,optimized,12280,6,631,12
p120-f75-h6,optimized,12280,6,673,128
p120-f75-h6,optimized,12280,7,629,0
p120-f75-h6,optimized,12280,7,631,0
p120-f75-h6,optimized,12280,7,673,159
p120-f75-h6,optimized,12280,8,629,0
p120-f75-h6,optimized,12280,8,631,0
p120-f75-h6,optimized,12280,8,673,160
p120-f75-h6,optimized,12280,9,629,0
p120-f75-h6,optimized,12280,9,631,7
p120-f75-h6,optimized,12280,9,673,144
p120-f75-h6,optimized,12280,10,629,0
p120-f75-h6,optimized,12280,10,631,0
p120-f75-h6,optimized,12280,10,673,138
p120-f75-h6,optimized,12280,11,629,0
p120-f75-h6,optimized,12280,11,631,0
p120-f75-h6,optimized,12280,11,673,120
p120-f75-h6,optimized,12280,12,629,0
p120-f75-h6,optimized,12280,12,631,10
p120-f75-h6,optimized,12280,12,673,88
p120-f75-h6,optimized,14869,1,629,0
p120-f75-h6,optimized,14869,1,631,0
p120-f75-h6,optimized,14869,1,673,93
p120-f75-h6,optimized,14869,2,629,0
p120-f75-h6,optimized,14869,2,631,0
p120-f75-h6,optimized,14869,2,673,104
p120-f75-h6,optimized,14869,3,629,0
p120-f75-h6,optimized,14869,3,631,0
p120-f75-h6,optimized,14869,3,673,120
p120-f75-h6,optimized,14869,4,629,0
p120-f75-h6,optimized,14869,4,631,0
p120-f75-h6,optimized,14869,4,673,151
p120-f75-h6,optimized,14869,5,629,0
p120-f75-h6,optimized,14869,5,631,3
p120-f75-h6,optimized,14869,5,673,124
p120-f75-h6,optimized,14869,6,629,0
p120-f75-h6,optimized,14869,6,631,8
p120-f75-h6,optimized,14869,6,673,89
p120-f75-h6,optimized,14869,7,629,0
p120-f75-h6,optimized,14869,7,631,0
p120-f75-h6,optimized,14869,7,673,102
p120-f75-h6,optimized,14869,8,629,0
p120-f75-h6,optimized,14869,8,631,0
p120-f75-h6,optimized,14869,8,673,115
p120-f75-h6,optimized,14869,9,629,0
p120-f75-h6,optimized,14869,9,631,2
p120-f75-h6,optimized,14869,9,673,147
p120-f75-h6,optimized,14869,10,629,0
p120-f75-h6,optimized,14869,10,631,0
p120-f75-h6,optimized,14869,10,673,129
p120-f75-h6,optimized,14869,11,629,0
p120-f75-h6,optimized,14869,11,631,0
p120-f75-h6,optimized,14869,11,673,111
p120-f75-h6,optimized,14869,12,629,0
p120-f75-h6,optimized,14869,12,631,1
p120-f75-h6,optimized,14869,12,673,100
p120-f75-h6,optimized,14783,1,629,0
p120-f75-h6,optimized,14783,1,631,0
p120-f75-h6,optimized,14783,1,673,88
p120-f75-h6,optimized,14783,2,629,0
p120-f75-h6,optimized,14783,2,631,0
p120-f75-h6,optimized,14783,2,673,91
p120-f75-h6,optimized,14783,3,629,0
p120-f75-h6,optimized,14783,3,631,0
p120-f75-h6,optimized,14783,3,673,111
p120-f75-h6,optimized,14783,4,629,0
p120-f75-h6,optimized,14783,4,631,0
p120-f75-h6,optimized,14783,4,673,94
p120-f75-h6,optimized,14783,5,629,0
p120-f75-h6,optimized,14783,5,631,0
p120-f75-h6,optimized,14783,5,673,132
p120-f75-h6,optimized,14783,6,629,0
p120-f75-h6,optimized,14783,6,631,20
p120-f75-h6,optimized,14783,6,673,113
p120-f75-h6,optimized,14783,7,629,0
p120-f75-h6,optimized,14783,7,631,0
p120-f75-h6,optimized,14783,7,673,140
p120-f75-h6,optimized,14783,8,629,0
p120-f75-h6,optimized,14783,8,631,0
p120-f75-h6,optimized,14783,8,673,141
p120-f75-h6,optimized,14783,9,629,0
p120-f75-h6,optimized,14783,9,631,13
p120-f75-h6,optimized,14783,9,673,123
p120-f75-h6,optimized,14783,10,629,0
p120-f75-h6,optimized,14783,10,631,0
p120-f75-h6,optimized,14783,10,673,130
p120-f75-h6,optimized,14783,11,629,0
p120-f75-h6,optimized,14783,11,631,0
p120-f75-h6,optimized,14783,11,673,95
p120-f75-h6,optimized,14783,12,629,0
p120-f75-h6,optimized,14783,12,631,4
p120-f75-h6,optimized,14783,12,673,98
p120-f75-h6,historical_shares,11109,1,629,212
p120-f75-h6,historical_shares,11109,1,631,16
p120-f75-h6,historical_shares,11109,1,673,47
p120-f75-h6,historical_shares,11109,2,629,183
p120-f75-h6,historical_shares,11109,2,631,14
p120-f75-h6,historical_shares,11109,2,673,41
p120-f75-h6,historical_shares,11109,3,629,219
p120-f75-h6,historical_shares,11109,3,631,17
p120-f75-h6,historical_shares,11109,3,673,48
p120-f75-h6,historical_shares,11109,4,629,206
p120-f75-h6,historical_shares,11109,4,631,16
p120-f75-h6,historical_shares,11109,4,673,45
p120-f75-h6,historical_shares,11109,5,629,235
p120-f75-h6,historical_shares,11109,5,631,18
p120-f75-h6,historical_shares,11109,5,673,52
p120-f75-h6,historical_shares,11109,6,629,241
p120-f75-h6,historical_shares,11109,6,631,19
p120-f75-h6,historical_shares,11109,6,673,53
p120-f75-h6,historical_shares,11109,7,629,227
p120-f75-h6,historical_shares,11109,7,631,18
p120-f75-h6,historical_shares,11109,7,673,50
p120-f75-h6,historical_shares,11109,8,629,233
p120-f75-h6,historical_shares,11109,8,631,18
p120-f75-h6,historical_shares,11109,8,673,51
p120-f75-h6,historical_shares,11109,9,629,237
p120-f75-h6,historical_shares,11109,9,631,18
p120-f75-h6,historical_shares,11109,9,673,52
p120-f75-h6,historical_shares,11109,10,629,222
p120-f75-h6,historical_shares,11109,10,631,17
p120-f75-h6,historical_shares,11109,10,673,49
p120-f75-h6,historical_shares,11109,11,629,186
p120-f75-h6,historical_shares,11109,11,631,14
p120-f75-h6,historical_shares,11109,11,673,41
p120-f75-h6,historical_shares,11109,12,629,263
p120-f75-h6,historical_shares,11109,12,631,20
p120-f75-h6,historical_shares,11109,12,673,58
p120-f75-h6,historical_shares,10372,1,631,24
p120-f75-h6,historical_shares,10372,1,673,229
p120-f75-h6,historical_shares,10372,2,631,22
p120-f75-h6,historical_shares,10372,2,673,206
p120-f75-h6,historical_shares,10372,3,631,27
p120-f75-h6,historical_shares,10372,3,673,253
p120-f75-h6,historical_shares,10372,4,631,20
p120-f75-h6,historical_shares,10372,4,673,187
p120-f75-h6,historical_shares,10372,5,631,3
p120-f75-h6,historical_shares,10372,5,673,24
p120-f75-h6,historical_shares,10372,6,631,20
p120-f75-h6,historical_shares,10372,6,673,191
p120-f75-h6,historical_shares,10372,7,631,23
p120-f75-h6,historical_shares,10372,7,673,221
p120-f75-h6,historical_shares,10372,8,631,24
p120-f75-h6,historical_shares,10372,8,673,228
p120-f75-h6,historical_shares,10372,9,631,21
p120-f75-h6,historical_shares,10372,9,673,194
p120-f75-h6,historical_shares,10372,10,631,19
p120-f75-h6,historical_shares,10372,10,673,182
p120-f75-h6,historical_shares,10372,11,631,15
p120-f75-h6,historical_shares,10372,11,673,145
p120-f75-h6,historical_shares,10372,12,631,24
p120-f75-h6,historical_shares,10372,12,673,225
p120-f75-h6,historical_shares,14457,1,629,125
p120-f75-h6,historical_shares,14457,1,631,13
p120-f75-h6,historical_shares,14457,1,673,44
p120-f75-h6,historical_shares,14457,2,629,108
p120-f75-h6,historical_shares,14457,2,631,11
p120-f75-h6,historical_shares,14457,2,673,38
p120-f75-h6,historical_shares,14457,3,629,138
p120-f75-h6,historical_shares,14457,3,631,14
p120-f75-h6,historical_shares,14457,3,673,49
p120-f75-h6,historical_shares,14457,4,629,154
p120-f75-h6,historical_shares,14457,4,631,16
p120-f75-h6,historical_shares,14457,4,673,54
p120-f75-h6,historical_shares,14457,5,629,143
p120-f75-h6,historical_shares,14457,5,631,15
p120-f75-h6,historical_shares,14457,5,673,50
p120-f75-h6,historical_shares,14457,6,629,161
p120-f75-h6,historical_shares,14457,6,631,16
p120-f75-h6,historical_shares,14457,6,673,57
p120-f75-h6,historical_shares,14457,7,629,158
p120-f75-h6,historical_shares,14457,7,631,16
p120-f75-h6,historical_shares,14457,7,673,56
p120-f75-h6,historical_shares,14457,8,629,162
p120-f75-h6,historical_shares,14457,8,631,16
p120-f75-h6,historical_shares,14457,8,673,57
p120-f75-h6,historical_shares,14457,9,629,155
p120-f75-h6,historical_shares,14457,9,631,16
p120-f75-h6,historical_shares,14457,9,673,54
p120-f75-h6,historical_shares,14457,10,629,112
p120-f75-h6,historical_shares,14457,10,631,11
p120-f75-h6,historical_shares,14457,10,673,39
p120-f75-h6,historical_shares,14457,11,629,105
p120-f75-h6,historical_shares,14457,11,631,10
p120-f75-h6,historical_shares,14457,11,673,37
p120-f75-h6,historical_shares,14457,12,629,137
p120-f75-h6,historical_shares,14457,12,631,14
p120-f75-h6,historical_shares,14457,12,673,48
p120-f75-h6,historical_shares,11122,1,629,158
p120-f75-h6,historical_shares,11122,1,631,10
p120-f75-h6,historical_shares,11122,1,673,5
p120-f75-h6,historical_shares,11122,2,629,143
p120-f75-h6,historical_shares,11122,2,631,9
p120-f75-h6,historical_shares,11122,2,673,5
p120-f75-h6,historical_shares,11122,3,629,170
p120-f75-h6,historical_shares,11122,3,631,11
p120-f75-h6,historical_shares,11122,3,673,5
p120-f75-h6,historical_shares,11122,4,629,159
p120-f75-h6,historical_shares,11122,4,631,10
p120-f75-h6,historical_shares,11122,4,673,5
p120-f75-h6,historical_shares,11122,5,629,188
p120-f75-h6,historical_shares,11122,5,631,12
p120-f75-h6,historical_shares,11122,5,673,6
p120-f75-h6,historical_shares,11122,6,629,205
p120-f75-h6,historical_shares,11122,6,631,13
p120-f75-h6,historical_shares,11122,6,673,7
p120-f75-h6,historical_shares,11122,7,629,203
p120-f75-h6,historical_shares,11122,7,631,13
p120-f75-h6,historical_shares,11122,7,673,7
p120-f75-h6,historical_shares,11122,8,629,199
p120-f75-h6,historical_shares,11122,8,631,13
p120-f75-h6,historical_shares,11122,8,673,6
p120-f75-h6,historical_shares,11122,9,629,187
p120-f75-h6,historical_shares,11122,9,631,12
p120-f75-h6,historical_shares,11122,9,673,6
p120-f75-h6,historical_shares,11122,10,629,200
p120-f75-h6,historical_shares,11122,10,631,13
p120-f75-h6,historical_shares,11122,10,673,6
p120-f75-h6,historical_shares,11122,11,629,176
p120-f75-h6,historical_shares,11122,11,631,11
p120-f75-h6,historical_shares,11122,11,673,6
p120-f75-h6,historical_shares,11122,12,629,189
p120-f75-h6,historical_shares,11122,12,631,12
p120-f75-h6,historical_shares,11122,12,673,6
p120-f75-h6,historical_shares,13851,1,629,1
p120-f75-h6,historical_shares,13851,1,631,20
p120-f75-h6,historical_shares,13851,1,673,125
p120-f75-h6,historical_shares,13851,2,629,1
p120-f75-h6,historical_shares,13851,2,631,17
p120-f75-h6,historical_shares,13851,2,673,109
p120-f75-h6,historical_shares,13851,3,629,2
p120-f75-h6,historical_shares,13851,3,631,20
p120-f75-h6,historical_shares,13851,3,673,128
p120-f75-h6,historical_shares,13851,4,629,2
p120-f75-h6,historical_shares,13851,4,631,19
p120-f75-h6,historical_shares,13851,4,673,124
p120-f75-h6,historical_shares,13851,5,629,2
p120-f75-h6,historical_shares,13851,5,631,24
p120-f75-h6,historical_shares,13851,5,673,150
p120-f75-h6,historical_shares,13851,6,629,2
p120-f75-h6,historical_shares,13851,6,631,22
p120-f75-h6,historical_shares,13851,6,673,144
p120-f75-h6,historical_shares,13851,7,629,2
p120-f75-h6,historical_shares,13851,7,631,22
p120-f75-h6,historical_shares,13851,7,673,142
p120-f75-h6,historical_shares,13851,8,629,2
p120-f75-h6,historical_shares,13851,8,631,21
p120-f75-h6,historical_shares,13851,8,673,137
p120-f75-h6,historical_shares,13851,9,629,1
p120-f75-h6,historical_shares,13851,9,631,20
p120-f75-h6,historical_shares,13851,9,673,125
p120-f75-h6,historical_shares,13851,10,629,1
p120-f75-h6,historical_shares,13851,10,631,15
p120-f75-h6,historical_shares,13851,10,673,98
p120-f75-h6,historical_shares,13851,11,629,1
p120-f75-h6,historical_shares,13851,11,631,11
p120-f75-h6,historical_shares,13851,11,673,72
p120-f75-h6,historical_shares,13851,12,629,1
p120-f75-h6,historical_shares,13851,12,631,13
p120-f75-h6,historical_shares,13851,12,673,80
p120-f75-h6,historical_shares,12280,1,629,48
p120-f75-h6,historical_shares,12280,1,631,43
p120-f75-h6,historical_shares,12280,1,673,33
p120-f75-h6,historical_shares,12280,2,629,44
p120-f75-h6,historical_shares,12280,2,631,39
p120-f75-h6,historical_shares,12280,2,673,31
p120-f75-h6,historical_shares,12280,3,629,50
p120-f75-h6,historical_shares,12280,3,631,44
p120-f75-h6,historical_shares,12280,3,673,35
p120-f75-h6,historical_shares,12280,4,629,51
p120-f75-h6,historical_shares,12280,4,631,44
p120-f75-h6,historical_shares,12280,4,673,35
p120-f75-h6,historical_shares,12280,5,629,61
p120-f75-h6,historical_shares,12280,5,631,54
p120-f75-h6,historical_shares,12280,5,673,42
p120-f75-h6,historical_shares,12280,6,629,63
p120-f75-h6,historical_shares,12280,6,631,56
p120-f75-h6,historical_shares,12280,6,673,44
p120-f75-h6,historical_shares,12280,7,629,72
p120-f75-h6,historical_shares,12280,7,631,63
p120-f75-h6,historical_shares,12280,7,673,50
p120-f75-h6,historical_shares,12280,8,629,72
p120-f75-h6,historical_shares,12280,8,631,64
p120-f75-h6,historical_shares,12280,8,673,50
p120-f75-h6,historical_shares,12280,9,629,69
p120-f75-h6,historical_shares,12280,9,631,60
p120-f75-h6,historical_shares,12280,9,673,47
p120-f75-h6,historical_shares,12280,10,629,62
p120-f75-h6,historical_shares,12280,10,631,55
p120-f75-h6,historical_shares,12280,10,673,43
p120-f75-h6,historical_shares,12280,11,629,55
p120-f75-h6,historical_shares,12280,11,631,48
p120-f75-h6,historical_shares,12280,11,673,37
p120-f75-h6,historical_shares,12280,12,629,44
p120-f75-h6,historical_shares,12280,12,631,39
p120-f75-h6,historical_shares,12280,12,673,31
p120-f75-h6,historical_shares,14869,1,629,8
p120-f75-h6,historical_shares,14869,1,631,25
p120-f75-h6,historical_shares,14869,1,673,64
p120-f75-h6,historical_shares,14869,2,629,9
p120-f75-h6,historical_shares,14869,2,631,28
p120-f75-h6,historical_shares,14869,2,673,70
p120-f75-h6,historical_shares,14869,3,629,10
p120-f75-h6,historical_shares,14869,3,631,33
p120-f75-h6,historical_shares,14869,3,673,81
p120-f75-h6,historical_shares,14869,4,629,13
p120-f75-h6,historical_shares,14869,4,631,41
p120-f75-h6,historical_shares,14869,4,673,102
p120-f75-h6,historical_shares,14869,5,629,11
p120-f75-h6,historical_shares,14869,5,631,34
p120-f75-h6,historical_shares,14869,5,673,87
p120-f75-h6,historical_shares,14869,6,629,8
p120-f75-h6,historical_shares,14869,6,631,27
p120-f75-h6,historical_shares,14869,6,673,66
p120-f75-h6,historical_shares,14869,7,629,9
p120-f75-h6,historical_shares,14869,7,631,28
p120-f75-h6,historical_shares,14869,7,673,69
p120-f75-h6,historical_shares,14869,8,629,10
p120-f75-h6,historical_shares,14869,8,631,31
p120-f75-h6,historical_shares,14869,8,673,78
p120-f75-h6,historical_shares,14869,9,629,13
p120-f75-h6,historical_shares,14869,9,631,40
p120-f75-h6,historical_shares,14869,9,673,102
p120-f75-h6,historical_shares,14869,10,629,11
p120-f75-h6,historical_shares,14869,10,631,35
p120-f75-h6,historical_shares,14869,10,673,88
p120-f75-h6,historical_shares,14869,11,629,9
p120-f75-h6,historical_shares,14869,11,631,30
p120-f75-h6,historical_shares,14869,11,673,76
p120-f75-h6,historical_shares,14869,12,629,9
p120-f75-h6,historical_shares,14869,12,631,27
p120-f75-h6,historical_shares,14869,12,673,69
p120-f75-h6,historical_shares,14783,1,629,9
p120-f75-h6,historical_shares,14783,1,631,22
p120-f75-h6,historical_shares,14783,1,673,61
p120-f75-h6,historical_shares,14783,2,629,10
p120-f75-h6,historical_shares,14783,2,631,22
p120-f75-h6,historical_shares,14783,2,673,62
p120-f75-h6,historical_shares,14783,3,629,12
p120-f75-h6,historical_shares,14783,3,631,27
p120-f75-h6,historical_shares,14783,3,673,76
p120-f75-h6,historical_shares,14783,4,629,10
p120-f75-h6,historical_shares,14783,4,631,23
p120-f75-h6,historical_shares,14783,4,673,65
p120-f75-h6,historical_shares,14783,5,629,14
p120-f75-h6,historical_shares,14783,5,631,32
p120-f75-h6,historical_shares,14783,5,673,90
p120-f75-h6,historical_shares,14783,6,629,14
p120-f75-h6,historical_shares,14783,6,631,32
p120-f75-h6,historical_shares,14783,6,673,92
p120-f75-h6,historical_shares,14783,7,629,15
p120-f75-h6,historical_shares,14783,7,631,34
p120-f75-h6,historical_shares,14783,7,673,96
p120-f75-h6,historical_shares,14783,8,629,15
p120-f75-h6,historical_shares,14783,8,631,34
p120-f75-h6,historical_shares,14783,8,673,97
p120-f75-h6,historical_shares,14783,9,629,15
p120-f75-h6,historical_shares,14783,9,631,33
p120-f75-h6,historical_shares,14783,9,673,93
p120-f75-h6,historical_shares,14783,10,629,14
p120-f75-h6,historical_shares,14783,10,631,32
p120-f75-h6,historical_shares,14783,10,673,89
p120-f75-h6,historical_shares,14783,11,629,10
p120-f75-h6,historical_shares,14783,11,631,23
p120-f75-h6,historical_shares,14783,11,673,66
p120-f75-h6,historical_shares,14783,12,629,11
p120-f75-h6,historical_shares,14783,12,631,25
p120-f75-h6,historical_shares,14783,12,673,69
p120-f75-h8,optimized,11109,1,629,0
p120-f75-h8,optimized,11109,1,631,105
p120-f75-h8,optimized,11109,1,673,109
p120-f75-h8,optimized,11109,2,629,0
p120-f75-h8,optimized,11109,2,631,93
p120-f75-h8,optimized,11109,2,673,103
p120-f75-h8,optimized,11109,3,629,0
p120-f75-h8,optimized,11109,3,631,131
p120-f75-h8,optimized,11109,3,673,91
p120-f75-h8,optimized,11109,4,629,0
p120-f75-h8,optimized,11109,4,631,118
p120-f75-h8,optimized,11109,4,673,98
p120-f75-h8,optimized,11109,5,629,0
p120-f75-h8,optimized,11109,5,631,159
p120-f75-h8,optimized,11109,5,673,80
p120-f75-h8,optimized,11109,6,629,0
p120-f75-h8,optimized,11109,6,631,124
p120-f75-h8,optimized,11109,6,673,119
p120-f75-h8,optimized,11109,7,629,0
p120-f75-h8,optimized,11109,7,631,216
p120-f75-h8,optimized,11109,7,673,45
p120-f75-h8,optimized,11109,8,629,0
p120-f75-h8,optimized,11109,8,631,104
p120-f75-h8,optimized,11109,8,673,148
p120-f75-h8,optimized,11109,9,629,0
p120-f75-h8,optimized,11109,9,631,16
p120-f75-h8,optimized,11109,9,673,218
p120-f75-h8,optimized,11109,10,629,0
p120-f75-h8,optimized,11109,10,631,0
p120-f75-h8,optimized,11109,10,673,228
p120-f75-h8,optimized,11109,11,629,0
p120-f75-h8,optimized,11109,11,631,89
p120-f75-h8,optimized,11109,11,673,98
p120-f75-h8,optimized,11109,12,629,0
p120-f75-h8,optimized,11109,12,631,18
p120-f75-h8,optimized,11109,12,673,242
p120-f75-h8,optimized,10372,1,631,0
p120-f75-h8,optimized,10372,1,673,253
p120-f75-h8,optimized,10372,2,631,0
p120-f75-h8,optimized,10372,2,673,228
p120-f75-h8,optimized,10372,3,631,0
p120-f75-h8,optimized,10372,3,673,280
p120-f75-h8,optimized,10372,4,631,0
p120-f75-h8,optimized,10372,4,673,207
p120-f75-h8,optimized,10372,5,631,0
p120-f75-h8,optimized,10372,5,673,27
p120-f75-h8,optimized,10372,6,631,0
p120-f75-h8,optimized,10372,6,673,211
p120-f75-h8,optimized,10372,7,631,0
p120-f75-h8,optimized,10372,7,673,244
p120-f75-h8,optimized,10372,8,631,0
p120-f75-h8,optimized,10372,8,673,251
p120-f75-h8,optimized,10372,9,631,0
p120-f75-h8,optimized,10372,9,673,214
p120-f75-h8,optimized,10372,10,631,0
p120-f75-h8,optimized,10372,10,673,201
p120-f75-h8,optimized,10372,11,631,0
p120-f75-h8,optimized,10372,11,673,159
p120-f75-h8,optimized,10372,12,631,0
p120-f75-h8,optimized,10372,12,673,249
p120-f75-h8,optimized,14457,1,629,0
p120-f75-h8,optimized,14457,1,631,20
p120-f75-h8,optimized,14457,1,673,124
p120-f75-h8,optimized,14457,2,629,0
p120-f75-h8,optimized,14457,2,631,30
p120-f75-h8,optimized,14457,2,673,94
p120-f75-h8,optimized,14457,3,629,0
p120-f75-h8,optimized,14457,3,631,12
p120-f75-h8,optimized,14457,3,673,146
p120-f75-h8,optimized,14457,4,629,0
p120-f75-h8,optimized,14457,4,631,19
p120-f75-h8,optimized,14457,4,673,158
p120-f75-h8,optimized,14457,5,629,0
p120-f75-h8,optimized,14457,5,631,17
p120-f75-h8,optimized,14457,5,673,147
p120-f75-h8,optimized,14457,6,629,0
p120-f75-h8,optimized,14457,6,631,23
p120-f75-h8,optimized,14457,6,673,162
p120-f75-h8,optimized,14457,7,629,0
p120-f75-h8,optimized,14457,7,631,19
p120-f75-h8,optimized,14457,7,673,162
p120-f75-h8,optimized,14457,8,629,0
p120-f75-h8,optimized,14457,8,631,12
p120-f75-h8,optimized,14457,8,673,173
p120-f75-h8,optimized,14457,9,629,0
p120-f75-h8,optimized,14457,9,631,7
p120-f75-h8,optimized,14457,9,673,170
p120-f75-h8,optimized,14457,10,629,0
p120-f75-h8,optimized,14457,10,631,130
p120-f75-h8,optimized,14457,10,673,2
p120-f75-h8,optimized,14457,11,629,0
p120-f75-h8,optimized,14457,11,631,24
p120-f75-h8,optimized,14457,11,673,96
p120-f75-h8,optimized,14457,12,629,0
p120-f75-h8,optimized,14457,12,631,16
p120-f75-h8,optimized,14457,12,673,141
p120-f75-h8,optimized,11122,1,629,0
p120-f75-h8,optimized,11122,1,631,138
p120-f75-h8,optimized,11122,1,673,0
p120-f75-h8,optimized,11122,2,629,0
p120-f75-h8,optimized,11122,2,631,126
p120-f75-h8,optimized,11122,2,673,0
p120-f75-h8,optimized,11122,3,629,0
p120-f75-h8,optimized,11122,3,631,139
p120-f75-h8,optimized,11122,3,673,0
p120-f75-h8,optimized,11122,4,629,0
p120-f75-h8,optimized,11122,4,631,134
p120-f75-h8,optimized,11122,4,673,0
p120-f75-h8,optimized,11122,5,629,0
p120-f75-h8,optimized,11122,5,631,62
p120-f75-h8,optimized,11122,5,673,89
p120-f75-h8,optimized,11122,6,629,0
p120-f75-h8,optimized,11122,6,631,35
p120-f75-h8,optimized,11122,6,673,129
p120-f75-h8,optimized,11122,7,629,0
p120-f75-h8,optimized,11122,7,631,60
p120-f75-h8,optimized,11122,7,673,103
p120-f75-h8,optimized,11122,8,629,0
p120-f75-h8,optimized,11122,8,631,162
p120-f75-h8,optimized,11122,8,673,0
p120-f75-h8,optimized,11122,9,629,0
p120-f75-h8,optimized,11122,9,631,159
p120-f75-h8,optimized,11122,9,673,0
p120-f75-h8,optimized,11122,10,629,0
p120-f75-h8,optimized,11122,10,631,123
p120-f75-h8,optimized,11122,10,673,39
p120-f75-h8,optimized,11122,11,629,0
p120-f75-h8,optimized,11122,11,631,153
p120-f75-h8,optimized,11122,11,673,0
p120-f75-h8,optimized,11122,12,629,0
p120-f75-h8,optimized,11122,12,631,163
p120-f75-h8,optimized,11122,12,673,0
p120-f75-h8,optimized,13851,1,629,0
p120-f75-h8,optimized,13851,1,631,0
p120-f75-h8,optimized,13851,1,673,144
p120-f75-h8,optimized,13851,2,629,0
p120-f75-h8,optimized,13851,2,631,0
p120-f75-h8,optimized,13851,2,673,126
p120-f75-h8,optimized,13851,3,629,0
p120-f75-h8,optimized,13851,3,631,0
p120-f75-h8,optimized,13851,3,673,149
p120-f75-h8,optimized,13851,4,629,0
p120-f75-h8,optimized,13851,4,631,0
p120-f75-h8,optimized,13851,4,673,144
p120-f75-h8,optimized,13851,5,629,0
p120-f75-h8,optimized,13851,5,631,6
p120-f75-h8,optimized,13851,5,673,168
p120-f75-h8,optimized,13851,6,629,0
p120-f75-h8,optimized,13851,6,631,6
p120-f75-h8,optimized,13851,6,673,160
p120-f75-h8,optimized,13851,7,629,0
p120-f75-h8,optimized,13851,7,631,0
p120-f75-h8,optimized,13851,7,673,164
p120-f75-h8,optimized,13851,8,629,0
p120-f75-h8,optimized,13851,8,631,0
p120-f75-h8,optimized,13851,8,673,158
p120-f75-h8,optimized,13851,9,629,0
p120-f75-h8,optimized,13851,9,631,19
p120-f75-h8,optimized,13851,9,673,126
p120-f75-h8,optimized,13851,10,629,0
p120-f75-h8,optimized,13851,10,631,0
p120-f75-h8,optimized,13851,10,673,113
p120-f75-h8,optimized,13851,11,629,0
p120-f75-h8,optimized,13851,11,631,0
p120-f75-h8,optimized,13851,11,673,84
p120-f75-h8,optimized,13851,12,629,0
p120-f75-h8,optimized,13851,12,631,22
p120-f75-h8,optimized,13851,12,673,72
p120-f75-h8,optimized,12280,1,629,0
p120-f75-h8,optimized,12280,1,631,11
p120-f75-h8,optimized,12280,1,673,96
p120-f75-h8,optimized,12280,2,629,0
p120-f75-h8,optimized,12280,2,631,0
p120-f75-h8,optimized,12280,2,673,98
p120-f75-h8,optimized,12280,3,629,0
p120-f75-h8,optimized,12280,3,631,0
p120-f75-h8,optimized,12280,3,673,111
p120-f75-h8,optimized,12280,4,629,0
p120-f75-h8,optimized,12280,4,631,0
p120-f75-h8,optimized,12280,4,673,112
p120-f75-h8,optimized,12280,5,629,0
p120-f75-h8,optimized,12280,5,631,15
p120-f75-h8,optimized,12280,5,673,120
p120-f75-h8,optimized,12280,6,629,0
p120-f75-h8,optimized,12280,6,631,12
p120-f75-h8,optimized,12280,6,673,128
p120-f75-h8,optimized,12280,7,629,0
p120-f75-h8,optimized,12280,7,631,0
p120-f75-h8,optimized,12280,7,673,159
p120-f75-h8,optimized,12280,8,629,0
p120-f75-h8,optimized,12280,8,631,0
p120-f75-h8,optimized,12280,8,673,160
p120-f75-h8,optimized,12280,9,629,0
p120-f75-h8,optimized,12280,9,631,7
p120-f75-h8,optimized,12280,9,673,144
p120-f75-h8,optimized,12280,10,629,0
p120-f75-h8,optimized,12280,10,631,0
p120-f75-h8,optimized,12280,10,673,138
p120-f75-h8,optimized,12280,11,629,0
p120-f75-h8,optimized,12280,11,631,0
p120-f75-h8,optimized,12280,11,673,120
p120-f75-h8,optimized,12280,12,629,0
p120-f75-h8,optimized,12280,12,631,10
p120-f75-h8,optimized,12280,12,673,88
p120-f75-h8,optimized,14869,1,629,0
p120-f75-h8,optimized,14869,1,631,0
p120-f75-h8,optimized,14869,1,673,93
p120-f75-h8,optimized,14869,2,629,0
p120-f75-h8,optimized,14869,2,631,0
p120-f75-h8,optimized,14869,2,673,104
p120-f75-h8,optimized,14869,3,629,0
p120-f75-h8,optimized,14869,3,631,0
p120-f75-h8,optimized,14869,3,673,120
p120-f75-h8,optimized,14869,4,629,0
p120-f75-h8,optimized,14869,4,631,0
p120-f75-h8,optimized,14869,4,673,151
p120-f75-h8,optimized,14869,5,629,0
p120-f75-h8,optimized,14869,5,631,8
p120-f75-h8,optimized,14869,5,673,119
p120-f75-h8,optimized,14869,6,629,0
p120-f75-h8,optimized,14869,6,631,8
p120-f75-h8,optimized,14869,6,673,89
p120-f75-h8,optimized,14869,7,629,0
p120-f75-h8,optimized,14869,7,631,0
p120-f75-h8,optimized,14869,7,673,102
p120-f75-h8,optimized,14869,8,629,0
p120-f75-h8,optimized,14869,8,631,0
p120-f75-h8,optimized,14869,8,673,115
p120-f75-h8,optimized,14869,9,629,0
p120-f75-h8,optimized,14869,9,631,2
p120-f75-h8,optimized,14869,9,673,147
p120-f75-h8,optimized,14869,10,629,0
p120-f75-h8,optimized,14869,10,631,0
p120-f75-h8,optimized,14869,10,673,129
p120-f75-h8,optimized,14869,11,629,0
p120-f75-h8,optimized,14869,11,631,0
p120-f75-h8,optimized,14869,11,673,111
p120-f75-h8,optimized,14869,12,629,0
p120-f75-h8,optimized,14869,12,631,0
p120-f75-h8,optimized,14869,12,673,101
p120-f75-h8,optimized,14783,1,629,0
p120-f75-h8,optimized,14783,1,631,0
p120-f75-h8,optimized,14783,1,673,88
p120-f75-h8,optimized,14783,2,629,0
p120-f75-h8,optimized,14783,2,631,0
p120-f75-h8,optimized,14783,2,673,91
p120-f75-h8,optimized,14783,3,629,0
p120-f75-h8,optimized,14783,3,631,0
p120-f75-h8,optimized,14783,3,673,111
p120-f75-h8,optimized,14783,4,629,0
p120-f75-h8,optimized,14783,4,631,0
p120-f75-h8,optimized,14783,4,673,94
p120-f75-h8,optimized,14783,5,629,0
p120-f75-h8,optimized,14783,5,631,6
p120-f75-h8,optimized,14783,5,673,126
p120-f75-h8,optimized,14783,6,629,0
p120-f75-h8,optimized,14783,6,631,20
p120-f75-h8,optimized,14783,6,673,113
p120-f75-h8,optimized,14783,7,629,0
p120-f75-h8,optimized,14783,7,631,0
p120-f75-h8,optimized,14783,7,673,140
p120-f75-h8,optimized,14783,8,629,0
p120-f75-h8,optimized,14783,8,631,0
p120-f75-h8,optimized,14783,8,673,141
p120-f75-h8,optimized,14783,9,629,0
p120-f75-h8,optimized,14783,9,631,23
p120-f75-h8,optimized,14783,9,673,113
p120-f75-h8,optimized,14783,10,629,0
p120-f75-h8,optimized,14783,10,631,0
p120-f75-h8,optimized,14783,10,673,130
p120-f75-h8,optimized,14783,11,629,0
p120-f75-h8,optimized,14783,11,631,0
p120-f75-h8,optimized,14783,11,673,95
p120-f75-h8,optimized,14783,12,629,0
p120-f75-h8,optimized,14783,12,631,16
p120-f75-h8,optimized,14783,12,673,86
p120-f75-h8,historical_shares,11109,1,629,212
p120-f75-h8,historical_shares,11109,1,631,16
p120-f75-h8,historical_shares,11109,1,673,47
p120-f75-h8,historical_shares,11109,2,629,183
p120-f75-h8,historical_shares,11109,2,631,14
p120-f75-h8,historical_shares,11109,2,673,41
p120-f75-h8,historical_shares,11109,3,629,219
p120-f75-h8,historical_shares,11109,3,631,17
p120-f75-h8,historical_shares,11109,3,673,48
p120-f75-h8,historical_shares,11109,4,629,206
p120-f75-h8,historical_shares,11109,4,631,16
p120-f75-h8,historical_shares,11109,4,673,45
p120-f75-h8,historical_shares,11109,5,629,235
p120-f75-h8,historical_shares,11109,5,631,18
p120-f75-h8,historical_shares,11109,5,673,52
p120-f75-h8,historical_shares,11109,6,629,241
p120-f75-h8,historical_shares,11109,6,631,19
p120-f75-h8,historical_shares,11109,6,673,53
p120-f75-h8,historical_shares,11109,7,629,227
p120-f75-h8,historical_shares,11109,7,631,18
p120-f75-h8,historical_shares,11109,7,673,50
p120-f75-h8,historical_shares,11109,8,629,233
p120-f75-h8,historical_shares,11109,8,631,18
p120-f75-h8,historical_shares,11109,8,673,51
p120-f75-h8,historical_shares,11109,9,629,237
p120-f75-h8,historical_shares,11109,9,631,18
p120-f75-h8,historical_shares,11109,9,673,52
p120-f75-h8,historical_shares,11109,10,629,222
p120-f75-h8,historical_shares,11109,10,631,17
p120-f75-h8,historical_shares,11109,10,673,49
p120-f75-h8,historical_shares,11109,11,629,186
p120-f75-h8,historical_shares,11109,11,631,14
p120-f75-h8,historical_shares,11109,11,673,41
p120-f75-h8,historical_shares,11109,12,629,263
p120-f75-h8,historical_shares,11109,12,631,20
p120-f75-h8,historical_shares,11109,12,673,58
p120-f75-h8,historical_shares,10372,1,631,24
p120-f75-h8,historical_shares,10372,1,673,229
p120-f75-h8,historical_shares,10372,2,631,22
p120-f75-h8,historical_shares,10372,2,673,206
p120-f75-h8,historical_shares,10372,3,631,27
p120-f75-h8,historical_shares,10372,3,673,253
p120-f75-h8,historical_shares,10372,4,631,20
p120-f75-h8,historical_shares,10372,4,673,187
p120-f75-h8,historical_shares,10372,5,631,3
p120-f75-h8,historical_shares,10372,5,673,24
p120-f75-h8,historical_shares,10372,6,631,20
p120-f75-h8,historical_shares,10372,6,673,191
p120-f75-h8,historical_shares,10372,7,631,23
p120-f75-h8,historical_shares,10372,7,673,221
p120-f75-h8,historical_shares,10372,8,631,24
p120-f75-h8,historical_shares,10372,8,673,228
p120-f75-h8,historical_shares,10372,9,631,21
p120-f75-h8,historical_shares,10372,9,673,194
p120-f75-h8,historical_shares,10372,10,631,19
p120-f75-h8,historical_shares,10372,10,673,182
p120-f75-h8,historical_shares,10372,11,631,15
p120-f75-h8,historical_shares,10372,11,673,145
p120-f75-h8,historical_shares,10372,12,631,24
p120-f75-h8,historical_shares,10372,12,673,225
p120-f75-h8,historical_shares,14457,1,629,125
p120-f75-h8,historical_shares,14457,1,631,13
p120-f75-h8,historical_shares,14457,1,673,44
p120-f75-h8,historical_shares,14457,2,629,108
p120-f75-h8,historical_shares,14457,2,631,11
p120-f75-h8,historical_shares,14457,2,673,38
p120-f75-h8,historical_shares,14457,3,629,138
p120-f75-h8,historical_shares,14457,3,631,14
p120-f75-h8,historical_shares,14457,3,673,49
p120-f75-h8,historical_shares,14457,4,629,154
p120-f75-h8,historical_shares,14457,4,631,16
p120-f75-h8,historical_shares,14457,4,673,54
p120-f75-h8,historical_shares,14457,5,629,143
p120-f75-h8,historical_shares,14457,5,631,15
p120-f75-h8,historical_shares,14457,5,673,50
p120-f75-h8,historical_shares,14457,6,629,161
p120-f75-h8,historical_shares,14457,6,631,16
p120-f75-h8,historical_shares,14457,6,673,57
p120-f75-h8,historical_shares,14457,7,629,158
p120-f75-h8,historical_shares,14457,7,631,16
p120-f75-h8,historical_shares,14457,7,673,56
p120-f75-h8,historical_shares,14457,8,629,162
p120-f75-h8,historical_shares,14457,8,631,16
p120-f75-h8,historical_shares,14457,8,673,57
p120-f75-h8,historical_shares,14457,9,629,155
p120-f75-h8,historical_shares,14457,9,631,16
p120-f75-h8,historical_shares,14457,9,673,54
p120-f75-h8,historical_shares,14457,10,629,112
p120-f75-h8,historical_shares,14457,10,631,11
p120-f75-h8,historical_shares,14457,10,673,39
p120-f75-h8,historical_shares,14457,11,629,105
p120-f75-h8,historical_shares,14457,11,631,10
p120-f75-h8,historical_shares,14457,11,673,37
p120-f75-h8,historical_shares,14457,12,629,137
p120-f75-h8,historical_shares,14457,12,631,14
p120-f75-h8,historical_shares,14457,12,673,48
p120-f75-h8,historical_shares,11122,1,629,158
p120-f75-h8,historical_shares,11122,1,631,10
p120-f75-h8,historical_shares,11122,1,673,5
p120-f75-h8,historical_shares,11122,2,629,143
p120-f75-h8,historical_shares,11122,2,631,9
p120-f75-h8,historical_shares,11122,2,673,5
p120-f75-h8,historical_shares,11122,3,629,170
p120-f75-h8,historical_shares,11122,3,631,11
p120-f75-h8,historical_shares,11122,3,673,5
p120-f75-h8,historical_shares,11122,4,629,159
p120-f75-h8,historical_shares,11122,4,631,10
p120-f75-h8,historical_shares,11122,4,673,5
p120-f75-h8,historical_shares,11122,5,629,188
p120-f75-h8,historical_shares,11122,5,631,12
p120-f75-h8,historical_shares,11122,5,673,6
p120-f75-h8,historical_shares,11122,6,629,205
p120-f75-h8,historical_shares,11122,6,631,13
p120-f75-h8,historical_shares,11122,6,673,7
p120-f75-h8,historical_shares,11122,7,629,203
p120-f75-h8,historical_shares,11122,7,631,13
p120-f75-h8,historical_shares,11122,7,673,7
p120-f75-h8,historical_shares,11122,8,629,199
p120-f75-h8,historical_shares,11122,8,631,13
p120-f75-h8,historical_shares,11122,8,673,6
p120-f75-h8,historical_shares,11122,9,629,187
p120-f75-h8,historical_shares,11122,9,631,12
p120-f75-h8,historical_shares,11122,9,673,6
p120-f75-h8,historical_shares,11122,10,629,200
p120-f75-h8,historical_shares,11122,10,631,13
p120-f75-h8,historical_shares,11122,10,673,6
p120-f75-h8,historical_shares,11122,11,629,176
p120-f75-h8,historical_shares,11122,11,631,11
p120-f75-h8,historical_shares,11122,11,673,6
p120-f75-h8,historical_shares,11122,12,629,189
p120-f75-h8,historical_shares,11122,12,631,12
p120-f75-h8,historical_shares,11122,12,673,6
p120-f75-h8,historical_shares,13851,1,629,1
p120-f75-h8,historical_shares,13851,1,631,20
p120-f75-h8,historical_shares,13851,1,673,125
p120-f75-h8,historical_shares,13851,2,629,1
p120-f75-h8,historical_shares,13851,2,631,17
p120-f75-h8,historical_shares,13851,2,673,109
p120-f75-h8,historical_shares,13851,3,629,2
p120-f75-h8,historical_shares,13851,3,631,20
p120-f75-h8,historical_shares,13851,3,673,128
p120-f75-h8,historical_shares,13851,4,629,2
p120-f75-h8,historical_shares,13851,4,631,19
p120-f75-h8,historical_shares,13851,4,673,124
p120-f75-h8,historical_shares,13851,5,629,2
p120-f75-h8,historical_shares,13851,5,631,24
p120-f75-h8,historical_shares,13851,5,673,150
p120-f75-h8,historical_shares,13851,6,629,2
p120-f75-h8,historical_shares,13851,6,631,22
p120-f75-h8,historical_shares,13851,6,673,144
p120-f75-h8,historical_shares,13851,7,629,2
p120-f75-h8,historical_shares,13851,7,631,22
p120-f75-h8,historical_shares,13851,7,673,142
p120-f75-h8,historical_shares,13851,8,629,2
p120-f75-h8,historical_shares,13851,8,631,21
p120-f75-h8,historical_shares,13851,8,673,137
p120-f75-h8,historical_shares,13851,9,629,1
p120-f75-h8,historical_shares,13851,9,631,20
p120-f75-h8,historical_shares,13851,9,673,125
p120-f75-h8,historical_shares,13851,10,629,1
p120-f75-h8,historical_shares,13851,10,631,15
p120-f75-h8,historical_shares,13851,10,673,98
p120-f75-h8,historical_shares,13851,11,629,1
p120-f75-h8,historical_shares,13851,11,631,11
p120-f75-h8,historical_shares,13851,11,673,72
p120-f75-h8,historical_shares,13851,12,629,1
p120-f75-h8,historical_shares,13851,12,631,13
p120-f75-h8,historical_shares,13851,12,673,80
p120-f75-h8,historical_shares,12280,1,629,48
p120-f75-h8,historical_shares,12280,1,631,43
p120-f75-h8,historical_shares,12280,1,673,33
p120-f75-h8,historical_shares,12280,2,629,44
p120-f75-h8,historical_shares,12280,2,631,39
p120-f75-h8,historical_shares,12280,2,673,31
p120-f75-h8,historical_shares,12280,3,629,50
p120-f75-h8,historical_shares,12280,3,631,44
p120-f75-h8,historical_shares,12280,3,673,35
p120-f75-h8,historical_shares,12280,4,629,51
p120-f75-h8,historical_shares,12280,4,631,44
p120-f75-h8,historical_shares,12280,4,673,35
p120-f75-h8,historical_shares,12280,5,629,61
p120-f75-h8,historical_shares,12280,5,631,54
p120-f75-h8,historical_shares,12280,5,673,42
p120-f75-h8,historical_shares,12280,6,629,63
p120-f75-h8,historical_shares,12280,6,631,56
p120-f75-h8,historical_shares,12280,6,673,44
p120-f75-h8,historical_shares,12280,7,629,72
p120-f75-h8,historical_shares,12280,7,631,63
p120-f75-h8,historical_shares,12280,7,673,50
p120-f75-h8,historical_shares,12280,8,629,72
p120-f75-h8,historical_shares,12280,8,631,64
p120-f75-h8,historical_shares,12280,8,673,50
p120-f75-h8,historical_shares,12280,9,629,69
p120-f75-h8,historical_shares,12280,9,631,60
p120-f75-h8,historical_shares,12280,9,673,47
p120-f75-h8,historical_shares,12280,10,629,62
p120-f75-h8,historical_shares,12280,10,631,55
p120-f75-h8,historical_shares,12280,10,673,43
p120-f75-h8,historical_shares,12280,11,629,55
p120-f75-h8,historical_shares,12280,11,631,48
p120-f75-h8,historical_shares,12280,11,673,37
p120-f75-h8,historical_shares,12280,12,629,44
p120-f75-h8,historical_shares,12280,12,631,39
p120-f75-h8,historical_shares,12280,12,673,31
p120-f75-h8,historical_shares,14869,1,629,8
p120-f75-h8,historical_shares,14869,1,631,25
p120-f75-h8,historical_shares,14869,1,673,64
p120-f75-h8,historical_shares,14869,2,629,9
p120-f75-h8,historical_shares,14869,2,631,28
p120-f75-h8,historical_shares,14869,2,673,70
p120-f75-h8,historical_shares,14869,3,629,10
p120-f75-h8,historical_shares,14869,3,631,33
p120-f75-h8,historical_shares,14869,3,673,81
p120-f75-h8,historical_shares,14869,4,629,13
p120-f75-h8,historical_shares,14869,4,631,41
p120-f75-h8,historical_shares,14869,4,673,102
p120-f75-h8,historical_shares,14869,5,629,11
p120-f75-h8,historical_shares,14869,5,631,34
p120-f75-h8,historical_shares,14869,5,673,87
p120-f75-h8,historical_shares,14869,6,629,8
p120-f75-h8,historical_shares,14869,6,631,27
p120-f75-h8,historical_shares,14869,6,673,66
p120-f75-h8,historical_shares,14869,7,629,9
p120-f75-h8,historical_shares,14869,7,631,28
p120-f75-h8,historical_shares,14869,7,673,69
p120-f75-h8,historical_shares,14869,8,629,10
p120-f75-h8,historical_shares,14869,8,631,31
p120-f75-h8,historical_shares,14869,8,673,78
p120-f75-h8,historical_shares,14869,9,629,13
p120-f75-h8,historical_shares,14869,9,631,40
p120-f75-h8,historical_shares,14869,9,673,102
p120-f75-h8,historical_shares,14869,10,629,11
p120-f75-h8,historical_shares,14869,10,631,35
p120-f75-h8,historical_shares,14869,10,673,88
p120-f75-h8,historical_shares,14869,11,629,9
p120-f75-h8,historical_shares,14869,11,631,30
p120-f75-h8,historical_shares,14869,11,673,76
p120-f75-h8,historical_shares,14869,12,629,9
p120-f75-h8,historical_shares,14869,12,631,27
p120-f75-h8,historical_shares,14869,12,673,69
p120-f75-h8,historical_shares,14783,1,629,9
p120-f75-h8,historical_shares,14783,1,631,22
p120-f75-h8,historical_shares,14783,1,673,61
p120-f75-h8,historical_shares,14783,2,629,10
p120-f75-h8,historical_shares,14783,2,631,22
p120-f75-h8,historical_shares,14783,2,673,62
p120-f75-h8,historical_shares,14783,3,629,12
p120-f75-h8,historical_shares,14783,3,631,27
p120-f75-h8,historical_shares,14783,3,673,76
p120-f75-h8,historical_shares,14783,4,629,10
p120-f75-h8,historical_shares,14783,4,631,23
p120-f75-h8,historical_shares,14783,4,673,65
p120-f75-h8,historical_shares,14783,5,629,14
p120-f75-h8,historical_shares,14783,5,631,32
p120-f75-h8,historical_shares,14783,5,673,90
p120-f75-h8,historical_shares,14783,6,629,14
p120-f75-h8,historical_shares,14783,6,631,32
p120-f75-h8,historical_shares,14783,6,673,92
p120-f75-h8,historical_shares,14783,7,629,15
p120-f75-h8,historical_shares,14783,7,631,34
p120-f75-h8,historical_shares,14783,7,673,96
p120-f75-h8,historical_shares,14783,8,629,15
p120-f75-h8,historical_shares,14783,8,631,34
p120-f75-h8,historical_shares,14783,8,673,97
p120-f75-h8,historical_shares,14783,9,629,15
p120-f75-h8,historical_shares,14783,9,631,33
p120-f75-h8,historical_shares,14783,9,673,93
p120-f75-h8,historical_shares,14783,10,629,14
p120-f75-h8,historical_shares,14783,10,631,32
p120-f75-h8,historical_shares,14783,10,673,89
p120-f75-h8,historical_shares,14783,11,629,10
p120-f75-h8,historical_shares,14783,11,631,23
p120-f75-h8,historical_shares,14783,11,673,66
p120-f75-h8,historical_shares,14783,12,629,11
p120-f75-h8,historical_shares,14783,12,631,25
p120-f75-h8,historical_shares,14783,12,673,69
p120-f75-h10,optimized,11109,1,629,0
p120-f75-h10,optimized,11109,1,631,102
p120-f75-h10,optimized,11109,1,673,112
p120-f75-h10,optimized,11109,2,629,0
p120-f75-h10,optimized,11109,2,631,76
p120-f75-h10,optimized,11109,2,673,120
p120-f75-h10,optimized,11109,3,629,0
p120-f75-h10,optimized,11109,3,631,111
p120-f75-h10,optimized,11109,3,673,111
p120-f75-h10,optimized,11109,4,629,0
p120-f75-h10,optimized,11109,4,631,99
p120-f75-h10,optimized,11109,4,673,117
p120-f75-h10,optimized,11109,5,629,0
p120-f75-h10,optimized,11109,5,631,159
p120-f75-h10,optimized,11109,5,673,80
p120-f75-h10,optimized,11109,6,629,0
p120-f75-h10,optimized,11109,6,631,124
p120-f75-h10,optimized,11109,6,673,119
p120-f75-h10,optimized,11109,7,629,0
p120-f75-h10,optimized,11109,7,631,196
p120-f75-h10,optimized,11109,7,673,65
p120-f75-h10,optimized,11109,8,629,0
p120-f75-h10,optimized,11109,8,631,84
p120-f75-h10,optimized,11109,8,673,168
p120-f75-h10,optimized,11109,9,629,0
p120-f75-h10,optimized,11109,9,631,16
p120-f75-h10,optimized,11109,9,673,218
p120-f75-h10,optimized,11109,10,629,0
p120-f75-h10,optimized,11109,10,631,0
p120-f75-h10,optimized,11109,10,673,228
p120-f75-h10,optimized,11109,11,629,0
p120-f75-h10,optimized,11109,11,631,70
p120-f75-h10,optimized,11109,11,673,117
p120-f75-h10,optimized,11109,12,629,0
p120-f75-h10,optimized,11109,12,631,18
p120-f75-h10,optimized,11109,12,673,242
p120-f75-h10,optimized,10372,1,631,0
p120-f75-h10,optimized,10372,1,673,253
p120-f75-h10,optimized,10372,2,631,0
p120-f75-h10,optimized,10372,2,673,228
p120-f75-h10,optimized,10372,3,631,0
p120-f75-h10,optimized,10372,3,673,280
p120-f75-h10,optimized,10372,4,631,0
p120-f75-h10,optimized,10372,4,673,207
p120-f75-h10,optimized,10372,5,631,0
p120-f75-h10,optimized,10372,5,673,27
p120-f75-h10,optimized,10372,6,631,0
p120-f75-h10,optimized,10372,6,673,211
p120-f75-h10,optimized,10372,7,631,0
p120-f75-h10,optimized,10372,7,673,244
p120-f75-h10,optimized,10372,8,631,0
p120-f75-h10,optimized,10372,8,673,251
p120-f75-h10,optimized,10372,9,631,0
p120-f75-h10,optimized,10372,9,673,214
p120-f75-h10,optimized,10372,10,631,0
p120-f75-h10,optimized,10372,10,673,201
p120-f75-h10,optimized,10372,11,631,0
p120-f75-h10,optimized,10372,11,673,159
p120-f75-h10,optimized,10372,12,631,0
p120-f75-h10,optimized,10372,12,673,249
p120-f75-h10,optimized,14457,1,629,0
p120-f75-h10,optimized,14457,1,631,20
p120-f75-h10,optimized,14457,1,673,124
p120-f75-h10,optimized,14457,2,629,0
p120-f75-h10,optimized,14457,2,631,30
p120-f75-h10,optimized,14457,2,673,94
p120-f75-h10,optimized,14457,3,629,0
p120-f75-h10,optimized,14457,3,631,12
p120-f75-h10,optimized,14457,3,673,146
p120-f75-h10,optimized,14457,4,629,0
p120-f75-h10,optimized,14457,4,631,19
p120-f75-h10,optimized,14457,4,673,158
p120-f75-h10,optimized,14457,5,629,0
p120-f75-h10,optimized,14457,5,631,17
p120-f75-h10,optimized,14457,5,673,147
p120-f75-h10,optimized,14457,6,629,0
p120-f75-h10,optimized,14457,6,631,23
p120-f75-h10,optimized,14457,6,673,162
p120-f75-h10,optimized,14457,7,629,0
p120-f75-h10,optimized,14457,7,631,19
p120-f75-h10,optimized,14457,7,673,162
p120-f75-h10,optimized,14457,8,629,0
p120-f75-h10,optimized,14457,8,631,12
p120-f75-h10,optimized,14457,8,673,173
p120-f75-h10,optimized,14457,9,629,0
p120-f75-h10,optimized,14457,9,631,7
p120-f75-h10,optimized,14457,9,673,170
p120-f75-h10,optimized,14457,10,629,0
p120-f75-h10,optimized,14457,10,631,124
p120-f75-h10,optimized,14457,10,673,8
p120-f75-h10,optimized,14457,11,629,0
p120-f75-h10,optimized,14457,11,631,24
p120-f75-h10,optimized,14457,11,673,96
p120-f75-h10,optimized,14457,12,629,0
p120-f75-h10,optimized,14457,12,631,16
p120-f75-h10,optimized,14457,12,673,141
p120-f75-h10,optimized,11122,1,629,0
p120-f75-h10,optimized,11122,1,631,138
p120-f75-h10,optimized,11122,1,673,0
p120-f75-h10,optimized,11122,2,629,0
p120-f75-h10,optimized,11122,2,631,126
p120-f75-h10,optimized,11122,2,673,0
p120-f75-h10,optimized,11122,3,629,0
p120-f75-h10,optimized,11122,3,631,139
p120-f75-h10,optimized,11122,3,673,0
p120-f75-h10,optimized,11122,4,629,0
p120-f75-h10,optimized,11122,4,631,134
p120-f75-h10,optimized,11122,4,673,0
p120-f75-h10,optimized,11122,5,629,0
p120-f75-h10,optimized,11122,5,631,62
p120-f75-h10,optimized,11122,5,673,89
p120-f75-h10,optimized,11122,6,629,0
p120-f75-h10,optimized,11122,6,631,35
p120-f75-h10,optimized,11122,6,673,129
p120-f75-h10,optimized,11122,7,629,0
p120-f75-h10,optimized,11122,7,631,60
p120-f75-h10,optimized,11122,7,673,103
p120-f75-h10,optimized,11122,8,629,0
p120-f75-h10,optimized,11122,8,631,162
p120-f75-h10,optimized,11122,8,673,0
p120-f75-h10,optimized,11122,9,629,0
p120-f75-h10,optimized,11122,9,631,159
p120-f75-h10,optimized,11122,9,673,0
p120-f75-h10,optimized,11122,10,629,0
p120-f75-h10,optimized,11122,10,631,113
p120-f75-h10,optimized,11122,10,673,49
p120-f75-h10,optimized,11122,11,629,0
p120-f75-h10,optimized,11122,11,631,153
p120-f75-h10,optimized,11122,11,673,0
p120-f75-h10,optimized,11122,12,629,0
p120-f75-h10,optimized,11122,12,631,163
p120-f75-h10,optimized,11122,12,673,0
p120-f75-h10,optimized,13851,1,629,0
p120-f75-h10,optimized,13851,1,631,0
p120-f75-h10,optimized,13851,1,673,144
p120-f75-h10,optimized,13851,2,629,0
p120-f75-h10,optimized,13851,2,631,0
p120-f75-h10,optimized,13851,2,673,126
p120-f75-h10,optimized,13851,3,629,0
p120-f75-h10,optimized,13851,3,631,0
p120-f75-h10,optimized,13851,3,673,149
p120-f75-h10,optimized,13851,4,629,0
p120-f75-h10,optimized,13851,4,631,0
p120-f75-h10,optimized,13851,4,673,144
p120-f75-h10,optimized,13851,5,629,0
p120-f75-h10,optimized,13851,5,631,6
p120-f75-h10,optimized,13851,5,673,168
p120-f75-h10,optimized,13851,6,629,0
p120-f75-h10,optimized,13851,6,631,6
p120-f75-h10,optimized,13851,6,673,160
p120-f75-h10,optimized,13851,7,629,0
p120-f75-h10,optimized,13851,7,631,0
p120-f75-h10,optimized,13851,7,673,164
p120-f75-h10,optimized,13851,8,629,0
p120-f75-h10,optimized,13851,8,631,0
p120-f75-h10,optimized,13851,8,673,158
p120-f75-h10,optimized,13851,9,629,0
p120-f75-h10,optimized,13851,9,631,19
p120-f75-h10,optimized,13851,9,673,126
p120-f75-h10,optimized,13851,10,629,0
p120-f75-h10,optimized,13851,10,631,0
p120-f75-h10,optimized,13851,10,673,113
p120-f75-h10,optimized,13851,11,629,0
p120-f75-h10,optimized,13851,11,631,0
p120-f75-h10,optimized,13851,11,673,84
p120-f75-h10,optimized,13851,12,629,0
p120-f75-h10,optimized,13851,12,631,22
p120-f75-h10,optimized,13851,12,673,72
p120-f75-h10,optimized,12280,1,629,0
p120-f75-h10,optimized,12280,1,631,0
p120-f75-h10,optimized,12280,1,673,107
p120-f75-h10,optimized,12280,2,629,0
p120-f75-h10,optimized,12280,2,631,0
p120-f75-h10,optimized,12280,2,673,98
p120-f75-h10,optimized,12280,3,629,0
p120-f75-h10,optimized,12280,3,631,0
p120-f75-h10,optimized,12280,3,673,111
p120-f75-h10,optimized,12280,4,629,0
p120-f75-h10,optimized,12280,4,631,0
p120-f75-h10,optimized,12280,4,673,112
p120-f75-h10,optimized,12280,5,629,0
p120-f75-h10,optimized,12280,5,631,15
p120-f75-h10,optimized,12280,5,673,120
p120-f75-h10,optimized,12280,6,629,0
p120-f75-h10,optimized,12280,6,631,12
p120-f75-h10,optimized,12280,6,673,128
p120-f75-h10,optimized,12280,7,629,0
p120-f75-h10,optimized,12280,7,631,0
p120-f75-h10,optimized,12280,7,673,159
p120-f75-h10,optimized,12280,8,629,0
p120-f75-h10,optimized,12280,8,631,0
p120-f75-h10,optimized,12280,8,673,160
p120-f75-h10,optimized,12280,9,629,0
p120-f75-h10,optimized,12280,9,631,7
p120-f75-h10,optimized,12280,9,673,144
p120-f75-h10,optimized,12280,10,629,0
p120-f75-h10,optimized,12280,10,631,0
p120-f75-h10,optimized,12280,10,673,138
p120-f75-h10,optimized,12280,11,629,0
p120-f75-h10,optimized,12280,11,631,0
p120-f75-h10,optimized,12280,11,673,120
p120-f75-h10,optimized,12280,12,629,0
p120-f75-h10,optimized,12280,12,631,10
p120-f75-h10,optimized,12280,12,673,88
p120-f75-h10,optimized,14869,1,629,0
p120-f75-h10,optimized,14869,1,631,0
p120-f75-h10,optimized,14869,1,673,93
p120-f75-h10,optimized,14869,2,629,0
p120-f75-h10,optimized,14869,2,631,0
p120-f75-h10,optimized,14869,2,673,104
p120-f75-h10,optimized,14869,3,629,0
p120-f75-h10,optimized,14869,3,631,0
p120-f75-h10,optimized,14869,3,673,120
p120-f75-h10,optimized,14869,4,629,0
p120-f75-h10,optimized,14869,4,631,0
p120-f75-h10,optimized,14869,4,673,151
p120-f75-h10,optimized,14869,5,629,0
p120-f75-h10,optimized,14869,5,631,3
p120-f75-h10,optimized,14869,5,673,124
p120-f75-h10,optimized,14869,6,629,0
p120-f75-h10,optimized,14869,6,631,8
p120-f75-h10,optimized,14869,6,673,89
p120-f75-h10,optimized,14869,7,629,0
p120-f75-h10,optimized,14869,7,631,0
p120-f75-h10,optimized,14869,7,673,102
p120-f75-h10,optimized,14869,8,629,0
p120-f75-h10,optimized,14869,8,631,0
p120-f75-h10,optimized,14869,8,673,115
p120-f75-h10,optimized,14869,9,629,0
p120-f75-h10,optimized,14869,9,631,2
p120-f75-h10,optimized,14869,9,673,147
p120-f75-h10,optimized,14869,10,629,0
p120-f75-h10,optimized,14869,10,631,0
p120-f75-h10,optimized,14869,10,673,129
p120-f75-h10,optimized,14869,11,629,0
p120-f75-h10,optimized,14869,11,631,0
p120-f75-h10,optimized,14869,11,673,111
p120-f75-h10,optimized,14869,12,629,0
p120-f75-h10,optimized,14869,12,631,2
p120-f75-h10,optimized,14869,12,673,99
p120-f75-h10,optimized,14783,1,629,0
p120-f75-h10,optimized,14783,1,631,0
p120-f75-h10,optimized,14783,1,673,88
p120-f75-h10,optimized,14783,2,629,0
p120-f75-h10,optimized,14783,2,631,0
p120-f75-h10,optimized,14783,2,673,91
p120-f75-h10,optimized,14783,3,629,0
p120-f75-h10,optimized,14783,3,631,0
p120-f75-h10,optimized,14783,3,673,111
p120-f75-h10,optimized,14783,4,629,0
p120-f75-h10,optimized,14783,4,631,0
p120-f75-h10,optimized,14783,4,673,94
p120-f75-h10,optimized,14783,5,629,0
p120-f75-h10,optimized,14783,5,631,0
p120-f75-h10,optimized,14783,5,673,132
p120-f75-h10,optimized,14783,6,629,0
p120-f75-h10,optimized,14783,6,631,20
p120-f75-h10,optimized,14783,6,673,113
p120-f75-h10,optimized,14783,7,629,0
p120-f75-h10,optimized,14783,7,631,0
p120-f75-h10,optimized,14783,7,673,140
p120-f75-h10,optimized,14783,8,629,0
p120-f75-h10,optimized,14783,8,631,0
p120-f75-h10,optimized,14783,8,673,141
p120-f75-h10,optimized,14783,9,629,0
p120-f75-h10,optimized,14783,9,631,13
p120-f75-h10,optimized,14783,9,673,123
p120-f75-h10,optimized,14783,10,629,0
p120-f75-h10,optimized,14783,10,631,0
p120-f75-h10,optimized,14783,10,673,130
p120-f75-h10,optimized,14783,11,629,0
p120-f75-h10,optimized,14783,11,631,0
p120-f75-h10,optimized,14783,11,673,95
p120-f75-h10,optimized,14783,12,629,0
p120-f75-h10,optimized,14783,12,631,3
p120-f75-h10,optimized,14783,12,673,99
p120-f75-h10,historical_shares,11109,1,629,212
p120-f75-h10,historical_shares,11109,1,631,16
p120-f75-h10,historical_shares,11109,1,673,47
p120-f75-h10,historical_shares,11109,2,629,183
p120-f75-h10,historical_shares,11109,2,631,14
p120-f75-h10,historical_shares,11109,2,673,41
p120-f75-h10,historical_shares,11109,3,629,219
p120-f75-h10,historical_shares,11109,3,631,17
p120-f75-h10,historical_shares,11109,3,673,48
p120-f75-h10,historical_shares,11109,4,629,206
p120-f75-h10,historical_shares,11109,4,631,16
p120-f75-h10,historical_shares,11109,4,673,45
p120-f75-h10,historical_shares,11109,5,629,235
p120-f75-h10,historical_shares,11109,5,631,18
p120-f75-h10,historical_shares,11109,5,673,52
p120-f75-h10,historical_shares,11109,6,629,241
p120-f75-h10,historical_shares,11109,6,631,19
p120-f75-h10,historical_shares,11109,6,673,53
p120-f75-h10,historical_shares,11109,7,629,227
p120-f75-h10,historical_shares,11109,7,631,18
p120-f75-h10,historical_shares,11109,7,673,50
p120-f75-h10,historical_shares,11109,8,629,233
p120-f75-h10,historical_shares,11109,8,631,18
p120-f75-h10,historical_shares,11109,8,673,51
p120-f75-h10,historical_shares,11109,9,629,237
p120-f75-h10,historical_shares,11109,9,631,18
p120-f75-h10,historical_shares,11109,9,673,52
p120-f75-h10,historical_shares,11109,10,629,222
p120-f75-h10,historical_shares,11109,10,631,17
p120-f75-h10,historical_shares,11109,10,673,49
p120-f75-h10,historical_shares,11109,11,629,186
p120-f75-h10,historical_shares,11109,11,631,14
p120-f75-h10,historical_shares,11109,11,673,41
p120-f75-h10,historical_shares,11109,12,629,263
p120-f75-h10,historical_shares,11109,12,631,20
p120-f75-h10,historical_shares,11109,12,673,58
p120-f75-h10,historical_shares,10372,1,631,24
p120-f75-h10,historical_shares,10372,1,673,229
p120-f75-h10,historical_shares,10372,2,631,22
p120-f75-h10,historical_shares,10372,2,673,206
p120-f75-h10,historical_shares,10372,3,631,27
p120-f75-h10,historical_shares,10372,3,673,253
p120-f75-h10,historical_shares,10372,4,631,20
p120-f75-h10,historical_shares,10372,4,673,187
p120-f75-h10,historical_shares,10372,5,631,3
p120-f75-h10,historical_shares,10372,5,673,24
p120-f75-h10,historical_shares,10372,6,631,20
p120-f75-h10,historical_shares,10372,6,673,191
p120-f75-h10,historical_shares,10372,7,631,23
p120-f75-h10,historical_shares,10372,7,673,221
p120-f75-h10,historical_shares,10372,8,631,24
p120-f75-h10,historical_shares,10372,8,673,228
p120-f75-h10,historical_shares,10372,9,631,21
p120-f75-h10,historical_shares,10372,9,673,194
p120-f75-h10,historical_shares,10372,10,631,19
p120-f75-h10,historical_shares,10372,10,673,182
p120-f75-h10,historical_shares,10372,11,631,15
p120-f75-h10,historical_shares,10372,11,673,145
p120-f75-h10,historical_shares,10372,12,631,24
p120-f75-h10,historical_shares,10372,12,673,225
p120-f75-h10,historical_shares,14457,1,629,125
p120-f75-h10,historical_shares,14457,1,631,13
p120-f75-h10,historical_shares,14457,1,673,44
p120-f75-h10,historical_shares,14457,2,629,108
p120-f75-h10,historical_shares,14457,2,631,11
p120-f75-h10,historical_shares,14457,2,673,38
p120-f75-h10,historical_shares,14457,3,629,138
p120-f75-h10,historical_shares,14457,3,631,14
p120-f75-h10,historical_shares,14457,3,673,49
p120-f75-h10,historical_shares,14457,4,629,154
p120-f75-h10,historical_shares,14457,4,631,16
p120-f75-h10,historical_shares,14457,4,673,54
p120-f75-h10,historical_shares,14457,5,629,143
p120-f75-h10,historical_shares,14457,5,631,15
p120-f75-h10,historical_shares,14457,5,673,50
p120-f75-h10,historical_shares,14457,6,629,161
p120-f75-h10,historical_shares,14457,6,631,16
p120-f75-h10,historical_shares,14457,6,673,57
p120-f75-h10,historical_shares,14457,7,629,158
p120-f75-h10,historical_shares,14457,7,631,16
p120-f75-h10,historical_shares,14457,7,673,56
p120-f75-h10,historical_shares,14457,8,629,162
p120-f75-h10,historical_shares,14457,8,631,16
p120-f75-h10,historical_shares,14457,8,673,57
p120-f75-h10,historical_shares,14457,9,629,155
p120-f75-h10,historical_shares,14457,9,631,16
p120-f75-h10,historical_shares,14457,9,673,54
p120-f75-h10,historical_shares,14457,10,629,112
p120-f75-h10,historical_shares,14457,10,631,11
p120-f75-h10,historical_shares,14457,10,673,39
p120-f75-h10,historical_shares,14457,11,629,105
p120-f75-h10,historical_shares,14457,11,631,10
p120-f75-h10,historical_shares,14457,11,673,37
p120-f75-h10,historical_shares,14457,12,629,137
p120-f75-h10,historical_shares,14457,12,631,14
p120-f75-h10,historical_shares,14457,12,673,48
p120-f75-h10,historical_shares,11122,1,629,158
p120-f75-h10,historical_shares,11122,1,631,10
p120-f75-h10,historical_shares,11122,1,673,5
p120-f75-h10,historical_shares,11122,2,629,143
p120-f75-h10,historical_shares,11122,2,631,9
p120-f75-h10,historical_shares,11122,2,673,5
p120-f75-h10,historical_shares,11122,3,629,170
p120-f75-h10,historical_shares,11122,3,631,11
p120-f75-h10,historical_shares,11122,3,673,5
p120-f75-h10,historical_shares,11122,4,629,159
p120-f75-h10,historical_shares,11122,4,631,10
p120-f75-h10,historical_shares,11122,4,673,5
p120-f75-h10,historical_shares,11122,5,629,188
p120-f75-h10,historical_shares,11122,5,631,12
p120-f75-h10,historical_shares,11122,5,673,6
p120-f75-h10,historical_shares,11122,6,629,205
p120-f75-h10,historical_shares,11122,6,631,13
p120-f75-h10,historical_shares,11122,6,673,7
p120-f75-h10,historical_shares,11122,7,629,203
p120-f75-h10,historical_shares,11122,7,631,13
p120-f75-h10,historical_shares,11122,7,673,7
p120-f75-h10,historical_shares,11122,8,629,199
p120-f75-h10,historical_shares,11122,8,631,13
p120-f75-h10,historical_shares,11122,8,673,6
p120-f75-h10,historical_shares,11122,9,629,187
p120-f75-h10,historical_shares,11122,9,631,12
p120-f75-h10,historical_shares,11122,9,673,6
p120-f75-h10,historical_shares,11122,10,629,200
p120-f75-h10,historical_shares,11122,10,631,13
p120-f75-h10,historical_shares,11122,10,673,6
p120-f75-h10,historical_shares,11122,11,629,176
p120-f75-h10,historical_shares,11122,11,631,11
p120-f75-h10,historical_shares,11122,11,673,6
p120-f75-h10,historical_shares,11122,12,629,189
p120-f75-h10,historical_shares,11122,12,631,12
p120-f75-h10,historical_shares,11122,12,673,6
p120-f75-h10,historical_shares,13851,1,629,1
p120-f75-h10,historical_shares,13851,1,631,20
p120-f75-h10,historical_shares,13851,1,673,125
p120-f75-h10,historical_shares,13851,2,629,1
p120-f75-h10,historical_shares,13851,2,631,17
p120-f75-h10,historical_shares,13851,2,673,109
p120-f75-h10,historical_shares,13851,3,629,2
p120-f75-h10,historical_shares,13851,3,631,20
p120-f75-h10,historical_shares,13851,3,673,128
p120-f75-h10,historical_shares,13851,4,629,2
p120-f75-h10,historical_shares,13851,4,631,19
p120-f75-h10,historical_shares,13851,4,673,124
p120-f75-h10,historical_shares,13851,5,629,2
p120-f75-h10,historical_shares,13851,5,631,24
p120-f75-h10,historical_shares,13851,5,673,150
p120-f75-h10,historical_shares,13851,6,629,2
p120-f75-h10,historical_shares,13851,6,631,22
p120-f75-h10,historical_shares,13851,6,673,144
p120-f75-h10,historical_shares,13851,7,629,2
p120-f75-h10,historical_shares,13851,7,631,22
p120-f75-h10,historical_shares,13851,7,673,142
p120-f75-h10,historical_shares,13851,8,629,2
p120-f75-h10,historical_shares,13851,8,631,21
p120-f75-h10,historical_shares,13851,8,673,137
p120-f75-h10,historical_shares,13851,9,629,1
p120-f75-h10,historical_shares,13851,9,631,20
p120-f75-h10,historical_shares,13851,9,673,125
p120-f75-h10,historical_shares,13851,10,629,1
p120-f75-h10,historical_shares,13851,10,631,15
p120-f75-h10,historical_shares,13851,10,673,98
p120-f75-h10,historical_shares,13851,11,629,1
p120-f75-h10,historical_shares,13851,11,631,11
p120-f75-h10,historical_shares,13851,11,673,72
p120-f75-h10,historical_shares,13851,12,629,1
p120-f75-h10,historical_shares,13851,12,631,13
p120-f75-h10,historical_shares,13851,12,673,80
p120-f75-h10,historical_shares,12280,1,629,48
p120-f75-h10,historical_shares,12280,1,631,43
p120-f75-h10,historical_shares,12280,1,673,33
p120-f75-h10,historical_shares,12280,2,629,44
p120-f75-h10,historical_shares,12280,2,631,39
p120-f75-h10,historical_shares,12280,2,673,31
p120-f75-h10,historical_shares,12280,3,629,50
p120-f75-h10,historical_shares,12280,3,631,44
p120-f75-h10,historical_shares,12280,3,673,35
p120-f75-h10,historical_shares,12280,4,629,51
p120-f75-h10,historical_shares,12280,4,631,44
p120-f75-h10,historical_shares,12280,4,673,35
p120-f75-h10,historical_shares,12280,5,629,61
p120-f75-h10,historical_shares,12280,5,631,54
p120-f75-h10,historical_shares,12280,5,673,42
p120-f75-h10,historical_shares,12280,6,629,63
p120-f75-h10,historical_shares,12280,6,631,56
p120-f75-h10,historical_shares,12280,6,673,44
p120-f75-h10,historical_shares,12280,7,629,72
p120-f75-h10,historical_shares,12280,7,631,63
p120-f75-h10,historical_shares,12280,7,673,50
p120-f75-h10,historical_shares,12280,8,629,72
p120-f75-h10,historical_shares,12280,8,631,64
p120-f75-h10,historical_shares,12280,8,673,50
p120-f75-h10,historical_shares,12280,9,629,69
p120-f75-h10,historical_shares,12280,9,631,60
p120-f75-h10,historical_shares,12280,9,673,47
p120-f75-h10,historical_shares,12280,10,629,62
p120-f75-h10,historical_shares,12280,10,631,55
p120-f75-h10,historical_shares,12280,10,673,43
p120-f75-h10,historical_shares,12280,11,629,55
p120-f75-h10,historical_shares,12280,11,631,48
p120-f75-h10,historical_shares,12280,11,673,37
p120-f75-h10,historical_shares,12280,12,629,44
p120-f75-h10,historical_shares,12280,12,631,39
p120-f75-h10,historical_shares,12280,12,673,31
p120-f75-h10,historical_shares,14869,1,629,8
p120-f75-h10,historical_shares,14869,1,631,25
p120-f75-h10,historical_shares,14869,1,673,64
p120-f75-h10,historical_shares,14869,2,629,9
p120-f75-h10,historical_shares,14869,2,631,28
p120-f75-h10,historical_shares,14869,2,673,70
p120-f75-h10,historical_shares,14869,3,629,10
p120-f75-h10,historical_shares,14869,3,631,33
p120-f75-h10,historical_shares,14869,3,673,81
p120-f75-h10,historical_shares,14869,4,629,13
p120-f75-h10,historical_shares,14869,4,631,41
p120-f75-h10,historical_shares,14869,4,673,102
p120-f75-h10,historical_shares,14869,5,629,11
p120-f75-h10,historical_shares,14869,5,631,34
p120-f75-h10,historical_shares,14869,5,673,87
p120-f75-h10,historical_shares,14869,6,629,8
p120-f75-h10,historical_shares,14869,6,631,27
p120-f75-h10,historical_shares,14869,6,673,66
p120-f75-h10,historical_shares,14869,7,629,9
p120-f75-h10,historical_shares,14869,7,631,28
p120-f75-h10,historical_shares,14869,7,673,69
p120-f75-h10,historical_shares,14869,8,629,10
p120-f75-h10,historical_shares,14869,8,631,31
p120-f75-h10,historical_shares,14869,8,673,78
p120-f75-h10,historical_shares,14869,9,629,13
p120-f75-h10,historical_shares,14869,9,631,40
p120-f75-h10,historical_shares,14869,9,673,102
p120-f75-h10,historical_shares,14869,10,629,11
p120-f75-h10,historical_shares,14869,10,631,35
p120-f75-h10,historical_shares,14869,10,673,88
p120-f75-h10,historical_shares,14869,11,629,9
p120-f75-h10,historical_shares,14869,11,631,30
p120-f75-h10,historical_shares,14869,11,673,76
p120-f75-h10,historical_shares,14869,12,629,9
p120-f75-h10,historical_shares,14869,12,631,27
p120-f75-h10,historical_shares,14869,12,673,69
p120-f75-h10,historical_shares,14783,1,629,9
p120-f75-h10,historical_shares,14783,1,631,22
p120-f75-h10,historical_shares,14783,1,673,61
p120-f75-h10,historical_shares,14783,2,629,10
p120-f75-h10,historical_shares,14783,2,631,22
p120-f75-h10,historical_shares,14783,2,673,62
p120-f75-h10,historical_shares,14783,3,629,12
p120-f75-h10,historical_shares,14783,3,631,27
p120-f75-h10,historical_shares,14783,3,673,76
p120-f75-h10,historical_shares,14783,4,629,10
p120-f75-h10,historical_shares,14783,4,631,23
p120-f75-h10,historical_shares,14783,4,673,65
p120-f75-h10,historical_shares,14783,5,629,14
p120-f75-h10,historical_shares,14783,5,631,32
p120-f75-h10,historical_shares,14783,5,673,90
p120-f75-h10,historical_shares,14783,6,629,14
p120-f75-h10,historical_shares,14783,6,631,32
p120-f75-h10,historical_shares,14783,6,673,92
p120-f75-h10,historical_shares,14783,7,629,15
p120-f75-h10,historical_shares,14783,7,631,34
p120-f75-h10,historical_shares,14783,7,673,96
p120-f75-h10,historical_shares,14783,8,629,15
p120-f75-h10,historical_shares,14783,8,631,34
p120-f75-h10,historical_shares,14783,8,673,97
p120-f75-h10,historical_shares,14783,9,629,15
p120-f75-h10,historical_shares,14783,9,631,33
p120-f75-h10,historical_shares,14783,9,673,93
p120-f75-h10,historical_shares,14783,10,629,14
p120-f75-h10,historical_shares,14783,10,631,32
p120-f75-h10,historical_shares,14783,10,673,89
p120-f75-h10,historical_shares,14783,11,629,10
p120-f75-h10,historical_shares,14783,11,631,23
p120-f75-h10,historical_shares,14783,11,673,66
p120-f75-h10,historical_shares,14783,12,629,11
p120-f75-h10,historical_shares,14783,12,631,25
p120-f75-h10,historical_shares,14783,12,673,69
p120-f100-h6,optimized,11109,1,629,0
p120-f100-h6,optimized,11109,1,631,285
p120-f100-h6,optimized,11109,1,673,0
p120-f100-h6,optimized,11109,2,629,0
p120-f100-h6,optimized,11109,2,631,261
p120-f100-h6,optimized,11109,2,673,0
p120-f100-h6,optimized,11109,3,629,0
p120-f100-h6,optimized,11109,3,631,296
p120-f100-h6,optimized,11109,3,673,0
p120-f100-h6,optimized,11109,4,629,0
p120-f100-h6,optimized,11109,4,631,287
p120-f100-h6,optimized,11109,4,673,0
p120-f100-h6,optimized,11109,5,629,0
p120-f100-h6,optimized,11109,5,631,318
p120-f100-h6,optimized,11109,5,673,0
p120-f100-h6,optimized,11109,6,629,0
p120-f100-h6,optimized,11109,6,631,323
p120-f100-h6,optimized,11109,6,673,0
p120-f100-h6,optimized,11109,7,629,0
p120-f100-h6,optimized,11109,7,631,348
p120-f100-h6,optimized,11109,7,673,0
p120-f100-h6,optimized,11109,8,629,0
p120-f100-h6,optimized,11109,8,631,335
p120-f100-h6,optimized,11109,8,673,0
p120-f100-h6,optimized,11109,9,629,0
p120-f100-h6,optimized,11109,9,631,305
p120-f100-h6,optimized,11109,9,673,0
p120-f100-h6,optimized,11109,10,629,0
p120-f100-h6,optimized,11109,10,631,304
p120-f100-h6,optimized,11109,10,673,0
p120-f100-h6,optimized,11109,11,629,0
p120-f100-h6,optimized,11109,11,631,249
p120-f100-h6,optimized,11109,11,673,0
p120-f100-h6,optimized,11109,12,629,0
p120-f100-h6,optimized,11109,12,631,332
p120-f100-h6,optimized,11109,12,673,0
p120-f100-h6,optimized,10372,1,631,0
p120-f100-h6,optimized,10372,1,673,286
p120-f100-h6,optimized,10372,2,631,0
p120-f100-h6,optimized,10372,2,673,240
p120-f100-h6,optimized,10372,3,631,0
p120-f100-h6,optimized,10372,3,673,281
p120-f100-h6,optimized,10372,4,631,0
p120-f100-h6,optimized,10372,4,673,241
p120-f100-h6,optimized,10372,5,631,0
p120-f100-h6,optimized,10372,5,673,35
p120-f100-h6,optimized,10372,6,631,0
p120-f100-h6,optimized,10372,6,673,232
p120-f100-h6,optimized,10372,7,631,0
p120-f100-h6,optimized,10372,7,673,244
p120-f100-h6,optimized,10372,8,631,0
p120-f100-h6,optimized,10372,8,673,251
p120-f100-h6,optimized,10372,9,631,28
p120-f100-h6,optimized,10372,9,673,199
p120-f100-h6,optimized,10372,10,631,0
p120-f100-h6,optimized,10372,10,673,216
p120-f100-h6,optimized,10372,11,631,0
p120-f100-h6,optimized,10372,11,673,172
p120-f100-h6,optimized,10372,12,631,0
p120-f100-h6,optimized,10372,12,673,265
p120-f100-h6,optimized,14457,1,629,0
p120-f100-h6,optimized,14457,1,631,172
p120-f100-h6,optimized,14457,1,673,0
p120-f100-h6,optimized,14457,2,629,0
p120-f100-h6,optimized,14457,2,631,157
p120-f100-h6,optimized,14457,2,673,0
p120-f100-h6,optimized,14457,3,629,0
p120-f100-h6,optimized,14457,3,631,210
p120-f100-h6,optimized,14457,3,673,0
p120-f100-h6,optimized,14457,4,629,0
p120-f100-h6,optimized,14457,4,631,211
p120-f100-h6,optimized,14457,4,673,0
p120-f100-h6,optimized,14457,5,629,0
p120-f100-h6,optimized,14457,5,631,189
p120-f100-h6,optimized,14457,5,673,0
p120-f100-h6,optimized,14457,6,629,0
p120-f100-h6,optimized,14457,6,631,214
p120-f100-h6,optimized,14457,6,673,0
p120-f100-h6,optimized,14457,7,629,0
p120-f100-h6,optimized,14457,7,631,208
p120-f100-h6,optimized,14457,7,673,0
p120-f100-h6,optimized,14457,8,629,0
p120-f100-h6,optimized,14457,8,631,213
p120-f100-h6,optimized,14457,8,673,0
p120-f100-h6,optimized,14457,9,629,0
p120-f100-h6,optimized,14457,9,631,197
p120-f100-h6,optimized,14457,9,673,0
p120-f100-h6,optimized,14457,10,629,0
p120-f100-h6,optimized,14457,10,631,176
p120-f100-h6,optimized,14457,10,673,0
p120-f100-h6,optimized,14457,11,629,0
p120-f100-h6,optimized,14457,11,631,158
p120-f100-h6,optimized,14457,11,673,0
p120-f100-h6,optimized,14457,12,629,0
p120-f100-h6,optimized,14457,12,631,184
p120-f100-h6,optimized,14457,12,673,0
p120-f100-h6,optimized,11122,1,629,0
p120-f100-h6,optimized,11122,1,631,184
p120-f100-h6,optimized,11122,1,673,0
p120-f100-h6,optimized,11122,2,629,0
p120-f100-h6,optimized,11122,2,631,168
p120-f100-h6,optimized,11122,2,673,0
p120-f100-h6,optimized,11122,3,629,0
p120-f100-h6,optimized,11122,3,631,185
p120-f100-h6,optimized,11122,3,673,0
p120-f100-h6,optimized,11122,4,629,0
p120-f100-h6,optimized,11122,4,631,178
p120-f100-h6,optimized,11122,4,673,0
p120-f100-h6,optimized,11122,5,629,0
p120-f100-h6,optimized,11122,5,631,198
p120-f100-h6,optimized,11122,5,673,0
p120-f100-h6,optimized,11122,6,629,0
p120-f100-h6,optimized,11122,6,631,213
p120-f100-h6,optimized,11122,6,673,0
p120-f100-h6,optimized,11122,7,629,0
p120-f100-h6,optimized,11122,7,631,212
p120-f100-h6,optimized,11122,7,673,0
p120-f100-h6,optimized,11122,8,629,0
p120-f100-h6,optimized,11122,8,631,215
p120-f100-h6,optimized,11122,8,673,0
p120-f100-h6,optimized,11122,9,629,0
p120-f100-h6,optimized,11122,9,631,211
p120-f100-h6,optimized,11122,9,673,0
p120-f100-h6,optimized,11122,10,629,0
p120-f100-h6,optimized,11122,10,631,216
p120-f100-h6,optimized,11122,10,673,0
p120-f100-h6,optimized,11122,11,629,0
p120-f100-h6,optimized,11122,11,631,204
p120-f100-h6,optimized,11122,11,673,0
p120-f100-h6,optimized,11122,12,629,0
p120-f100-h6,optimized,11122,12,631,217
p120-f100-h6,optimized,11122,12,673,0
p120-f100-h6,optimized,13851,1,629,0
p120-f100-h6,optimized,13851,1,631,5
p120-f100-h6,optimized,13851,1,673,139
p120-f100-h6,optimized,13851,2,629,0
p120-f100-h6,optimized,13851,2,631,133
p120-f100-h6,optimized,13851,2,673,0
p120-f100-h6,optimized,13851,3,629,0
p120-f100-h6,optimized,13851,3,631,156
p120-f100-h6,optimized,13851,3,673,0
p120-f100-h6,optimized,13851,4,629,0
p120-f100-h6,optimized,13851,4,631,154
p120-f100-h6,optimized,13851,4,673,0
p120-f100-h6,optimized,13851,5,629,0
p120-f100-h6,optimized,13851,5,631,6
p120-f100-h6,optimized,13851,5,673,168
p120-f100-h6,optimized,13851,6,629,0
p120-f100-h6,optimized,13851,6,631,6
p120-f100-h6,optimized,13851,6,673,160
p120-f100-h6,optimized,13851,7,629,0
p120-f100-h6,optimized,13851,7,631,9
p120-f100-h6,optimized,13851,7,673,155
p120-f100-h6,optimized,13851,8,629,0
p120-f100-h6,optimized,13851,8,631,10
p120-f100-h6,optimized,13851,8,673,148
p120-f100-h6,optimized,13851,9,629,0
p120-f100-h6,optimized,13851,9,631,19
p120-f100-h6,optimized,13851,9,673,126
p120-f100-h6,optimized,13851,10,629,0
p120-f100-h6,optimized,13851,10,631,3
p120-f100-h6,optimized,13851,10,673,110
p120-f100-h6,optimized,13851,11,629,0
p120-f100-h6,optimized,13851,11,631,90
p120-f100-h6,optimized,13851,11,673,0
p120-f100-h6,optimized,13851,12,629,0
p120-f100-h6,optimized,13851,12,631,46
p120-f100-h6,optimized,13851,12,673,49
p120-f100-h6,optimized,12280,1,629,0
p120-f100-h6,optimized,12280,1,631,122
p120-f100-h6,optimized,12280,1,673,0
p120-f100-h6,optimized,12280,2,629,0
p120-f100-h6,optimized,12280,2,631,110
p120-f100-h6,optimized,12280,2,673,0
p120-f100-h6,optimized,12280,3,629,0
p120-f100-h6,optimized,12280,3,631,124
p120-f100-h6,optimized,12280,3,673,0
p120-f100-h6,optimized,12280,4,629,0
p120-f100-h6,optimized,12280,4,631,119
p120-f100-h6,optimized,12280,4,673,0
p120-f100-h6,optimized,12280,5,629,0
p120-f100-h6,optimized,12280,5,631,153
p120-f100-h6,optimized,12280,5,673,0
p120-f100-h6,optimized,12280,6,629,0
p120-f100-h6,optimized,12280,6,631,156
p120-f100-h6,optimized,12280,6,673,0
p120-f100-h6,optimized,12280,7,629,0
p120-f100-h6,optimized,12280,7,631,183
p120-f100-h6,optimized,12280,7,673,0
p120-f100-h6,optimized,12280,8,629,0
p120-f100-h6,optimized,12280,8,631,178
p120-f100-h6,optimized,12280,8,673,0
p120-f100-h6,optimized,12280,9,629,0
p120-f100-h6,optimized,12280,9,631,164
p120-f100-h6,optimized,12280,9,673,0
p120-f100-h6,optimized,12280,10,629,0
p120-f100-h6,optimized,12280,10,631,146
p120-f100-h6,optimized,12280,10,673,0
p120-f100-h6,optimized,12280,11,629,0
p120-f100-h6,optimized,12280,11,631,7
p120-f100-h6,optimized,12280,11,673,113
p120-f100-h6,optimized,12280,12,629,0
p120-f100-h6,optimized,12280,12,631,10
p120-f100-h6,optimized,12280,12,673,88
p120-f100-h6,optimized,14869,1,629,0
p120-f100-h6,optimized,14869,1,631,106
p120-f100-h6,optimized,14869,1,673,0
p120-f100-h6,optimized,14869,2,629,0
p120-f100-h6,optimized,14869,2,631,76
p120-f100-h6,optimized,14869,2,673,39
p120-f100-h6,optimized,14869,3,629,0
p120-f100-h6,optimized,14869,3,631,38
p120-f100-h6,optimized,14869,3,673,95
p120-f100-h6,optimized,14869,4,629,0
p120-f100-h6,optimized,14869,4,631,20
p120-f100-h6,optimized,14869,4,673,131
p120-f100-h6,optimized,14869,5,629,0
p120-f100-h6,optimized,14869,5,631,8
p120-f100-h6,optimized,14869,5,673,119
p120-f100-h6,optimized,14869,6,629,0
p120-f100-h6,optimized,14869,6,631,80
p120-f100-h6,optimized,14869,6,673,20
p120-f100-h6,optimized,14869,7,629,0
p120-f100-h6,optimized,14869,7,631,34
p120-f100-h6,optimized,14869,7,673,69
p120-f100-h6,optimized,14869,8,629,0
p120-f100-h6,optimized,14869,8,631,87
p120-f100-h6,optimized,14869,8,673,33
p120-f100-h6,optimized,14869,9,629,0
p120-f100-h6,optimized,14869,9,631,2
p120-f100-h6,optimized,14869,9,673,147
p120-f100-h6,optimized,14869,10,629,0
p120-f100-h6,optimized,14869,10,631,2
p120-f100-h6,optimized,14869,10,673,127
p120-f100-h6,optimized,14869,11,629,0
p120-f100-h6,optimized,14869,11,631,21
p120-f100-h6,optimized,14869,11,673,90
p120-f100-h6,optimized,14869,12,629,0
p120-f100-h6,optimized,14869,12,631,50
p120-f100-h6,optimized,14869,12,673,53
p120-f100-h6,optimized,14783,1,629,0
p120-f100-h6,optimized,14783,1,631,95
p120-f100-h6,optimized,14783,1,673,0
p120-f100-h6,optimized,14783,2,629,0
p120-f100-h6,optimized,14783,2,631,0
p120-f100-h6,optimized,14783,2,673,97
p120-f100-h6,optimized,14783,3,629,0
p120-f100-h6,optimized,14783,3,631,0
p120-f100-h6,optimized,14783,3,673,122
p120-f100-h6,optimized,14783,4,629,0
p120-f100-h6,optimized,14783,4,631,7
p120-f100-h6,optimized,14783,4,673,87
p120-f100-h6,optimized,14783,5,629,0
p120-f100-h6,optimized,14783,5,631,52
p120-f100-h6,optimized,14783,5,673,80
p120-f100-h6,optimized,14783,6,629,0
p120-f100-h6,optimized,14783,6,631,13
p120-f100-h6,optimized,14783,6,673,120
p120-f100-h6,optimized,14783,7,629,0
p120-f100-h6,optimized,14783,7,631,38
p120-f100-h6,optimized,14783,7,673,102
p120-f100-h6,optimized,14783,8,629,0
p120-f100-h6,optimized,14783,8,631,0
p120-f100-h6,optimized,14783,8,673,141
p120-f100-h6,optimized,14783,9,629,0
p120-f100-h6,optimized,14783,9,631,23
p120-f100-h6,optimized,14783,9,673,113
p120-f100-h6,optimized,14783,10,629,0
p120-f100-h6,optimized,14783,10,631,39
p120-f100-h6,optimized,14783,10,673,91
p120-f100-h6,optimized,14783,11,629,0
p120-f100-h6,optimized,14783,11,631,15
p120-f100-h6,optimized,14783,11,673,80
p120-f100-h6,optimized,14783,12,629,0
p120-f100-h6,optimized,14783,12,631,55
p120-f100-h6,optimized,14783,12,673,47
p120-f100-h6,historical_shares,11109,1,629,220
p120-f100-h6,historical_shares,11109,1,631,17
p120-f100-h6,historical_shares,11109,1,673,48
p120-f100-h6,historical_shares,11109,2,629,201
p120-f100-h6,historical_shares,11109,2,631,15
p120-f100-h6,historical_shares,11109,2,673,45
p120-f100-h6,historical_shares,11109,3,629,228
p120-f100-h6,historical_shares,11109,3,631,17
p120-f100-h6,historical_shares,11109,3,673,51
p120-f100-h6,historical_shares,11109,4,629,221
p120-f100-h6,historical_shares,11109,4,631,17
p120-f100-h6,historical_shares,11109,4,673,49
p120-f100-h6,historical_shares,11109,5,629,245
p120-f100-h6,historical_shares,11109,5,631,19
p120-f100-h6,historical_shares,11109,5,673,54
p120-f100-h6,historical_shares,11109,6,629,249
p120-f100-h6,historical_shares,11109,6,631,19
p120-f100-h6,historical_shares,11109,6,673,55
p120-f100-h6,historical_shares,11109,7,629,268
p120-f100-h6,historical_shares,11109,7,631,21
p120-f100-h6,historical_shares,11109,7,673,59
p120-f100-h6,historical_shares,11109,8,629,258
p120-f100-h6,historical_shares,11109,8,631,20
p120-f100-h6,historical_shares,11109,8,673,57
p120-f100-h6,historical_shares,11109,9,629,237
p120-f100-h6,historical_shares,11109,9,631,18
p120-f100-h6,historical_shares,11109,9,673,52
p120-f100-h6,historical_shares,11109,10,629,234
p120-f100-h6,historical_shares,11109,10,631,18
p120-f100-h6,historical_shares,11109,10,673,52
p120-f100-h6,historical_shares,11109,11,629,192
p120-f100-h6,historical_shares,11109,11,631,15
p120-f100-h6,historical_shares,11109,11,673,42
p120-f100-h6,historical_shares,11109,12,629,263
p120-f100-h6,historical_shares,11109,12,631,20
p120-f100-h6,historical_shares,11109,12,673,58
p120-f100-h6,historical_shares,10372,1,631,27
p120-f100-h6,historical_shares,10372,1,673,259
p120-f100-h6,historical_shares,10372,2,631,23
p120-f100-h6,historical_shares,10372,2,673,217
p120-f100-h6,historical_shares,10372,3,631,27
p120-f100-h6,historical_shares,10372,3,673,254
p120-f100-h6,historical_shares,10372,4,631,23
p120-f100-h6,historical_shares,10372,4,673,218
p120-f100-h6,historical_shares,10372,5,631,3
p120-f100-h6,historical_shares,10372,5,673,32
p120-f100-h6,historical_shares,10372,6,631,22
p120-f100-h6,historical_shares,10372,6,673,210
p120-f100-h6,historical_shares,10372,7,631,23
p120-f100-h6,historical_shares,10372,7,673,221
p120-f100-h6,historical_shares,10372,8,631,24
p120-f100-h6,historical_shares,10372,8,673,228
p120-f100-h6,historical_shares,10372,9,631,22
p120-f100-h6,historical_shares,10372,9,673,205
p120-f100-h6,historical_shares,10372,10,631,21
p120-f100-h6,historical_shares,10372,10,673,195
p120-f100-h6,historical_shares,10372,11,631,17
p120-f100-h6,historical_shares,10372,11,673,155
p120-f100-h6,historical_shares,10372,12,631,25
p120-f100-h6,historical_shares,10372,12,673,240
p120-f100-h6,historical_shares,14457,1,629,125
p120-f100-h6,historical_shares,14457,1,631,13
p120-f100-h6,historical_shares,14457,1,673,44
p120-f100-h6,historical_shares,14457,2,629,108
p120-f100-h6,historical_shares,14457,2,631,11
p120-f100-h6,historical_shares,14457,2,673,38
p120-f100-h6,historical_shares,14457,3,629,145
p120-f100-h6,historical_shares,14457,3,631,14
p120-f100-h6,historical_shares,14457,3,673,51
p120-f100-h6,historical_shares,14457,4,629,154
p120-f100-h6,historical_shares,14457,4,631,16
p120-f100-h6,historical_shares,14457,4,673,54
p120-f100-h6,historical_shares,14457,5,629,143
p120-f100-h6,historical_shares,14457,5,631,15
p120-f100-h6,historical_shares,14457,5,673,50
p120-f100-h6,historical_shares,14457,6,629,161
p120-f100-h6,historical_shares,14457,6,631,16
p120-f100-h6,historical_shares,14457,6,673,57
p120-f100-h6,historical_shares,14457,7,629,158
p120-f100-h6,historical_shares,14457,7,631,16
p120-f100-h6,historical_shares,14457,7,673,56
p120-f100-h6,historical_shares,14457,8,629,162
p120-f100-h6,historical_shares,14457,8,631,16
p120-f100-h6,historical_shares,14457,8,673,57
p120-f100-h6,historical_shares,14457,9,629,155
p120-f100-h6,historical_shares,14457,9,631,16
p120-f100-h6,historical_shares,14457,9,673,54
p120-f100-h6,historical_shares,14457,10,629,121
p120-f100-h6,historical_shares,14457,10,631,12
p120-f100-h6,historical_shares,14457,10,673,43
p120-f100-h6,historical_shares,14457,11,629,109
p120-f100-h6,historical_shares,14457,11,631,11
p120-f100-h6,historical_shares,14457,11,673,38
p120-f100-h6,historical_shares,14457,12,629,137
p120-f100-h6,historical_shares,14457,12,631,14
p120-f100-h6,historical_shares,14457,12,673,48
p120-f100-h6,historical_shares,11122,1,629,168
p120-f100-h6,historical_shares,11122,1,631,11
p120-f100-h6,historical_shares,11122,1,673,5
p120-f100-h6,historical_shares,11122,2,629,153
p120-f100-h6,historical_shares,11122,2,631,10
p120-f100-h6,historical_shares,11122,2,673,5
p120-f100-h6,historical_shares,11122,3,629,170
p120-f100-h6,historical_shares,11122,3,631,11
p120-f100-h6,historical_shares,11122,3,673,5
p120-f100-h6,historical_shares,11122,4,629,162
p120-f100-h6,historical_shares,11122,4,631,11
p120-f100-h6,historical_shares,11122,4,673,5
p120-f100-h6,historical_shares,11122,5,629,188
p120-f100-h6,historical_shares,11122,5,631,12
p120-f100-h6,historical_shares,11122,5,673,6
p120-f100-h6,historical_shares,11122,6,629,205
p120-f100-h6,historical_shares,11122,6,631,13
p120-f100-h6,historical_shares,11122,6,673,7
p120-f100-h6,historical_shares,11122,7,629,203
p120-f100-h6,historical_shares,11122,7,631,13
p120-f100-h6,historical_shares,11122,7,673,7
p120-f100-h6,historical_shares,11122,8,629,199
p120-f100-h6,historical_shares,11122,8,631,13
p120-f100-h6,historical_shares,11122,8,673,6
p120-f100-h6,historical_shares,11122,9,629,193
p120-f100-h6,historical_shares,11122,9,631,12
p120-f100-h6,historical_shares,11122,9,673,6
p120-f100-h6,historical_shares,11122,10,629,200
p120-f100-h6,historical_shares,11122,10,631,13
p120-f100-h6,historical_shares,11122,10,673,6
p120-f100-h6,historical_shares,11122,11,629,186
p120-f100-h6,historical_shares,11122,11,631,12
p120-f100-h6,historical_shares,11122,11,673,6
p120-f100-h6,historical_shares,11122,12,629,198
p120-f100-h6,historical_shares,11122,12,631,13
p120-f100-h6,historical_shares,11122,12,673,6
p120-f100-h6,historical_shares,13851,1,629,1
p120-f100-h6,historical_shares,13851,1,631,20
p120-f100-h6,historical_shares,13851,1,673,125
p120-f100-h6,historical_shares,13851,2,629,1
p120-f100-h6,historical_shares,13851,2,631,18
p120-f100-h6,historical_shares,13851,2,673,114
p120-f100-h6,historical_shares,13851,3,629,2
p120-f100-h6,historical_shares,13851,3,631,21
p120-f100-h6,historical_shares,13851,3,673,133
p120-f100-h6,historical_shares,13851,4,629,1
p120-f100-h6,historical_shares,13851,4,631,21
p120-f100-h6,historical_shares,13851,4,673,132
p120-f100-h6,historical_shares,13851,5,629,2
p120-f100-h6,historical_shares,13851,5,631,24
p120-f100-h6,historical_shares,13851,5,673,150
p120-f100-h6,historical_shares,13851,6,629,2
p120-f100-h6,historical_shares,13851,6,631,22
p120-f100-h6,historical_shares,13851,6,673,144
p120-f100-h6,historical_shares,13851,7,629,2
p120-f100-h6,historical_shares,13851,7,631,22
p120-f100-h6,historical_shares,13851,7,673,142
p120-f100-h6,historical_shares,13851,8,629,2
p120-f100-h6,historical_shares,13851,8,631,21
p120-f100-h6,historical_shares,13851,8,673,137
p120-f100-h6,historical_shares,13851,9,629,1
p120-f100-h6,historical_shares,13851,9,631,20
p120-f100-h6,historical_shares,13851,9,673,125
p120-f100-h6,historical_shares,13851,10,629,1
p120-f100-h6,historical_shares,13851,10,631,15
p120-f100-h6,historical_shares,13851,10,673,98
p120-f100-h6,historical_shares,13851,11,629,1
p120-f100-h6,historical_shares,13851,11,631,12
p120-f100-h6,historical_shares,13851,11,673,77
p120-f100-h6,historical_shares,13851,12,629,1
p120-f100-h6,historical_shares,13851,12,631,13
p120-f100-h6,historical_shares,13851,12,673,81
p120-f100-h6,historical_shares,12280,1,629,48
p120-f100-h6,historical_shares,12280,1,631,43
p120-f100-h6,historical_shares,12280,1,673,33
p120-f100-h6,historical_shares,12280,2,629,44
p120-f100-h6,historical_shares,12280,2,631,39
p120-f100-h6,historical_shares,12280,2,673,31
p120-f100-h6,historical_shares,12280,3,629,50
p120-f100-h6,historical_shares,12280,3,631,44
p120-f100-h6,historical_shares,12280,3,673,35
p120-f100-h6,historical_shares,12280,4,629,51
p120-f100-h6,historical_shares,12280,4,631,44
p120-f100-h6,historical_shares,12280,4,673,35
p120-f100-h6,historical_shares,12280,5,629,61
p120-f100-h6,historical_shares,12280,5,631,54
p120-f100-h6,historical_shares,12280,5,673,42
p120-f100-h6,historical_shares,12280,6,629,63
p120-f100-h6,historical_shares,12280,6,631,56
p120-f100-h6,historical_shares,12280,6,673,44
p120-f100-h6,historical_shares,12280,7,629,72
p120-f100-h6,historical_shares,12280,7,631,63
p120-f100-h6,historical_shares,12280,7,673,50
p120-f100-h6,historical_shares,12280,8,629,72
p120-f100-h6,historical_shares,12280,8,631,64
p120-f100-h6,historical_shares,12280,8,673,50
p120-f100-h6,historical_shares,12280,9,629,69
p120-f100-h6,historical_shares,12280,9,631,60
p120-f100-h6,historical_shares,12280,9,673,47
p120-f100-h6,historical_shares,12280,10,629,62
p120-f100-h6,historical_shares,12280,10,631,55
p120-f100-h6,historical_shares,12280,10,673,43
p120-f100-h6,historical_shares,12280,11,629,55
p120-f100-h6,historical_shares,12280,11,631,48
p120-f100-h6,historical_shares,12280,11,673,37
p120-f100-h6,historical_shares,12280,12,629,44
p120-f100-h6,historical_shares,12280,12,631,39
p120-f100-h6,historical_shares,12280,12,673,31
p120-f100-h6,historical_shares,14869,1,629,9
p120-f100-h6,historical_shares,14869,1,631,28
p120-f100-h6,historical_shares,14869,1,673,69
p120-f100-h6,historical_shares,14869,2,629,9
p120-f100-h6,historical_shares,14869,2,631,30
p120-f100-h6,historical_shares,14869,2,673,76
p120-f100-h6,historical_shares,14869,3,629,11
p120-f100-h6,historical_shares,14869,3,631,35
p120-f100-h6,historical_shares,14869,3,673,87
p120-f100-h6,historical_shares,14869,4,629,13
p120-f100-h6,historical_shares,14869,4,631,41
p120-f100-h6,historical_shares,14869,4,673,102
p120-f100-h6,historical_shares,14869,5,629,11
p120-f100-h6,historical_shares,14869,5,631,34
p120-f100-h6,historical_shares,14869,5,673,87
p120-f100-h6,historical_shares,14869,6,629,8
p120-f100-h6,historical_shares,14869,6,631,27
p120-f100-h6,historical_shares,14869,6,673,66
p120-f100-h6,historical_shares,14869,7,629,9
p120-f100-h6,historical_shares,14869,7,631,28
p120-f100-h6,historical_shares,14869,7,673,69
p120-f100-h6,historical_shares,14869,8,629,10
p120-f100-h6,historical_shares,14869,8,631,31
p120-f100-h6,historical_shares,14869,8,673,79
p120-f100-h6,historical_shares,14869,9,629,13
p120-f100-h6,historical_shares,14869,9,631,40
p120-f100-h6,historical_shares,14869,9,673,102
p120-f100-h6,historical_shares,14869,10,629,11
p120-f100-h6,historical_shares,14869,10,631,35
p120-f100-h6,historical_shares,14869,10,673,88
p120-f100-h6,historical_shares,14869,11,629,9
p120-f100-h6,historical_shares,14869,11,631,30
p120-f100-h6,historical_shares,14869,11,673,76
p120-f100-h6,historical_shares,14869,12,629,9
p120-f100-h6,historical_shares,14869,12,631,27
p120-f100-h6,historical_shares,14869,12,673,69
p120-f100-h6,historical_shares,14783,1,629,10
p120-f100-h6,historical_shares,14783,1,631,22
p120-f100-h6,historical_shares,14783,1,673,63
p120-f100-h6,historical_shares,14783,2,629,10
p120-f100-h6,historical_shares,14783,2,631,23
p120-f100-h6,historical_shares,14783,2,673,64
p120-f100-h6,historical_shares,14783,3,629,12
p120-f100-h6,historical_shares,14783,3,631,29
p120-f100-h6,historical_shares,14783,3,673,81
p120-f100-h6,historical_shares,14783,4,629,10
p120-f100-h6,historical_shares,14783,4,631,23
p120-f100-h6,historical_shares,14783,4,673,65
p120-f100-h6,historical_shares,14783,5,629,14
p120-f100-h6,historical_shares,14783,5,631,32
p120-f100-h6,historical_shares,14783,5,673,90
p120-f100-h6,historical_shares,14783,6,629,14
p120-f100-h6,historical_shares,14783,6,631,32
p120-f100-h6,historical_shares,14783,6,673,92
p120-f100-h6,historical_shares,14783,7,629,15
p120-f100-h6,historical_shares,14783,7,631,34
p120-f100-h6,historical_shares,14783,7,673,96
p120-f100-h6,historical_shares,14783,8,629,15
p120-f100-h6,historical_shares,14783,8,631,34
p120-f100-h6,historical_shares,14783,8,673,97
p120-f100-h6,historical_shares,14783,9,629,15
p120-f100-h6,historical_shares,14783,9,631,33
p120-f100-h6,historical_shares,14783,9,673,93
p120-f100-h6,historical_shares,14783,10,629,14
p120-f100-h6,historical_shares,14783,10,631,32
p120-f100-h6,historical_shares,14783,10,673,89
p120-f100-h6,historical_shares,14783,11,629,10
p120-f100-h6,historical_shares,14783,11,631,23
p120-f100-h6,historical_shares,14783,11,673,66
p120-f100-h6,historical_shares,14783,12,629,11
p120-f100-h6,historical_shares,14783,12,631,25
p120-f100-h6,historical_shares,14783,12,673,69
p120-f100-h8,optimized,11109,1,629,0
p120-f100-h8,optimized,11109,1,631,285
p120-f100-h8,optimized,11109,1,673,0
p120-f100-h8,optimized,11109,2,629,0
p120-f100-h8,optimized,11109,2,631,261
p120-f100-h8,optimized,11109,2,673,0
p120-f100-h8,optimized,11109,3,629,0
p120-f100-h8,optimized,11109,3,631,296
p120-f100-h8,optimized,11109,3,673,0
p120-f100-h8,optimized,11109,4,629,0
p120-f100-h8,optimized,11109,4,631,287
p120-f100-h8,optimized,11109,4,673,0
p120-f100-h8,optimized,11109,5,629,0
p120-f100-h8,optimized,11109,5,631,318
p120-f100-h8,optimized,11109,5,673,0
p120-f100-h8,optimized,11109,6,629,0
p120-f100-h8,optimized,11109,6,631,323
p120-f100-h8,optimized,11109,6,673,0
p120-f100-h8,optimized,11109,7,629,0
p120-f100-h8,optimized,11109,7,631,348
p120-f100-h8,optimized,11109,7,673,0
p120-f100-h8,optimized,11109,8,629,0
p120-f100-h8,optimized,11109,8,631,335
p120-f100-h8,optimized,11109,8,673,0
p120-f100-h8,optimized,11109,9,629,0
p120-f100-h8,optimized,11109,9,631,305
p120-f100-h8,optimized,11109,9,673,0
p120-f100-h8,optimized,11109,10,629,0
p120-f100-h8,optimized,11109,10,631,304
p120-f100-h8,optimized,11109,10,673,0
p120-f100-h8,optimized,11109,11,629,0
p120-f100-h8,optimized,11109,11,631,249
p120-f100-h8,optimized,11109,11,673,0
p120-f100-h8,optimized,11109,12,629,0
p120-f100-h8,optimized,11109,12,631,332
p120-f100-h8,optimized,11109,12,673,0
p120-f100-h8,optimized,10372,1,631,0
p120-f100-h8,optimized,10372,1,673,286
p120-f100-h8,optimized,10372,2,631,0
p120-f100-h8,optimized,10372,2,673,240
p120-f100-h8,optimized,10372,3,631,0
p120-f100-h8,optimized,10372,3,673,281
p120-f100-h8,optimized,10372,4,631,0
p120-f100-h8,optimized,10372,4,673,241
p120-f100-h8,optimized,10372,5,631,0
p120-f100-h8,optimized,10372,5,673,35
p120-f100-h8,optimized,10372,6,631,0
p120-f100-h8,optimized,10372,6,673,232
p120-f100-h8,optimized,10372,7,631,0
p120-f100-h8,optimized,10372,7,673,244
p120-f100-h8,optimized,10372,8,631,0
p120-f100-h8,optimized,10372,8,673,251
p120-f100-h8,optimized,10372,9,631,45
p120-f100-h8,optimized,10372,9,673,182
p120-f100-h8,optimized,10372,10,631,0
p120-f100-h8,optimized,10372,10,673,216
p120-f100-h8,optimized,10372,11,631,0
p120-f100-h8,optimized,10372,11,673,172
p120-f100-h8,optimized,10372,12,631,0
p120-f100-h8,optimized,10372,12,673,265
p120-f100-h8,optimized,14457,1,629,0
p120-f100-h8,optimized,14457,1,631,172
p120-f100-h8,optimized,14457,1,673,0
p120-f100-h8,optimized,14457,2,629,0
p120-f100-h8,optimized,14457,2,631,157
p120-f100-h8,optimized,14457,2,673,0
p120-f100-h8,optimized,14457,3,629,0
p120-f100-h8,optimized,14457,3,631,210
p120-f100-h8,optimized,14457,3,673,0
p120-f100-h8,optimized,14457,4,629,0
p120-f100-h8,optimized,14457,4,631,211
p120-f100-h8,optimized,14457,4,673,0
p120-f100-h8,optimized,14457,5,629,0
p120-f100-h8,optimized,14457,5,631,189
p120-f100-h8,optimized,14457,5,673,0
p120-f100-h8,optimized,14457,6,629,0
p120-f100-h8,optimized,14457,6,631,214
p120-f100-h8,optimized,14457,6,673,0
p120-f100-h8,optimized,14457,7,629,0
p120-f100-h8,optimized,14457,7,631,208
p120-f100-h8,optimized,14457,7,673,0
p120-f100-h8,optimized,14457,8,629,0
p120-f100-h8,optimized,14457,8,631,213
p120-f100-h8,optimized,14457,8,673,0
p120-f100-h8,optimized,14457,9,629,0
p120-f100-h8,optimized,14457,9,631,197
p120-f100-h8,optimized,14457,9,673,0
p120-f100-h8,optimized,14457,10,629,0
p120-f100-h8,optimized,14457,10,631,176
p120-f100-h8,optimized,14457,10,673,0
p120-f100-h8,optimized,14457,11,629,0
p120-f100-h8,optimized,14457,11,631,158
p120-f100-h8,optimized,14457,11,673,0
p120-f100-h8,optimized,14457,12,629,0
p120-f100-h8,optimized,14457,12,631,184
p120-f100-h8,optimized,14457,12,673,0
p120-f100-h8,optimized,11122,1,629,0
p120-f100-h8,optimized,11122,1,631,184
p120-f100-h8,optimized,11122,1,673,0
p120-f100-h8,optimized,11122,2,629,0
p120-f100-h8,optimized,11122,2,631,168
p120-f100-h8,optimized,11122,2,673,0
p120-f100-h8,optimized,11122,3,629,0
p120-f100-h8,optimized,11122,3,631,185
p120-f100-h8,optimized,11122,3,673,0
p120-f100-h8,optimized,11122,4,629,0
p120-f100-h8,optimized,11122,4,631,178
p120-f100-h8,optimized,11122,4,673,0
p120-f100-h8,optimized,11122,5,629,0
p120-f100-h8,optimized,11122,5,631,198
p120-f100-h8,optimized,11122,5,673,0
p120-f100-h8,optimized,11122,6,629,0
p120-f100-h8,optimized,11122,6,631,213
p120-f100-h8,optimized,11122,6,673,0
p120-f100-h8,optimized,11122,7,629,0
p120-f100-h8,optimized,11122,7,631,212
p120-f100-h8,optimized,11122,7,673,0
p120-f100-h8,optimized,11122,8,629,0
p120-f100-h8,optimized,11122,8,631,215
p120-f100-h8,optimized,11122,8,673,0
p120-f100-h8,optimized,11122,9,629,0
p120-f100-h8,optimized,11122,9,631,211
p120-f100-h8,optimized,11122,9,673,0
p120-f100-h8,optimized,11122,10,629,0
p120-f100-h8,optimized,11122,10,631,216
p120-f100-h8,optimized,11122,10,673,0
p120-f100-h8,optimized,11122,11,629,0
p120-f100-h8,optimized,11122,11,631,204
p120-f100-h8,optimized,11122,11,673,0
p120-f100-h8,optimized,11122,12,629,0
p120-f100-h8,optimized,11122,12,631,217
p120-f100-h8,optimized,11122,12,673,0
p120-f100-h8,optimized,13851,1,629,0
p120-f100-h8,optimized,13851,1,631,5
p120-f100-h8,optimized,13851,1,673,139
p120-f100-h8,optimized,13851,2,629,0
p120-f100-h8,optimized,13851,2,631,133
p120-f100-h8,optimized,13851,2,673,0
p120-f100-h8,optimized,13851,3,629,0
p120-f100-h8,optimized,13851,3,631,156
p120-f100-h8,optimized,13851,3,673,0
p120-f100-h8,optimized,13851,4,629,0
p120-f100-h8,optimized,13851,4,631,154
p120-f100-h8,optimized,13851,4,673,0
p120-f100-h8,optimized,13851,5,629,0
p120-f100-h8,optimized,13851,5,631,6
p120-f100-h8,optimized,13851,5,673,168
p120-f100-h8,optimized,13851,6,629,0
p120-f100-h8,optimized,13851,6,631,6
p120-f100-h8,optimized,13851,6,673,160
p120-f100-h8,optimized,13851,7,629,0
p120-f100-h8,optimized,13851,7,631,9
p120-f100-h8,optimized,13851,7,673,155
p120-f100-h8,optimized,13851,8,629,0
p120-f100-h8,optimized,13851,8,631,9
p120-f100-h8,optimized,13851,8,673,149
p120-f100-h8,optimized,13851,9,629,0
p120-f100-h8,optimized,13851,9,631,19
p120-f100-h8,optimized,13851,9,673,126
p120-f100-h8,optimized,13851,10,629,0
p120-f100-h8,optimized,13851,10,631,3
p120-f100-h8,optimized,13851,10,673,110
p120-f100-h8,optimized,13851,11,629,0
p120-f100-h8,optimized,13851,11,631,90
p120-f100-h8,optimized,13851,11,673,0
p120-f100-h8,optimized,13851,12,629,0
p120-f100-h8,optimized,13851,12,631,46
p120-f100-h8,optimized,13851,12,673,49
p120-f100-h8,optimized,12280,1,629,0
p120-f100-h8,optimized,12280,1,631,122
p120-f100-h8,optimized,12280,1,673,0
p120-f100-h8,optimized,12280,2,629,0
p120-f100-h8,optimized,12280,2,631,110
p120-f100-h8,optimized,12280,2,673,0
p120-f100-h8,optimized,12280,3,629,0
p120-f100-h8,optimized,12280,3,631,124
p120-f100-h8,optimized,12280,3,673,0
p120-f100-h8,optimized,12280,4,629,0
p120-f100-h8,optimized,12280,4,631,119
p120-f100-h8,optimized,12280,4,673,0
p120-f100-h8,optimized,12280,5,629,0
p120-f100-h8,optimized,12280,5,631,153
p120-f100-h8,optimized,12280,5,673,0
p120-f100-h8,optimized,12280,6,629,0
p120-f100-h8,optimized,12280,6,631,156
p120-f100-h8,optimized,12280,6,673,0
p120-f100-h8,optimized,12280,7,629,0
p120-f100-h8,optimized,12280,7,631,183
p120-f100-h8,optimized,12280,7,673,0
p120-f100-h8,optimized,12280,8,629,0
p120-f100-h8,optimized,12280,8,631,178
p120-f100-h8,optimized,12280,8,673,0
p120-f100-h8,optimized,12280,9,629,0
p120-f100-h8,optimized,12280,9,631,164
p120-f100-h8,optimized,12280,9,673,0
p120-f100-h8,optimized,12280,10,629,0
p120-f100-h8,optimized,12280,10,631,146
p120-f100-h8,optimized,12280,10,673,0
p120-f100-h8,optimized,12280,11,629,0
p120-f100-h8,optimized,12280,11,631,7
p120-f100-h8,optimized,12280,11,673,113
p120-f100-h8,optimized,12280,12,629,0
p120-f100-h8,optimized,12280,12,631,10
p120-f100-h8,optimized,12280,12,673,88
p120-f100-h8,optimized,14869,1,629,0
p120-f100-h8,optimized,14869,1,631,106
p120-f100-h8,optimized,14869,1,673,0
p120-f100-h8,optimized,14869,2,629,0
p120-f100-h8,optimized,14869,2,631,100
p120-f100-h8,optimized,14869,2,673,15
p120-f100-h8,optimized,14869,3,629,0
p120-f100-h8,optimized,14869,3,631,64
p120-f100-h8,optimized,14869,3,673,69
p120-f100-h8,optimized,14869,4,629,0
p120-f100-h8,optimized,14869,4,631,23
p120-f100-h8,optimized,14869,4,673,128
p120-f100-h8,optimized,14869,5,629,0
p120-f100-h8,optimized,14869,5,631,8
p120-f100-h8,optimized,14869,5,673,119
p120-f100-h8,optimized,14869,6,629,0
p120-f100-h8,optimized,14869,6,631,80
p120-f100-h8,optimized,14869,6,673,20
p120-f100-h8,optimized,14869,7,629,0
p120-f100-h8,optimized,14869,7,631,34
p120-f100-h8,optimized,14869,7,673,69
p120-f100-h8,optimized,14869,8,629,0
p120-f100-h8,optimized,14869,8,631,115
p120-f100-h8,optimized,14869,8,673,5
p120-f100-h8,optimized,14869,9,629,0
p120-f100-h8,optimized,14869,9,631,2
p120-f100-h8,optimized,14869,9,673,147
p120-f100-h8,optimized,14869,10,629,0
p120-f100-h8,optimized,14869,10,631,2
p120-f100-h8,optimized,14869,10,673,127
p120-f100-h8,optimized,14869,11,629,0
p120-f100-h8,optimized,14869,11,631,21
p120-f100-h8,optimized,14869,11,673,90
p120-f100-h8,optimized,14869,12,629,0
p120-f100-h8,optimized,14869,12,631,50
p120-f100-h8,optimized,14869,12,673,53
p120-f100-h8,optimized,14783,1,629,0
p120-f100-h8,optimized,14783,1,631,95
p120-f100-h8,optimized,14783,1,673,0
p120-f100-h8,optimized,14783,2,629,0
p120-f100-h8,optimized,14783,2,631,0
p120-f100-h8,optimized,14783,2,673,97
p120-f100-h8,optimized,14783,3,629,0
p120-f100-h8,optimized,14783,3,631,0
p120-f100-h8,optimized,14783,3,673,122
p120-f100-h8,optimized,14783,4,629,0
p120-f100-h8,optimized,14783,4,631,11
p120-f100-h8,optimized,14783,4,673,83
p120-f100-h8,optimized,14783,5,629,0
p120-f100-h8,optimized,14783,5,631,52
p120-f100-h8,optimized,14783,5,673,80
p120-f100-h8,optimized,14783,6,629,0
p120-f100-h8,optimized,14783,6,631,20
p120-f100-h8,optimized,14783,6,673,113
p120-f100-h8,optimized,14783,7,629,0
p120-f100-h8,optimized,14783,7,631,38
p120-f100-h8,optimized,14783,7,673,102
p120-f100-h8,optimized,14783,8,629,0
p120-f100-h8,optimized,14783,8,631,0
p120-f100-h8,optimized,14783,8,673,141
p120-f100-h8,optimized,14783,9,629,0
p120-f100-h8,optimized,14783,9,631,23
p120-f100-h8,optimized,14783,9,673,113
p120-f100-h8,optimized,14783,10,629,0
p120-f100-h8,optimized,14783,10,631,39
p120-f100-h8,optimized,14783,10,673,91
p120-f100-h8,optimized,14783,11,629,0
p120-f100-h8,optimized,14783,11,631,15
p120-f100-h8,optimized,14783,11,673,80
p120-f100-h8,optimized,14783,12,629,0
p120-f100-h8,optimized,14783,12,631,55
p120-f100-h8,optimized,14783,12,673,47
p120-f100-h8,historical_shares,11109,1,629,220
p120-f100-h8,historical_shares,11109,1,631,17
p120-f100-h8,historical_shares,11109,1,673,48
p120-f100-h8,historical_shares,11109,2,629,201
p120-f100-h8,historical_shares,11109,2,631,15
p120-f100-h8,historical_shares,11109,2,673,45
p120-f100-h8,historical_shares,11109,3,629,228
p120-f100-h8,historical_shares,11109,3,631,17
p120-f100-h8,historical_shares,11109,3,673,51
p120-f100-h8,historical_shares,11109,4,629,221
p120-f100-h8,historical_shares,11109,4,631,17
p120-f100-h8,historical_shares,11109,4,673,49
p120-f100-h8,historical_shares,11109,5,629,245
p120-f100-h8,historical_shares,11109,5,631,19
p120-f100-h8,historical_shares,11109,5,673,54
p120-f100-h8,historical_shares,11109,6,629,249
p120-f100-h8,historical_shares,11109,6,631,19
p120-f100-h8,historical_shares,11109,6,673,55
p120-f100-h8,historical_shares,11109,7,629,268
p120-f100-h8,historical_shares,11109,7,631,21
p120-f100-h8,historical_shares,11109,7,673,59
p120-f100-h8,historical_shares,11109,8,629,258
p120-f100-h8,historical_shares,11109,8,631,20
p120-f100-h8,historical_shares,11109,8,673,57
p120-f100-h8,historical_shares,11109,9,629,237
p120-f100-h8,historical_shares,11109,9,631,18
p120-f100-h8,historical_shares,11109,9,673,52
p120-f100-h8,historical_shares,11109,10,629,234
p120-f100-h8,historical_shares,11109,10,631,18
p120-f100-h8,historical_shares,11109,10,673,52
p120-f100-h8,historical_shares,11109,11,629,192
p120-f100-h8,historical_shares,11109,11,631,15
p120-f100-h8,historical_shares,11109,11,673,42
p120-f100-h8,historical_shares,11109,12,629,263
p120-f100-h8,historical_shares,11109,12,631,20
p120-f100-h8,historical_shares,11109,12,673,58
p120-f100-h8,historical_shares,10372,1,631,27
p120-f100-h8,historical_shares,10372,1,673,259
p120-f100-h8,historical_shares,10372,2,631,23
p120-f100-h8,historical_shares,10372,2,673,217
p120-f100-h8,historical_shares,10372,3,631,27
p120-f100-h8,historical_shares,10372,3,673,254
p120-f100-h8,historical_shares,10372,4,631,23
p120-f100-h8,historical_shares,10372,4,673,218
p120-f100-h8,historical_shares,10372,5,631,3
p120-f100-h8,historical_shares,10372,5,673,32
p120-f100-h8,historical_shares,10372,6,631,22
p120-f100-h8,historical_shares,10372,6,673,210
p120-f100-h8,historical_shares,10372,7,631,23
p120-f100-h8,historical_shares,10372,7,673,221
p120-f100-h8,historical_shares,10372,8,631,24
p120-f100-h8,historical_shares,10372,8,673,228
p120-f100-h8,historical_shares,10372,9,631,22
p120-f100-h8,historical_shares,10372,9,673,205
p120-f100-h8,historical_shares,10372,10,631,21
p120-f100-h8,historical_shares,10372,10,673,195
p120-f100-h8,historical_shares,10372,11,631,17
p120-f100-h8,historical_shares,10372,11,673,155
p120-f100-h8,historical_shares,10372,12,631,25
p120-f100-h8,historical_shares,10372,12,673,240
p120-f100-h8,historical_shares,14457,1,629,125
p120-f100-h8,historical_shares,14457,1,631,13
p120-f100-h8,historical_shares,14457,1,673,44
p120-f100-h8,historical_shares,14457,2,629,108
p120-f100-h8,historical_shares,14457,2,631,11
p120-f100-h8,historical_shares,14457,2,673,38
p120-f100-h8,historical_shares,14457,3,629,145
p120-f100-h8,historical_shares,14457,3,631,14
p120-f100-h8,historical_shares,14457,3,673,51
p120-f100-h8,historical_shares,14457,4,629,154
p120-f100-h8,historical_shares,14457,4,631,16
p120-f100-h8,historical_shares,14457,4,673,54
p120-f100-h8,historical_shares,14457,5,629,143
p120-f100-h8,historical_shares,14457,5,631,15
p120-f100-h8,historical_shares,14457,5,673,50
p120-f100-h8,historical_shares,14457,6,629,161
p120-f100-h8,historical_shares,14457,6,631,16
p120-f100-h8,historical_shares,14457,6,673,57
p120-f100-h8,historical_shares,14457,7,629,158
p120-f100-h8,historical_shares,14457,7,631,16
p120-f100-h8,historical_shares,14457,7,673,56
p120-f100-h8,historical_shares,14457,8,629,162
p120-f100-h8,historical_shares,14457,8,631,16
p120-f100-h8,historical_shares,14457,8,673,57
p120-f100-h8,historical_shares,14457,9,629,155
p120-f100-h8,historical_shares,14457,9,631,16
p120-f100-h8,historical_shares,14457,9,673,54
p120-f100-h8,historical_shares,14457,10,629,121
p120-f100-h8,historical_shares,14457,10,631,12
p120-f100-h8,historical_shares,14457,10,673,43
p120-f100-h8,historical_shares,14457,11,629,109
p120-f100-h8,historical_shares,14457,11,631,11
p120-f100-h8,historical_shares,14457,11,673,38
p120-f100-h8,historical_shares,14457,12,629,137
p120-f100-h8,historical_shares,14457,12,631,14
p120-f100-h8,historical_shares,14457,12,673,48
p120-f100-h8,historical_shares,11122,1,629,168
p120-f100-h8,historical_shares,11122,1,631,11
p120-f100-h8,historical_shares,11122,1,673,5
p120-f100-h8,historical_shares,11122,2,629,153
p120-f100-h8,historical_shares,11122,2,631,10
p120-f100-h8,historical_shares,11122,2,673,5
p120-f100-h8,historical_shares,11122,3,629,170
p120-f100-h8,historical_shares,11122,3,631,11
p120-f100-h8,historical_shares,11122,3,673,5
p120-f100-h8,historical_shares,11122,4,629,162
p120-f100-h8,historical_shares,11122,4,631,11
p120-f100-h8,historical_shares,11122,4,673,5
p120-f100-h8,historical_shares,11122,5,629,188
p120-f100-h8,historical_shares,11122,5,631,12
p120-f100-h8,historical_shares,11122,5,673,6
p120-f100-h8,historical_shares,11122,6,629,205
p120-f100-h8,historical_shares,11122,6,631,13
p120-f100-h8,historical_shares,11122,6,673,7
p120-f100-h8,historical_shares,11122,7,629,203
p120-f100-h8,historical_shares,11122,7,631,13
p120-f100-h8,historical_shares,11122,7,673,7
p120-f100-h8,historical_shares,11122,8,629,199
p120-f100-h8,historical_shares,11122,8,631,13
p120-f100-h8,historical_shares,11122,8,673,6
p120-f100-h8,historical_shares,11122,9,629,193
p120-f100-h8,historical_shares,11122,9,631,12
p120-f100-h8,historical_shares,11122,9,673,6
p120-f100-h8,historical_shares,11122,10,629,200
p120-f100-h8,historical_shares,11122,10,631,13
p120-f100-h8,historical_shares,11122,10,673,6
p120-f100-h8,historical_shares,11122,11,629,186
p120-f100-h8,historical_shares,11122,11,631,12
p120-f100-h8,historical_shares,11122,11,673,6
p120-f100-h8,historical_shares,11122,12,629,198
p120-f100-h8,historical_shares,11122,12,631,13
p120-f100-h8,historical_shares,11122,12,673,6
p120-f100-h8,historical_shares,13851,1,629,1
p120-f100-h8,historical_shares,13851,1,631,20
p120-f100-h8,historical_shares,13851,1,673,125
p120-f100-h8,historical_shares,13851,2,629,1
p120-f100-h8,historical_shares,13851,2,631,18
p120-f100-h8,historical_shares,13851,2,673,114
p120-f100-h8,historical_shares,13851,3,629,2
p120-f100-h8,historical_shares,13851,3,631,21
p120-f100-h8,historical_shares,13851,3,673,133
p120-f100-h8,historical_shares,13851,4,629,1
p120-f100-h8,historical_shares,13851,4,631,21
p120-f100-h8,historical_shares,13851,4,673,132
p120-f100-h8,historical_shares,13851,5,629,2
p120-f100-h8,historical_shares,13851,5,631,24
p120-f100-h8,historical_shares,13851,5,673,150
p120-f100-h8,historical_shares,13851,6,629,2
p120-f100-h8,historical_shares,13851,6,631,22
p120-f100-h8,historical_shares,13851,6,673,144
p120-f100-h8,historical_shares,13851,7,629,2
p120-f100-h8,historical_shares,13851,7,631,22
p120-f100-h8,historical_shares,13851,7,673,142
p120-f100-h8,historical_shares,13851,8,629,2
p120-f100-h8,historical_shares,13851,8,631,21
p120-f100-h8,historical_shares,13851,8,673,137
p120-f100-h8,historical_shares,13851,9,629,1
p120-f100-h8,historical_shares,13851,9,631,20
p120-f100-h8,historical_shares,13851,9,673,125
p120-f100-h8,historical_shares,13851,10,629,1
p120-f100-h8,historical_shares,13851,10,631,15
p120-f100-h8,historical_shares,13851,10,673,98
p120-f100-h8,historical_shares,13851,11,629,1
p120-f100-h8,historical_shares,13851,11,631,12
p120-f100-h8,historical_shares,13851,11,673,77
p120-f100-h8,historical_shares,13851,12,629,1
p120-f100-h8,historical_shares,13851,12,631,13
p120-f100-h8,historical_shares,13851,12,673,81
p120-f100-h8,historical_shares,12280,1,629,48
p120-f100-h8,historical_shares,12280,1,631,43
p120-f100-h8,historical_shares,12280,1,673,33
p120-f100-h8,historical_shares,12280,2,629,44
p120-f100-h8,historical_shares,12280,2,631,39
p120-f100-h8,historical_shares,12280,2,673,31
p120-f100-h8,historical_shares,12280,3,629,50
p120-f100-h8,historical_shares,12280,3,631,44
p120-f100-h8,historical_shares,12280,3,673,35
p120-f100-h8,historical_shares,12280,4,629,51
p120-f100-h8,historical_shares,12280,4,631,44
p120-f100-h8,historical_shares,12280,4,673,35
p120-f100-h8,historical_shares,12280,5,629,61
p120-f100-h8,historical_shares,12280,5,631,54
p120-f100-h8,historical_shares,12280,5,673,42
p120-f100-h8,historical_shares,12280,6,629,63
p120-f100-h8,historical_shares,12280,6,631,56
p120-f100-h8,historical_shares,12280,6,673,44
p120-f100-h8,historical_shares,12280,7,629,72
p120-f100-h8,historical_shares,12280,7,631,63
p120-f100-h8,historical_shares,12280,7,673,50
p120-f100-h8,historical_shares,12280,8,629,72
p120-f100-h8,historical_shares,12280,8,631,64
p120-f100-h8,historical_shares,12280,8,673,50
p120-f100-h8,historical_shares,12280,9,629,69
p120-f100-h8,historical_shares,12280,9,631,60
p120-f100-h8,historical_shares,12280,9,673,47
p120-f100-h8,historical_shares,12280,10,629,62
p120-f100-h8,historical_shares,12280,10,631,55
p120-f100-h8,historical_shares,12280,10,673,43
p120-f100-h8,historical_shares,12280,11,629,55
p120-f100-h8,historical_shares,12280,11,631,48
p120-f100-h8,historical_shares,12280,11,673,37
p120-f100-h8,historical_shares,12280,12,629,44
p120-f100-h8,historical_shares,12280,12,631,39
p120-f100-h8,historical_shares,12280,12,673,31
p120-f100-h8,historical_shares,14869,1,629,9
p120-f100-h8,historical_shares,14869,1,631,28
p120-f100-h8,historical_shares,14869,1,673,69
p120-f100-h8,historical_shares,14869,2,629,9
p120-f100-h8,historical_shares,14869,2,631,30
p120-f100-h8,historical_shares,14869,2,673,76
p120-f100-h8,historical_shares,14869,3,629,11
p120-f100-h8,historical_shares,14869,3,631,35
p120-f100-h8,historical_shares,14869,3,673,87
p120-f100-h8,historical_shares,14869,4,629,13
p120-f100-h8,historical_shares,14869,4,631,41
p120-f100-h8,historical_shares,14869,4,673,102
p120-f100-h8,historical_shares,14869,5,629,11
p120-f100-h8,historical_shares,14869,5,631,34
p120-f100-h8,historical_shares,14869,5,673,87
p120-f100-h8,historical_shares,14869,6,629,8
p120-f100-h8,historical_shares,14869,6,631,27
p120-f100-h8,historical_shares,14869,6,673,66
p120-f100-h8,historical_shares,14869,7,629,9
p120-f100-h8,historical_shares,14869,7,631,28
p120-f100-h8,historical_shares,14869,7,673,69
p120-f100-h8,historical_shares,14869,8,629,10
p120-f100-h8,historical_shares,14869,8,631,31
p120-f100-h8,historical_shares,14869,8,673,79
p120-f100-h8,historical_shares,14869,9,629,13
p120-f100-h8,historical_shares,14869,9,631,40
p120-f100-h8,historical_shares,14869,9,673,102
p120-f100-h8,historical_shares,14869,10,629,11
p120-f100-h8,historical_shares,14869,10,631,35
p120-f100-h8,historical_shares,14869,10,673,88
p120-f100-h8,historical_shares,14869,11,629,9
p120-f100-h8,historical_shares,14869,11,631,30
p120-f100-h8,historical_shares,14869,11,673,76
p120-f100-h8,historical_shares,14869,12,629,9
p120-f100-h8,historical_shares,14869,12,631,27
p120-f100-h8,historical_shares,14869,12,673,69
p120-f100-h8,historical_shares,14783,1,629,10
p120-f100-h8,historical_shares,14783,1,631,22
p120-f100-h8,historical_shares,14783,1,673,63
p120-f100-h8,historical_shares,14783,2,629,10
p120-f100-h8,historical_shares,14783,2,631,23
p120-f100-h8,historical_shares,14783,2,673,64
p120-f100-h8,historical_shares,14783,3,629,12
p120-f100-h8,historical_shares,14783,3,631,29
p120-f100-h8,historical_shares,14783,3,673,81
p120-f100-h8,historical_shares,14783,4,629,10
p120-f100-h8,historical_shares,14783,4,631,23
p120-f100-h8,historical_shares,14783,4,673,65
p120-f100-h8,historical_shares,14783,5,629,14
p120-f100-h8,historical_shares,14783,5,631,32
p120-f100-h8,historical_shares,14783,5,673,90
p120-f100-h8,historical_shares,14783,6,629,14
p120-f100-h8,historical_shares,14783,6,631,32
p120-f100-h8,historical_shares,14783,6,673,92
p120-f100-h8,historical_shares,14783,7,629,15
p120-f100-h8,historical_shares,14783,7,631,34
p120-f100-h8,historical_shares,14783,7,673,96
p120-f100-h8,historical_shares,14783,8,629,15
p120-f100-h8,historical_shares,14783,8,631,34
p120-f100-h8,historical_shares,14783,8,673,97
p120-f100-h8,historical_shares,14783,9,629,15
p120-f100-h8,historical_shares,14783,9,631,33
p120-f100-h8,historical_shares,14783,9,673,93
p120-f100-h8,historical_shares,14783,10,629,14
p120-f100-h8,historical_shares,14783,10,631,32
p120-f100-h8,historical_shares,14783,10,673,89
p120-f100-h8,historical_shares,14783,11,629,10
p120-f100-h8,historical_shares,14783,11,631,23
p120-f100-h8,historical_shares,14783,11,673,66
p120-f100-h8,historical_shares,14783,12,629,11
p120-f100-h8,historical_shares,14783,12,631,25
p120-f100-h8,historical_shares,14783,12,673,69
p120-f100-h10,optimized,11109,1,629,0
p120-f100-h10,optimized,11109,1,631,285
p120-f100-h10,optimized,11109,1,673,0
p120-f100-h10,optimized,11109,2,629,0
p120-f100-h10,optimized,11109,2,631,261
p120-f100-h10,optimized,11109,2,673,0
p120-f100-h10,optimized,11109,3,629,0
p120-f100-h10,optimized,11109,3,631,296
p120-f100-h10,optimized,11109,3,673,0
p120-f100-h10,optimized,11109,4,629,0
p120-f100-h10,optimized,11109,4,631,287
p120-f100-h10,optimized,11109,4,673,0
p120-f100-h10,optimized,11109,5,629,0
p120-f100-h10,optimized,11109,5,631,318
p120-f100-h10,optimized,11109,5,673,0
p120-f100-h10,optimized,11109,6,629,0
p120-f100-h10,optimized,11109,6,631,323
p120-f100-h10,optimized,11109,6,673,0
p120-f100-h10,optimized,11109,7,629,0
p120-f100-h10,optimized,11109,7,631,348
p120-f100-h10,optimized,11109,7,673,0
p120-f100-h10,optimized,11109,8,629,0
p120-f100-h10,optimized,11109,8,631,335
p120-f100-h10,optimized,11109,8,673,0
p120-f100-h10,optimized,11109,9,629,0
p120-f100-h10,optimized,11109,9,631,305
p120-f100-h10,optimized,11109,9,673,0
p120-f100-h10,optimized,11109,10,629,0
p120-f100-h10,optimized,11109,10,631,304
p120-f100-h10,optimized,11109,10,673,0
p120-f100-h10,optimized,11109,11,629,0
p120-f100-h10,optimized,11109,11,631,249
p120-f100-h10,optimized,11109,11,673,0
p120-f100-h10,optimized,11109,12,629,0
p120-f100-h10,optimized,11109,12,631,332
p120-f100-h10,optimized,11109,12,673,0
p120-f100-h10,optimized,10372,1,631,0
p120-f100-h10,optimized,10372,1,673,286
p120-f100-h10,optimized,10372,2,631,0
p120-f100-h10,optimized,10372,2,673,240
p120-f100-h10,optimized,10372,3,631,0
p120-f100-h10,optimized,10372,3,673,281
p120-f100-h10,optimized,10372,4,631,0
p120-f100-h10,optimized,10372,4,673,241
p120-f100-h10,optimized,10372,5,631,0
p120-f100-h10,optimized,10372,5,673,35
p120-f100-h10,optimized,10372,6,631,0
p120-f100-h10,optimized,10372,6,673,232
p120-f100-h10,optimized,10372,7,631,0
p120-f100-h10,optimized,10372,7,673,244
p120-f100-h10,optimized,10372,8,631,0
p120-f100-h10,optimized,10372,8,673,251
p120-f100-h10,optimized,10372,9,631,28
p120-f100-h10,optimized,10372,9,673,199
p120-f100-h10,optimized,10372,10,631,0
p120-f100-h10,optimized,10372,10,673,216
p120-f100-h10,optimized,10372,11,631,0
p120-f100-h10,optimized,10372,11,673,172
p120-f100-h10,optimized,10372,12,631,0
p120-f100-h10,optimized,10372,12,673,265
p120-f100-h10,optimized,14457,1,629,0
p120-f100-h10,optimized,14457,1,631,172
p120-f100-h10,optimized,14457,1,673,0
p120-f100-h10,optimized,14457,2,629,0
p120-f100-h10,optimized,14457,2,631,157
p120-f100-h10,optimized,14457,2,673,0
p120-f100-h10,optimized,14457,3,629,0
p120-f100-h10,optimized,14457,3,631,210
p120-f100-h10,optimized,14457,3,673,0
p120-f100-h10,optimized,14457,4,629,0
p120-f100-h10,optimized,14457,4,631,211
p120-f100-h10,optimized,14457,4,673,0
p120-f100-h10,optimized,14457,5,629,0
p120-f100-h10,optimized,14457,5,631,189
p120-f100-h10,optimized,14457,5,673,0
p120-f100-h10,optimized,14457,6,629,0
p120-f100-h10,optimized,14457,6,631,214
p120-f100-h10,optimized,14457,6,673,0
p120-f100-h10,optimized,14457,7,629,0
p120-f100-h10,optimized,14457,7,631,208
p120-f100-h10,optimized,14457,7,673,0
p120-f100-h10,optimized,14457,8,629,0
p120-f100-h10,optimized,14457,8,631,213
p120-f100-h10,optimized,14457,8,673,0
p120-f100-h10,optimized,14457,9,629,0
p120-f100-h10,optimized,14457,9,631,197
p120-f100-h10,optimized,14457,9,673,0
p120-f100-h10,optimized,14457,10,629,0
p120-f100-h10,optimized,14457,10,631,176
p120-f100-h10,optimized,14457,10,673,0
p120-f100-h10,optimized,14457,11,629,0
p120-f100-h10,optimized,14457,11,631,158
p120-f100-h10,optimized,14457,11,673,0
p120-f100-h10,optimized,14457,12,629,0
p120-f100-h10,optimized,14457,12,631,184
p120-f100-h10,optimized,14457,12,673,0
p120-f100-h10,optimized,11122,1,629,0
p120-f100-h10,optimized,11122,1,631,184
p120-f100-h10,optimized,11122,1,673,0
p120-f100-h10,optimized,11122,2,629,0
p120-f100-h10,optimized,11122,2,631,168
p120-f100-h10,optimized,11122,2,673,0
p120-f100-h10,optimized,11122,3,629,0
p120-f100-h10,optimized,11122,3,631,185
p120-f100-h10,optimized,11122,3,673,0
p120-f100-h10,optimized,11122,4,629,0
p120-f100-h10,optimized,11122,4,631,178
p120-f100-h10,optimized,11122,4,673,0
p120-f100-h10,optimized,11122,5,629,0
p120-f100-h10,optimized,11122,5,631,198
p120-f100-h10,optimized,11122,5,673,0
p120-f100-h10,optimized,11122,6,629,0
p120-f100-h10,optimized,11122,6,631,213
p120-f100-h10,optimized,11122,6,673,0
p120-f100-h10,optimized,11122,7,629,0
p120-f100-h10,optimized,11122,7,631,212
p120-f100-h10,optimized,11122,7,673,0
p120-f100-h10,optimized,11122,8,629,0
p120-f100-h10,optimized,11122,8,631,215
p120-f100-h10,optimized,11122,8,673,0
p120-f100-h10,optimized,11122,9,629,0
p120-f100-h10,optimized,11122,9,631,211
p120-f100-h10,optimized,11122,9,673,0
p120-f100-h10,optimized,11122,10,629,0
p120-f100-h10,optimized,11122,10,631,216
p120-f100-h10,optimized,11122,10,673,0
p120-f100-h10,optimized,11122,11,629,0
p120-f100-h10,optimized,11122,11,631,204
p120-f100-h10,optimized,11122,11,673,0
p120-f100-h10,optimized,11122,12,629,0
p120-f100-h10,optimized,11122,12,631,217
p120-f100-h10,optimized,11122,12,673,0
p120-f100-h10,optimized,13851,1,629,0
p120-f100-h10,optimized,13851,1,631,5
p120-f100-h10,optimized,13851,1,673,139
p120-f100-h10,optimized,13851,2,629,0
p120-f100-h10,optimized,13851,2,631,132
p120-f100-h10,optimized,13851,2,673,1
p120-f100-h10,optimized,13851,3,629,0
p120-f100-h10,optimized,13851,3,631,156
p120-f100-h10,optimized,13851,3,673,0
p120-f100-h10,optimized,13851,4,629,0
p120-f100-h10,optimized,13851,4,631,154
p120-f100-h10,optimized,13851,4,673,0
p120-f100-h10,optimized,13851,5,629,0
p120-f100-h10,optimized,13851,5,631,6
p120-f100-h10,optimized,13851,5,673,168
p120-f100-h10,optimized,13851,6,629,0
p120-f100-h10,optimized,13851,6,631,6
p120-f100-h10,optimized,13851,6,673,160
p120-f100-h10,optimized,13851,7,629,0
p120-f100-h10,optimized,13851,7,631,9
p120-f100-h10,optimized,13851,7,673,155
p120-f100-h10,optimized,13851,8,629,0
p120-f100-h10,optimized,13851,8,631,10
p120-f100-h10,optimized,13851,8,673,148
p120-f100-h10,optimized,13851,9,629,0
p120-f100-h10,optimized,13851,9,631,19
p120-f100-h10,optimized,13851,9,673,126
p120-f100-h10,optimized,13851,10,629,0
p120-f100-h10,optimized,13851,10,631,3
p120-f100-h10,optimized,13851,10,673,110
p120-f100-h10,optimized,13851,11,629,0
p120-f100-h10,optimized,13851,11,631,90
p120-f100-h10,optimized,13851,11,673,0
p120-f100-h10,optimized,13851,12,629,0
p120-f100-h10,optimized,13851,12,631,46
p120-f100-h10,optimized,13851,12,673,49
p120-f100-h10,optimized,12280,1,629,0
p120-f100-h10,optimized,12280,1,631,122
p120-f100-h10,optimized,12280,1,673,0
p120-f100-h10,optimized,12280,2,629,0
p120-f100-h10,optimized,12280,2,631,110
p120-f100-h10,optimized,12280,2,673,0
p120-f100-h10,optimized,12280,3,629,0
p120-f100-h10,optimized,12280,3,631,124
p120-f100-h10,optimized,12280,3,673,0
p120-f100-h10,optimized,12280,4,629,0
p120-f100-h10,optimized,12280,4,631,119
p120-f100-h10,optimized,12280,4,673,0
p120-f100-h10,optimized,12280,5,629,0
p120-f100-h10,optimized,12280,5,631,153
p120-f100-h10,optimized,12280,5,673,0
p120-f100-h10,optimized,12280,6,629,0
p120-f100-h10,optimized,12280,6,631,156
p120-f100-h10,optimized,12280,6,673,0
p120-f100-h10,optimized,12280,7,629,0
p120-f100-h10,optimized,12280,7,631,183
p120-f100-h10,optimized,12280,7,673,0
p120-f100-h10,optimized,12280,8,629,0
p120-f100-h10,optimized,12280,8,631,178
p120-f100-h10,optimized,12280,8,673,0
p120-f100-h10,optimized,12280,9,629,0
p120-f100-h10,optimized,12280,9,631,164
p120-f100-h10,optimized,12280,9,673,0
p120-f100-h10,optimized,12280,10,629,0
p120-f100-h10,optimized,12280,10,631,146
p120-f100-h10,optimized,12280,10,673,0
p120-f100-h10,optimized,12280,11,629,0
p120-f100-h10,optimized,12280,11,631,7
p120-f100-h10,optimized,12280,11,673,113
p120-f100-h10,optimized,12280,12,629,0
p120-f100-h10,optimized,12280,12,631,10
p120-f100-h10,optimized,12280,12,673,88
p120-f100-h10,optimized,14869,1,629,0
p120-f100-h10,optimized,14869,1,631,106
p120-f100-h10,optimized,14869,1,673,0
p120-f100-h10,optimized,14869,2,629,0
p120-f100-h10,optimized,14869,2,631,66
p120-f100-h10,optimized,14869,2,673,49
p120-f100-h10,optimized,14869,3,629,0
p120-f100-h10,optimized,14869,3,631,25
p120-f100-h10,optimized,14869,3,673,108
p120-f100-h10,optimized,14869,4,629,0
p120-f100-h10,optimized,14869,4,631,12
p120-f100-h10,optimized,14869,4,673,139
p120-f100-h10,optimized,14869,5,629,0
p120-f100-h10,optimized,14869,5,631,8
p120-f100-h10,optimized,14869,5,673,119
p120-f100-h10,optimized,14869,6,629,0
p120-f100-h10,optimized,14869,6,631,80
p120-f100-h10,optimized,14869,6,673,20
p120-f100-h10,optimized,14869,7,629,0
p120-f100-h10,optimized,14869,7,631,34
p120-f100-h10,optimized,14869,7,673,69
p120-f100-h10,optimized,14869,8,629,0
p120-f100-h10,optimized,14869,8,631,74
p120-f100-h10,optimized,14869,8,673,46
p120-f100-h10,optimized,14869,9,629,0
p120-f100-h10,optimized,14869,9,631,2
p120-f100-h10,optimized,14869,9,673,147
p120-f100-h10,optimized,14869,10,629,0
p120-f100-h10,optimized,14869,10,631,2
p120-f100-h10,optimized,14869,10,673,127
p120-f100-h10,optimized,14869,11,629,0
p120-f100-h10,optimized,14869,11,631,21
p120-f100-h10,optimized,14869,11,673,90
p120-f100-h10,optimized,14869,12,629,0
p120-f100-h10,optimized,14869,12,631,50
p120-f100-h10,optimized,14869,12,673,53
p120-f100-h10,optimized,14783,1,629,0
p120-f100-h10,optimized,14783,1,631,95
p120-f100-h10,optimized,14783,1,673,0
p120-f100-h10,optimized,14783,2,629,0
p120-f100-h10,optimized,14783,2,631,0
p120-f100-h10,optimized,14783,2,673,97
p120-f100-h10,optimized,14783,3,629,0
p120-f100-h10,optimized,14783,3,631,0
p120-f100-h10,optimized,14783,3,673,122
p120-f100-h10,optimized,14783,4,629,0
p120-f100-h10,optimized,14783,4,631,3
p120-f100-h10,optimized,14783,4,673,91
p120-f100-h10,optimized,14783,5,629,0
p120-f100-h10,optimized,14783,5,631,52
p120-f100-h10,optimized,14783,5,673,80
p120-f100-h10,optimized,14783,6,629,0
p120-f100-h10,optimized,14783,6,631,2
p120-f100-h10,optimized,14783,6,673,131
p120-f100-h10,optimized,14783,7,629,0
p120-f100-h10,optimized,14783,7,631,28
p120-f100-h10,optimized,14783,7,673,112
p120-f100-h10,optimized,14783,8,629,0
p120-f100-h10,optimized,14783,8,631,0
p120-f100-h10,optimized,14783,8,673,141
p120-f100-h10,optimized,14783,9,629,0
p120-f100-h10,optimized,14783,9,631,23
p120-f100-h10,optimized,14783,9,673,113
p120-f100-h10,optimized,14783,10,629,0
p120-f100-h10,optimized,14783,10,631,39
p120-f100-h10,optimized,14783,10,673,91
p120-f100-h10,optimized,14783,11,629,0
p120-f100-h10,optimized,14783,11,631,15
p120-f100-h10,optimized,14783,11,673,80
p120-f100-h10,optimized,14783,12,629,0
p120-f100-h10,optimized,14783,12,631,55
p120-f100-h10,optimized,14783,12,673,47
p120-f100-h10,historical_shares,11109,1,629,220
p120-f100-h10,historical_shares,11109,1,631,17
p120-f100-h10,historical_shares,11109,1,673,48
p120-f100-h10,historical_shares,11109,2,629,201
p120-f100-h10,historical_shares,11109,2,631,15
p120-f100-h10,historical_shares,11109,2,673,45
p120-f100-h10,historical_shares,11109,3,629,228
p120-f100-h10,historical_shares,11109,3,631,17
p120-f100-h10,historical_shares,11109,3,673,51
p120-f100-h10,historical_shares,11109,4,629,221
p120-f100-h10,historical_shares,11109,4,631,17
p120-f100-h10,historical_shares,11109,4,673,49
p120-f100-h10,historical_shares,11109,5,629,245
p120-f100-h10,historical_shares,11109,5,631,19
p120-f100-h10,historical_shares,11109,5,673,54
p120-f100-h10,historical_shares,11109,6,629,249
p120-f100-h10,historical_shares,11109,6,631,19
p120-f100-h10,historical_shares,11109,6,673,55
p120-f100-h10,historical_shares,11109,7,629,268
p120-f100-h10,historical_shares,11109,7,631,21
p120-f100-h10,historical_shares,11109,7,673,59
p120-f100-h10,historical_shares,11109,8,629,258
p120-f100-h10,historical_shares,11109,8,631,20
p120-f100-h10,historical_shares,11109,8,673,57
p120-f100-h10,historical_shares,11109,9,629,237
p120-f100-h10,historical_shares,11109,9,631,18
p120-f100-h10,historical_shares,11109,9,673,52
p120-f100-h10,historical_shares,11109,10,629,234
p120-f100-h10,historical_shares,11109,10,631,18
p120-f100-h10,historical_shares,11109,10,673,52
p120-f100-h10,historical_shares,11109,11,629,192
p120-f100-h10,historical_shares,11109,11,631,15
p120-f100-h10,historical_shares,11109,11,673,42
p120-f100-h10,historical_shares,11109,12,629,263
p120-f100-h10,historical_shares,11109,12,631,20
p120-f100-h10,historical_shares,11109,12,673,58
p120-f100-h10,historical_shares,10372,1,631,27
p120-f100-h10,historical_shares,10372,1,673,259
p120-f100-h10,historical_shares,10372,2,631,23
p120-f100-h10,historical_shares,10372,2,673,217
p120-f100-h10,historical_shares,10372,3,631,27
p120-f100-h10,historical_shares,10372,3,673,254
p120-f100-h10,historical_shares,10372,4,631,23
p120-f100-h10,historical_shares,10372,4,673,218
p120-f100-h10,historical_shares,10372,5,631,3
p120-f100-h10,historical_shares,10372,5,673,32
p120-f100-h10,historical_shares,10372,6,631,22
p120-f100-h10,historical_shares,10372,6,673,210
p120-f100-h10,historical_shares,10372,7,631,23
p120-f100-h10,historical_shares,10372,7,673,221
p120-f100-h10,historical_shares,10372,8,631,24
p120-f100-h10,historical_shares,10372,8,673,228
p120-f100-h10,historical_shares,10372,9,631,22
p120-f100-h10,historical_shares,10372,9,673,205
p120-f100-h10,historical_shares,10372,10,631,21
p120-f100-h10,historical_shares,10372,10,673,195
p120-f100-h10,historical_shares,10372,11,631,17
p120-f100-h10,historical_shares,10372,11,673,155
p120-f100-h10,historical_shares,10372,12,631,25
p120-f100-h10,historical_shares,10372,12,673,240
p120-f100-h10,historical_shares,14457,1,629,125
p120-f100-h10,historical_shares,14457,1,631,13
p120-f100-h10,historical_shares,14457,1,673,44
p120-f100-h10,historical_shares,14457,2,629,108
p120-f100-h10,historical_shares,14457,2,631,11
p120-f100-h10,historical_shares,14457,2,673,38
p120-f100-h10,historical_shares,14457,3,629,145
p120-f100-h10,historical_shares,14457,3,631,14
p120-f100-h10,historical_shares,14457,3,673,51
p120-f100-h10,historical_shares,14457,4,629,154
p120-f100-h10,historical_shares,14457,4,631,16
p120-f100-h10,historical_shares,14457,4,673,54
p120-f100-h10,historical_shares,14457,5,629,143
p120-f100-h10,historical_shares,14457,5,631,15
p120-f100-h10,historical_shares,14457,5,673,50
p120-f100-h10,historical_shares,14457,6,629,161
p120-f100-h10,historical_shares,14457,6,631,16
p120-f100-h10,historical_shares,14457,6,673,57
p120-f100-h10,historical_shares,14457,7,629,158
p120-f100-h10,historical_shares,14457,7,631,16
p120-f100-h10,historical_shares,14457,7,673,56
p120-f100-h10,historical_shares,14457,8,629,162
p120-f100-h10,historical_shares,14457,8,631,16
p120-f100-h10,historical_shares,14457,8,673,57
p120-f100-h10,historical_shares,14457,9,629,155
p120-f100-h10,historical_shares,14457,9,631,16
p120-f100-h10,historical_shares,14457,9,673,54
p120-f100-h10,historical_shares,14457,10,629,121
p120-f100-h10,historical_shares,14457,10,631,12
p120-f100-h10,historical_shares,14457,10,673,43
p120-f100-h10,historical_shares,14457,11,629,109
p120-f100-h10,historical_shares,14457,11,631,11
p120-f100-h10,historical_shares,14457,11,673,38
p120-f100-h10,historical_shares,14457,12,629,137
p120-f100-h10,historical_shares,14457,12,631,14
p120-f100-h10,historical_shares,14457,12,673,48
p120-f100-h10,historical_shares,11122,1,629,168
p120-f100-h10,historical_shares,11122,1,631,11
p120-f100-h10,historical_shares,11122,1,673,5
p120-f100-h10,historical_shares,11122,2,629,153
p120-f100-h10,historical_shares,11122,2,631,10
p120-f100-h10,historical_shares,11122,2,673,5
p120-f100-h10,historical_shares,11122,3,629,170
p120-f100-h10,historical_shares,11122,3,631,11
p120-f100-h10,historical_shares,11122,3,673,5
p120-f100-h10,historical_shares,11122,4,629,162
p120-f100-h10,historical_shares,11122,4,631,11
p120-f100-h10,historical_shares,11122,4,673,5
p120-f100-h10,historical_shares,11122,5,629,188
p120-f100-h10,historical_shares,11122,5,631,12
p120-f100-h10,historical_shares,11122,5,673,6
p120-f100-h10,historical_shares,11122,6,629,205
p120-f100-h10,historical_shares,11122,6,631,13
p120-f100-h10,historical_shares,11122,6,673,7
p120-f100-h10,historical_shares,11122,7,629,203
p120-f100-h10,historical_shares,11122,7,631,13
p120-f100-h10,historical_shares,11122,7,673,7
p120-f100-h10,historical_shares,11122,8,629,199
p120-f100-h10,historical_shares,11122,8,631,13
p120-f100-h10,historical_shares,11122,8,673,6
p120-f100-h10,historical_shares,11122,9,629,193
p120-f100-h10,historical_shares,11122,9,631,12
p120-f100-h10,historical_shares,11122,9,673,6
p120-f100-h10,historical_shares,11122,10,629,200
p120-f100-h10,historical_shares,11122,10,631,13
p120-f100-h10,historical_shares,11122,10,673,6
p120-f100-h10,historical_shares,11122,11,629,186
p120-f100-h10,historical_shares,11122,11,631,12
p120-f100-h10,historical_shares,11122,11,673,6
p120-f100-h10,historical_shares,11122,12,629,198
p120-f100-h10,historical_shares,11122,12,631,13
p120-f100-h10,historical_shares,11122,12,673,6
p120-f100-h10,historical_shares,13851,1,629,1
p120-f100-h10,historical_shares,13851,1,631,20
p120-f100-h10,historical_shares,13851,1,673,125
p120-f100-h10,historical_shares,13851,2,629,1
p120-f100-h10,historical_shares,13851,2,631,18
p120-f100-h10,historical_shares,13851,2,673,114
p120-f100-h10,historical_shares,13851,3,629,2
p120-f100-h10,historical_shares,13851,3,631,21
p120-f100-h10,historical_shares,13851,3,673,133
p120-f100-h10,historical_shares,13851,4,629,1
p120-f100-h10,historical_shares,13851,4,631,21
p120-f100-h10,historical_shares,13851,4,673,132
p120-f100-h10,historical_shares,13851,5,629,2
p120-f100-h10,historical_shares,13851,5,631,24
p120-f100-h10,historical_shares,13851,5,673,150
p120-f100-h10,historical_shares,13851,6,629,2
p120-f100-h10,historical_shares,13851,6,631,22
p120-f100-h10,historical_shares,13851,6,673,144
p120-f100-h10,historical_shares,13851,7,629,2
p120-f100-h10,historical_shares,13851,7,631,22
p120-f100-h10,historical_shares,13851,7,673,142
p120-f100-h10,historical_shares,13851,8,629,2
p120-f100-h10,historical_shares,13851,8,631,21
p120-f100-h10,historical_shares,13851,8,673,137
p120-f100-h10,historical_shares,13851,9,629,1
p120-f100-h10,historical_shares,13851,9,631,20
p120-f100-h10,historical_shares,13851,9,673,125
p120-f100-h10,historical_shares,13851,10,629,1
p120-f100-h10,historical_shares,13851,10,631,15
p120-f100-h10,historical_shares,13851,10,673,98
p120-f100-h10,historical_shares,13851,11,629,1
p120-f100-h10,historical_shares,13851,11,631,12
p120-f100-h10,historical_shares,13851,11,673,77
p120-f100-h10,historical_shares,13851,12,629,1
p120-f100-h10,historical_shares,13851,12,631,13
p120-f100-h10,historical_shares,13851,12,673,81
p120-f100-h10,historical_shares,12280,1,629,48
p120-f100-h10,historical_shares,12280,1,631,43
p120-f100-h10,historical_shares,12280,1,673,33
p120-f100-h10,historical_shares,12280,2,629,44
p120-f100-h10,historical_shares,12280,2,631,39
p120-f100-h10,historical_shares,12280,2,673,31
p120-f100-h10,historical_shares,12280,3,629,50
p120-f100-h10,historical_shares,12280,3,631,44
p120-f100-h10,historical_shares,12280,3,673,35
p120-f100-h10,historical_shares,12280,4,629,51
p120-f100-h10,historical_shares,12280,4,631,44
p120-f100-h10,historical_shares,12280,4,673,35
p120-f100-h10,historical_shares,12280,5,629,61
p120-f100-h10,historical_shares,12280,5,631,54
p120-f100-h10,historical_shares,12280,5,673,42
p120-f100-h10,historical_shares,12280,6,629,63
p120-f100-h10,historical_shares,12280,6,631,56
p120-f100-h10,historical_shares,12280,6,673,44
p120-f100-h10,historical_shares,12280,7,629,72
p120-f100-h10,historical_shares,12280,7,631,63
p120-f100-h10,historical_shares,12280,7,673,50
p120-f100-h10,historical_shares,12280,8,629,72
p120-f100-h10,historical_shares,12280,8,631,64
p120-f100-h10,historical_shares,12280,8,673,50
p120-f100-h10,historical_shares,12280,9,629,69
p120-f100-h10,historical_shares,12280,9,631,60
p120-f100-h10,historical_shares,12280,9,673,47
p120-f100-h10,historical_shares,12280,10,629,62
p120-f100-h10,historical_shares,12280,10,631,55
p120-f100-h10,historical_shares,12280,10,673,43
p120-f100-h10,historical_shares,12280,11,629,55
p120-f100-h10,historical_shares,12280,11,631,48
p120-f100-h10,historical_shares,12280,11,673,37
p120-f100-h10,historical_shares,12280,12,629,44
p120-f100-h10,historical_shares,12280,12,631,39
p120-f100-h10,historical_shares,12280,12,673,31
p120-f100-h10,historical_shares,14869,1,629,9
p120-f100-h10,historical_shares,14869,1,631,28
p120-f100-h10,historical_shares,14869,1,673,69
p120-f100-h10,historical_shares,14869,2,629,9
p120-f100-h10,historical_shares,14869,2,631,30
p120-f100-h10,historical_shares,14869,2,673,76
p120-f100-h10,historical_shares,14869,3,629,11
p120-f100-h10,historical_shares,14869,3,631,35
p120-f100-h10,historical_shares,14869,3,673,87
p120-f100-h10,historical_shares,14869,4,629,13
p120-f100-h10,historical_shares,14869,4,631,41
p120-f100-h10,historical_shares,14869,4,673,102
p120-f100-h10,historical_shares,14869,5,629,11
p120-f100-h10,historical_shares,14869,5,631,34
p120-f100-h10,historical_shares,14869,5,673,87
p120-f100-h10,historical_shares,14869,6,629,8
p120-f100-h10,historical_shares,14869,6,631,27
p120-f100-h10,historical_shares,14869,6,673,66
p120-f100-h10,historical_shares,14869,7,629,9
p120-f100-h10,historical_shares,14869,7,631,28
p120-f100-h10,historical_shares,14869,7,673,69
p120-f100-h10,historical_shares,14869,8,629,10
p120-f100-h10,historical_shares,14869,8,631,31
p120-f100-h10,historical_shares,14869,8,673,79
p120-f100-h10,historical_shares,14869,9,629,13
p120-f100-h10,historical_shares,14869,9,631,40
p120-f100-h10,historical_shares,14869,9,673,102
p120-f100-h10,historical_shares,14869,10,629,11
p120-f100-h10,historical_shares,14869,10,631,35
p120-f100-h10,historical_shares,14869,10,673,88
p120-f100-h10,historical_shares,14869,11,629,9
p120-f100-h10,historical_shares,14869,11,631,30
p120-f100-h10,historical_shares,14869,11,673,76
p120-f100-h10,historical_shares,14869,12,629,9
p120-f100-h10,historical_shares,14869,12,631,27
p120-f100-h10,historical_shares,14869,12,673,69
p120-f100-h10,historical_shares,14783,1,629,10
p120-f100-h10,historical_shares,14783,1,631,22
p120-f100-h10,historical_shares,14783,1,673,63
p120-f100-h10,historical_shares,14783,2,629,10
p120-f100-h10,historical_shares,14783,2,631,23
p120-f100-h10,historical_shares,14783,2,673,64
p120-f100-h10,historical_shares,14783,3,629,12
p120-f100-h10,historical_shares,14783,3,631,29
p120-f100-h10,historical_shares,14783,3,673,81
p120-f100-h10,historical_shares,14783,4,629,10
p120-f100-h10,historical_shares,14783,4,631,23
p120-f100-h10,historical_shares,14783,4,673,65
p120-f100-h10,historical_shares,14783,5,629,14
p120-f100-h10,historical_shares,14783,5,631,32
p120-f100-h10,historical_shares,14783,5,673,90
p120-f100-h10,historical_shares,14783,6,629,14
p120-f100-h10,historical_shares,14783,6,631,32
p120-f100-h10,historical_shares,14783,6,673,92
p120-f100-h10,historical_shares,14783,7,629,15
p120-f100-h10,historical_shares,14783,7,631,34
p120-f100-h10,historical_shares,14783,7,673,96
p120-f100-h10,historical_shares,14783,8,629,15
p120-f100-h10,historical_shares,14783,8,631,34
p120-f100-h10,historical_shares,14783,8,673,97
p120-f100-h10,historical_shares,14783,9,629,15
p120-f100-h10,historical_shares,14783,9,631,33
p120-f100-h10,historical_shares,14783,9,673,93
p120-f100-h10,historical_shares,14783,10,629,14
p120-f100-h10,historical_shares,14783,10,631,32
p120-f100-h10,historical_shares,14783,10,673,89
p120-f100-h10,historical_shares,14783,11,629,10
p120-f100-h10,historical_shares,14783,11,631,23
p120-f100-h10,historical_shares,14783,11,673,66
p120-f100-h10,historical_shares,14783,12,629,11
p120-f100-h10,historical_shares,14783,12,631,25
p120-f100-h10,historical_shares,14783,12,673,69
